sku_id,week_start,units_sold,revenue,promo_flag,is_holiday,category,on_hand_units,on_order_units,lead_time_days,reorder_point
SKU0001,2024-08-05,18,170404.02,0,0,Small Appliances,180.0,0.0,10.0,42.0
SKU0001,2024-08-12,30,284006.69999999995,0,1,Small Appliances,151.0,0.0,10.0,42.0
SKU0001,2024-08-19,35,331341.14999999997,0,0,Small Appliances,117.0,0.0,10.0,42.0
SKU0001,2024-08-26,26,246139.13999999998,0,0,Small Appliances,79.0,0.0,10.0,42.0
SKU0001,2024-09-02,29,274539.81,0,0,Small Appliances,50.0,0.0,10.0,42.0
SKU0001,2024-09-09,22,208271.58,0,0,Small Appliances,28.0,91.0,10.0,42.0
SKU0001,2024-09-16,24,227205.36,0,0,Small Appliances,95.0,0.0,10.0,42.0
SKU0001,2024-09-23,30,284006.69999999995,0,0,Small Appliances,95.0,0.0,10.0,42.0
SKU0001,2024-09-30,26,246139.13999999998,0,1,Small Appliances,58.0,0.0,10.0,42.0
SKU0001,2024-10-07,23,217738.46999999997,0,0,Small Appliances,32.0,84.0,10.0,42.0
SKU0001,2024-10-14,38,308620.61,1,0,Small Appliances,6.0,84.0,10.0,42.0
SKU0001,2024-10-21,28,255132.69,1,0,Small Appliances,50.0,0.0,10.0,42.0
SKU0001,2024-10-28,27,255606.02999999997,0,1,Small Appliances,83.0,0.0,10.0,42.0
SKU0001,2024-11-04,26,246139.13999999998,0,0,Small Appliances,54.0,0.0,10.0,42.0
SKU0001,2024-11-11,27,255606.02999999997,0,0,Small Appliances,110.0,0.0,10.0,42.0
SKU0001,2024-11-18,35,331341.14999999997,0,0,Small Appliances,77.0,0.0,10.0,42.0
SKU0001,2024-11-25,52,418436.54000000004,1,0,Small Appliances,16.0,94.0,10.0,42.0
SKU0001,2024-12-02,25,236672.25,0,0,Small Appliances,85.0,0.0,10.0,42.0
SKU0001,2024-12-09,27,255606.02999999997,0,0,Small Appliances,58.0,0.0,10.0,42.0
SKU0001,2024-12-16,30,284006.69999999995,0,0,Small Appliances,28.0,94.0,10.0,42.0
SKU0001,2024-12-23,29,274539.81,0,1,Small Appliances,28.0,94.0,10.0,42.0
SKU0001,2024-12-30,54,448730.58999999997,1,0,Small Appliances,72.0,0.0,10.0,42.0
SKU0001,2025-01-06,38,341281.39,1,0,Small Appliances,22.0,71.0,10.0,42.0
SKU0001,2025-01-13,18,170404.02,0,0,Small Appliances,68.0,0.0,10.0,42.0
SKU0001,2025-01-20,29,274539.81,0,1,Small Appliances,39.0,85.0,10.0,42.0
SKU0001,2025-01-27,36,340808.04,0,0,Small Appliances,80.0,0.0,10.0,42.0
SKU0001,2025-02-03,36,340808.04,0,0,Small Appliances,41.0,72.0,10.0,42.0
SKU0001,2025-02-10,29,274539.81,0,0,Small Appliances,84.0,0.0,10.0,42.0
SKU0001,2025-02-17,35,331341.14999999997,0,0,Small Appliances,49.0,0.0,10.0,42.0
SKU0001,2025-02-24,29,274539.81,0,0,Small Appliances,23.0,68.0,10.0,42.0
SKU0001,2025-03-03,38,359741.81999999995,0,0,Small Appliances,52.0,0.0,10.0,42.0
SKU0001,2025-03-10,34,321874.26,0,0,Small Appliances,88.0,0.0,10.0,42.0
SKU0001,2025-03-17,42,397609.38,0,0,Small Appliances,45.0,0.0,10.0,42.0
SKU0001,2025-03-24,34,321874.26,0,0,Small Appliances,45.0,0.0,10.0,42.0
SKU0001,2025-03-31,38,359741.81999999995,0,0,Small Appliances,78.0,0.0,10.0,42.0
SKU0001,2025-04-07,37,350274.93,0,0,Small Appliances,38.0,79.0,10.0,42.0
SKU0001,2025-04-14,43,407076.26999999996,0,0,Small Appliances,80.0,0.0,10.0,42.0
SKU0001,2025-04-21,38,359741.81999999995,0,0,Small Appliances,39.0,65.0,10.0,42.0
SKU0001,2025-04-28,36,340808.04,0,0,Small Appliances,54.0,0.0,10.0,42.0
SKU0001,2025-05-05,32,302940.48,0,0,Small Appliances,22.0,87.0,10.0,42.0
SKU0001,2025-05-12,27,255606.02999999997,0,0,Small Appliances,81.0,0.0,10.0,42.0
SKU0001,2025-05-19,32,302940.48,0,0,Small Appliances,48.0,0.0,10.0,42.0
SKU0001,2025-05-26,35,331341.14999999997,0,0,Small Appliances,1.0,68.0,10.0,42.0
SKU0001,2025-06-02,24,227205.36,0,0,Small Appliances,45.0,0.0,10.0,42.0
SKU0001,2025-06-09,36,329447.76999999996,1,0,Small Appliances,81.0,0.0,10.0,42.0
SKU0001,2025-06-16,69,563753.28,1,0,Small Appliances,12.0,85.0,10.0,42.0
SKU0001,2025-06-23,37,350274.93,0,0,Small Appliances,12.0,85.0,10.0,42.0
SKU0001,2025-06-30,32,302940.48,0,0,Small Appliances,50.0,0.0,10.0,42.0
SKU0001,2025-07-07,28,265072.92,0,0,Small Appliances,18.0,82.0,10.0,42.0
SKU0001,2025-07-14,34,321874.26,0,0,Small Appliances,70.0,0.0,10.0,42.0
SKU0001,2025-07-21,29,274539.81,0,0,Small Appliances,36.0,93.0,10.0,42.0
SKU0001,2025-07-28,31,293473.58999999997,0,0,Small Appliances,89.0,0.0,10.0,42.0
SKU0001,2025-08-04,29,274539.81,0,0,Small Appliances,58.0,0.0,10.0,42.0
SKU0001,2025-08-11,30,284006.69999999995,0,1,Small Appliances,30.0,69.0,10.0,42.0
SKU0001,2025-08-18,29,274539.81,0,0,Small Appliances,70.0,0.0,10.0,42.0
SKU0001,2025-08-25,38,359741.81999999995,0,0,Small Appliances,70.0,0.0,10.0,42.0
SKU0001,2025-09-01,30,284006.69999999995,0,0,Small Appliances,116.0,0.0,10.0,42.0
SKU0001,2025-09-08,21,198804.69,0,0,Small Appliances,87.0,0.0,10.0,42.0
SKU0001,2025-09-15,28,265072.92,0,0,Small Appliances,66.0,0.0,10.0,42.0
SKU0001,2025-09-22,31,293473.58999999997,0,0,Small Appliances,34.0,65.0,10.0,42.0
SKU0001,2025-09-29,29,274539.81,0,1,Small Appliances,66.0,0.0,10.0,42.0
SKU0001,2025-10-06,22,208271.58,0,0,Small Appliances,34.0,81.0,10.0,42.0
SKU0001,2025-10-13,44,364001.93,1,0,Small Appliances,91.0,0.0,10.0,42.0
SKU0001,2025-10-20,35,307200.57999999996,1,0,Small Appliances,40.0,78.0,10.0,42.0
SKU0001,2025-10-27,24,227205.36,0,1,Small Appliances,84.0,0.0,10.0,42.0
SKU0001,2025-11-03,28,265072.92,0,0,Small Appliances,56.0,0.0,10.0,42.0
SKU0001,2025-11-10,27,255606.02999999997,0,0,Small Appliances,26.0,74.0,10.0,42.0
SKU0001,2025-11-17,23,217738.46999999997,0,0,Small Appliances,78.0,0.0,10.0,42.0
SKU0001,2025-11-24,53,427903.42,1,0,Small Appliances,78.0,0.0,10.0,42.0
SKU0001,2025-12-01,34,310513.99,1,0,Small Appliances,95.0,0.0,10.0,42.0
SKU0001,2025-12-08,28,265072.92,0,0,Small Appliances,65.0,0.0,10.0,42.0
SKU0001,2025-12-15,27,255606.02999999997,0,0,Small Appliances,37.0,71.0,10.0,42.0
SKU0001,2025-12-22,26,246139.13999999998,0,1,Small Appliances,80.0,0.0,10.0,42.0
SKU0002,2025-01-13,86,538338.5,0,0,Small Appliances,316.0,799.0,28.0,468.0
SKU0002,2025-01-20,104,651014.0,0,1,Small Appliances,204.0,799.0,28.0,468.0
SKU0002,2025-01-27,134,838806.5,0,0,Small Appliances,29.0,799.0,28.0,468.0
SKU0002,2025-02-03,18,112675.5,0,0,Small Appliances,0.0,799.0,28.0,468.0
SKU0002,2025-02-10,70,438182.5,0,0,Small Appliances,745.0,0.0,28.0,468.0
SKU0002,2025-02-17,146,913923.5,0,0,Small Appliances,601.0,0.0,28.0,468.0
SKU0002,2025-02-24,164,1026599.0,0,0,Small Appliances,438.0,1099.0,28.0,468.0
SKU0002,2025-03-03,152,951482.0,0,0,Small Appliances,288.0,1099.0,28.0,468.0
SKU0002,2025-03-10,130,813767.5,0,0,Small Appliances,1243.0,0.0,28.0,468.0
SKU0002,2025-03-17,143,895144.25,0,0,Small Appliances,1106.0,0.0,28.0,468.0
SKU0002,2025-03-24,140,876365.0,0,0,Small Appliances,1106.0,0.0,28.0,468.0
SKU0002,2025-03-31,153,957741.75,0,0,Small Appliances,912.0,0.0,28.0,468.0
SKU0002,2025-04-07,142,888884.5,0,0,Small Appliances,753.0,0.0,28.0,468.0
SKU0002,2025-04-14,132,826287.0,0,0,Small Appliances,620.0,0.0,28.0,468.0
SKU0002,2025-04-21,125,782468.75,0,0,Small Appliances,488.0,0.0,28.0,468.0
SKU0002,2025-04-28,117,732390.75,0,0,Small Appliances,312.0,966.0,28.0,468.0
SKU0002,2025-05-05,120,751170.0,0,0,Small Appliances,1174.0,0.0,28.0,468.0
SKU0002,2025-05-12,112,701092.0,0,0,Small Appliances,1064.0,0.0,28.0,468.0
SKU0002,2025-05-19,114,713611.5,0,0,Small Appliances,935.0,0.0,28.0,468.0
SKU0002,2025-05-26,104,651014.0,0,0,Small Appliances,800.0,0.0,28.0,468.0
SKU0002,2025-06-02,97,607195.75,0,0,Small Appliances,703.0,0.0,28.0,468.0
SKU0002,2025-06-09,101,612516.54,1,0,Small Appliances,602.0,0.0,28.0,468.0
SKU0002,2025-06-16,165,890136.44,1,0,Small Appliances,437.0,738.0,28.0,468.0
SKU0002,2025-06-23,94,588416.5,0,0,Small Appliances,437.0,738.0,28.0,468.0
SKU0002,2025-06-30,65,406883.75,0,0,Small Appliances,312.0,738.0,28.0,468.0
SKU0002,2025-07-07,69,431922.75,0,0,Small Appliances,999.0,0.0,28.0,468.0
SKU0002,2025-07-14,72,450702.0,0,0,Small Appliances,931.0,0.0,28.0,468.0
SKU0002,2025-07-21,62,388104.5,0,0,Small Appliances,853.0,0.0,28.0,468.0
SKU0002,2025-07-28,63,394364.25,0,0,Small Appliances,756.0,0.0,28.0,468.0
SKU0002,2025-08-04,37,231610.75,0,0,Small Appliances,721.0,0.0,28.0,468.0
SKU0002,2025-08-11,42,262909.5,0,1,Small Appliances,679.0,0.0,28.0,468.0
SKU0002,2025-08-18,38,237870.5,0,0,Small Appliances,644.0,0.0,28.0,468.0
SKU0002,2025-08-25,45,281688.75,0,0,Small Appliances,644.0,0.0,28.0,468.0
SKU0002,2025-09-01,54,338026.5,0,0,Small Appliances,581.0,0.0,28.0,468.0
SKU0002,2025-09-08,32,200312.0,0,0,Small Appliances,534.0,0.0,28.0,468.0
SKU0002,2025-09-15,32,200312.0,0,0,Small Appliances,498.0,0.0,28.0,468.0
SKU0002,2025-09-22,20,125195.0,0,0,Small Appliances,463.0,1100.0,28.0,468.0
SKU0002,2025-09-29,25,156493.75,0,1,Small Appliances,1540.0,0.0,28.0,468.0
SKU0002,2025-10-06,32,200312.0,0,0,Small Appliances,1514.0,0.0,28.0,468.0
SKU0002,2025-10-13,34,187479.51,1,0,Small Appliances,1479.0,0.0,28.0,468.0
SKU0002,2025-10-20,39,224412.03999999998,1,0,Small Appliances,1429.0,0.0,28.0,468.0
SKU0002,2025-10-27,18,112675.5,0,1,Small Appliances,1403.0,0.0,28.0,468.0
SKU0002,2025-11-03,9,56337.75,0,0,Small Appliances,1394.0,0.0,28.0,468.0
SKU0002,2025-11-10,27,169013.25,0,0,Small Appliances,1370.0,0.0,28.0,468.0
SKU0002,2025-11-17,23,143974.25,0,0,Small Appliances,1351.0,0.0,28.0,468.0
SKU0002,2025-11-24,27,143661.26,1,0,Small Appliances,1351.0,0.0,28.0,468.0
SKU0002,2025-12-01,27,161501.55,1,0,Small Appliances,1309.0,0.0,28.0,468.0
SKU0002,2025-12-08,4,25039.0,0,0,Small Appliances,1288.0,0.0,28.0,468.0
SKU0002,2025-12-15,11,68857.25,0,0,Small Appliances,1286.0,0.0,28.0,468.0
SKU0002,2025-12-22,15,93896.25,0,1,Small Appliances,1273.0,0.0,28.0,468.0
SKU0003,2025-04-07,150,1145200.5,0,0,Furnishings,118.0,755.0,17.0,357.0
SKU0003,2025-04-14,0,0.0,0,0,Furnishings,0.0,755.0,17.0,357.0
SKU0003,2025-04-21,52,397002.84,0,0,Furnishings,0.0,755.0,17.0,357.0
SKU0003,2025-04-28,203,1549838.01,0,0,Furnishings,577.0,0.0,17.0,357.0
SKU0003,2025-05-05,184,1404779.28,0,0,Furnishings,384.0,0.0,17.0,357.0
SKU0003,2025-05-12,204,1557472.68,0,0,Furnishings,732.0,0.0,17.0,357.0
SKU0003,2025-05-19,188,1435317.96,0,0,Furnishings,536.0,0.0,17.0,357.0
SKU0003,2025-05-26,178,1358971.26,0,0,Furnishings,287.0,841.0,17.0,357.0
SKU0003,2025-06-02,173,1320797.91,0,0,Furnishings,114.0,841.0,17.0,357.0
SKU0003,2025-06-09,114,870352.38,1,0,Furnishings,841.0,0.0,17.0,357.0
SKU0003,2025-06-16,284,1860187.3499999999,1,0,Furnishings,557.0,0.0,17.0,357.0
SKU0003,2025-06-23,164,1252085.88,0,0,Furnishings,557.0,0.0,17.0,357.0
SKU0003,2025-06-30,137,1045949.79,0,0,Furnishings,344.0,541.0,17.0,357.0
SKU0003,2025-07-07,126,961968.42,0,0,Furnishings,755.0,0.0,17.0,357.0
SKU0003,2025-07-14,145,1107027.15,0,0,Furnishings,626.0,0.0,17.0,357.0
SKU0003,2025-07-21,143,1091757.81,0,0,Furnishings,488.0,0.0,17.0,357.0
SKU0003,2025-07-28,124,946699.08,0,0,Furnishings,283.0,646.0,17.0,357.0
SKU0003,2025-08-04,110,839813.7,0,0,Furnishings,817.0,0.0,17.0,357.0
SKU0003,2025-08-11,116,885621.72,0,1,Furnishings,706.0,0.0,17.0,357.0
SKU0003,2025-08-18,115,877987.05,0,0,Furnishings,589.0,0.0,17.0,357.0
SKU0003,2025-08-25,124,946699.0800000001,0,0,Furnishings,589.0,0.0,17.0,357.0
SKU0003,2025-09-01,99,755832.33,0,0,Furnishings,419.0,0.0,17.0,357.0
SKU0003,2025-09-08,100,763467.0,0,0,Furnishings,920.0,0.0,17.0,357.0
SKU0003,2025-09-15,92,702389.64,0,0,Furnishings,827.0,0.0,17.0,357.0
SKU0003,2025-09-22,90,687120.3,0,0,Furnishings,735.0,0.0,17.0,357.0
SKU0003,2025-09-29,96,732928.32,0,1,Furnishings,614.0,0.0,17.0,357.0
SKU0003,2025-10-06,70,534426.8999999999,0,0,Furnishings,526.0,0.0,17.0,357.0
SKU0003,2025-10-13,136,913488.26,1,0,Furnishings,440.0,0.0,17.0,357.0
SKU0003,2025-10-20,91,647801.75,1,0,Furnishings,301.0,650.0,17.0,357.0
SKU0003,2025-10-27,85,648946.95,0,1,Furnishings,841.0,0.0,17.0,357.0
SKU0003,2025-11-03,97,740562.99,0,0,Furnishings,744.0,0.0,17.0,357.0
SKU0003,2025-11-10,95,725293.65,0,0,Furnishings,643.0,0.0,17.0,357.0
SKU0003,2025-11-17,79,603138.9299999999,0,0,Furnishings,567.0,0.0,17.0,357.0
SKU0003,2025-11-24,147,968839.61,1,0,Furnishings,567.0,0.0,17.0,357.0
SKU0003,2025-12-01,108,790188.34,1,0,Furnishings,378.0,0.0,17.0,357.0
SKU0003,2025-12-08,106,809275.02,0,0,Furnishings,285.0,645.0,17.0,357.0
SKU0003,2025-12-15,101,771101.6699999999,0,0,Furnishings,182.0,645.0,17.0,357.0
SKU0003,2025-12-22,100,763467.0,0,1,Furnishings,723.0,0.0,17.0,357.0
SKU0004,2024-09-30,10,11088.599999999999,0,0,Furnishings,228.0,0.0,10.0,53.0
SKU0004,2024-10-07,35,38810.1,0,0,Furnishings,228.0,0.0,10.0,53.0
SKU0004,2024-10-14,46,44021.729999999996,1,0,Furnishings,190.0,0.0,10.0,53.0
SKU0004,2024-10-21,37,39863.52,1,0,Furnishings,146.0,0.0,10.0,53.0
SKU0004,2024-10-28,31,34374.66,0,1,Furnishings,99.0,0.0,10.0,53.0
SKU0004,2024-11-04,28,31048.079999999998,0,0,Furnishings,71.0,0.0,10.0,53.0
SKU0004,2024-11-11,31,34374.66,0,0,Furnishings,42.0,87.0,10.0,53.0
SKU0004,2024-11-18,32,35483.520000000004,0,0,Furnishings,5.0,87.0,10.0,53.0
SKU0004,2024-11-25,51,48069.09,1,0,Furnishings,37.0,122.0,10.0,53.0
SKU0004,2024-12-02,37,41027.82,0,0,Furnishings,122.0,0.0,10.0,53.0
SKU0004,2024-12-09,32,35483.52,0,0,Furnishings,90.0,0.0,10.0,53.0
SKU0004,2024-12-16,31,34374.659999999996,0,0,Furnishings,59.0,0.0,10.0,53.0
SKU0004,2024-12-23,31,34374.66,0,1,Furnishings,59.0,0.0,10.0,53.0
SKU0004,2024-12-30,46,44853.39,1,0,Furnishings,10.0,111.0,10.0,53.0
SKU0004,2025-01-06,41,41804.02,1,0,Furnishings,66.0,0.0,10.0,53.0
SKU0004,2025-01-13,35,38810.1,0,0,Furnishings,34.0,84.0,10.0,53.0
SKU0004,2025-01-20,33,36592.38,0,1,Furnishings,86.0,0.0,10.0,53.0
SKU0004,2025-01-27,35,38810.1,0,0,Furnishings,129.0,0.0,10.0,53.0
SKU0004,2025-02-03,37,41027.82,0,0,Furnishings,92.0,0.0,10.0,53.0
SKU0004,2025-02-10,41,45463.26,0,0,Furnishings,51.0,116.0,10.0,53.0
SKU0004,2025-02-17,38,42136.68,0,0,Furnishings,129.0,0.0,10.0,53.0
SKU0004,2025-02-24,33,36592.38,0,0,Furnishings,96.0,0.0,10.0,53.0
SKU0004,2025-03-03,39,43245.54,0,0,Furnishings,57.0,0.0,10.0,53.0
SKU0004,2025-03-10,39,43245.53999999999,0,0,Furnishings,146.0,0.0,10.0,53.0
SKU0004,2025-03-17,41,45463.26,0,0,Furnishings,105.0,0.0,10.0,53.0
SKU0004,2025-03-24,43,47680.979999999996,0,0,Furnishings,105.0,0.0,10.0,53.0
SKU0004,2025-03-31,43,47680.98,0,0,Furnishings,43.0,95.0,10.0,53.0
SKU0004,2025-04-07,46,51007.56,0,0,Furnishings,96.0,0.0,10.0,53.0
SKU0004,2025-04-14,44,48789.84,0,0,Furnishings,49.0,100.0,10.0,53.0
SKU0004,2025-04-21,41,45463.259999999995,0,0,Furnishings,107.0,0.0,10.0,53.0
SKU0004,2025-04-28,41,45463.26,0,0,Furnishings,50.0,80.0,10.0,53.0
SKU0004,2025-05-05,43,47680.979999999996,0,0,Furnishings,88.0,0.0,10.0,53.0
SKU0004,2025-05-12,40,44354.399999999994,0,0,Furnishings,47.0,101.0,10.0,53.0
SKU0004,2025-05-19,38,42136.68,0,0,Furnishings,109.0,0.0,10.0,53.0
SKU0004,2025-05-26,36,39918.96,0,0,Furnishings,62.0,0.0,10.0,53.0
SKU0004,2025-06-02,43,47680.979999999996,0,0,Furnishings,19.0,126.0,10.0,53.0
SKU0004,2025-06-09,45,48568.07,1,0,Furnishings,100.0,0.0,10.0,53.0
SKU0004,2025-06-16,71,67585.01,1,0,Furnishings,139.0,0.0,10.0,53.0
SKU0004,2025-06-23,38,42136.68,0,0,Furnishings,139.0,0.0,10.0,53.0
SKU0004,2025-06-30,37,41027.82,0,0,Furnishings,87.0,0.0,10.0,53.0
SKU0004,2025-07-07,34,37701.24,0,0,Furnishings,51.0,106.0,10.0,53.0
SKU0004,2025-07-14,32,35483.52,0,0,Furnishings,124.0,0.0,10.0,53.0
SKU0004,2025-07-21,35,38810.1,0,0,Furnishings,92.0,0.0,10.0,53.0
SKU0004,2025-07-28,36,39918.96,0,0,Furnishings,153.0,0.0,10.0,53.0
SKU0004,2025-08-04,32,35483.520000000004,0,0,Furnishings,122.0,0.0,10.0,53.0
SKU0004,2025-08-11,30,33265.8,0,1,Furnishings,93.0,0.0,10.0,53.0
SKU0004,2025-08-18,31,34374.659999999996,0,0,Furnishings,60.0,0.0,10.0,53.0
SKU0004,2025-08-25,29,32156.94,0,0,Furnishings,60.0,0.0,10.0,53.0
SKU0004,2025-09-01,25,27721.5,0,0,Furnishings,103.0,0.0,10.0,53.0
SKU0004,2025-09-08,32,35483.520000000004,0,0,Furnishings,76.0,0.0,10.0,53.0
SKU0004,2025-09-15,27,29939.219999999998,0,0,Furnishings,47.0,110.0,10.0,53.0
SKU0004,2025-09-22,24,26612.64,0,0,Furnishings,128.0,0.0,10.0,53.0
SKU0004,2025-09-29,30,33265.8,0,1,Furnishings,92.0,0.0,10.0,53.0
SKU0004,2025-10-06,26,28830.36,0,0,Furnishings,63.0,0.0,10.0,53.0
SKU0004,2025-10-13,42,41083.26,1,0,Furnishings,31.0,124.0,10.0,53.0
SKU0004,2025-10-20,34,34873.65,1,0,Furnishings,112.0,0.0,10.0,53.0
SKU0004,2025-10-27,24,26612.64,0,1,Furnishings,78.0,0.0,10.0,53.0
SKU0004,2025-11-03,32,35483.52,0,0,Furnishings,134.0,0.0,10.0,53.0
SKU0004,2025-11-10,30,33265.8,0,0,Furnishings,102.0,0.0,10.0,53.0
SKU0004,2025-11-17,30,33265.8,0,0,Furnishings,74.0,0.0,10.0,53.0
SKU0004,2025-11-24,51,48900.72,1,0,Furnishings,74.0,0.0,10.0,53.0
SKU0004,2025-12-01,38,40806.05,1,0,Furnishings,102.0,0.0,10.0,53.0
SKU0004,2025-12-08,31,34374.659999999996,0,0,Furnishings,68.0,0.0,10.0,53.0
SKU0004,2025-12-15,32,35483.52,0,0,Furnishings,37.0,120.0,10.0,53.0
SKU0004,2025-12-22,31,34374.66,0,1,Furnishings,124.0,0.0,10.0,53.0
SKU0005,2024-06-24,88,1028043.28,0,0,Small Appliances,39.0,160.0,10.0,206.0
SKU0005,2024-07-01,78,911220.18,0,0,Small Appliances,39.0,160.0,10.0,206.0
SKU0005,2024-07-08,140,1635523.4,0,0,Small Appliances,119.0,159.0,10.0,206.0
SKU0005,2024-07-15,85,992996.35,0,0,Small Appliances,0.0,159.0,10.0,206.0
SKU0005,2024-07-22,118,1378512.58,0,0,Small Appliances,50.0,153.0,10.0,206.0
SKU0005,2024-07-29,94,1098137.14,0,0,Small Appliances,43.0,129.0,10.0,206.0
SKU0005,2024-08-05,110,1285054.1,0,0,Small Appliances,81.0,117.0,10.0,206.0
SKU0005,2024-08-12,68,794397.08,0,1,Small Appliances,118.0,95.0,10.0,206.0
SKU0005,2024-08-19,82,957949.42,0,0,Small Appliances,20.0,95.0,10.0,206.0
SKU0005,2024-08-26,96,1121501.76,0,0,Small Appliances,0.0,121.0,10.0,206.0
SKU0005,2024-09-02,61,712620.91,0,0,Small Appliances,60.0,91.0,10.0,206.0
SKU0005,2024-09-09,72,841126.3200000001,0,0,Small Appliances,79.0,0.0,10.0,206.0
SKU0005,2024-09-16,78,911220.18,0,0,Small Appliances,1.0,163.0,10.0,206.0
SKU0005,2024-09-23,66,771032.46,0,0,Small Appliances,1.0,163.0,10.0,206.0
SKU0005,2024-09-30,83,969631.73,0,1,Small Appliances,68.0,89.0,10.0,206.0
SKU0005,2024-10-07,76,887855.56,0,0,Small Appliances,77.0,104.0,10.0,206.0
SKU0005,2024-10-14,132,1340545.08,1,0,Small Appliances,91.0,135.0,10.0,206.0
SKU0005,2024-10-21,40,467292.4,1,0,Small Appliances,0.0,135.0,10.0,206.0
SKU0005,2024-10-28,91,1063090.21,0,1,Small Appliances,26.0,100.0,10.0,206.0
SKU0005,2024-11-04,81,946267.11,0,0,Small Appliances,49.0,101.0,10.0,206.0
SKU0005,2024-11-11,54,630844.74,0,0,Small Appliances,75.0,120.0,10.0,206.0
SKU0005,2024-11-18,77,899537.87,0,0,Small Appliances,13.0,120.0,10.0,206.0
SKU0005,2024-11-25,112,1112155.92,1,0,Small Appliances,1.0,161.0,10.0,206.0
SKU0005,2024-12-02,54,630844.74,0,0,Small Appliances,108.0,110.0,10.0,206.0
SKU0005,2024-12-09,62,724303.22,0,0,Small Appliances,156.0,86.0,10.0,206.0
SKU0005,2024-12-16,84,981314.04,0,0,Small Appliances,72.0,86.0,10.0,206.0
SKU0005,2024-12-23,56,654209.36,0,1,Small Appliances,72.0,86.0,10.0,206.0
SKU0005,2024-12-30,97,991244.0,1,0,Small Appliances,72.0,82.0,10.0,206.0
SKU0005,2025-01-06,87,939257.73,1,0,Small Appliances,34.0,89.0,10.0,206.0
SKU0005,2025-01-13,68,794397.08,0,0,Small Appliances,57.0,89.0,10.0,206.0
SKU0005,2025-01-20,52,607480.12,0,1,Small Appliances,91.0,0.0,10.0,206.0
SKU0005,2025-01-27,58,677573.98,0,0,Small Appliances,170.0,111.0,10.0,206.0
SKU0005,2025-02-03,76,887855.5599999999,0,0,Small Appliances,88.0,111.0,10.0,206.0
SKU0005,2025-02-10,61,712620.9099999999,0,0,Small Appliances,137.0,149.0,10.0,206.0
SKU0005,2025-02-17,53,619162.4299999999,0,0,Small Appliances,237.0,0.0,10.0,206.0
SKU0005,2025-02-24,52,607480.12,0,0,Small Appliances,187.0,128.0,10.0,206.0
SKU0005,2025-03-03,53,619162.4299999999,0,0,Small Appliances,260.0,0.0,10.0,206.0
SKU0005,2025-03-10,30,350469.3,0,0,Small Appliances,225.0,0.0,10.0,206.0
SKU0005,2025-03-17,18,210281.58,0,0,Small Appliances,205.0,161.0,10.0,206.0
SKU0005,2025-03-24,49,572433.19,0,0,Small Appliances,205.0,161.0,10.0,206.0
SKU0005,2025-03-31,45,525703.95,0,0,Small Appliances,305.0,0.0,10.0,206.0
SKU0005,2025-04-07,43,502339.32999999996,0,0,Small Appliances,258.0,0.0,10.0,206.0
SKU0005,2025-04-14,42,490657.02,0,0,Small Appliances,205.0,0.0,10.0,206.0
SKU0005,2025-04-21,32,373833.92,0,0,Small Appliances,343.0,0.0,10.0,206.0
SKU0005,2025-04-28,39,455610.08999999997,0,0,Small Appliances,289.0,0.0,10.0,206.0
SKU0005,2025-05-05,28,327104.68,0,0,Small Appliances,258.0,0.0,10.0,206.0
SKU0005,2025-05-12,26,303740.06,0,0,Small Appliances,229.0,0.0,10.0,206.0
SKU0005,2025-05-19,31,362151.61,0,0,Small Appliances,205.0,125.0,10.0,206.0
SKU0005,2025-05-26,15,175234.65,0,0,Small Appliances,302.0,0.0,10.0,206.0
SKU0005,2025-06-02,7,81776.17,0,0,Small Appliances,295.0,0.0,10.0,206.0
SKU0005,2025-06-09,33,373249.8,1,0,Small Appliances,262.0,0.0,10.0,206.0
SKU0005,2025-06-16,25,255258.47999999998,1,0,Small Appliances,237.0,0.0,10.0,206.0
SKU0005,2025-06-23,35,408880.85,0,0,Small Appliances,237.0,0.0,10.0,206.0
SKU0005,2025-06-30,16,186916.96,0,0,Small Appliances,335.0,0.0,10.0,206.0
SKU0005,2025-07-07,18,210281.58,0,0,Small Appliances,315.0,0.0,10.0,206.0
SKU0005,2025-07-14,6,70093.86,0,0,Small Appliances,301.0,0.0,10.0,206.0
SKU0005,2025-07-21,3,35046.92999999999,0,0,Small Appliances,300.0,0.0,10.0,206.0
SKU0005,2025-07-28,12,140187.72,0,0,Small Appliances,285.0,0.0,10.0,206.0
SKU0005,2025-08-04,9,105140.79,0,0,Small Appliances,281.0,0.0,10.0,206.0
SKU0005,2025-08-11,1,11682.31,0,1,Small Appliances,276.0,0.0,10.0,206.0
SKU0005,2025-08-18,3,35046.92999999999,0,0,Small Appliances,272.0,0.0,10.0,206.0
SKU0005,2025-08-25,1,11682.31,0,0,Small Appliances,272.0,0.0,10.0,206.0
SKU0005,2025-09-01,4,46729.24,0,0,Small Appliances,271.0,0.0,10.0,206.0
SKU0005,2025-09-08,9,105140.79,0,0,Small Appliances,260.0,0.0,10.0,206.0
SKU0005,2025-09-15,4,46729.24,0,0,Small Appliances,258.0,0.0,10.0,206.0
SKU0005,2025-09-22,4,46729.24,0,0,Small Appliances,254.0,0.0,10.0,206.0
SKU0005,2025-09-29,12,140187.72,0,1,Small Appliances,246.0,0.0,10.0,206.0
SKU0005,2025-10-06,4,46729.24,0,0,Small Appliances,238.0,0.0,10.0,206.0
SKU0005,2025-10-13,12,129673.64,1,0,Small Appliances,228.0,0.0,10.0,206.0
SKU0005,2025-10-20,7,73014.44,1,0,Small Appliances,217.0,0.0,10.0,206.0
SKU0005,2025-10-27,22,257010.82,0,1,Small Appliances,317.0,0.0,10.0,206.0
SKU0005,2025-11-03,18,210281.58,0,0,Small Appliances,299.0,0.0,10.0,206.0
SKU0005,2025-11-10,4,46729.24,0,0,Small Appliances,295.0,0.0,10.0,206.0
SKU0005,2025-11-17,24,280375.44,0,0,Small Appliances,275.0,0.0,10.0,206.0
SKU0005,2025-11-24,12,119159.54999999999,1,0,Small Appliances,275.0,0.0,10.0,206.0
SKU0005,2025-12-01,11,123248.37,1,0,Small Appliances,256.0,0.0,10.0,206.0
SKU0005,2025-12-08,14,163552.34,0,0,Small Appliances,248.0,0.0,10.0,206.0
SKU0005,2025-12-15,10,116823.09999999999,0,0,Small Appliances,234.0,0.0,10.0,206.0
SKU0005,2025-12-22,10,116823.1,0,1,Small Appliances,218.0,0.0,10.0,206.0
SKU0006,2024-08-19,51,31004.43,0,0,Furnishings,29.0,329.0,16.0,180.0
SKU0006,2024-08-26,0,0.0,0,0,Furnishings,0.0,329.0,16.0,180.0
SKU0006,2024-09-02,13,7903.09,0,0,Furnishings,316.0,0.0,16.0,180.0
SKU0006,2024-09-09,81,49242.33,0,0,Furnishings,235.0,0.0,16.0,180.0
SKU0006,2024-09-16,77,46810.61,0,0,Furnishings,460.0,0.0,16.0,180.0
SKU0006,2024-09-23,80,48634.4,0,0,Furnishings,460.0,0.0,16.0,180.0
SKU0006,2024-09-30,70,42555.1,0,1,Furnishings,351.0,0.0,16.0,180.0
SKU0006,2024-10-07,84,51066.12,0,0,Furnishings,285.0,0.0,16.0,180.0
SKU0006,2024-10-14,139,72738.83,1,0,Furnishings,184.0,0.0,16.0,180.0
SKU0006,2024-10-21,93,55625.59,1,0,Furnishings,59.0,332.0,16.0,180.0
SKU0006,2024-10-28,77,46810.61,0,1,Furnishings,260.0,0.0,16.0,180.0
SKU0006,2024-11-04,70,42555.1,0,0,Furnishings,195.0,0.0,16.0,180.0
SKU0006,2024-11-11,76,46202.68,0,0,Furnishings,115.0,391.0,16.0,180.0
SKU0006,2024-11-18,86,52281.979999999996,0,0,Furnishings,32.0,391.0,16.0,180.0
SKU0006,2024-11-25,148,76477.58,1,0,Furnishings,260.0,0.0,16.0,180.0
SKU0006,2024-12-02,95,57753.35,0,0,Furnishings,165.0,424.0,16.0,180.0
SKU0006,2024-12-09,86,52281.98,0,0,Furnishings,503.0,0.0,16.0,180.0
SKU0006,2024-12-16,62,37691.659999999996,0,0,Furnishings,441.0,0.0,16.0,180.0
SKU0006,2024-12-23,85,51674.05,0,1,Furnishings,441.0,0.0,16.0,180.0
SKU0006,2024-12-30,147,78058.22,1,0,Furnishings,303.0,0.0,16.0,180.0
SKU0006,2025-01-06,88,49576.69,1,0,Furnishings,154.0,438.0,16.0,180.0
SKU0006,2025-01-13,79,48026.47,0,0,Furnishings,527.0,0.0,16.0,180.0
SKU0006,2025-01-20,83,50458.19,0,1,Furnishings,438.0,0.0,16.0,180.0
SKU0006,2025-01-27,104,63224.72,0,0,Furnishings,308.0,0.0,16.0,180.0
SKU0006,2025-02-03,110,66872.3,0,0,Furnishings,195.0,0.0,16.0,180.0
SKU0006,2025-02-10,103,62616.79,0,0,Furnishings,491.0,0.0,16.0,180.0
SKU0006,2025-02-17,85,51674.05,0,0,Furnishings,412.0,0.0,16.0,180.0
SKU0006,2025-02-24,88,53497.84,0,0,Furnishings,310.0,0.0,16.0,180.0
SKU0006,2025-03-03,93,56537.49,0,0,Furnishings,221.0,0.0,16.0,180.0
SKU0006,2025-03-10,103,62616.79,0,0,Furnishings,120.0,320.0,16.0,180.0
SKU0006,2025-03-17,105,63832.65,0,0,Furnishings,334.0,0.0,16.0,180.0
SKU0006,2025-03-24,90,54713.7,0,0,Furnishings,334.0,0.0,16.0,180.0
SKU0006,2025-03-31,108,65656.44,0,0,Furnishings,211.0,0.0,16.0,180.0
SKU0006,2025-04-07,96,58361.28,0,0,Furnishings,95.0,450.0,16.0,180.0
SKU0006,2025-04-14,42,25533.06,0,0,Furnishings,7.0,450.0,16.0,180.0
SKU0006,2025-04-21,90,54713.700000000004,0,0,Furnishings,397.0,0.0,16.0,180.0
SKU0006,2025-04-28,95,57753.35,0,0,Furnishings,283.0,0.0,16.0,180.0
SKU0006,2025-05-05,105,63832.65,0,0,Furnishings,175.0,426.0,16.0,180.0
SKU0006,2025-05-12,100,60793.0,0,0,Furnishings,76.0,426.0,16.0,180.0
SKU0006,2025-05-19,100,60793.0,0,0,Furnishings,404.0,0.0,16.0,180.0
SKU0006,2025-05-26,87,52889.91,0,0,Furnishings,282.0,0.0,16.0,180.0
SKU0006,2025-06-02,94,57145.42,0,0,Furnishings,188.0,0.0,16.0,180.0
SKU0006,2025-06-09,89,51826.03,1,0,Furnishings,99.0,429.0,16.0,180.0
SKU0006,2025-06-16,104,54196.96,1,0,Furnishings,424.0,0.0,16.0,180.0
SKU0006,2025-06-23,88,53497.84,0,0,Furnishings,424.0,0.0,16.0,180.0
SKU0006,2025-06-30,78,47418.54,0,0,Furnishings,303.0,0.0,16.0,180.0
SKU0006,2025-07-07,48,29180.64,0,0,Furnishings,241.0,0.0,16.0,180.0
SKU0006,2025-07-14,79,48026.47,0,0,Furnishings,182.0,0.0,16.0,180.0
SKU0006,2025-07-21,67,40731.31,0,0,Furnishings,102.0,346.0,16.0,180.0
SKU0006,2025-07-28,67,40731.31,0,0,Furnishings,356.0,0.0,16.0,180.0
SKU0006,2025-08-04,73,44378.89,0,0,Furnishings,289.0,0.0,16.0,180.0
SKU0006,2025-08-11,65,39515.45,0,1,Furnishings,226.0,0.0,16.0,180.0
SKU0006,2025-08-18,94,57145.420000000006,0,0,Furnishings,134.0,389.0,16.0,180.0
SKU0006,2025-08-25,74,44986.82,0,0,Furnishings,134.0,389.0,16.0,180.0
SKU0006,2025-09-01,71,43163.03,0,0,Furnishings,417.0,0.0,16.0,180.0
SKU0006,2025-09-08,64,38907.52,0,0,Furnishings,354.0,0.0,16.0,180.0
SKU0006,2025-09-15,51,31004.43,0,0,Furnishings,279.0,0.0,16.0,180.0
SKU0006,2025-09-22,64,38907.520000000004,0,0,Furnishings,235.0,0.0,16.0,180.0
SKU0006,2025-09-29,55,33436.15,0,1,Furnishings,138.0,341.0,16.0,180.0
SKU0006,2025-10-06,55,33436.15,0,0,Furnishings,96.0,341.0,16.0,180.0
SKU0006,2025-10-13,93,49515.91,1,0,Furnishings,377.0,0.0,16.0,180.0
SKU0006,2025-10-20,87,49607.09,1,0,Furnishings,270.0,0.0,16.0,180.0
SKU0006,2025-10-27,81,49242.33,0,1,Furnishings,155.0,419.0,16.0,180.0
SKU0006,2025-11-03,44,26748.92,0,0,Furnishings,109.0,419.0,16.0,180.0
SKU0006,2025-11-10,62,37691.66,0,0,Furnishings,467.0,0.0,16.0,180.0
SKU0006,2025-11-17,71,43163.03,0,0,Furnishings,395.0,0.0,16.0,180.0
SKU0006,2025-11-24,93,48330.44,1,0,Furnishings,395.0,0.0,16.0,180.0
SKU0006,2025-12-01,90,53437.049999999996,1,0,Furnishings,281.0,0.0,16.0,180.0
SKU0006,2025-12-08,52,31612.36,0,0,Furnishings,198.0,0.0,16.0,180.0
SKU0006,2025-12-15,57,34652.01,0,0,Furnishings,464.0,0.0,16.0,180.0
SKU0006,2025-12-22,70,42555.1,0,1,Furnishings,408.0,0.0,16.0,180.0
SKU0007,2025-04-28,222,711401.22,0,0,Decor,36.0,833.0,12.0,515.0
SKU0007,2025-05-05,41,131384.91,0,0,Decor,1.0,833.0,12.0,515.0
SKU0007,2025-05-12,289,926103.39,0,0,Decor,607.0,0.0,12.0,515.0
SKU0007,2025-05-19,299,958148.49,0,0,Decor,1132.0,0.0,12.0,515.0
SKU0007,2025-05-26,285,913285.35,0,0,Decor,729.0,0.0,12.0,515.0
SKU0007,2025-06-02,290,929307.9,0,0,Decor,439.0,1220.0,12.0,515.0
SKU0007,2025-06-09,332,1028327.26,1,0,Decor,1326.0,0.0,12.0,515.0
SKU0007,2025-06-16,466,1283246.02,1,0,Decor,860.0,0.0,12.0,515.0
SKU0007,2025-06-23,287,919694.37,0,0,Decor,860.0,0.0,12.0,515.0
SKU0007,2025-06-30,260,833172.6,0,0,Decor,485.0,1287.0,12.0,515.0
SKU0007,2025-07-07,269,862013.19,0,0,Decor,242.0,1287.0,12.0,515.0
SKU0007,2025-07-14,289,926103.39,0,0,Decor,1247.0,0.0,12.0,515.0
SKU0007,2025-07-21,271,868422.21,0,0,Decor,951.0,0.0,12.0,515.0
SKU0007,2025-07-28,265,849195.15,0,0,Decor,592.0,0.0,12.0,515.0
SKU0007,2025-08-04,273,874831.23,0,0,Decor,303.0,779.0,12.0,515.0
SKU0007,2025-08-11,295,945330.45,0,1,Decor,790.0,0.0,12.0,515.0
SKU0007,2025-08-18,279,894058.29,0,0,Decor,511.0,803.0,12.0,515.0
SKU0007,2025-08-25,289,926103.39,0,0,Decor,511.0,803.0,12.0,515.0
SKU0007,2025-09-01,239,765877.89,0,0,Decor,916.0,0.0,12.0,515.0
SKU0007,2025-09-08,240,769082.4,0,0,Decor,683.0,0.0,12.0,515.0
SKU0007,2025-09-15,233,746650.8300000001,0,0,Decor,440.0,808.0,12.0,515.0
SKU0007,2025-09-22,262,839581.62,0,0,Decor,1003.0,0.0,12.0,515.0
SKU0007,2025-09-29,215,688969.65,0,1,Decor,677.0,0.0,12.0,515.0
SKU0007,2025-10-06,262,839581.62,0,0,Decor,439.0,1234.0,12.0,515.0
SKU0007,2025-10-13,346,972729.02,1,0,Decor,1417.0,0.0,12.0,515.0
SKU0007,2025-10-20,294,887809.49,1,0,Decor,1047.0,0.0,12.0,515.0
SKU0007,2025-10-27,225,721014.75,0,1,Decor,695.0,0.0,12.0,515.0
SKU0007,2025-11-03,257,823559.07,0,0,Decor,449.0,1035.0,12.0,515.0
SKU0007,2025-11-10,251,804332.01,0,0,Decor,196.0,1035.0,12.0,515.0
SKU0007,2025-11-17,260,833172.6,0,0,Decor,971.0,0.0,12.0,515.0
SKU0007,2025-11-24,422,1171568.8699999999,1,0,Decor,971.0,0.0,12.0,515.0
SKU0007,2025-12-01,276,860410.94,1,0,Decor,473.0,1274.0,12.0,515.0
SKU0007,2025-12-08,281,900467.31,0,0,Decor,214.0,1274.0,12.0,515.0
SKU0007,2025-12-15,269,862013.1900000001,0,0,Decor,1198.0,0.0,12.0,515.0
SKU0007,2025-12-22,272,871626.72,0,1,Decor,932.0,0.0,12.0,515.0
SKU0008,2024-03-04,93,386434.53,0,0,Furnishings,82.0,188.0,8.0,95.0
SKU0008,2024-03-11,100,415521.0,0,0,Furnishings,170.0,0.0,8.0,95.0
SKU0008,2024-03-18,112,465383.52,0,0,Furnishings,257.0,0.0,8.0,95.0
SKU0008,2024-03-25,109,452917.89,0,0,Furnishings,257.0,0.0,8.0,95.0
SKU0008,2024-04-01,113,469538.73,0,0,Furnishings,106.0,0.0,8.0,95.0
SKU0008,2024-04-08,107,444607.47000000003,0,0,Furnishings,206.0,0.0,8.0,95.0
SKU0008,2024-04-15,115,477849.15,0,0,Furnishings,99.0,0.0,8.0,95.0
SKU0008,2024-04-22,101,419676.21,0,0,Furnishings,148.0,0.0,8.0,95.0
SKU0008,2024-04-29,113,469538.73,0,0,Furnishings,145.0,0.0,8.0,95.0
SKU0008,2024-05-06,111,461228.31,0,0,Furnishings,197.0,0.0,8.0,95.0
SKU0008,2024-05-13,117,486159.57,0,0,Furnishings,81.0,158.0,8.0,95.0
SKU0008,2024-05-20,121,502780.41,0,0,Furnishings,120.0,0.0,8.0,95.0
SKU0008,2024-05-27,73,303330.33,0,0,Furnishings,224.0,0.0,8.0,95.0
SKU0008,2024-06-03,97,403055.37,0,0,Furnishings,122.0,0.0,8.0,95.0
SKU0008,2024-06-10,110,432141.84,1,0,Furnishings,19.0,230.0,8.0,95.0
SKU0008,2024-06-17,131,478887.95,1,0,Furnishings,114.0,0.0,8.0,95.0
SKU0008,2024-06-24,99,411365.79000000004,0,0,Furnishings,114.0,0.0,8.0,95.0
SKU0008,2024-07-01,89,369813.69,0,0,Furnishings,190.0,0.0,8.0,95.0
SKU0008,2024-07-08,89,369813.69,0,0,Furnishings,102.0,0.0,8.0,95.0
SKU0008,2024-07-15,87,361503.27,0,0,Furnishings,174.0,0.0,8.0,95.0
SKU0008,2024-07-22,79,328261.59,0,0,Furnishings,94.0,225.0,8.0,95.0
SKU0008,2024-07-29,87,361503.27,0,0,Furnishings,187.0,0.0,8.0,95.0
SKU0008,2024-08-05,64,265933.44,0,0,Furnishings,116.0,0.0,8.0,95.0
SKU0008,2024-08-12,79,328261.58999999997,0,1,Furnishings,47.0,226.0,8.0,95.0
SKU0008,2024-08-19,62,257623.02,0,0,Furnishings,209.0,0.0,8.0,95.0
SKU0008,2024-08-26,72,299175.12,0,0,Furnishings,108.0,0.0,8.0,95.0
SKU0008,2024-09-02,59,245157.38999999998,0,0,Furnishings,200.0,0.0,8.0,95.0
SKU0008,2024-09-09,67,278399.07,0,0,Furnishings,133.0,0.0,8.0,95.0
SKU0008,2024-09-16,63,261778.22999999998,0,0,Furnishings,244.0,0.0,8.0,95.0
SKU0008,2024-09-23,56,232691.76,0,0,Furnishings,244.0,0.0,8.0,95.0
SKU0008,2024-09-30,57,236846.97,0,1,Furnishings,171.0,0.0,8.0,95.0
SKU0008,2024-10-07,44,182829.24,0,0,Furnishings,115.0,0.0,8.0,95.0
SKU0008,2024-10-14,88,313926.12,1,0,Furnishings,230.0,0.0,8.0,95.0
SKU0008,2024-10-21,59,237678.01,1,0,Furnishings,142.0,0.0,8.0,95.0
SKU0008,2024-10-28,52,216070.91999999998,0,1,Furnishings,217.0,0.0,8.0,95.0
SKU0008,2024-11-04,62,257623.02,0,0,Furnishings,146.0,0.0,8.0,95.0
SKU0008,2024-11-11,63,261778.22999999998,0,0,Furnishings,84.0,173.0,8.0,95.0
SKU0008,2024-11-18,57,236846.97,0,0,Furnishings,201.0,0.0,8.0,95.0
SKU0008,2024-11-25,122,430895.27,1,0,Furnishings,68.0,144.0,8.0,95.0
SKU0008,2024-12-02,74,307485.54000000004,0,0,Furnishings,138.0,0.0,8.0,95.0
SKU0008,2024-12-09,83,344882.43,0,0,Furnishings,55.0,171.0,8.0,95.0
SKU0008,2024-12-16,69,286709.49,0,0,Furnishings,157.0,0.0,8.0,95.0
SKU0008,2024-12-23,79,328261.58999999997,0,1,Furnishings,157.0,0.0,8.0,95.0
SKU0008,2024-12-30,120,435673.77,1,0,Furnishings,36.0,216.0,8.0,95.0
SKU0008,2025-01-06,120,466214.56,1,0,Furnishings,109.0,0.0,8.0,95.0
SKU0008,2025-01-13,102,423831.42000000004,0,0,Furnishings,210.0,0.0,8.0,95.0
SKU0008,2025-01-20,106,440452.26,0,1,Furnishings,102.0,0.0,8.0,95.0
SKU0008,2025-01-27,95,394744.95,0,0,Furnishings,190.0,0.0,8.0,95.0
SKU0008,2025-02-03,117,486159.57,0,0,Furnishings,73.0,160.0,8.0,95.0
SKU0008,2025-02-10,115,477849.14999999997,0,0,Furnishings,122.0,0.0,8.0,95.0
SKU0008,2025-02-17,119,494469.99,0,0,Furnishings,233.0,0.0,8.0,95.0
SKU0008,2025-02-24,127,527711.67,0,0,Furnishings,107.0,0.0,8.0,95.0
SKU0008,2025-03-03,103,427986.63,0,0,Furnishings,170.0,0.0,8.0,95.0
SKU0008,2025-03-10,141,585884.61,0,0,Furnishings,33.0,224.0,8.0,95.0
SKU0008,2025-03-17,133,552642.93,0,0,Furnishings,122.0,0.0,8.0,95.0
SKU0008,2025-03-24,108,448762.68,0,0,Furnishings,122.0,0.0,8.0,95.0
SKU0008,2025-03-31,94,390589.74,0,0,Furnishings,236.0,0.0,8.0,95.0
SKU0008,2025-04-07,148,614971.08,0,0,Furnishings,95.0,202.0,8.0,95.0
SKU0008,2025-04-14,140,581729.4,0,0,Furnishings,149.0,0.0,8.0,95.0
SKU0008,2025-04-21,94,390589.74,0,0,Furnishings,8.0,229.0,8.0,95.0
SKU0008,2025-04-28,138,573418.98,0,0,Furnishings,103.0,0.0,8.0,95.0
SKU0008,2025-05-05,140,581729.4,0,0,Furnishings,128.0,0.0,8.0,95.0
SKU0008,2025-05-12,147,610815.87,0,0,Furnishings,130.0,0.0,8.0,95.0
SKU0008,2025-05-19,143,594195.03,0,0,Furnishings,150.0,0.0,8.0,95.0
SKU0008,2025-05-26,149,619126.29,0,0,Furnishings,168.0,0.0,8.0,95.0
SKU0008,2025-06-02,127,527711.67,0,0,Furnishings,41.0,192.0,8.0,95.0
SKU0008,2025-06-09,99,395783.75,1,0,Furnishings,134.0,0.0,8.0,95.0
SKU0008,2025-06-16,175,626190.16,1,0,Furnishings,181.0,0.0,8.0,95.0
SKU0008,2025-06-23,133,552642.93,0,0,Furnishings,181.0,0.0,8.0,95.0
SKU0008,2025-06-30,115,477849.15,0,0,Furnishings,239.0,0.0,8.0,95.0
SKU0008,2025-07-07,109,452917.89,0,0,Furnishings,131.0,0.0,8.0,95.0
SKU0008,2025-07-14,106,440452.26,0,0,Furnishings,195.0,0.0,8.0,95.0
SKU0008,2025-07-21,102,423831.42,0,0,Furnishings,90.0,215.0,8.0,95.0
SKU0008,2025-07-28,68,282554.28,0,0,Furnishings,186.0,0.0,8.0,95.0
SKU0008,2025-08-04,87,361503.27,0,0,Furnishings,98.0,0.0,8.0,95.0
SKU0008,2025-08-11,87,361503.27,0,1,Furnishings,176.0,0.0,8.0,95.0
SKU0008,2025-08-18,78,324106.38,0,0,Furnishings,90.0,146.0,8.0,95.0
SKU0008,2025-08-25,89,369813.69,0,0,Furnishings,90.0,146.0,8.0,95.0
SKU0008,2025-09-01,71,295019.91,0,0,Furnishings,122.0,0.0,8.0,95.0
SKU0008,2025-09-08,54,224381.34,0,0,Furnishings,253.0,0.0,8.0,95.0
SKU0008,2025-09-15,76,315795.96,0,0,Furnishings,192.0,0.0,8.0,95.0
SKU0008,2025-09-22,64,265933.44,0,0,Furnishings,111.0,0.0,8.0,95.0
SKU0008,2025-09-29,74,307485.54,0,1,Furnishings,25.0,232.0,8.0,95.0
SKU0008,2025-10-06,66,274243.86,0,0,Furnishings,184.0,0.0,8.0,95.0
SKU0008,2025-10-13,97,354439.42,1,0,Furnishings,117.0,0.0,8.0,95.0
SKU0008,2025-10-20,81,311640.75,1,0,Furnishings,202.0,0.0,8.0,95.0
SKU0008,2025-10-27,65,270088.64999999997,0,1,Furnishings,108.0,0.0,8.0,95.0
SKU0008,2025-11-03,80,332416.8,0,0,Furnishings,33.0,229.0,8.0,95.0
SKU0008,2025-11-10,76,315795.96,0,0,Furnishings,184.0,0.0,8.0,95.0
SKU0008,2025-11-17,75,311640.75,0,0,Furnishings,109.0,0.0,8.0,95.0
SKU0008,2025-11-24,120,430064.24,1,0,Furnishings,109.0,0.0,8.0,95.0
SKU0008,2025-12-01,101,406587.3,1,0,Furnishings,161.0,0.0,8.0,95.0
SKU0008,2025-12-08,92,382279.32,0,0,Furnishings,69.0,226.0,8.0,95.0
SKU0008,2025-12-15,88,365658.48,0,0,Furnishings,207.0,0.0,8.0,95.0
SKU0008,2025-12-22,98,407210.58,0,1,Furnishings,113.0,0.0,8.0,95.0
SKU0009,2025-02-17,79,498638.52,0,0,Decor,95.0,594.0,18.0,285.0
SKU0009,2025-02-24,78,492326.64,0,0,Decor,0.0,594.0,18.0,285.0
SKU0009,2025-03-03,0,0.0,0,0,Decor,0.0,594.0,18.0,285.0
SKU0009,2025-03-10,149,940470.12,0,0,Decor,465.0,0.0,18.0,285.0
SKU0009,2025-03-17,136,858415.6799999999,0,0,Decor,324.0,0.0,18.0,285.0
SKU0009,2025-03-24,140,883663.2,0,0,Decor,324.0,0.0,18.0,285.0
SKU0009,2025-03-31,160,1009900.8,0,0,Decor,764.0,0.0,18.0,285.0
SKU0009,2025-04-07,171,1079331.48,0,0,Decor,593.0,0.0,18.0,285.0
SKU0009,2025-04-14,153,965717.64,0,0,Decor,430.0,0.0,18.0,285.0
SKU0009,2025-04-21,164,1035148.32,0,0,Decor,269.0,611.0,18.0,285.0
SKU0009,2025-04-28,184,1161385.92,0,0,Decor,54.0,611.0,18.0,285.0
SKU0009,2025-05-05,172,1085643.3599999999,0,0,Decor,492.0,0.0,18.0,285.0
SKU0009,2025-05-12,145,915222.6,0,0,Decor,337.0,0.0,18.0,285.0
SKU0009,2025-05-19,135,852103.7999999999,0,0,Decor,743.0,0.0,18.0,285.0
SKU0009,2025-05-26,150,946782.0,0,0,Decor,543.0,0.0,18.0,285.0
SKU0009,2025-06-02,135,852103.8,0,0,Decor,408.0,0.0,18.0,285.0
SKU0009,2025-06-09,164,998223.8200000001,1,0,Decor,244.0,436.0,18.0,285.0
SKU0009,2025-06-16,242,1322023.26,1,0,Decor,2.0,436.0,18.0,285.0
SKU0009,2025-06-23,46,290346.48,0,0,Decor,2.0,436.0,18.0,285.0
SKU0009,2025-06-30,121,763737.48,0,0,Decor,356.0,0.0,18.0,285.0
SKU0009,2025-07-07,110,694306.8,0,0,Decor,247.0,663.0,18.0,285.0
SKU0009,2025-07-14,133,839480.04,0,0,Decor,786.0,0.0,18.0,285.0
SKU0009,2025-07-21,122,770049.36,0,0,Decor,659.0,0.0,18.0,285.0
SKU0009,2025-07-28,94,593316.72,0,0,Decor,505.0,0.0,18.0,285.0
SKU0009,2025-08-04,90,568069.2,0,0,Decor,411.0,0.0,18.0,285.0
SKU0009,2025-08-11,81,511262.28,0,1,Decor,333.0,0.0,18.0,285.0
SKU0009,2025-08-18,117,738489.96,0,0,Decor,214.0,520.0,18.0,285.0
SKU0009,2025-08-25,86,542821.68,0,0,Decor,214.0,520.0,18.0,285.0
SKU0009,2025-09-01,87,549133.56,0,0,Decor,87.0,520.0,18.0,285.0
SKU0009,2025-09-08,53,334529.64,0,0,Decor,529.0,0.0,18.0,285.0
SKU0009,2025-09-15,76,479702.88,0,0,Decor,474.0,0.0,18.0,285.0
SKU0009,2025-09-22,66,416584.08,0,0,Decor,396.0,0.0,18.0,285.0
SKU0009,2025-09-29,63,397648.44,0,1,Decor,310.0,0.0,18.0,285.0
SKU0009,2025-10-06,63,397648.44,0,0,Decor,241.0,704.0,18.0,285.0
SKU0009,2025-10-13,80,450037.02999999997,1,0,Decor,882.0,0.0,18.0,285.0
SKU0009,2025-10-20,78,460136.05,1,0,Decor,792.0,0.0,18.0,285.0
SKU0009,2025-10-27,59,372400.92000000004,0,1,Decor,706.0,0.0,18.0,285.0
SKU0009,2025-11-03,72,454455.36,0,0,Decor,641.0,0.0,18.0,285.0
SKU0009,2025-11-10,68,429207.83999999997,0,0,Decor,572.0,0.0,18.0,285.0
SKU0009,2025-11-17,83,523886.04000000004,0,0,Decor,489.0,0.0,18.0,285.0
SKU0009,2025-11-24,106,576274.65,1,0,Decor,489.0,0.0,18.0,285.0
SKU0009,2025-12-01,72,435519.72,1,0,Decor,352.0,0.0,18.0,285.0
SKU0009,2025-12-08,77,486014.76,0,0,Decor,284.0,647.0,18.0,285.0
SKU0009,2025-12-15,67,422895.95999999996,0,0,Decor,215.0,647.0,18.0,285.0
SKU0009,2025-12-22,84,530197.92,0,1,Decor,142.0,647.0,18.0,285.0
SKU0010,2024-07-08,61,207206.02000000002,0,0,Small Appliances,245.0,1382.0,20.0,424.0
SKU0010,2024-07-15,144,489142.08,0,0,Small Appliances,245.0,1382.0,20.0,424.0
SKU0010,2024-07-22,124,421205.68,0,0,Small Appliances,110.0,1382.0,20.0,424.0
SKU0010,2024-07-29,67,227586.94,0,0,Small Appliances,1383.0,0.0,20.0,424.0
SKU0010,2024-08-05,141,478951.62,0,0,Small Appliances,1221.0,0.0,20.0,424.0
SKU0010,2024-08-12,197,669173.54,0,1,Small Appliances,1041.0,0.0,20.0,424.0
SKU0010,2024-08-19,161,546888.02,0,0,Small Appliances,876.0,0.0,20.0,424.0
SKU0010,2024-08-26,162,550284.84,0,0,Small Appliances,655.0,0.0,20.0,424.0
SKU0010,2024-09-02,145,492538.9,0,0,Small Appliances,510.0,0.0,20.0,424.0
SKU0010,2024-09-09,152,516316.64,0,0,Small Appliances,358.0,2041.0,20.0,424.0
SKU0010,2024-09-16,172,584253.04,0,0,Small Appliances,186.0,2041.0,20.0,424.0
SKU0010,2024-09-23,146,495935.72,0,0,Small Appliances,186.0,2041.0,20.0,424.0
SKU0010,2024-09-30,139,472157.98,0,1,Small Appliances,2049.0,0.0,20.0,424.0
SKU0010,2024-10-07,164,557078.48,0,0,Small Appliances,1874.0,0.0,20.0,424.0
SKU0010,2024-10-14,218,641149.78,1,0,Small Appliances,1701.0,0.0,20.0,424.0
SKU0010,2024-10-21,171,563022.92,1,0,Small Appliances,1497.0,0.0,20.0,424.0
SKU0010,2024-10-28,96,326094.72,0,1,Small Appliances,1322.0,0.0,20.0,424.0
SKU0010,2024-11-04,127,431396.14,0,0,Small Appliances,1202.0,0.0,20.0,424.0
SKU0010,2024-11-11,160,543491.2,0,0,Small Appliances,1042.0,0.0,20.0,424.0
SKU0010,2024-11-18,138,468761.16,0,0,Small Appliances,900.0,0.0,20.0,424.0
SKU0010,2024-11-25,271,782457.49,1,0,Small Appliances,597.0,0.0,20.0,424.0
SKU0010,2024-12-02,179,608030.78,0,0,Small Appliances,418.0,1554.0,20.0,424.0
SKU0010,2024-12-09,146,495935.72,0,0,Small Appliances,272.0,1554.0,20.0,424.0
SKU0010,2024-12-16,158,536697.56,0,0,Small Appliances,1668.0,0.0,20.0,424.0
SKU0010,2024-12-23,144,489142.08,0,1,Small Appliances,1668.0,0.0,20.0,424.0
SKU0010,2024-12-30,281,841901.84,1,0,Small Appliances,1405.0,0.0,20.0,424.0
SKU0010,2025-01-06,190,598010.16,1,0,Small Appliances,1124.0,0.0,20.0,424.0
SKU0010,2025-01-13,217,737109.9400000001,0,0,Small Appliances,947.0,0.0,20.0,424.0
SKU0010,2025-01-20,147,499332.54000000004,0,1,Small Appliances,787.0,0.0,20.0,424.0
SKU0010,2025-01-27,163,553681.66,0,0,Small Appliances,569.0,0.0,20.0,424.0
SKU0010,2025-02-03,212,720125.8400000001,0,0,Small Appliances,336.0,1295.0,20.0,424.0
SKU0010,2025-02-10,238,808443.16,0,0,Small Appliances,102.0,1295.0,20.0,424.0
SKU0010,2025-02-17,171,580856.22,0,0,Small Appliances,1213.0,0.0,20.0,424.0
SKU0010,2025-02-24,202,686157.64,0,0,Small Appliances,1034.0,0.0,20.0,424.0
SKU0010,2025-03-03,229,777871.78,0,0,Small Appliances,812.0,0.0,20.0,424.0
SKU0010,2025-03-10,197,669173.54,0,0,Small Appliances,605.0,0.0,20.0,424.0
SKU0010,2025-03-17,177,601237.14,0,0,Small Appliances,423.0,1584.0,20.0,424.0
SKU0010,2025-03-24,218,740506.76,0,0,Small Appliances,423.0,1584.0,20.0,424.0
SKU0010,2025-03-31,181,614824.42,0,0,Small Appliances,1700.0,0.0,20.0,424.0
SKU0010,2025-04-07,220,747300.4,0,0,Small Appliances,1489.0,0.0,20.0,424.0
SKU0010,2025-04-14,170,577459.4,0,0,Small Appliances,1305.0,0.0,20.0,424.0
SKU0010,2025-04-21,226,767681.3200000001,0,0,Small Appliances,1135.0,0.0,20.0,424.0
SKU0010,2025-04-28,229,777871.78,0,0,Small Appliances,812.0,0.0,20.0,424.0
SKU0010,2025-05-05,228,774474.96,0,0,Small Appliances,611.0,0.0,20.0,424.0
SKU0010,2025-05-12,204,692951.28,0,0,Small Appliances,389.0,1324.0,20.0,424.0
SKU0010,2025-05-19,238,808443.16,0,0,Small Appliances,138.0,1324.0,20.0,424.0
SKU0010,2025-05-26,184,625014.88,0,0,Small Appliances,1205.0,0.0,20.0,424.0
SKU0010,2025-06-02,232,788062.24,0,0,Small Appliances,973.0,0.0,20.0,424.0
SKU0010,2025-06-09,262,863981.1699999999,1,0,Small Appliances,711.0,0.0,20.0,424.0
SKU0010,2025-06-16,306,898289.0599999999,1,0,Small Appliances,405.0,1992.0,20.0,424.0
SKU0010,2025-06-23,216,733713.12,0,0,Small Appliances,405.0,1992.0,20.0,424.0
SKU0010,2025-06-30,189,641998.98,0,0,Small Appliances,129.0,1992.0,20.0,424.0
SKU0010,2025-07-07,158,536697.56,0,0,Small Appliances,1971.0,0.0,20.0,424.0
SKU0010,2025-07-14,139,472157.98,0,0,Small Appliances,1789.0,0.0,20.0,424.0
SKU0010,2025-07-21,148,502729.36,0,0,Small Appliances,1635.0,0.0,20.0,424.0
SKU0010,2025-07-28,174,591046.6799999999,0,0,Small Appliances,1398.0,0.0,20.0,424.0
SKU0010,2025-08-04,133,451777.06,0,0,Small Appliances,1273.0,0.0,20.0,424.0
SKU0010,2025-08-11,179,608030.78,0,1,Small Appliances,1102.0,0.0,20.0,424.0
SKU0010,2025-08-18,174,591046.68,0,0,Small Appliances,923.0,0.0,20.0,424.0
SKU0010,2025-08-25,139,472157.98,0,0,Small Appliances,923.0,0.0,20.0,424.0
SKU0010,2025-09-01,143,485745.26,0,0,Small Appliances,715.0,0.0,20.0,424.0
SKU0010,2025-09-08,126,427999.32,0,0,Small Appliances,583.0,0.0,20.0,424.0
SKU0010,2025-09-15,147,499332.54000000004,0,0,Small Appliances,470.0,0.0,20.0,424.0
SKU0010,2025-09-22,115,390634.30000000005,0,0,Small Appliances,306.0,1815.0,20.0,424.0
SKU0010,2025-09-29,115,390634.3,0,1,Small Appliances,1964.0,0.0,20.0,424.0
SKU0010,2025-10-06,129,438189.77999999997,0,0,Small Appliances,1843.0,0.0,20.0,424.0
SKU0010,2025-10-13,247,737619.61,1,0,Small Appliances,1691.0,0.0,20.0,424.0
SKU0010,2025-10-20,180,562003.87,1,0,Small Appliances,1420.0,0.0,20.0,424.0
SKU0010,2025-10-27,148,502729.36,0,1,Small Appliances,1247.0,0.0,20.0,424.0
SKU0010,2025-11-03,140,475554.8,0,0,Small Appliances,1087.0,0.0,20.0,424.0
SKU0010,2025-11-10,172,584253.04,0,0,Small Appliances,925.0,0.0,20.0,424.0
SKU0010,2025-11-17,121,411015.22,0,0,Small Appliances,799.0,0.0,20.0,424.0
SKU0010,2025-11-24,184,531262.65,1,0,Small Appliances,799.0,0.0,20.0,424.0
SKU0010,2025-12-01,174,570156.24,1,0,Small Appliances,555.0,0.0,20.0,424.0
SKU0010,2025-12-08,161,546888.02,0,0,Small Appliances,406.0,2067.0,20.0,424.0
SKU0010,2025-12-15,182,618221.24,0,0,Small Appliances,2303.0,0.0,20.0,424.0
SKU0010,2025-12-22,137,465364.34,0,1,Small Appliances,2125.0,0.0,20.0,424.0
SKU0011,2024-01-08,187,1602159.9,0,0,Furnishings,177.0,449.0,11.0,224.0
SKU0011,2024-01-15,136,1165207.2,0,0,Furnishings,450.0,0.0,11.0,224.0
SKU0011,2024-01-22,170,1456509.0,0,1,Furnishings,297.0,0.0,11.0,224.0
SKU0011,2024-01-29,197,1687836.9000000001,0,0,Furnishings,458.0,0.0,11.0,224.0
SKU0011,2024-02-05,199,1704972.3,0,0,Furnishings,239.0,0.0,11.0,224.0
SKU0011,2024-02-12,186,1593592.2,0,0,Furnishings,58.0,377.0,11.0,224.0
SKU0011,2024-02-19,196,1679269.2,0,0,Furnishings,248.0,0.0,11.0,224.0
SKU0011,2024-02-26,206,1764946.2,0,0,Furnishings,550.0,0.0,11.0,224.0
SKU0011,2024-03-04,225,1927732.5,0,0,Furnishings,321.0,0.0,11.0,224.0
SKU0011,2024-03-11,216,1850623.2000000002,0,0,Furnishings,108.0,416.0,11.0,224.0
SKU0011,2024-03-18,135,1156639.5,0,0,Furnishings,387.0,0.0,11.0,224.0
SKU0011,2024-03-25,222,1902029.4,0,0,Furnishings,387.0,0.0,11.0,224.0
SKU0011,2024-04-01,241,2064815.7,0,0,Furnishings,445.0,0.0,11.0,224.0
SKU0011,2024-04-08,219,1876326.3,0,0,Furnishings,209.0,514.0,11.0,224.0
SKU0011,2024-04-15,246,2107654.2,0,0,Furnishings,506.0,0.0,11.0,224.0
SKU0011,2024-04-22,229,1962003.3,0,0,Furnishings,256.0,0.0,11.0,224.0
SKU0011,2024-04-29,85,728254.5,0,0,Furnishings,1.0,433.0,11.0,224.0
SKU0011,2024-05-06,208,1782081.5999999999,0,0,Furnishings,314.0,0.0,11.0,224.0
SKU0011,2024-05-13,248,2124789.6,0,0,Furnishings,521.0,0.0,11.0,224.0
SKU0011,2024-05-20,225,1927732.5,0,0,Furnishings,285.0,0.0,11.0,224.0
SKU0011,2024-05-27,203,1739243.1,0,0,Furnishings,472.0,0.0,11.0,224.0
SKU0011,2024-06-03,181,1550753.7000000002,0,0,Furnishings,301.0,0.0,11.0,224.0
SKU0011,2024-06-10,248,1989848.33,1,0,Furnishings,78.0,461.0,11.0,224.0
SKU0011,2024-06-17,270,2027974.6,1,0,Furnishings,237.0,0.0,11.0,224.0
SKU0011,2024-06-24,210,1799217.0,0,0,Furnishings,237.0,0.0,11.0,224.0
SKU0011,2024-07-01,128,1096665.6,0,0,Furnishings,462.0,0.0,11.0,224.0
SKU0011,2024-07-08,163,1396535.1,0,0,Furnishings,329.0,0.0,11.0,224.0
SKU0011,2024-07-15,167,1430805.9,0,0,Furnishings,170.0,468.0,11.0,224.0
SKU0011,2024-07-22,169,1447941.3,0,0,Furnishings,475.0,0.0,11.0,224.0
SKU0011,2024-07-29,153,1310858.1,0,0,Furnishings,224.0,0.0,11.0,224.0
SKU0011,2024-08-05,136,1165207.2,0,0,Furnishings,81.0,397.0,11.0,224.0
SKU0011,2024-08-12,117,1002420.9,0,1,Furnishings,365.0,0.0,11.0,224.0
SKU0011,2024-08-19,133,1139504.1,0,0,Furnishings,229.0,0.0,11.0,224.0
SKU0011,2024-08-26,122,1045259.4,0,0,Furnishings,63.0,354.0,11.0,224.0
SKU0011,2024-09-02,93,796796.1,0,0,Furnishings,323.0,0.0,11.0,224.0
SKU0011,2024-09-09,102,873905.4,0,0,Furnishings,221.0,553.0,11.0,224.0
SKU0011,2024-09-16,101,865337.7000000001,0,0,Furnishings,120.0,553.0,11.0,224.0
SKU0011,2024-09-23,103,882473.1,0,0,Furnishings,120.0,553.0,11.0,224.0
SKU0011,2024-09-30,95,813931.5,0,1,Furnishings,541.0,0.0,11.0,224.0
SKU0011,2024-10-07,115,985285.5,0,0,Furnishings,443.0,0.0,11.0,224.0
SKU0011,2024-10-14,154,1145929.8699999999,1,0,Furnishings,318.0,0.0,11.0,224.0
SKU0011,2024-10-21,113,942447.0,1,0,Furnishings,174.0,432.0,11.0,224.0
SKU0011,2024-10-28,98,839634.6000000001,0,1,Furnishings,457.0,0.0,11.0,224.0
SKU0011,2024-11-04,67,574035.9,0,0,Furnishings,372.0,0.0,11.0,224.0
SKU0011,2024-11-11,98,839634.6000000001,0,0,Furnishings,287.0,0.0,11.0,224.0
SKU0011,2024-11-18,90,771093.0,0,0,Furnishings,191.0,551.0,11.0,224.0
SKU0011,2024-11-25,194,1412813.72,1,0,Furnishings,529.0,0.0,11.0,224.0
SKU0011,2024-12-02,101,865337.7,0,0,Furnishings,428.0,0.0,11.0,224.0
SKU0011,2024-12-09,112,959582.4,0,0,Furnishings,316.0,0.0,11.0,224.0
SKU0011,2024-12-16,130,1113801.0,0,0,Furnishings,585.0,0.0,11.0,224.0
SKU0011,2024-12-23,104,891040.8,0,1,Furnishings,585.0,0.0,11.0,224.0
SKU0011,2024-12-30,223,1663847.34,1,0,Furnishings,404.0,0.0,11.0,224.0
SKU0011,2025-01-06,168,1350697.91,1,0,Furnishings,166.0,424.0,11.0,224.0
SKU0011,2025-01-13,148,1268019.6,0,0,Furnishings,455.0,0.0,11.0,224.0
SKU0011,2025-01-20,134,1148071.8,0,1,Furnishings,314.0,0.0,11.0,224.0
SKU0011,2025-01-27,124,1062394.8,0,0,Furnishings,131.0,357.0,11.0,224.0
SKU0011,2025-02-03,169,1447941.3,0,0,Furnishings,318.0,0.0,11.0,224.0
SKU0011,2025-02-10,173,1482212.1,0,0,Furnishings,612.0,0.0,11.0,224.0
SKU0011,2025-02-17,178,1525050.6,0,0,Furnishings,438.0,0.0,11.0,224.0
SKU0011,2025-02-24,147,1259451.9,0,0,Furnishings,285.0,0.0,11.0,224.0
SKU0011,2025-03-03,190,1627863.0,0,0,Furnishings,572.0,0.0,11.0,224.0
SKU0011,2025-03-10,185,1585024.5,0,0,Furnishings,392.0,0.0,11.0,224.0
SKU0011,2025-03-17,174,1490779.8,0,0,Furnishings,216.0,446.0,11.0,224.0
SKU0011,2025-03-24,190,1627863.0,0,0,Furnishings,216.0,446.0,11.0,224.0
SKU0011,2025-03-31,169,1447941.3,0,0,Furnishings,401.0,0.0,11.0,224.0
SKU0011,2025-04-07,184,1576456.8,0,0,Furnishings,227.0,0.0,11.0,224.0
SKU0011,2025-04-14,190,1627863.0,0,0,Furnishings,581.0,0.0,11.0,224.0
SKU0011,2025-04-21,178,1525050.6,0,0,Furnishings,400.0,0.0,11.0,224.0
SKU0011,2025-04-28,186,1593592.2,0,0,Furnishings,158.0,498.0,11.0,224.0
SKU0011,2025-05-05,163,1396535.1,0,0,Furnishings,480.0,0.0,11.0,224.0
SKU0011,2025-05-12,186,1593592.2,0,0,Furnishings,301.0,0.0,11.0,224.0
SKU0011,2025-05-19,169,1447941.3,0,0,Furnishings,135.0,454.0,11.0,224.0
SKU0011,2025-05-26,174,1490779.8,0,0,Furnishings,347.0,0.0,11.0,224.0
SKU0011,2025-06-02,161,1379399.7,0,0,Furnishings,186.0,516.0,11.0,224.0
SKU0011,2025-06-09,160,1341273.44,1,0,Furnishings,542.0,0.0,11.0,224.0
SKU0011,2025-06-16,253,1879753.3900000001,1,0,Furnishings,289.0,0.0,11.0,224.0
SKU0011,2025-06-23,165,1413670.5,0,0,Furnishings,289.0,0.0,11.0,224.0
SKU0011,2025-06-30,137,1173774.9,0,0,Furnishings,584.0,0.0,11.0,224.0
SKU0011,2025-07-07,130,1113801.0,0,0,Furnishings,452.0,0.0,11.0,224.0
SKU0011,2025-07-14,139,1190910.3,0,0,Furnishings,310.0,0.0,11.0,224.0
SKU0011,2025-07-21,139,1190910.3,0,0,Furnishings,175.0,351.0,11.0,224.0
SKU0011,2025-07-28,119,1019556.3,0,0,Furnishings,353.0,0.0,11.0,224.0
SKU0011,2025-08-04,84,719686.8,0,0,Furnishings,245.0,0.0,11.0,224.0
SKU0011,2025-08-11,105,899608.5,0,1,Furnishings,158.0,375.0,11.0,224.0
SKU0011,2025-08-18,107,916743.9,0,0,Furnishings,422.0,0.0,11.0,224.0
SKU0011,2025-08-25,105,899608.5,0,0,Furnishings,422.0,0.0,11.0,224.0
SKU0011,2025-09-01,73,625442.1,0,0,Furnishings,279.0,0.0,11.0,224.0
SKU0011,2025-09-08,96,822499.2000000001,0,0,Furnishings,207.0,394.0,11.0,224.0
SKU0011,2025-09-15,56,479791.2,0,0,Furnishings,511.0,0.0,11.0,224.0
SKU0011,2025-09-22,83,711119.1,0,0,Furnishings,451.0,0.0,11.0,224.0
SKU0011,2025-09-29,73,625442.1,0,1,Furnishings,330.0,0.0,11.0,224.0
SKU0011,2025-10-06,75,642577.5,0,0,Furnishings,267.0,0.0,11.0,224.0
SKU0011,2025-10-13,123,934307.69,1,0,Furnishings,564.0,0.0,11.0,224.0
SKU0011,2025-10-20,96,754385.98,1,0,Furnishings,427.0,0.0,11.0,224.0
SKU0011,2025-10-27,60,514062.0,0,1,Furnishings,344.0,0.0,11.0,224.0
SKU0011,2025-11-03,72,616874.4,0,0,Furnishings,271.0,0.0,11.0,224.0
SKU0011,2025-11-10,60,514062.0,0,0,Furnishings,208.0,404.0,11.0,224.0
SKU0011,2025-11-17,71,608306.7,0,0,Furnishings,550.0,0.0,11.0,224.0
SKU0011,2025-11-24,125,918029.16,1,0,Furnishings,550.0,0.0,11.0,224.0
SKU0011,2025-12-01,98,799794.79,1,0,Furnishings,380.0,0.0,11.0,224.0
SKU0011,2025-12-08,88,753957.6,0,0,Furnishings,301.0,0.0,11.0,224.0
SKU0011,2025-12-15,79,676848.3,0,0,Furnishings,205.0,488.0,11.0,224.0
SKU0011,2025-12-22,119,1019556.3,0,1,Furnishings,623.0,0.0,11.0,224.0
SKU0012,2024-08-12,32,148436.16,0,0,Small Appliances,169.0,881.0,24.0,398.0
SKU0012,2024-08-19,132,612299.16,0,0,Small Appliances,169.0,881.0,24.0,398.0
SKU0012,2024-08-26,117,542719.71,0,0,Small Appliances,6.0,881.0,24.0,398.0
SKU0012,2024-09-02,5,23193.15,0,0,Small Appliances,1.0,881.0,24.0,398.0
SKU0012,2024-09-09,66,306149.57999999996,0,0,Small Appliances,816.0,0.0,24.0,398.0
SKU0012,2024-09-16,103,477778.88999999996,0,0,Small Appliances,713.0,0.0,24.0,398.0
SKU0012,2024-09-23,84,389644.92,0,0,Small Appliances,713.0,0.0,24.0,398.0
SKU0012,2024-09-30,89,412838.07,0,1,Small Appliances,600.0,0.0,24.0,398.0
SKU0012,2024-10-07,108,500972.04000000004,0,0,Small Appliances,502.0,0.0,24.0,398.0
SKU0012,2024-10-14,168,674224.87,1,0,Small Appliances,387.0,838.0,24.0,398.0
SKU0012,2024-10-21,110,492854.44,1,0,Small Appliances,228.0,838.0,24.0,398.0
SKU0012,2024-10-28,118,547358.34,0,1,Small Appliances,910.0,0.0,24.0,398.0
SKU0012,2024-11-04,126,584467.38,0,0,Small Appliances,781.0,0.0,24.0,398.0
SKU0012,2024-11-11,122,565912.86,0,0,Small Appliances,658.0,0.0,24.0,398.0
SKU0012,2024-11-18,104,482417.52,0,0,Small Appliances,548.0,0.0,24.0,398.0
SKU0012,2024-11-25,197,776738.61,1,0,Small Appliances,325.0,815.0,24.0,398.0
SKU0012,2024-12-02,118,547358.34,0,0,Small Appliances,207.0,815.0,24.0,398.0
SKU0012,2024-12-09,119,551996.97,0,0,Small Appliances,903.0,0.0,24.0,398.0
SKU0012,2024-12-16,134,621576.42,0,0,Small Appliances,769.0,0.0,24.0,398.0
SKU0012,2024-12-23,112,519526.56,0,1,Small Appliances,769.0,0.0,24.0,398.0
SKU0012,2024-12-30,215,868583.46,1,0,Small Appliances,577.0,0.0,24.0,398.0
SKU0012,2025-01-06,188,824748.41,1,0,Small Appliances,1098.0,0.0,24.0,398.0
SKU0012,2025-01-13,145,672601.35,0,0,Small Appliances,950.0,0.0,24.0,398.0
SKU0012,2025-01-20,170,788567.1,0,1,Small Appliances,791.0,0.0,24.0,398.0
SKU0012,2025-01-27,152,705071.76,0,0,Small Appliances,566.0,0.0,24.0,398.0
SKU0012,2025-02-03,178,825676.14,0,0,Small Appliances,394.0,732.0,24.0,398.0
SKU0012,2025-02-10,174,807121.62,0,0,Small Appliances,215.0,732.0,24.0,398.0
SKU0012,2025-02-17,168,779289.84,0,0,Small Appliances,46.0,732.0,24.0,398.0
SKU0012,2025-02-24,135,626215.05,0,0,Small Appliances,642.0,0.0,24.0,398.0
SKU0012,2025-03-03,177,821037.51,0,0,Small Appliances,466.0,0.0,24.0,398.0
SKU0012,2025-03-10,182,844230.66,0,0,Small Appliances,282.0,766.0,24.0,398.0
SKU0012,2025-03-17,183,848869.29,0,0,Small Appliances,869.0,0.0,24.0,398.0
SKU0012,2025-03-24,159,737542.17,0,0,Small Appliances,869.0,0.0,24.0,398.0
SKU0012,2025-03-31,185,858146.55,0,0,Small Appliances,627.0,0.0,24.0,398.0
SKU0012,2025-04-07,185,858146.5499999999,0,0,Small Appliances,446.0,0.0,24.0,398.0
SKU0012,2025-04-14,208,964835.04,0,0,Small Appliances,1138.0,0.0,24.0,398.0
SKU0012,2025-04-21,180,834953.4,0,0,Small Appliances,949.0,0.0,24.0,398.0
SKU0012,2025-04-28,174,807121.62,0,0,Small Appliances,715.0,0.0,24.0,398.0
SKU0012,2025-05-05,201,932364.63,0,0,Small Appliances,525.0,0.0,24.0,398.0
SKU0012,2025-05-12,200,927726.0,0,0,Small Appliances,328.0,857.0,24.0,398.0
SKU0012,2025-05-19,188,872062.4400000001,0,0,Small Appliances,134.0,857.0,24.0,398.0
SKU0012,2025-05-26,55,255124.65,0,0,Small Appliances,858.0,0.0,24.0,398.0
SKU0012,2025-06-02,187,867423.8099999999,0,0,Small Appliances,671.0,0.0,24.0,398.0
SKU0012,2025-06-09,190,853507.9199999999,1,0,Small Appliances,481.0,0.0,24.0,398.0
SKU0012,2025-06-16,308,1230396.61,1,0,Small Appliances,173.0,605.0,24.0,398.0
SKU0012,2025-06-23,133,616937.79,0,0,Small Appliances,173.0,605.0,24.0,398.0
SKU0012,2025-06-30,175,811760.25,0,0,Small Appliances,573.0,0.0,24.0,398.0
SKU0012,2025-07-07,168,779289.84,0,0,Small Appliances,402.0,0.0,24.0,398.0
SKU0012,2025-07-14,149,691155.87,0,0,Small Appliances,231.0,943.0,24.0,398.0
SKU0012,2025-07-21,161,746819.4299999999,0,0,Small Appliances,1025.0,0.0,24.0,398.0
SKU0012,2025-07-28,143,663324.09,0,0,Small Appliances,802.0,0.0,24.0,398.0
SKU0012,2025-08-04,131,607660.53,0,0,Small Appliances,677.0,0.0,24.0,398.0
SKU0012,2025-08-11,140,649408.2000000001,0,1,Small Appliances,540.0,0.0,24.0,398.0
SKU0012,2025-08-18,106,491694.77999999997,0,0,Small Appliances,415.0,0.0,24.0,398.0
SKU0012,2025-08-25,139,644769.5700000001,0,0,Small Appliances,415.0,0.0,24.0,398.0
SKU0012,2025-09-01,110,510249.3,0,0,Small Appliances,237.0,715.0,24.0,398.0
SKU0012,2025-09-08,119,551996.97,0,0,Small Appliances,848.0,0.0,24.0,398.0
SKU0012,2025-09-15,119,551996.97,0,0,Small Appliances,717.0,0.0,24.0,398.0
SKU0012,2025-09-22,107,496333.41000000003,0,0,Small Appliances,616.0,0.0,24.0,398.0
SKU0012,2025-09-29,112,519526.56000000006,0,1,Small Appliances,468.0,0.0,24.0,398.0
SKU0012,2025-10-06,115,533442.45,0,0,Small Appliances,351.0,903.0,24.0,398.0
SKU0012,2025-10-13,196,805498.11,1,0,Small Appliances,205.0,903.0,24.0,398.0
SKU0012,2025-10-20,124,524397.28,1,0,Small Appliances,0.0,903.0,24.0,398.0
SKU0012,2025-10-27,122,565912.86,0,1,Small Appliances,765.0,0.0,24.0,398.0
SKU0012,2025-11-03,127,589106.01,0,0,Small Appliances,636.0,0.0,24.0,398.0
SKU0012,2025-11-10,130,603021.9,0,0,Small Appliances,505.0,0.0,24.0,398.0
SKU0012,2025-11-17,118,547358.3400000001,0,0,Small Appliances,390.0,743.0,24.0,398.0
SKU0012,2025-11-24,221,884586.73,1,0,Small Appliances,390.0,743.0,24.0,398.0
SKU0012,2025-12-01,142,634332.65,1,0,Small Appliances,118.0,743.0,24.0,398.0
SKU0012,2025-12-08,70,324704.1,0,0,Small Appliances,1.0,743.0,24.0,398.0
SKU0012,2025-12-15,151,700433.13,0,0,Small Appliances,660.0,0.0,24.0,398.0
SKU0012,2025-12-22,139,644769.5700000001,0,1,Small Appliances,513.0,0.0,24.0,398.0
SKU0013,2024-08-19,63,413840.7,0,0,Decor,1.0,389.0,19.0,784.0
SKU0013,2024-08-26,6,39413.4,0,0,Decor,1.0,389.0,19.0,784.0
SKU0013,2024-09-02,0,0.0,0,0,Decor,1.0,389.0,19.0,784.0
SKU0013,2024-09-09,97,637183.3,0,0,Decor,293.0,597.0,19.0,784.0
SKU0013,2024-09-16,184,1208677.6,0,0,Decor,109.0,597.0,19.0,784.0
SKU0013,2024-09-23,109,716010.1,0,0,Decor,109.0,597.0,19.0,784.0
SKU0013,2024-09-30,186,1221815.4000000001,0,1,Decor,556.0,612.0,19.0,784.0
SKU0013,2024-10-07,174,1142988.6,0,0,Decor,354.0,612.0,19.0,784.0
SKU0013,2024-10-14,267,1521357.23,1,0,Decor,143.0,612.0,19.0,784.0
SKU0013,2024-10-21,262,1656019.69,1,0,Decor,473.0,375.0,19.0,784.0
SKU0013,2024-10-28,202,1326917.8,0,1,Decor,173.0,375.0,19.0,784.0
SKU0013,2024-11-04,195,1280935.5,0,0,Decor,344.0,623.0,19.0,784.0
SKU0013,2024-11-11,186,1221815.4,0,0,Decor,149.0,623.0,19.0,784.0
SKU0013,2024-11-18,111,729147.9,0,0,Decor,6.0,623.0,19.0,784.0
SKU0013,2024-11-25,275,1535480.1099999999,1,0,Decor,349.0,354.0,19.0,784.0
SKU0013,2024-12-02,196,1287504.4,0,0,Decor,153.0,354.0,19.0,784.0
SKU0013,2024-12-09,153,1005041.7,0,0,Decor,354.0,0.0,19.0,784.0
SKU0013,2024-12-16,262,1721051.8,0,0,Decor,92.0,417.0,19.0,784.0
SKU0013,2024-12-23,91,597769.9,0,1,Decor,92.0,417.0,19.0,784.0
SKU0013,2024-12-30,93,519271.54000000004,1,0,Decor,1.0,417.0,19.0,784.0
SKU0013,2025-01-06,324,1982494.01,1,0,Decor,115.0,508.0,19.0,784.0
SKU0013,2025-01-13,0,0.0,0,0,Decor,1.0,508.0,19.0,784.0
SKU0013,2025-01-20,92,604338.8,0,1,Decor,508.0,488.0,19.0,784.0
SKU0013,2025-01-27,217,1425451.3,0,0,Decor,232.0,488.0,19.0,784.0
SKU0013,2025-02-03,199,1307211.0999999999,0,0,Decor,0.0,488.0,19.0,784.0
SKU0013,2025-02-10,255,1675069.5,0,0,Decor,281.0,394.0,19.0,784.0
SKU0013,2025-02-17,233,1530553.7,0,0,Decor,1.0,394.0,19.0,784.0
SKU0013,2025-02-24,59,387565.1,0,0,Decor,395.0,0.0,19.0,784.0
SKU0013,2025-03-03,285,1872136.5,0,0,Decor,74.0,595.0,19.0,784.0
SKU0013,2025-03-10,50,328445.0,0,0,Decor,1.0,595.0,19.0,784.0
SKU0013,2025-03-17,91,597769.9,0,0,Decor,530.0,557.0,19.0,784.0
SKU0013,2025-03-24,296,1944394.4000000001,0,0,Decor,530.0,557.0,19.0,784.0
SKU0013,2025-03-31,208,1366331.2,0,0,Decor,99.0,557.0,19.0,784.0
SKU0013,2025-04-07,241,1583104.9,0,0,Decor,557.0,0.0,19.0,784.0
SKU0013,2025-04-14,311,2042927.9,0,0,Decor,242.0,491.0,19.0,784.0
SKU0013,2025-04-21,5,32844.5,0,0,Decor,0.0,491.0,19.0,784.0
SKU0013,2025-04-28,282,1852429.8,0,0,Decor,295.0,549.0,19.0,784.0
SKU0013,2025-05-05,208,1366331.2,0,0,Decor,29.0,549.0,19.0,784.0
SKU0013,2025-05-12,72,472960.80000000005,0,0,Decor,1.0,549.0,19.0,784.0
SKU0013,2025-05-19,296,1944394.4,0,0,Decor,258.0,454.0,19.0,784.0
SKU0013,2025-05-26,182,1195539.8,0,0,Decor,0.0,454.0,19.0,784.0
SKU0013,2025-06-02,165,1083868.5,0,0,Decor,290.0,624.0,19.0,784.0
SKU0013,2025-06-09,287,1819256.85,1,0,Decor,3.0,624.0,19.0,784.0
SKU0013,2025-06-16,2,11167.13,1,0,Decor,1.0,624.0,19.0,784.0
SKU0013,2025-06-23,240,1576536.0,0,0,Decor,1.0,624.0,19.0,784.0
SKU0013,2025-06-30,303,1990376.7,0,0,Decor,289.0,495.0,19.0,784.0
SKU0013,2025-07-07,128,840819.2,0,0,Decor,1.0,495.0,19.0,784.0
SKU0013,2025-07-14,267,1753896.3,0,0,Decor,358.0,402.0,19.0,784.0
SKU0013,2025-07-21,181,1188970.9,0,0,Decor,82.0,402.0,19.0,784.0
SKU0013,2025-07-28,96,630614.4,0,0,Decor,369.0,383.0,19.0,784.0
SKU0013,2025-08-04,307,2016652.3,0,0,Decor,69.0,383.0,19.0,784.0
SKU0013,2025-08-11,0,0.0,0,1,Decor,0.0,383.0,19.0,784.0
SKU0013,2025-08-18,206,1353193.4,0,0,Decor,255.0,605.0,19.0,784.0
SKU0013,2025-08-25,177,1162695.2999999998,0,0,Decor,255.0,605.0,19.0,784.0
SKU0013,2025-09-01,0,0.0,0,0,Decor,1.0,605.0,19.0,784.0
SKU0013,2025-09-08,265,1740758.5,0,0,Decor,583.0,513.0,19.0,784.0
SKU0013,2025-09-15,259,1701345.1,0,0,Decor,288.0,513.0,19.0,784.0
SKU0013,2025-09-22,139,913077.1000000001,0,0,Decor,35.0,513.0,19.0,784.0
SKU0013,2025-09-29,244,1602811.6,0,1,Decor,329.0,379.0,19.0,784.0
SKU0013,2025-10-06,211,1386037.9,0,0,Decor,131.0,379.0,19.0,784.0
SKU0013,2025-10-13,259,1446143.3399999999,1,0,Decor,380.0,0.0,19.0,784.0
SKU0013,2025-10-20,120,670027.8,1,0,Decor,1.0,554.0,19.0,784.0
SKU0013,2025-10-27,0,0.0,0,1,Decor,1.0,554.0,19.0,784.0
SKU0013,2025-11-03,288,1891843.2000000002,0,0,Decor,304.0,439.0,19.0,784.0
SKU0013,2025-11-10,247,1622518.3,0,0,Decor,69.0,439.0,19.0,784.0
SKU0013,2025-11-17,61,400702.9,0,0,Decor,439.0,0.0,19.0,784.0
SKU0013,2025-11-24,398,2257730.92,1,0,Decor,439.0,0.0,19.0,784.0
SKU0013,2025-12-01,0,0.0,1,0,Decor,0.0,618.0,19.0,784.0
SKU0013,2025-12-08,111,729147.9,0,0,Decor,0.0,618.0,19.0,784.0
SKU0013,2025-12-15,291,1911549.9,0,0,Decor,455.0,439.0,19.0,784.0
SKU0013,2025-12-22,216,1418882.4,0,1,Decor,171.0,439.0,19.0,784.0
SKU0014,2024-09-30,6,14459.58,0,0,Decor,285.0,602.0,16.0,316.0
SKU0014,2024-10-07,73,175924.88999999998,0,0,Decor,285.0,602.0,16.0,316.0
SKU0014,2024-10-14,133,276418.98,1,0,Decor,205.0,602.0,16.0,316.0
SKU0014,2024-10-21,74,171466.52,1,0,Decor,676.0,0.0,16.0,316.0
SKU0014,2024-10-28,63,151825.59,0,1,Decor,583.0,0.0,16.0,316.0
SKU0014,2024-11-04,81,195204.33,0,0,Decor,502.0,0.0,16.0,316.0
SKU0014,2024-11-11,69,166285.16999999998,0,0,Decor,430.0,0.0,16.0,316.0
SKU0014,2024-11-18,85,204844.05,0,0,Decor,349.0,0.0,16.0,316.0
SKU0014,2024-11-25,156,319556.71,1,0,Decor,177.0,722.0,16.0,316.0
SKU0014,2024-12-02,105,253042.65,0,0,Decor,72.0,722.0,16.0,316.0
SKU0014,2024-12-09,112,269912.16,0,0,Decor,682.0,0.0,16.0,316.0
SKU0014,2024-12-16,105,253042.65,0,0,Decor,577.0,0.0,16.0,316.0
SKU0014,2024-12-23,128,308471.04,0,1,Decor,577.0,0.0,16.0,316.0
SKU0014,2024-12-30,224,472225.79,1,0,Decor,360.0,0.0,16.0,316.0
SKU0014,2025-01-06,173,390890.64,1,0,Decor,122.0,739.0,16.0,316.0
SKU0014,2025-01-13,142,342210.06,0,0,Decor,723.0,0.0,16.0,316.0
SKU0014,2025-01-20,132,318110.76,0,1,Decor,579.0,0.0,16.0,316.0
SKU0014,2025-01-27,146,351849.77999999997,0,0,Decor,383.0,0.0,16.0,316.0
SKU0014,2025-02-03,184,443427.12,0,0,Decor,209.0,605.0,16.0,316.0
SKU0014,2025-02-10,192,462706.55999999994,0,0,Decor,628.0,0.0,16.0,316.0
SKU0014,2025-02-17,193,465116.49,0,0,Decor,433.0,0.0,16.0,316.0
SKU0014,2025-02-24,182,438607.26,0,0,Decor,249.0,709.0,16.0,316.0
SKU0014,2025-03-03,193,465116.49,0,0,Decor,53.0,709.0,16.0,316.0
SKU0014,2025-03-10,53,127726.29,0,0,Decor,710.0,0.0,16.0,316.0
SKU0014,2025-03-17,206,496445.58,0,0,Decor,506.0,0.0,16.0,316.0
SKU0014,2025-03-24,200,481986.0,0,0,Decor,506.0,0.0,16.0,316.0
SKU0014,2025-03-31,215,518134.95,0,0,Decor,875.0,0.0,16.0,316.0
SKU0014,2025-04-07,227,547054.11,0,0,Decor,657.0,0.0,16.0,316.0
SKU0014,2025-04-14,207,498855.51,0,0,Decor,434.0,0.0,16.0,316.0
SKU0014,2025-04-21,226,544644.1799999999,0,0,Decor,221.0,786.0,16.0,316.0
SKU0014,2025-04-28,110,265092.3,0,0,Decor,0.0,786.0,16.0,316.0
SKU0014,2025-05-05,211,508495.23,0,0,Decor,606.0,0.0,16.0,316.0
SKU0014,2025-05-12,214,515725.02,0,0,Decor,391.0,0.0,16.0,316.0
SKU0014,2025-05-19,210,506085.3,0,0,Decor,176.0,508.0,16.0,316.0
SKU0014,2025-05-26,106,255452.58,0,0,Decor,1.0,508.0,16.0,316.0
SKU0014,2025-06-02,133,320520.69,0,0,Decor,376.0,0.0,16.0,316.0
SKU0014,2025-06-09,213,497771.04000000004,1,0,Decor,163.0,629.0,16.0,316.0
SKU0014,2025-06-16,261,542595.74,1,0,Decor,531.0,0.0,16.0,316.0
SKU0014,2025-06-23,189,455476.77,0,0,Decor,531.0,0.0,16.0,316.0
SKU0014,2025-06-30,155,373539.15,0,0,Decor,296.0,721.0,16.0,316.0
SKU0014,2025-07-07,145,349439.85,0,0,Decor,864.0,0.0,16.0,316.0
SKU0014,2025-07-14,164,395228.52,0,0,Decor,716.0,0.0,16.0,316.0
SKU0014,2025-07-21,133,320520.69,0,0,Decor,552.0,0.0,16.0,316.0
SKU0014,2025-07-28,118,284371.74,0,0,Decor,368.0,0.0,16.0,316.0
SKU0014,2025-08-04,96,231353.28,0,0,Decor,271.0,711.0,16.0,316.0
SKU0014,2025-08-11,120,289191.6,0,1,Decor,157.0,711.0,16.0,316.0
SKU0014,2025-08-18,117,281961.81,0,0,Decor,750.0,0.0,16.0,316.0
SKU0014,2025-08-25,126,303651.18,0,0,Decor,750.0,0.0,16.0,316.0
SKU0014,2025-09-01,99,238583.06999999998,0,0,Decor,583.0,0.0,16.0,316.0
SKU0014,2025-09-08,90,216893.69999999998,0,0,Decor,488.0,0.0,16.0,316.0
SKU0014,2025-09-15,84,202434.12,0,0,Decor,400.0,0.0,16.0,316.0
SKU0014,2025-09-22,66,159055.37999999998,0,0,Decor,318.0,0.0,16.0,316.0
SKU0014,2025-09-29,77,185564.61,0,1,Decor,230.0,712.0,16.0,316.0
SKU0014,2025-10-06,71,171105.03,0,0,Decor,154.0,712.0,16.0,316.0
SKU0014,2025-10-13,100,211350.87,1,0,Decor,786.0,0.0,16.0,316.0
SKU0014,2025-10-20,96,215086.25,1,0,Decor,663.0,0.0,16.0,316.0
SKU0014,2025-10-27,74,178334.81999999998,0,1,Decor,564.0,0.0,16.0,316.0
SKU0014,2025-11-03,82,197614.25999999998,0,0,Decor,485.0,0.0,16.0,316.0
SKU0014,2025-11-10,81,195204.33,0,0,Decor,402.0,0.0,16.0,316.0
SKU0014,2025-11-17,90,216893.7,0,0,Decor,312.0,663.0,16.0,316.0
SKU0014,2025-11-24,149,308471.04,1,0,Decor,312.0,663.0,16.0,316.0
SKU0014,2025-12-01,107,250271.22999999998,1,0,Decor,795.0,0.0,16.0,316.0
SKU0014,2025-12-08,105,253042.65,0,0,Decor,695.0,0.0,16.0,316.0
SKU0014,2025-12-15,124,298831.32,0,0,Decor,586.0,0.0,16.0,316.0
SKU0014,2025-12-22,91,219303.63,0,1,Decor,465.0,0.0,16.0,316.0
SKU0015,2024-07-22,96,697337.28,0,0,Furnishings,309.0,0.0,8.0,170.0
SKU0015,2024-07-29,68,493947.24,0,0,Furnishings,309.0,0.0,8.0,170.0
SKU0015,2024-08-05,102,740920.86,0,0,Furnishings,208.0,0.0,8.0,170.0
SKU0015,2024-08-12,111,806296.23,0,1,Furnishings,102.0,382.0,8.0,170.0
SKU0015,2024-08-19,108,784504.4400000001,0,0,Furnishings,375.0,0.0,8.0,170.0
SKU0015,2024-08-26,106,769976.5800000001,0,0,Furnishings,227.0,0.0,8.0,170.0
SKU0015,2024-09-02,89,646489.77,0,0,Furnishings,138.0,318.0,8.0,170.0
SKU0015,2024-09-09,87,631961.91,0,0,Furnishings,369.0,0.0,8.0,170.0
SKU0015,2024-09-16,98,711865.14,0,0,Furnishings,271.0,0.0,8.0,170.0
SKU0015,2024-09-23,102,740920.86,0,0,Furnishings,271.0,0.0,8.0,170.0
SKU0015,2024-09-30,74,537530.8200000001,0,1,Furnishings,139.0,361.0,8.0,170.0
SKU0015,2024-10-07,82,595642.26,0,0,Furnishings,427.0,0.0,8.0,170.0
SKU0015,2024-10-14,179,1120461.21,1,0,Furnishings,324.0,0.0,8.0,170.0
SKU0015,2024-10-21,108,758354.29,1,0,Furnishings,154.0,371.0,8.0,170.0
SKU0015,2024-10-28,105,762712.65,0,1,Furnishings,385.0,0.0,8.0,170.0
SKU0015,2024-11-04,86,624697.98,0,0,Furnishings,295.0,0.0,8.0,170.0
SKU0015,2024-11-11,87,631961.91,0,0,Furnishings,200.0,0.0,8.0,170.0
SKU0015,2024-11-18,86,624697.98,0,0,Furnishings,385.0,0.0,8.0,170.0
SKU0015,2024-11-25,176,1086683.92,1,0,Furnishings,192.0,0.0,8.0,170.0
SKU0015,2024-12-02,97,704601.21,0,0,Furnishings,484.0,0.0,8.0,170.0
SKU0015,2024-12-09,104,755448.72,0,0,Furnishings,380.0,0.0,8.0,170.0
SKU0015,2024-12-16,110,799032.3,0,0,Furnishings,270.0,0.0,8.0,170.0
SKU0015,2024-12-23,87,631961.91,0,1,Furnishings,270.0,0.0,8.0,170.0
SKU0015,2024-12-30,183,1169129.52,1,0,Furnishings,105.0,293.0,8.0,170.0
SKU0015,2025-01-06,71,515739.03,1,0,Furnishings,275.0,0.0,8.0,170.0
SKU0015,2025-01-13,108,784504.44,0,0,Furnishings,161.0,352.0,8.0,170.0
SKU0015,2025-01-20,103,748184.79,0,1,Furnishings,71.0,352.0,8.0,170.0
SKU0015,2025-01-27,117,849879.81,0,0,Furnishings,264.0,0.0,8.0,170.0
SKU0015,2025-02-03,117,849879.81,0,0,Furnishings,436.0,0.0,8.0,170.0
SKU0015,2025-02-10,123,893463.39,0,0,Furnishings,305.0,0.0,8.0,170.0
SKU0015,2025-02-17,127,922519.11,0,0,Furnishings,186.0,0.0,8.0,170.0
SKU0015,2025-02-24,125,907991.25,0,0,Furnishings,57.0,310.0,8.0,170.0
SKU0015,2025-03-03,122,886199.46,0,0,Furnishings,252.0,0.0,8.0,170.0
SKU0015,2025-03-10,132,958838.76,0,0,Furnishings,121.0,386.0,8.0,170.0
SKU0015,2025-03-17,125,907991.25,0,0,Furnishings,382.0,0.0,8.0,170.0
SKU0015,2025-03-24,116,842615.88,0,0,Furnishings,382.0,0.0,8.0,170.0
SKU0015,2025-03-31,108,784504.4400000001,0,0,Furnishings,207.0,0.0,8.0,170.0
SKU0015,2025-04-07,135,980630.55,0,0,Furnishings,426.0,0.0,8.0,170.0
SKU0015,2025-04-14,140,1016950.2,0,0,Furnishings,301.0,0.0,8.0,170.0
SKU0015,2025-04-21,130,944310.9,0,0,Furnishings,168.0,311.0,8.0,170.0
SKU0015,2025-04-28,126,915255.1799999999,0,0,Furnishings,301.0,0.0,8.0,170.0
SKU0015,2025-05-05,139,1009686.27,0,0,Furnishings,162.0,389.0,8.0,170.0
SKU0015,2025-05-12,151,1096853.43,0,0,Furnishings,404.0,0.0,8.0,170.0
SKU0015,2025-05-19,127,922519.11,0,0,Furnishings,270.0,0.0,8.0,170.0
SKU0015,2025-05-26,121,878935.53,0,0,Furnishings,525.0,0.0,8.0,170.0
SKU0015,2025-06-02,120,871671.6000000001,0,0,Furnishings,405.0,0.0,8.0,170.0
SKU0015,2025-06-09,143,1009323.0700000001,1,0,Furnishings,262.0,0.0,8.0,170.0
SKU0015,2025-06-16,196,1223245.81,1,0,Furnishings,66.0,403.0,8.0,170.0
SKU0015,2025-06-23,118,857143.74,0,0,Furnishings,66.0,403.0,8.0,170.0
SKU0015,2025-06-30,87,631961.91,0,0,Furnishings,330.0,0.0,8.0,170.0
SKU0015,2025-07-07,109,791768.37,0,0,Furnishings,239.0,0.0,8.0,170.0
SKU0015,2025-07-14,102,740920.86,0,0,Furnishings,126.0,415.0,8.0,170.0
SKU0015,2025-07-21,105,762712.65,0,0,Furnishings,432.0,0.0,8.0,170.0
SKU0015,2025-07-28,78,566586.54,0,0,Furnishings,308.0,0.0,8.0,170.0
SKU0015,2025-08-04,94,682809.42,0,0,Furnishings,218.0,0.0,8.0,170.0
SKU0015,2025-08-11,75,544794.75,0,1,Furnishings,129.0,397.0,8.0,170.0
SKU0015,2025-08-18,96,697337.28,0,0,Furnishings,440.0,0.0,8.0,170.0
SKU0015,2025-08-25,87,631961.91,0,0,Furnishings,440.0,0.0,8.0,170.0
SKU0015,2025-09-01,93,675545.49,0,0,Furnishings,316.0,0.0,8.0,170.0
SKU0015,2025-09-08,102,740920.86,0,0,Furnishings,221.0,0.0,8.0,170.0
SKU0015,2025-09-15,89,646489.77,0,0,Furnishings,120.0,334.0,8.0,170.0
SKU0015,2025-09-22,85,617434.05,0,0,Furnishings,368.0,0.0,8.0,170.0
SKU0015,2025-09-29,81,588378.33,0,1,Furnishings,256.0,0.0,8.0,170.0
SKU0015,2025-10-06,59,428571.87,0,0,Furnishings,189.0,0.0,8.0,170.0
SKU0015,2025-10-13,106,677361.47,1,0,Furnishings,406.0,0.0,8.0,170.0
SKU0015,2025-10-20,105,714770.71,1,0,Furnishings,281.0,0.0,8.0,170.0
SKU0015,2025-10-27,71,515739.03,0,1,Furnishings,177.0,0.0,8.0,170.0
SKU0015,2025-11-03,80,581114.4,0,0,Furnishings,403.0,0.0,8.0,170.0
SKU0015,2025-11-10,80,581114.4,0,0,Furnishings,316.0,0.0,8.0,170.0
SKU0015,2025-11-17,97,704601.21,0,0,Furnishings,238.0,0.0,8.0,170.0
SKU0015,2025-11-24,125,789226.0,1,0,Furnishings,238.0,0.0,8.0,170.0
SKU0015,2025-12-01,86,600727.01,1,0,Furnishings,341.0,0.0,8.0,170.0
SKU0015,2025-12-08,81,588378.3300000001,0,0,Furnishings,267.0,0.0,8.0,170.0
SKU0015,2025-12-15,78,566586.54,0,0,Furnishings,184.0,0.0,8.0,170.0
SKU0015,2025-12-22,73,530266.89,0,1,Furnishings,109.0,421.0,8.0,170.0
SKU0016,2024-05-20,7,48103.09,0,0,Furnishings,27.0,76.0,11.0,120.0
SKU0016,2024-05-27,70,481030.9,0,0,Furnishings,27.0,76.0,11.0,120.0
SKU0016,2024-06-03,48,329849.76,0,0,Furnishings,59.0,82.0,11.0,120.0
SKU0016,2024-06-10,48,329849.76,1,0,Furnishings,1.0,82.0,11.0,120.0
SKU0016,2024-06-17,82,487215.58,1,0,Furnishings,3.0,55.0,11.0,120.0
SKU0016,2024-06-24,11,75590.57,0,0,Furnishings,3.0,55.0,11.0,120.0
SKU0016,2024-07-01,44,302362.28,0,0,Furnishings,35.0,79.0,11.0,120.0
SKU0016,2024-07-08,42,288618.54,0,0,Furnishings,1.0,79.0,11.0,120.0
SKU0016,2024-07-15,46,316106.02,0,0,Furnishings,29.0,83.0,11.0,120.0
SKU0016,2024-07-22,68,467287.16,0,0,Furnishings,65.0,93.0,11.0,120.0
SKU0016,2024-07-29,28,192412.36000000002,0,0,Furnishings,85.0,0.0,11.0,120.0
SKU0016,2024-08-05,53,364209.11,0,0,Furnishings,35.0,83.0,11.0,120.0
SKU0016,2024-08-12,58,398568.46,0,1,Furnishings,62.0,79.0,11.0,120.0
SKU0016,2024-08-19,54,371080.98,0,0,Furnishings,83.0,70.0,11.0,120.0
SKU0016,2024-08-26,55,377952.85,0,0,Furnishings,14.0,70.0,11.0,120.0
SKU0016,2024-09-02,50,343593.5,0,0,Furnishings,34.0,76.0,11.0,120.0
SKU0016,2024-09-09,49,336721.63,0,0,Furnishings,62.0,48.0,11.0,120.0
SKU0016,2024-09-16,48,329849.76,0,0,Furnishings,14.0,48.0,11.0,120.0
SKU0016,2024-09-23,52,357337.24,0,0,Furnishings,14.0,48.0,11.0,120.0
SKU0016,2024-09-30,12,82462.44,0,1,Furnishings,1.0,59.0,11.0,120.0
SKU0016,2024-10-07,52,357337.24,0,0,Furnishings,39.0,89.0,11.0,120.0
SKU0016,2024-10-14,42,249448.89,1,0,Furnishings,0.0,89.0,11.0,120.0
SKU0016,2024-10-21,51,336034.44,1,0,Furnishings,27.0,76.0,11.0,120.0
SKU0016,2024-10-28,48,329849.76,0,1,Furnishings,44.0,77.0,11.0,120.0
SKU0016,2024-11-04,39,268002.93,0,0,Furnishings,72.0,66.0,11.0,120.0
SKU0016,2024-11-11,62,426055.94,0,0,Furnishings,15.0,66.0,11.0,120.0
SKU0016,2024-11-18,49,336721.63,0,0,Furnishings,29.0,73.0,11.0,120.0
SKU0016,2024-11-25,40,233643.59000000003,1,0,Furnishings,53.0,77.0,11.0,120.0
SKU0016,2024-12-02,53,364209.11,0,0,Furnishings,0.0,77.0,11.0,120.0
SKU0016,2024-12-09,44,302362.28,0,0,Furnishings,34.0,49.0,11.0,120.0
SKU0016,2024-12-16,41,281746.67,0,0,Furnishings,42.0,0.0,11.0,120.0
SKU0016,2024-12-23,41,281746.67000000004,0,1,Furnishings,42.0,0.0,11.0,120.0
SKU0016,2024-12-30,66,385511.9,1,0,Furnishings,71.0,50.0,11.0,120.0
SKU0016,2025-01-06,5,29205.45,1,0,Furnishings,0.0,50.0,11.0,120.0
SKU0016,2025-01-13,50,343593.5,0,0,Furnishings,14.0,58.0,11.0,120.0
SKU0016,2025-01-20,24,164924.88,0,1,Furnishings,0.0,58.0,11.0,120.0
SKU0016,2025-01-27,33,226771.71,0,0,Furnishings,1.0,92.0,11.0,120.0
SKU0016,2025-02-03,81,556621.47,0,0,Furnishings,22.0,82.0,11.0,120.0
SKU0016,2025-02-10,25,171796.75,0,0,Furnishings,78.0,63.0,11.0,120.0
SKU0016,2025-02-17,69,474159.03,0,0,Furnishings,0.0,63.0,11.0,120.0
SKU0016,2025-02-24,62,426055.94,0,0,Furnishings,10.0,86.0,11.0,120.0
SKU0016,2025-03-03,6,41231.22,0,0,Furnishings,87.0,0.0,11.0,120.0
SKU0016,2025-03-10,80,549749.6,0,0,Furnishings,1.0,50.0,11.0,120.0
SKU0016,2025-03-17,42,288618.54,0,0,Furnishings,17.0,69.0,11.0,120.0
SKU0016,2025-03-24,8,54974.96,0,0,Furnishings,17.0,69.0,11.0,120.0
SKU0016,2025-03-31,69,474159.03,0,0,Furnishings,39.0,95.0,11.0,120.0
SKU0016,2025-04-07,38,261131.06,0,0,Furnishings,1.0,95.0,11.0,120.0
SKU0016,2025-04-14,58,398568.46,0,0,Furnishings,30.0,62.0,11.0,120.0
SKU0016,2025-04-21,62,426055.93999999994,0,0,Furnishings,47.0,0.0,11.0,120.0
SKU0016,2025-04-28,22,151181.14,0,0,Furnishings,0.0,63.0,11.0,120.0
SKU0016,2025-05-05,40,274874.8,0,0,Furnishings,1.0,83.0,11.0,120.0
SKU0016,2025-05-12,61,419184.06999999995,0,0,Furnishings,53.0,96.0,11.0,120.0
SKU0016,2025-05-19,32,219899.84,0,0,Furnishings,1.0,96.0,11.0,120.0
SKU0016,2025-05-26,86,590980.82,0,0,Furnishings,1.0,81.0,11.0,120.0
SKU0016,2025-06-02,41,281746.67,0,0,Furnishings,41.0,75.0,11.0,120.0
SKU0016,2025-06-09,40,274874.8,1,0,Furnishings,76.0,0.0,11.0,120.0
SKU0016,2025-06-16,76,443922.81,1,0,Furnishings,0.0,94.0,11.0,120.0
SKU0016,2025-06-23,27,185540.49,0,0,Furnishings,0.0,94.0,11.0,120.0
SKU0016,2025-06-30,67,460415.29,0,0,Furnishings,39.0,95.0,11.0,120.0
SKU0016,2025-07-07,74,508518.38,0,0,Furnishings,76.0,64.0,11.0,120.0
SKU0016,2025-07-14,38,261131.06,0,0,Furnishings,1.0,64.0,11.0,120.0
SKU0016,2025-07-21,46,316106.02,0,0,Furnishings,16.0,62.0,11.0,120.0
SKU0016,2025-07-28,57,391696.58999999997,0,0,Furnishings,19.0,48.0,11.0,120.0
SKU0016,2025-08-04,13,89334.31,0,0,Furnishings,0.0,48.0,11.0,120.0
SKU0016,2025-08-11,41,281746.67,0,1,Furnishings,0.0,65.0,11.0,120.0
SKU0016,2025-08-18,35,240515.45,0,0,Furnishings,43.0,0.0,11.0,120.0
SKU0016,2025-08-25,30,206156.09999999998,0,0,Furnishings,43.0,0.0,11.0,120.0
SKU0016,2025-09-01,76,522262.12,0,0,Furnishings,69.0,50.0,11.0,120.0
SKU0016,2025-09-08,27,185540.49,0,0,Furnishings,0.0,50.0,11.0,120.0
SKU0016,2025-09-15,28,192412.36,0,0,Furnishings,19.0,81.0,11.0,120.0
SKU0016,2025-09-22,54,371080.98,0,0,Furnishings,81.0,48.0,11.0,120.0
SKU0016,2025-09-29,40,274874.8,0,1,Furnishings,0.0,48.0,11.0,120.0
SKU0016,2025-10-06,35,240515.45,0,0,Furnishings,1.0,51.0,11.0,120.0
SKU0016,2025-10-13,51,297895.56,1,0,Furnishings,34.0,48.0,11.0,120.0
SKU0016,2025-10-20,6,41231.22,1,0,Furnishings,1.0,48.0,11.0,120.0
SKU0016,2025-10-27,42,288618.54,0,1,Furnishings,1.0,60.0,11.0,120.0
SKU0016,2025-11-03,41,281746.67,0,0,Furnishings,26.0,84.0,11.0,120.0
SKU0016,2025-11-10,19,130565.53,0,0,Furnishings,0.0,84.0,11.0,120.0
SKU0016,2025-11-17,66,453543.42,0,0,Furnishings,24.0,84.0,11.0,120.0
SKU0016,2025-11-24,61,362491.14,1,0,Furnishings,24.0,84.0,11.0,120.0
SKU0016,2025-12-01,41,257007.94,1,0,Furnishings,17.0,49.0,11.0,120.0
SKU0016,2025-12-08,49,336721.63,0,0,Furnishings,50.0,48.0,11.0,120.0
SKU0016,2025-12-15,14,96206.18,0,0,Furnishings,1.0,48.0,11.0,120.0
SKU0016,2025-12-22,34,233643.58000000002,0,1,Furnishings,23.0,0.0,11.0,120.0
SKU0017,2024-07-22,126,837287.64,0,0,Decor,94.0,1473.0,27.0,914.0
SKU0017,2024-07-29,0,0.0,0,0,Decor,1.0,1473.0,27.0,914.0
SKU0017,2024-08-05,0,0.0,0,0,Decor,1.0,1473.0,27.0,914.0
SKU0017,2024-08-12,0,0.0,0,1,Decor,1.0,1473.0,27.0,914.0
SKU0017,2024-08-19,173,1149609.22,0,0,Decor,1364.0,0.0,27.0,914.0
SKU0017,2024-08-26,185,1229350.9,0,0,Decor,1115.0,0.0,27.0,914.0
SKU0017,2024-09-02,137,910384.1799999999,0,0,Decor,978.0,0.0,27.0,914.0
SKU0017,2024-09-09,160,1063222.4,0,0,Decor,2907.0,0.0,27.0,914.0
SKU0017,2024-09-16,177,1176189.78,0,0,Decor,2730.0,0.0,27.0,914.0
SKU0017,2024-09-23,136,903739.04,0,0,Decor,2730.0,0.0,27.0,914.0
SKU0017,2024-09-30,144,956900.1599999999,0,1,Decor,2541.0,0.0,27.0,914.0
SKU0017,2024-10-07,141,936964.74,0,0,Decor,2404.0,0.0,27.0,914.0
SKU0017,2024-10-14,257,1473559.79,1,0,Decor,2240.0,0.0,27.0,914.0
SKU0017,2024-10-21,178,1145954.39,1,0,Decor,1989.0,0.0,27.0,914.0
SKU0017,2024-10-28,130,863868.2,0,1,Decor,1784.0,0.0,27.0,914.0
SKU0017,2024-11-04,173,1149609.22,0,0,Decor,1620.0,0.0,27.0,914.0
SKU0017,2024-11-11,171,1136318.94,0,0,Decor,1436.0,0.0,27.0,914.0
SKU0017,2024-11-18,158,1049932.1199999999,0,0,Decor,1281.0,0.0,27.0,914.0
SKU0017,2024-11-25,285,1609785.17,1,0,Decor,957.0,0.0,27.0,914.0
SKU0017,2024-12-02,213,1415414.8199999998,0,0,Decor,2580.0,0.0,27.0,914.0
SKU0017,2024-12-09,203,1348963.42,0,0,Decor,2377.0,0.0,27.0,914.0
SKU0017,2024-12-16,191,1269221.74,0,0,Decor,2186.0,0.0,27.0,914.0
SKU0017,2024-12-23,182,1209415.48,0,1,Decor,2186.0,0.0,27.0,914.0
SKU0017,2024-12-30,399,2314502.26,1,0,Decor,1852.0,0.0,27.0,914.0
SKU0017,2025-01-06,330,2044377.32,1,0,Decor,1416.0,0.0,27.0,914.0
SKU0017,2025-01-13,238,1581543.32,0,0,Decor,1166.0,0.0,27.0,914.0
SKU0017,2025-01-20,238,1581543.3199999998,0,1,Decor,923.0,0.0,27.0,914.0
SKU0017,2025-01-27,214,1422059.96,0,0,Decor,2504.0,0.0,27.0,914.0
SKU0017,2025-02-03,289,1920445.46,0,0,Decor,2229.0,0.0,27.0,914.0
SKU0017,2025-02-10,306,2033412.8399999999,0,0,Decor,1924.0,0.0,27.0,914.0
SKU0017,2025-02-17,292,1940380.88,0,0,Decor,1625.0,0.0,27.0,914.0
SKU0017,2025-02-24,308,2046703.1199999999,0,0,Decor,1324.0,0.0,27.0,914.0
SKU0017,2025-03-03,326,2166315.64,0,0,Decor,999.0,0.0,27.0,914.0
SKU0017,2025-03-10,343,2279283.02,0,0,Decor,662.0,1654.0,27.0,914.0
SKU0017,2025-03-17,311,2066638.54,0,0,Decor,2008.0,0.0,27.0,914.0
SKU0017,2025-03-24,348,2312508.7199999997,0,0,Decor,2008.0,0.0,27.0,914.0
SKU0017,2025-03-31,323,2146380.22,0,0,Decor,1518.0,0.0,27.0,914.0
SKU0017,2025-04-07,327,2172960.78,0,0,Decor,1193.0,0.0,27.0,914.0
SKU0017,2025-04-14,343,2279283.02,0,0,Decor,847.0,1896.0,27.0,914.0
SKU0017,2025-04-21,334,2219476.7600000002,0,0,Decor,2417.0,0.0,27.0,914.0
SKU0017,2025-04-28,338,2246057.32,0,0,Decor,1974.0,0.0,27.0,914.0
SKU0017,2025-05-05,332,2206186.48,0,0,Decor,1638.0,0.0,27.0,914.0
SKU0017,2025-05-12,359,2385605.26,0,0,Decor,1284.0,0.0,27.0,914.0
SKU0017,2025-05-19,361,2398895.54,0,0,Decor,921.0,0.0,27.0,914.0
SKU0017,2025-05-26,337,2239412.18,0,0,Decor,453.0,2072.0,27.0,914.0
SKU0017,2025-06-02,312,2073283.68,0,0,Decor,141.0,2072.0,27.0,914.0
SKU0017,2025-06-09,346,2218479.99,1,0,Decor,1867.0,0.0,27.0,914.0
SKU0017,2025-06-16,497,2846113.45,1,0,Decor,1370.0,0.0,27.0,914.0
SKU0017,2025-06-23,322,2139735.08,0,0,Decor,1370.0,0.0,27.0,914.0
SKU0017,2025-06-30,261,1734381.54,0,0,Decor,983.0,0.0,27.0,914.0
SKU0017,2025-07-07,250,1661285.0,0,0,Decor,2310.0,0.0,27.0,914.0
SKU0017,2025-07-14,263,1747671.8199999998,0,0,Decor,2056.0,0.0,27.0,914.0
SKU0017,2025-07-21,242,1608123.88,0,0,Decor,1799.0,0.0,27.0,914.0
SKU0017,2025-07-28,234,1554962.76,0,0,Decor,1435.0,0.0,27.0,914.0
SKU0017,2025-08-04,214,1422059.96,0,0,Decor,1235.0,0.0,27.0,914.0
SKU0017,2025-08-11,189,1255931.46,0,1,Decor,1037.0,0.0,27.0,914.0
SKU0017,2025-08-18,222,1475221.08,0,0,Decor,818.0,2246.0,27.0,914.0
SKU0017,2025-08-25,213,1415414.8199999998,0,0,Decor,818.0,2246.0,27.0,914.0
SKU0017,2025-09-01,198,1315737.72,0,0,Decor,2775.0,0.0,27.0,914.0
SKU0017,2025-09-08,175,1162899.5,0,0,Decor,2586.0,0.0,27.0,914.0
SKU0017,2025-09-15,182,1209415.48,0,0,Decor,2409.0,0.0,27.0,914.0
SKU0017,2025-09-22,190,1262576.6,0,0,Decor,2230.0,0.0,27.0,914.0
SKU0017,2025-09-29,176,1169544.6400000001,0,1,Decor,1977.0,0.0,27.0,914.0
SKU0017,2025-10-06,167,1109738.38,0,0,Decor,1808.0,0.0,27.0,914.0
SKU0017,2025-10-13,272,1584201.36,1,0,Decor,1613.0,0.0,27.0,914.0
SKU0017,2025-10-20,230,1445650.21,1,0,Decor,1324.0,0.0,27.0,914.0
SKU0017,2025-10-27,164,1089802.96,0,1,Decor,1063.0,0.0,27.0,914.0
SKU0017,2025-11-03,193,1282512.02,0,0,Decor,890.0,2020.0,27.0,914.0
SKU0017,2025-11-10,169,1123028.66,0,0,Decor,708.0,2020.0,27.0,914.0
SKU0017,2025-11-17,184,1222705.76,0,0,Decor,2545.0,0.0,27.0,914.0
SKU0017,2025-11-24,309,1764284.6800000002,1,0,Decor,2545.0,0.0,27.0,914.0
SKU0017,2025-12-01,242,1544330.54,1,0,Decor,2152.0,0.0,27.0,914.0
SKU0017,2025-12-08,237,1574898.18,0,0,Decor,1946.0,0.0,27.0,914.0
SKU0017,2025-12-15,232,1541672.48,0,0,Decor,1701.0,0.0,27.0,914.0
SKU0017,2025-12-22,205,1362253.7,0,1,Decor,1476.0,0.0,27.0,914.0
SKU0018,2024-12-23,60,232351.8,0,0,Furnishings,1.0,1602.0,25.0,977.0
SKU0018,2024-12-30,66,232932.68,1,0,Furnishings,1.0,1602.0,25.0,977.0
SKU0018,2025-01-06,0,0.0,1,0,Furnishings,1.0,1602.0,25.0,977.0
SKU0018,2025-01-13,0,0.0,0,0,Furnishings,1.0,1602.0,25.0,977.0
SKU0018,2025-01-20,176,681565.28,0,1,Furnishings,1551.0,0.0,25.0,977.0
SKU0018,2025-01-27,309,1196611.77,0,0,Furnishings,1163.0,0.0,25.0,977.0
SKU0018,2025-02-03,274,1061073.22,0,0,Furnishings,865.0,1984.0,25.0,977.0
SKU0018,2025-02-10,287,1111416.1099999999,0,0,Furnishings,2589.0,0.0,25.0,977.0
SKU0018,2025-02-17,293,1134651.29,0,0,Furnishings,2296.0,0.0,25.0,977.0
SKU0018,2025-02-24,264,1022347.92,0,0,Furnishings,2013.0,0.0,25.0,977.0
SKU0018,2025-03-03,269,1041710.5700000001,0,0,Furnishings,1742.0,0.0,25.0,977.0
SKU0018,2025-03-10,332,1285679.96,0,0,Furnishings,1408.0,0.0,25.0,977.0
SKU0018,2025-03-17,315,1219846.95,0,0,Furnishings,1102.0,0.0,25.0,977.0
SKU0018,2025-03-24,322,1246954.66,0,0,Furnishings,1102.0,0.0,25.0,977.0
SKU0018,2025-03-31,270,1045583.1,0,0,Furnishings,665.0,1655.0,25.0,977.0
SKU0018,2025-04-07,306,1184994.18,0,0,Furnishings,2032.0,0.0,25.0,977.0
SKU0018,2025-04-14,338,1308915.14,0,0,Furnishings,1747.0,0.0,25.0,977.0
SKU0018,2025-04-21,304,1177249.12,0,0,Furnishings,1389.0,0.0,25.0,977.0
SKU0018,2025-04-28,327,1266317.31,0,0,Furnishings,975.0,2126.0,25.0,977.0
SKU0018,2025-05-05,263,1018475.39,0,0,Furnishings,691.0,2126.0,25.0,977.0
SKU0018,2025-05-12,288,1115288.6400000001,0,0,Furnishings,398.0,2126.0,25.0,977.0
SKU0018,2025-05-19,296,1146268.88,0,0,Furnishings,91.0,2126.0,25.0,977.0
SKU0018,2025-05-26,299,1157886.47,0,0,Furnishings,1836.0,0.0,25.0,977.0
SKU0018,2025-06-02,289,1119161.17,0,0,Furnishings,1547.0,0.0,25.0,977.0
SKU0018,2025-06-09,309,1167567.8,1,0,Furnishings,1238.0,0.0,25.0,977.0
SKU0018,2025-06-16,518,1718435.1800000002,1,0,Furnishings,2681.0,0.0,25.0,977.0
SKU0018,2025-06-23,316,1223719.48,0,0,Furnishings,2681.0,0.0,25.0,977.0
SKU0018,2025-06-30,231,894554.43,0,0,Furnishings,2278.0,0.0,25.0,977.0
SKU0018,2025-07-07,276,1068818.28,0,0,Furnishings,2029.0,0.0,25.0,977.0
SKU0018,2025-07-14,259,1002985.27,0,0,Furnishings,1766.0,0.0,25.0,977.0
SKU0018,2025-07-21,293,1134651.29,0,0,Furnishings,1495.0,0.0,25.0,977.0
SKU0018,2025-07-28,253,979750.0900000001,0,0,Furnishings,1125.0,0.0,25.0,977.0
SKU0018,2025-08-04,213,824848.89,0,0,Furnishings,912.0,2195.0,25.0,977.0
SKU0018,2025-08-11,277,1072690.81,0,1,Furnishings,2814.0,0.0,25.0,977.0
SKU0018,2025-08-18,251,972005.03,0,0,Furnishings,2561.0,0.0,25.0,977.0
SKU0018,2025-08-25,248,960387.44,0,0,Furnishings,2561.0,0.0,25.0,977.0
SKU0018,2025-09-01,248,960387.44,0,0,Furnishings,2215.0,0.0,25.0,977.0
SKU0018,2025-09-08,202,782251.0599999999,0,0,Furnishings,1975.0,0.0,25.0,977.0
SKU0018,2025-09-15,227,879064.31,0,0,Furnishings,1776.0,0.0,25.0,977.0
SKU0018,2025-09-22,254,983622.62,0,0,Furnishings,1554.0,0.0,25.0,977.0
SKU0018,2025-09-29,245,948769.85,0,1,Furnishings,1207.0,0.0,25.0,977.0
SKU0018,2025-10-06,220,851956.6,0,0,Furnishings,957.0,2178.0,25.0,977.0
SKU0018,2025-10-13,333,1130391.48,1,0,Furnishings,724.0,2178.0,25.0,977.0
SKU0018,2025-10-20,260,931924.35,1,0,Furnishings,363.0,2178.0,25.0,977.0
SKU0018,2025-10-27,238,921662.14,0,1,Furnishings,2254.0,0.0,25.0,977.0
SKU0018,2025-11-03,215,832593.95,0,0,Furnishings,1996.0,0.0,25.0,977.0
SKU0018,2025-11-10,257,995240.21,0,0,Furnishings,1759.0,0.0,25.0,977.0
SKU0018,2025-11-17,215,832593.9500000001,0,0,Furnishings,1544.0,0.0,25.0,977.0
SKU0018,2025-11-24,369,1230302.78,1,0,Furnishings,1544.0,0.0,25.0,977.0
SKU0018,2025-12-01,304,1136587.56,1,0,Furnishings,1085.0,0.0,25.0,977.0
SKU0018,2025-12-08,206,797741.1799999999,0,0,Furnishings,824.0,2260.0,25.0,977.0
SKU0018,2025-12-15,230,890681.8999999999,0,0,Furnishings,2869.0,0.0,25.0,977.0
SKU0018,2025-12-22,182,704800.46,0,1,Furnishings,2648.0,0.0,25.0,977.0
SKU0019,2024-12-09,5,21506.05,0,0,Furnishings,105.0,358.0,28.0,216.0
SKU0019,2024-12-16,42,180650.82,0,0,Furnishings,63.0,358.0,28.0,216.0
SKU0019,2024-12-23,52,223662.91999999998,0,1,Furnishings,63.0,358.0,28.0,216.0
SKU0019,2024-12-30,11,47313.31,1,0,Furnishings,0.0,358.0,28.0,216.0
SKU0019,2025-01-06,7,30108.47,1,0,Furnishings,0.0,358.0,28.0,216.0
SKU0019,2025-01-13,50,215060.5,0,0,Furnishings,324.0,0.0,28.0,216.0
SKU0019,2025-01-20,49,210759.29,0,1,Furnishings,275.0,0.0,28.0,216.0
SKU0019,2025-01-27,59,253771.39,0,0,Furnishings,201.0,398.0,28.0,216.0
SKU0019,2025-02-03,68,292482.28,0,0,Furnishings,532.0,0.0,28.0,216.0
SKU0019,2025-02-10,63,270976.23,0,0,Furnishings,464.0,0.0,28.0,216.0
SKU0019,2025-02-17,68,292482.28,0,0,Furnishings,398.0,0.0,28.0,216.0
SKU0019,2025-02-24,61,262373.81,0,0,Furnishings,337.0,0.0,28.0,216.0
SKU0019,2025-03-03,69,296783.49,0,0,Furnishings,269.0,0.0,28.0,216.0
SKU0019,2025-03-10,73,313988.33,0,0,Furnishings,198.0,400.0,28.0,216.0
SKU0019,2025-03-17,77,331193.17,0,0,Furnishings,122.0,400.0,28.0,216.0
SKU0019,2025-03-24,76,326891.96,0,0,Furnishings,122.0,400.0,28.0,216.0
SKU0019,2025-03-31,43,184952.03,0,0,Furnishings,16.0,400.0,28.0,216.0
SKU0019,2025-04-07,85,365602.85,0,0,Furnishings,366.0,0.0,28.0,216.0
SKU0019,2025-04-14,78,335494.38,0,0,Furnishings,283.0,0.0,28.0,216.0
SKU0019,2025-04-21,77,331193.17,0,0,Furnishings,205.0,479.0,28.0,216.0
SKU0019,2025-04-28,80,344096.8,0,0,Furnishings,102.0,479.0,28.0,216.0
SKU0019,2025-05-05,72,309687.12,0,0,Furnishings,505.0,0.0,28.0,216.0
SKU0019,2025-05-12,74,318289.54,0,0,Furnishings,426.0,0.0,28.0,216.0
SKU0019,2025-05-19,78,335494.38,0,0,Furnishings,355.0,0.0,28.0,216.0
SKU0019,2025-05-26,80,344096.8,0,0,Furnishings,248.0,0.0,28.0,216.0
SKU0019,2025-06-02,70,301084.7,0,0,Furnishings,178.0,381.0,28.0,216.0
SKU0019,2025-06-09,78,326461.83999999997,1,0,Furnishings,100.0,381.0,28.0,216.0
SKU0019,2025-06-16,100,365602.84,1,0,Furnishings,0.0,381.0,28.0,216.0
SKU0019,2025-06-23,6,25807.26,0,0,Furnishings,0.0,381.0,28.0,216.0
SKU0019,2025-06-30,61,262373.81,0,0,Furnishings,353.0,0.0,28.0,216.0
SKU0019,2025-07-07,61,262373.81,0,0,Furnishings,297.0,0.0,28.0,216.0
SKU0019,2025-07-14,68,292482.28,0,0,Furnishings,230.0,0.0,28.0,216.0
SKU0019,2025-07-21,62,266675.02,0,0,Furnishings,164.0,446.0,28.0,216.0
SKU0019,2025-07-28,61,262373.81,0,0,Furnishings,521.0,0.0,28.0,216.0
SKU0019,2025-08-04,53,227964.13,0,0,Furnishings,468.0,0.0,28.0,216.0
SKU0019,2025-08-11,52,223662.91999999998,0,1,Furnishings,411.0,0.0,28.0,216.0
SKU0019,2025-08-18,57,245168.97,0,0,Furnishings,355.0,0.0,28.0,216.0
SKU0019,2025-08-25,55,236566.55,0,0,Furnishings,355.0,0.0,28.0,216.0
SKU0019,2025-09-01,52,223662.91999999998,0,0,Furnishings,285.0,0.0,28.0,216.0
SKU0019,2025-09-08,49,210759.28999999998,0,0,Furnishings,231.0,0.0,28.0,216.0
SKU0019,2025-09-15,44,189253.24,0,0,Furnishings,184.0,336.0,28.0,216.0
SKU0019,2025-09-22,48,206458.08,0,0,Furnishings,472.0,0.0,28.0,216.0
SKU0019,2025-09-29,38,163445.98,0,1,Furnishings,408.0,0.0,28.0,216.0
SKU0019,2025-10-06,46,197855.66,0,0,Furnishings,371.0,0.0,28.0,216.0
SKU0019,2025-10-13,73,277212.99,1,0,Furnishings,311.0,0.0,28.0,216.0
SKU0019,2025-10-20,63,252265.97,1,0,Furnishings,238.0,0.0,28.0,216.0
SKU0019,2025-10-27,49,210759.29,0,1,Furnishings,169.0,327.0,28.0,216.0
SKU0019,2025-11-03,57,245168.97,0,0,Furnishings,112.0,327.0,28.0,216.0
SKU0019,2025-11-10,52,223662.92,0,0,Furnishings,389.0,0.0,28.0,216.0
SKU0019,2025-11-17,55,236566.55,0,0,Furnishings,334.0,0.0,28.0,216.0
SKU0019,2025-11-24,91,337860.05,1,0,Furnishings,334.0,0.0,28.0,216.0
SKU0019,2025-12-01,72,298719.03,1,0,Furnishings,219.0,0.0,28.0,216.0
SKU0019,2025-12-08,61,262373.81,0,0,Furnishings,154.0,429.0,28.0,216.0
SKU0019,2025-12-15,63,270976.23,0,0,Furnishings,522.0,0.0,28.0,216.0
SKU0019,2025-12-22,61,262373.81,0,1,Furnishings,462.0,0.0,28.0,216.0
SKU0020,2024-06-24,53,49039.84,0,0,Decor,58.0,1320.0,21.0,645.0
SKU0020,2024-07-01,85,78648.8,0,0,Decor,58.0,1320.0,21.0,645.0
SKU0020,2024-07-08,0,0.0,0,0,Decor,0.0,1320.0,21.0,645.0
SKU0020,2024-07-15,22,20356.16,0,0,Decor,0.0,1320.0,21.0,645.0
SKU0020,2024-07-22,226,209113.28,0,0,Decor,1263.0,0.0,21.0,645.0
SKU0020,2024-07-29,220,203561.6,0,0,Decor,932.0,0.0,21.0,645.0
SKU0020,2024-08-05,198,183205.44,0,0,Decor,724.0,0.0,21.0,645.0
SKU0020,2024-08-12,194,179504.32,0,1,Decor,533.0,1492.0,21.0,645.0
SKU0020,2024-08-19,199,184130.72,0,0,Decor,314.0,1492.0,21.0,645.0
SKU0020,2024-08-26,190,175803.2,0,0,Decor,1562.0,0.0,21.0,645.0
SKU0020,2024-09-02,192,177653.76,0,0,Decor,1370.0,0.0,21.0,645.0
SKU0020,2024-09-09,189,174877.91999999998,0,0,Decor,1181.0,0.0,21.0,645.0
SKU0020,2024-09-16,216,199860.48,0,0,Decor,965.0,0.0,21.0,645.0
SKU0020,2024-09-23,208,192458.24,0,0,Decor,965.0,0.0,21.0,645.0
SKU0020,2024-09-30,189,174877.91999999998,0,1,Decor,696.0,0.0,21.0,645.0
SKU0020,2024-10-07,218,201711.04,0,0,Decor,498.0,1158.0,21.0,645.0
SKU0020,2024-10-14,317,253758.05,1,0,Decor,1425.0,0.0,21.0,645.0
SKU0020,2024-10-21,231,205412.16,1,0,Decor,1108.0,0.0,21.0,645.0
SKU0020,2024-10-28,177,163774.56,0,1,Decor,829.0,0.0,21.0,645.0
SKU0020,2024-11-04,180,166550.4,0,0,Decor,647.0,0.0,21.0,645.0
SKU0020,2024-11-11,244,225768.32,0,0,Decor,421.0,1544.0,21.0,645.0
SKU0020,2024-11-18,202,186906.56,0,0,Decor,201.0,1544.0,21.0,645.0
SKU0020,2024-11-25,368,289427.58,1,0,Decor,1334.0,0.0,21.0,645.0
SKU0020,2024-12-02,192,177653.76,0,0,Decor,1142.0,0.0,21.0,645.0
SKU0020,2024-12-09,202,186906.56,0,0,Decor,940.0,0.0,21.0,645.0
SKU0020,2024-12-16,215,198935.2,0,0,Decor,725.0,0.0,21.0,645.0
SKU0020,2024-12-23,222,205412.16,0,1,Decor,725.0,0.0,21.0,645.0
SKU0020,2024-12-30,331,267822.29000000004,1,0,Decor,387.0,1590.0,21.0,645.0
SKU0020,2025-01-06,310,267128.34,1,0,Decor,1590.0,0.0,21.0,645.0
SKU0020,2025-01-13,245,226693.6,0,0,Decor,1325.0,0.0,21.0,645.0
SKU0020,2025-01-20,236,218366.08000000002,0,1,Decor,1100.0,0.0,21.0,645.0
SKU0020,2025-01-27,233,215590.24,0,0,Decor,767.0,0.0,21.0,645.0
SKU0020,2025-02-03,233,215590.24,0,0,Decor,541.0,1014.0,21.0,645.0
SKU0020,2025-02-10,241,222992.48,0,0,Decor,1310.0,0.0,21.0,645.0
SKU0020,2025-02-17,238,220216.64,0,0,Decor,1070.0,0.0,21.0,645.0
SKU0020,2025-02-24,252,233170.56,0,0,Decor,820.0,0.0,21.0,645.0
SKU0020,2025-03-03,274,253526.72,0,0,Decor,1865.0,0.0,21.0,645.0
SKU0020,2025-03-10,273,252601.44,0,0,Decor,1582.0,0.0,21.0,645.0
SKU0020,2025-03-17,272,251676.16,0,0,Decor,1325.0,0.0,21.0,645.0
SKU0020,2025-03-24,270,249825.6,0,0,Decor,1325.0,0.0,21.0,645.0
SKU0020,2025-03-31,273,252601.44,0,0,Decor,923.0,0.0,21.0,645.0
SKU0020,2025-04-07,268,247975.04,0,0,Decor,661.0,0.0,21.0,645.0
SKU0020,2025-04-14,230,212814.4,0,0,Decor,405.0,1370.0,21.0,645.0
SKU0020,2025-04-21,260,240572.8,0,0,Decor,1532.0,0.0,21.0,645.0
SKU0020,2025-04-28,271,250750.88,0,0,Decor,1193.0,0.0,21.0,645.0
SKU0020,2025-05-05,244,225768.32,0,0,Decor,928.0,0.0,21.0,645.0
SKU0020,2025-05-12,278,257227.84,0,0,Decor,683.0,0.0,21.0,645.0
SKU0020,2025-05-19,270,249825.6,0,0,Decor,390.0,1434.0,21.0,645.0
SKU0020,2025-05-26,258,238722.24,0,0,Decor,1466.0,0.0,21.0,645.0
SKU0020,2025-06-02,261,241498.08000000002,0,0,Decor,1205.0,0.0,21.0,645.0
SKU0020,2025-06-09,274,247003.5,1,0,Decor,931.0,0.0,21.0,645.0
SKU0020,2025-06-16,429,341705.89,1,0,Decor,1536.0,0.0,21.0,645.0
SKU0020,2025-06-23,239,221141.92,0,0,Decor,1536.0,0.0,21.0,645.0
SKU0020,2025-06-30,231,213739.68000000002,0,0,Decor,1227.0,0.0,21.0,645.0
SKU0020,2025-07-07,214,198009.92,0,0,Decor,994.0,0.0,21.0,645.0
SKU0020,2025-07-14,252,233170.56,0,0,Decor,777.0,0.0,21.0,645.0
SKU0020,2025-07-21,222,205412.16,0,0,Decor,534.0,1612.0,21.0,645.0
SKU0020,2025-07-28,267,247049.76,0,0,Decor,181.0,1612.0,21.0,645.0
SKU0020,2025-08-04,221,204486.88,0,0,Decor,1550.0,0.0,21.0,645.0
SKU0020,2025-08-11,229,211889.12,0,1,Decor,1334.0,0.0,21.0,645.0
SKU0020,2025-08-18,233,215590.24,0,0,Decor,1103.0,0.0,21.0,645.0
SKU0020,2025-08-25,235,217440.8,0,0,Decor,1103.0,0.0,21.0,645.0
SKU0020,2025-09-01,210,194308.80000000002,0,0,Decor,775.0,0.0,21.0,645.0
SKU0020,2025-09-08,206,190607.68,0,0,Decor,558.0,1292.0,21.0,645.0
SKU0020,2025-09-15,239,221141.91999999998,0,0,Decor,1654.0,0.0,21.0,645.0
SKU0020,2025-09-22,208,192458.24,0,0,Decor,1403.0,0.0,21.0,645.0
SKU0020,2025-09-29,214,198009.91999999998,0,1,Decor,1139.0,0.0,21.0,645.0
SKU0020,2025-10-06,222,205412.16,0,0,Decor,915.0,0.0,21.0,645.0
SKU0020,2025-10-13,317,257366.63,1,0,Decor,676.0,0.0,21.0,645.0
SKU0020,2025-10-20,278,241127.97,1,0,Decor,327.0,1210.0,21.0,645.0
SKU0020,2025-10-27,220,203561.6,0,1,Decor,1221.0,0.0,21.0,645.0
SKU0020,2025-11-03,217,200785.76,0,0,Decor,1008.0,0.0,21.0,645.0
SKU0020,2025-11-10,203,187831.84,0,0,Decor,794.0,0.0,21.0,645.0
SKU0020,2025-11-17,208,192458.24,0,0,Decor,593.0,1319.0,21.0,645.0
SKU0020,2025-11-24,370,295025.52,1,0,Decor,593.0,1319.0,21.0,645.0
SKU0020,2025-12-01,219,192782.09,1,0,Decor,125.0,1319.0,21.0,645.0
SKU0020,2025-12-08,223,206337.44,0,0,Decor,1268.0,0.0,21.0,645.0
SKU0020,2025-12-15,236,218366.08000000002,0,0,Decor,1048.0,0.0,21.0,645.0
SKU0020,2025-12-22,256,236871.68000000002,0,1,Decor,801.0,0.0,21.0,645.0
SKU0021,2024-12-09,1,3609.96,0,0,Small Appliances,371.0,0.0,8.0,16.0
SKU0021,2024-12-16,9,32489.64,0,0,Small Appliances,362.0,0.0,8.0,16.0
SKU0021,2024-12-23,8,28879.68,0,1,Small Appliances,362.0,0.0,8.0,16.0
SKU0021,2024-12-30,19,59383.84,1,0,Small Appliances,348.0,0.0,8.0,16.0
SKU0021,2025-01-06,16,53968.9,1,0,Small Appliances,326.0,0.0,8.0,16.0
SKU0021,2025-01-13,14,50539.44,0,0,Small Appliances,312.0,0.0,8.0,16.0
SKU0021,2025-01-20,15,54149.4,0,1,Small Appliances,298.0,0.0,8.0,16.0
SKU0021,2025-01-27,14,50539.44,0,0,Small Appliances,278.0,0.0,8.0,16.0
SKU0021,2025-02-03,17,61369.32,0,0,Small Appliances,261.0,0.0,8.0,16.0
SKU0021,2025-02-10,20,72199.2,0,0,Small Appliances,242.0,0.0,8.0,16.0
SKU0021,2025-02-17,15,54149.399999999994,0,0,Small Appliances,226.0,0.0,8.0,16.0
SKU0021,2025-02-24,19,68589.23999999999,0,0,Small Appliances,208.0,0.0,8.0,16.0
SKU0021,2025-03-03,20,72199.2,0,0,Small Appliances,187.0,0.0,8.0,16.0
SKU0021,2025-03-10,21,75809.16,0,0,Small Appliances,166.0,0.0,8.0,16.0
SKU0021,2025-03-17,18,64979.28,0,0,Small Appliances,148.0,0.0,8.0,16.0
SKU0021,2025-03-24,20,72199.2,0,0,Small Appliances,148.0,0.0,8.0,16.0
SKU0021,2025-03-31,22,79419.12,0,0,Small Appliances,119.0,0.0,8.0,16.0
SKU0021,2025-04-07,20,72199.2,0,0,Small Appliances,97.0,0.0,8.0,16.0
SKU0021,2025-04-14,17,61369.32,0,0,Small Appliances,79.0,0.0,8.0,16.0
SKU0021,2025-04-21,16,57759.36,0,0,Small Appliances,61.0,0.0,8.0,16.0
SKU0021,2025-04-28,20,72199.2,0,0,Small Appliances,38.0,0.0,8.0,16.0
SKU0021,2025-05-05,19,68589.23999999999,0,0,Small Appliances,19.0,0.0,8.0,16.0
SKU0021,2025-05-12,16,57759.36,0,0,Small Appliances,1.0,27.0,8.0,16.0
SKU0021,2025-05-19,19,68589.23999999999,0,0,Small Appliances,10.0,31.0,8.0,16.0
SKU0021,2025-05-26,19,68589.24,0,0,Small Appliances,16.0,29.0,8.0,16.0
SKU0021,2025-06-02,14,50539.44,0,0,Small Appliances,2.0,29.0,8.0,16.0
SKU0021,2025-06-09,18,62813.3,1,0,Small Appliances,13.0,36.0,8.0,16.0
SKU0021,2025-06-16,27,83931.57,1,0,Small Appliances,22.0,0.0,8.0,16.0
SKU0021,2025-06-23,15,54149.399999999994,0,0,Small Appliances,22.0,0.0,8.0,16.0
SKU0021,2025-06-30,11,39709.56,0,0,Small Appliances,2.0,26.0,8.0,16.0
SKU0021,2025-07-07,14,50539.44,0,0,Small Appliances,18.0,0.0,8.0,16.0
SKU0021,2025-07-14,13,46929.48,0,0,Small Appliances,32.0,0.0,8.0,16.0
SKU0021,2025-07-21,12,43319.520000000004,0,0,Small Appliances,20.0,0.0,8.0,16.0
SKU0021,2025-07-28,15,54149.4,0,0,Small Appliances,30.0,0.0,8.0,16.0
SKU0021,2025-08-04,10,36099.6,0,0,Small Appliances,18.0,0.0,8.0,16.0
SKU0021,2025-08-11,11,39709.56,0,1,Small Appliances,32.0,0.0,8.0,16.0
SKU0021,2025-08-18,10,36099.6,0,0,Small Appliances,23.0,0.0,8.0,16.0
SKU0021,2025-08-25,12,43319.52,0,0,Small Appliances,23.0,0.0,8.0,16.0
SKU0021,2025-09-01,9,32489.64,0,0,Small Appliances,37.0,0.0,8.0,16.0
SKU0021,2025-09-08,7,25269.72,0,0,Small Appliances,27.0,0.0,8.0,16.0
SKU0021,2025-09-15,10,36099.6,0,0,Small Appliances,20.0,0.0,8.0,16.0
SKU0021,2025-09-22,8,28879.68,0,0,Small Appliances,40.0,0.0,8.0,16.0
SKU0021,2025-09-29,11,39709.56,0,1,Small Appliances,29.0,0.0,8.0,16.0
SKU0021,2025-10-06,9,32489.64,0,0,Small Appliances,17.0,0.0,8.0,16.0
SKU0021,2025-10-13,13,41514.54,1,0,Small Appliances,32.0,0.0,8.0,16.0
SKU0021,2025-10-20,11,36460.6,1,0,Small Appliances,19.0,0.0,8.0,16.0
SKU0021,2025-10-27,6,21659.760000000002,0,1,Small Appliances,43.0,0.0,8.0,16.0
SKU0021,2025-11-03,9,32489.64,0,0,Small Appliances,34.0,0.0,8.0,16.0
SKU0021,2025-11-10,12,43319.520000000004,0,0,Small Appliances,22.0,0.0,8.0,16.0
SKU0021,2025-11-17,13,46929.479999999996,0,0,Small Appliances,10.0,29.0,8.0,16.0
SKU0021,2025-11-24,14,43500.020000000004,1,0,Small Appliances,10.0,29.0,8.0,16.0
SKU0021,2025-12-01,9,31406.65,1,0,Small Appliances,21.0,0.0,8.0,16.0
SKU0021,2025-12-08,11,39709.56,0,0,Small Appliances,13.0,29.0,8.0,16.0
SKU0021,2025-12-15,12,43319.52,0,0,Small Appliances,30.0,0.0,8.0,16.0
SKU0021,2025-12-22,12,43319.52,0,1,Small Appliances,18.0,0.0,8.0,16.0
SKU0022,2024-08-12,150,343369.5,0,1,Decor,114.0,717.0,17.0,440.0
SKU0022,2024-08-19,66,151082.58,0,0,Decor,0.0,717.0,17.0,440.0
SKU0022,2024-08-26,59,135058.66999999998,0,0,Decor,658.0,0.0,17.0,440.0
SKU0022,2024-09-02,109,249515.17,0,0,Decor,549.0,0.0,17.0,440.0
SKU0022,2024-09-09,147,336502.11,0,0,Decor,1271.0,0.0,17.0,440.0
SKU0022,2024-09-16,107,244936.91,0,0,Decor,1164.0,0.0,17.0,440.0
SKU0022,2024-09-23,102,233491.26,0,0,Decor,1164.0,0.0,17.0,440.0
SKU0022,2024-09-30,154,352526.02,0,1,Decor,1021.0,0.0,17.0,440.0
SKU0022,2024-10-07,99,226623.87,0,0,Decor,886.0,0.0,17.0,440.0
SKU0022,2024-10-14,182,357562.11,1,0,Decor,763.0,0.0,17.0,440.0
SKU0022,2024-10-21,103,225822.66999999998,1,0,Decor,589.0,0.0,17.0,440.0
SKU0022,2024-10-28,111,254093.43,0,1,Decor,430.0,692.0,17.0,440.0
SKU0022,2024-11-04,107,244936.91,0,0,Decor,1028.0,0.0,17.0,440.0
SKU0022,2024-11-11,117,267828.20999999996,0,0,Decor,913.0,0.0,17.0,440.0
SKU0022,2024-11-18,119,272406.47,0,0,Decor,794.0,0.0,17.0,440.0
SKU0022,2024-11-25,275,535084.14,1,0,Decor,487.0,0.0,17.0,440.0
SKU0022,2024-12-02,163,373128.19,0,0,Decor,324.0,1024.0,17.0,440.0
SKU0022,2024-12-09,151,345658.63,0,0,Decor,1197.0,0.0,17.0,440.0
SKU0022,2024-12-16,167,382284.70999999996,0,0,Decor,1030.0,0.0,17.0,440.0
SKU0022,2024-12-23,141,322767.32999999996,0,1,Decor,1030.0,0.0,17.0,440.0
SKU0022,2024-12-30,301,602842.39,1,0,Decor,767.0,0.0,17.0,440.0
SKU0022,2025-01-06,234,500289.36,1,0,Decor,451.0,0.0,17.0,440.0
SKU0022,2025-01-13,190,434934.69999999995,0,0,Decor,1325.0,0.0,17.0,440.0
SKU0022,2025-01-20,193,441802.09,0,1,Decor,1138.0,0.0,17.0,440.0
SKU0022,2025-01-27,232,531078.16,0,0,Decor,839.0,0.0,17.0,440.0
SKU0022,2025-02-03,235,537945.55,0,0,Decor,594.0,0.0,17.0,440.0
SKU0022,2025-02-10,219,501319.47000000003,0,0,Decor,1406.0,0.0,17.0,440.0
SKU0022,2025-02-17,249,569993.37,0,0,Decor,1161.0,0.0,17.0,440.0
SKU0022,2025-02-24,275,629510.75,0,0,Decor,896.0,0.0,17.0,440.0
SKU0022,2025-03-03,289,661558.5700000001,0,0,Decor,608.0,0.0,17.0,440.0
SKU0022,2025-03-10,265,606619.45,0,0,Decor,340.0,774.0,17.0,440.0
SKU0022,2025-03-17,275,629510.75,0,0,Decor,842.0,0.0,17.0,440.0
SKU0022,2025-03-24,270,618065.1,0,0,Decor,842.0,0.0,17.0,440.0
SKU0022,2025-03-31,267,611197.71,0,0,Decor,450.0,0.0,17.0,440.0
SKU0022,2025-04-07,233,533367.29,0,0,Decor,1126.0,0.0,17.0,440.0
SKU0022,2025-04-14,267,611197.71,0,0,Decor,851.0,0.0,17.0,440.0
SKU0022,2025-04-21,292,668425.96,0,0,Decor,594.0,0.0,17.0,440.0
SKU0022,2025-04-28,260,595173.8,0,0,Decor,226.0,721.0,17.0,440.0
SKU0022,2025-05-05,137,313610.81,0,0,Decor,0.0,721.0,17.0,440.0
SKU0022,2025-05-12,266,608908.58,0,0,Decor,538.0,0.0,17.0,440.0
SKU0022,2025-05-19,274,627221.62,0,0,Decor,256.0,757.0,17.0,440.0
SKU0022,2025-05-26,251,574571.63,0,0,Decor,688.0,0.0,17.0,440.0
SKU0022,2025-06-02,241,551680.33,0,0,Decor,447.0,0.0,17.0,440.0
SKU0022,2025-06-09,284,630540.86,1,0,Decor,1049.0,0.0,17.0,440.0
SKU0022,2025-06-16,418,823285.61,1,0,Decor,631.0,0.0,17.0,440.0
SKU0022,2025-06-23,242,553969.46,0,0,Decor,631.0,0.0,17.0,440.0
SKU0022,2025-06-30,200,457826.0,0,0,Decor,1242.0,0.0,17.0,440.0
SKU0022,2025-07-07,200,457826.0,0,0,Decor,1029.0,0.0,17.0,440.0
SKU0022,2025-07-14,226,517343.38,0,0,Decor,841.0,0.0,17.0,440.0
SKU0022,2025-07-21,226,517343.38,0,0,Decor,625.0,0.0,17.0,440.0
SKU0022,2025-07-28,187,428067.31,0,0,Decor,293.0,844.0,17.0,440.0
SKU0022,2025-08-04,143,327345.58999999997,0,0,Decor,1005.0,0.0,17.0,440.0
SKU0022,2025-08-11,162,370839.06,0,1,Decor,855.0,0.0,17.0,440.0
SKU0022,2025-08-18,164,375417.32,0,0,Decor,685.0,0.0,17.0,440.0
SKU0022,2025-08-25,185,423489.05,0,0,Decor,685.0,0.0,17.0,440.0
SKU0022,2025-09-01,96,219756.48,0,0,Decor,443.0,0.0,17.0,440.0
SKU0022,2025-09-08,175,400597.75,0,0,Decor,1269.0,0.0,17.0,440.0
SKU0022,2025-09-15,101,231202.13,0,0,Decor,1102.0,0.0,17.0,440.0
SKU0022,2025-09-22,132,302165.16,0,0,Decor,997.0,0.0,17.0,440.0
SKU0022,2025-09-29,143,327345.59,0,1,Decor,812.0,0.0,17.0,440.0
SKU0022,2025-10-06,99,226623.87,0,0,Decor,693.0,0.0,17.0,440.0
SKU0022,2025-10-13,168,340622.54,1,0,Decor,574.0,0.0,17.0,440.0
SKU0022,2025-10-20,142,302737.45,1,0,Decor,382.0,872.0,17.0,440.0
SKU0022,2025-10-27,156,357104.27999999997,0,1,Decor,1068.0,0.0,17.0,440.0
SKU0022,2025-11-03,149,341080.37,0,0,Decor,918.0,0.0,17.0,440.0
SKU0022,2025-11-10,124,283852.12,0,0,Decor,789.0,0.0,17.0,440.0
SKU0022,2025-11-17,148,338791.24,0,0,Decor,635.0,0.0,17.0,440.0
SKU0022,2025-11-24,209,413531.32999999996,1,0,Decor,635.0,0.0,17.0,440.0
SKU0022,2025-12-01,159,347489.93,1,0,Decor,1391.0,0.0,17.0,440.0
SKU0022,2025-12-08,139,318189.07,0,0,Decor,1252.0,0.0,17.0,440.0
SKU0022,2025-12-15,179,409754.27,0,0,Decor,1110.0,0.0,17.0,440.0
SKU0022,2025-12-22,183,418910.79,0,1,Decor,932.0,0.0,17.0,440.0
SKU0023,2024-04-08,64,217521.92,0,0,Decor,85.0,78.0,12.0,128.0
SKU0023,2024-04-15,99,336479.22,0,0,Decor,85.0,78.0,12.0,128.0
SKU0023,2024-04-22,79,268503.62,0,0,Decor,1.0,78.0,12.0,128.0
SKU0023,2024-04-29,0,0.0,0,0,Decor,0.0,96.0,12.0,128.0
SKU0023,2024-05-06,96,326282.88,0,0,Decor,35.0,0.0,12.0,128.0
SKU0023,2024-05-13,20,67975.6,0,0,Decor,0.0,85.0,12.0,128.0
SKU0023,2024-05-20,64,217521.92,0,0,Decor,1.0,85.0,12.0,128.0
SKU0023,2024-05-27,59,200528.02000000002,0,0,Decor,45.0,87.0,12.0,128.0
SKU0023,2024-06-03,26,88368.28,0,0,Decor,1.0,87.0,12.0,128.0
SKU0023,2024-06-10,88,285837.4,1,0,Decor,14.0,65.0,12.0,128.0
SKU0023,2024-06-17,15,50981.7,1,0,Decor,65.0,100.0,12.0,128.0
SKU0023,2024-06-24,49,166540.22,0,0,Decor,65.0,100.0,12.0,128.0
SKU0023,2024-07-01,18,61178.04000000001,0,0,Decor,1.0,100.0,12.0,128.0
SKU0023,2024-07-08,67,227718.26,0,0,Decor,76.0,79.0,12.0,128.0
SKU0023,2024-07-15,74,251509.72,0,0,Decor,1.0,79.0,12.0,128.0
SKU0023,2024-07-22,21,71374.38,0,0,Decor,15.0,77.0,12.0,128.0
SKU0023,2024-07-29,72,244712.16,0,0,Decor,27.0,96.0,12.0,128.0
SKU0023,2024-08-05,16,54380.48,0,0,Decor,1.0,96.0,12.0,128.0
SKU0023,2024-08-12,36,122356.08,0,1,Decor,57.0,84.0,12.0,128.0
SKU0023,2024-08-19,56,190331.68000000002,0,0,Decor,95.0,0.0,12.0,128.0
SKU0023,2024-08-26,68,231117.04,0,0,Decor,10.0,81.0,12.0,128.0
SKU0023,2024-09-02,38,129153.64000000001,0,0,Decor,52.0,66.0,12.0,128.0
SKU0023,2024-09-09,59,200528.02000000002,0,0,Decor,59.0,68.0,12.0,128.0
SKU0023,2024-09-16,55,186932.90000000002,0,0,Decor,4.0,68.0,12.0,128.0
SKU0023,2024-09-23,27,91767.06,0,0,Decor,4.0,68.0,12.0,128.0
SKU0023,2024-09-30,43,146147.54,0,1,Decor,27.0,94.0,12.0,128.0
SKU0023,2024-10-07,25,84969.5,0,0,Decor,95.0,60.0,12.0,128.0
SKU0023,2024-10-14,71,207155.64,1,0,Decor,56.0,60.0,12.0,128.0
SKU0023,2024-10-21,48,159062.9,1,0,Decor,44.0,95.0,12.0,128.0
SKU0023,2024-10-28,21,71374.38,0,1,Decor,95.0,0.0,12.0,128.0
SKU0023,2024-11-04,37,125754.86000000002,0,0,Decor,62.0,77.0,12.0,128.0
SKU0023,2024-11-11,48,163141.44,0,0,Decor,88.0,70.0,12.0,128.0
SKU0023,2024-11-18,55,186932.9,0,0,Decor,33.0,70.0,12.0,128.0
SKU0023,2024-11-25,89,257117.7,1,0,Decor,4.0,98.0,12.0,128.0
SKU0023,2024-12-02,11,37386.58,0,0,Decor,91.0,0.0,12.0,128.0
SKU0023,2024-12-09,59,200528.02000000002,0,0,Decor,32.0,90.0,12.0,128.0
SKU0023,2024-12-16,52,176736.56,0,0,Decor,70.0,86.0,12.0,128.0
SKU0023,2024-12-23,50,169939.0,0,1,Decor,70.0,86.0,12.0,128.0
SKU0023,2024-12-30,105,313027.64,1,0,Decor,56.0,0.0,12.0,128.0
SKU0023,2025-01-06,0,0.0,1,0,Decor,1.0,87.0,12.0,128.0
SKU0023,2025-01-13,81,275301.18,0,0,Decor,41.0,0.0,12.0,128.0
SKU0023,2025-01-20,26,88368.28,0,1,Decor,0.0,71.0,12.0,128.0
SKU0023,2025-01-27,51,173337.78,0,0,Decor,1.0,92.0,12.0,128.0
SKU0023,2025-02-03,45,152945.1,0,0,Decor,55.0,102.0,12.0,128.0
SKU0023,2025-02-10,47,159742.66,0,0,Decor,1.0,102.0,12.0,128.0
SKU0023,2025-02-17,85,288896.3,0,0,Decor,26.0,53.0,12.0,128.0
SKU0023,2025-02-24,29,98564.62,0,0,Decor,53.0,0.0,12.0,128.0
SKU0023,2025-03-03,42,142748.76,0,0,Decor,0.0,70.0,12.0,128.0
SKU0023,2025-03-10,32,108760.96,0,0,Decor,47.0,76.0,12.0,128.0
SKU0023,2025-03-17,38,129153.64,0,0,Decor,0.0,76.0,12.0,128.0
SKU0023,2025-03-24,68,231117.04,0,0,Decor,0.0,76.0,12.0,128.0
SKU0023,2025-03-31,7,23791.46,0,0,Decor,1.0,94.0,12.0,128.0
SKU0023,2025-04-07,94,319485.32,0,0,Decor,64.0,0.0,12.0,128.0
SKU0023,2025-04-14,29,98564.62,0,0,Decor,1.0,69.0,12.0,128.0
SKU0023,2025-04-21,41,139349.98,0,0,Decor,12.0,52.0,12.0,128.0
SKU0023,2025-04-28,51,173337.78,0,0,Decor,34.0,98.0,12.0,128.0
SKU0023,2025-05-05,0,0.0,0,0,Decor,1.0,98.0,12.0,128.0
SKU0023,2025-05-12,83,282098.74,0,0,Decor,45.0,95.0,12.0,128.0
SKU0023,2025-05-19,27,91767.06,0,0,Decor,0.0,95.0,12.0,128.0
SKU0023,2025-05-26,83,282098.74,0,0,Decor,1.0,95.0,12.0,128.0
SKU0023,2025-06-02,30,101963.40000000001,0,0,Decor,66.0,0.0,12.0,128.0
SKU0023,2025-06-09,66,224319.48,1,0,Decor,0.0,72.0,12.0,128.0
SKU0023,2025-06-16,72,208005.34000000003,1,0,Decor,0.0,79.0,12.0,128.0
SKU0023,2025-06-23,0,0.0,0,0,Decor,0.0,79.0,12.0,128.0
SKU0023,2025-06-30,73,248110.94,0,0,Decor,56.0,98.0,12.0,128.0
SKU0023,2025-07-07,21,71374.38,0,0,Decor,1.0,98.0,12.0,128.0
SKU0023,2025-07-14,65,220920.7,0,0,Decor,62.0,90.0,12.0,128.0
SKU0023,2025-07-21,64,217521.92,0,0,Decor,1.0,90.0,12.0,128.0
SKU0023,2025-07-28,44,149546.32,0,0,Decor,1.0,73.0,12.0,128.0
SKU0023,2025-08-04,44,149546.32,0,0,Decor,38.0,74.0,12.0,128.0
SKU0023,2025-08-11,39,132552.42,0,1,Decor,1.0,74.0,12.0,128.0
SKU0023,2025-08-18,61,207325.58000000002,0,0,Decor,11.0,74.0,12.0,128.0
SKU0023,2025-08-25,29,98564.62,0,0,Decor,11.0,74.0,12.0,128.0
SKU0023,2025-09-01,46,156343.88,0,0,Decor,45.0,0.0,12.0,128.0
SKU0023,2025-09-08,29,98564.62,0,0,Decor,0.0,80.0,12.0,128.0
SKU0023,2025-09-15,43,146147.54,0,0,Decor,43.0,96.0,12.0,128.0
SKU0023,2025-09-22,34,115558.52,0,0,Decor,102.0,0.0,12.0,128.0
SKU0023,2025-09-29,33,112159.74,0,1,Decor,57.0,53.0,12.0,128.0
SKU0023,2025-10-06,35,118957.3,0,0,Decor,75.0,60.0,12.0,128.0
SKU0023,2025-10-13,62,182684.42,1,0,Decor,95.0,0.0,12.0,128.0
SKU0023,2025-10-20,44,138840.16,1,0,Decor,28.0,52.0,12.0,128.0
SKU0023,2025-10-27,39,132552.42,0,1,Decor,30.0,101.0,12.0,128.0
SKU0023,2025-11-03,28,95165.84000000001,0,0,Decor,101.0,83.0,12.0,128.0
SKU0023,2025-11-10,26,88368.28,0,0,Decor,75.0,83.0,12.0,128.0
SKU0023,2025-11-17,30,101963.40000000001,0,0,Decor,128.0,0.0,12.0,128.0
SKU0023,2025-11-24,56,161781.93,1,0,Decor,128.0,0.0,12.0,128.0
SKU0023,2025-12-01,44,146487.41999999998,1,0,Decor,63.0,87.0,12.0,128.0
SKU0023,2025-12-08,42,142748.76,0,0,Decor,108.0,98.0,12.0,128.0
SKU0023,2025-12-15,45,152945.1,0,0,Decor,161.0,0.0,12.0,128.0
SKU0023,2025-12-22,40,135951.2,0,1,Decor,116.0,87.0,12.0,128.0
SKU0024,2025-01-13,132,917136.0,0,0,Small Appliances,198.0,687.0,13.0,303.0
SKU0024,2025-01-20,118,819864.0,0,1,Small Appliances,36.0,687.0,13.0,303.0
SKU0024,2025-01-27,151,1049148.0,0,0,Small Appliances,559.0,0.0,13.0,303.0
SKU0024,2025-02-03,171,1188108.0,0,0,Small Appliances,376.0,0.0,13.0,303.0
SKU0024,2025-02-10,160,1111680.0,0,0,Small Appliances,230.0,649.0,13.0,303.0
SKU0024,2025-02-17,165,1146420.0,0,0,Small Appliances,712.0,0.0,13.0,303.0
SKU0024,2025-02-24,201,1396548.0,0,0,Small Appliances,512.0,0.0,13.0,303.0
SKU0024,2025-03-03,206,1431288.0,0,0,Small Appliances,302.0,546.0,13.0,303.0
SKU0024,2025-03-10,207,1438236.0,0,0,Small Appliances,103.0,546.0,13.0,303.0
SKU0024,2025-03-17,160,1111680.0,0,0,Small Appliances,490.0,0.0,13.0,303.0
SKU0024,2025-03-24,209,1452132.0,0,0,Small Appliances,490.0,0.0,13.0,303.0
SKU0024,2025-03-31,213,1479924.0,0,0,Small Appliances,185.0,721.0,13.0,303.0
SKU0024,2025-04-07,198,1375704.0,0,0,Small Appliances,700.0,0.0,13.0,303.0
SKU0024,2025-04-14,194,1347912.0,0,0,Small Appliances,498.0,0.0,13.0,303.0
SKU0024,2025-04-21,202,1403496.0,0,0,Small Appliances,305.0,0.0,13.0,303.0
SKU0024,2025-04-28,219,1521612.0,0,0,Small Appliances,780.0,0.0,13.0,303.0
SKU0024,2025-05-05,201,1396548.0,0,0,Small Appliances,575.0,0.0,13.0,303.0
SKU0024,2025-05-12,210,1459080.0,0,0,Small Appliances,365.0,0.0,13.0,303.0
SKU0024,2025-05-19,212,1472976.0,0,0,Small Appliances,168.0,653.0,13.0,303.0
SKU0024,2025-05-26,207,1438236.0,0,0,Small Appliances,523.0,0.0,13.0,303.0
SKU0024,2025-06-02,201,1396548.0,0,0,Small Appliances,322.0,0.0,13.0,303.0
SKU0024,2025-06-09,212,1413570.6,1,0,Small Appliances,110.0,578.0,13.0,303.0
SKU0024,2025-06-16,214,1283643.0,1,0,Small Appliances,474.0,0.0,13.0,303.0
SKU0024,2025-06-23,203,1410444.0,0,0,Small Appliances,474.0,0.0,13.0,303.0
SKU0024,2025-06-30,180,1250640.0,0,0,Small Appliances,221.0,734.0,13.0,303.0
SKU0024,2025-07-07,190,1320120.0,0,0,Small Appliances,782.0,0.0,13.0,303.0
SKU0024,2025-07-14,192,1334016.0,0,0,Small Appliances,583.0,0.0,13.0,303.0
SKU0024,2025-07-21,205,1424340.0,0,0,Small Appliances,381.0,0.0,13.0,303.0
SKU0024,2025-07-28,182,1264536.0,0,0,Small Appliances,694.0,0.0,13.0,303.0
SKU0024,2025-08-04,173,1202004.0,0,0,Small Appliances,526.0,0.0,13.0,303.0
SKU0024,2025-08-11,170,1181160.0,0,1,Small Appliances,345.0,0.0,13.0,303.0
SKU0024,2025-08-18,173,1202004.0,0,0,Small Appliances,176.0,653.0,13.0,303.0
SKU0024,2025-08-25,195,1354860.0,0,0,Small Appliances,176.0,653.0,13.0,303.0
SKU0024,2025-09-01,140,972720.0,0,0,Small Appliances,572.0,0.0,13.0,303.0
SKU0024,2025-09-08,156,1083888.0,0,0,Small Appliances,437.0,0.0,13.0,303.0
SKU0024,2025-09-15,142,986616.0,0,0,Small Appliances,261.0,742.0,13.0,303.0
SKU0024,2025-09-22,146,1014408.0,0,0,Small Appliances,874.0,0.0,13.0,303.0
SKU0024,2025-09-29,145,1007460.0,0,1,Small Appliances,677.0,0.0,13.0,303.0
SKU0024,2025-10-06,158,1097784.0,0,0,Small Appliances,531.0,0.0,13.0,303.0
SKU0024,2025-10-13,252,1540371.6,1,0,Small Appliances,349.0,0.0,13.0,303.0
SKU0024,2025-10-20,163,1050190.2,1,0,Small Appliances,90.0,513.0,13.0,303.0
SKU0024,2025-10-27,162,1125576.0,0,1,Small Appliances,403.0,0.0,13.0,303.0
SKU0024,2025-11-03,165,1146420.0,0,0,Small Appliances,245.0,601.0,13.0,303.0
SKU0024,2025-11-10,174,1208952.0,0,0,Small Appliances,666.0,0.0,13.0,303.0
SKU0024,2025-11-17,160,1111680.0,0,0,Small Appliances,500.0,0.0,13.0,303.0
SKU0024,2025-11-24,246,1470544.2,1,0,Small Appliances,500.0,0.0,13.0,303.0
SKU0024,2025-12-01,226,1511884.8,1,0,Small Appliances,183.0,712.0,13.0,303.0
SKU0024,2025-12-08,178,1236744.0,0,0,Small Appliances,692.0,0.0,13.0,303.0
SKU0024,2025-12-15,179,1243692.0,0,0,Small Appliances,518.0,0.0,13.0,303.0
SKU0024,2025-12-22,192,1334016.0,0,1,Small Appliances,334.0,0.0,13.0,303.0
SKU0025,2024-11-18,28,30404.079999999998,0,0,Decor,224.0,0.0,12.0,100.0
SKU0025,2024-11-25,82,75684.43,1,0,Decor,130.0,0.0,12.0,100.0
SKU0025,2024-12-02,49,53207.14,0,0,Decor,81.0,154.0,12.0,100.0
SKU0025,2024-12-09,47,51035.42,0,0,Decor,188.0,0.0,12.0,100.0
SKU0025,2024-12-16,51,55378.86,0,0,Decor,137.0,0.0,12.0,100.0
SKU0025,2024-12-23,42,45606.12,0,1,Decor,137.0,0.0,12.0,100.0
SKU0025,2024-12-30,79,75032.92,1,0,Decor,63.0,161.0,12.0,100.0
SKU0025,2025-01-06,52,54021.53,1,0,Decor,151.0,0.0,12.0,100.0
SKU0025,2025-01-13,56,60808.159999999996,0,0,Decor,95.0,193.0,12.0,100.0
SKU0025,2025-01-20,52,56464.72,0,1,Decor,235.0,0.0,12.0,100.0
SKU0025,2025-01-27,57,61894.02,0,0,Decor,159.0,0.0,12.0,100.0
SKU0025,2025-02-03,60,65151.6,0,0,Decor,101.0,0.0,12.0,100.0
SKU0025,2025-02-10,60,65151.6,0,0,Decor,248.0,0.0,12.0,100.0
SKU0025,2025-02-17,61,66237.45999999999,0,0,Decor,186.0,0.0,12.0,100.0
SKU0025,2025-02-24,65,70580.9,0,0,Decor,123.0,0.0,12.0,100.0
SKU0025,2025-03-03,69,74924.34,0,0,Decor,283.0,0.0,12.0,100.0
SKU0025,2025-03-10,65,70580.9,0,0,Decor,218.0,0.0,12.0,100.0
SKU0025,2025-03-17,65,70580.9,0,0,Decor,153.0,0.0,12.0,100.0
SKU0025,2025-03-24,65,70580.9,0,0,Decor,153.0,0.0,12.0,100.0
SKU0025,2025-03-31,63,68409.18,0,0,Decor,279.0,0.0,12.0,100.0
SKU0025,2025-04-07,67,72752.62,0,0,Decor,213.0,0.0,12.0,100.0
SKU0025,2025-04-14,68,73838.48,0,0,Decor,145.0,0.0,12.0,100.0
SKU0025,2025-04-21,73,79267.78,0,0,Decor,75.0,202.0,12.0,100.0
SKU0025,2025-04-28,64,69495.04,0,0,Decor,185.0,0.0,12.0,100.0
SKU0025,2025-05-05,62,67323.32,0,0,Decor,124.0,0.0,12.0,100.0
SKU0025,2025-05-12,60,65151.6,0,0,Decor,67.0,222.0,12.0,100.0
SKU0025,2025-05-19,67,72752.62,0,0,Decor,221.0,0.0,12.0,100.0
SKU0025,2025-05-26,72,78181.92,0,0,Decor,123.0,0.0,12.0,100.0
SKU0025,2025-06-02,56,60808.159999999996,0,0,Decor,67.0,189.0,12.0,100.0
SKU0025,2025-06-09,73,76498.84,1,0,Decor,183.0,0.0,12.0,100.0
SKU0025,2025-06-16,88,82525.36,1,0,Decor,95.0,169.0,12.0,100.0
SKU0025,2025-06-23,56,60808.16,0,0,Decor,95.0,169.0,12.0,100.0
SKU0025,2025-06-30,53,57550.58,0,0,Decor,193.0,0.0,12.0,100.0
SKU0025,2025-07-07,48,52121.28,0,0,Decor,142.0,0.0,12.0,100.0
SKU0025,2025-07-14,58,62979.880000000005,0,0,Decor,87.0,234.0,12.0,100.0
SKU0025,2025-07-21,45,48863.700000000004,0,0,Decor,268.0,0.0,12.0,100.0
SKU0025,2025-07-28,47,51035.42,0,0,Decor,200.0,0.0,12.0,100.0
SKU0025,2025-08-04,38,41262.68,0,0,Decor,159.0,0.0,12.0,100.0
SKU0025,2025-08-11,41,44520.26,0,1,Decor,114.0,0.0,12.0,100.0
SKU0025,2025-08-18,43,46691.979999999996,0,0,Decor,73.0,183.0,12.0,100.0
SKU0025,2025-08-25,47,51035.42,0,0,Decor,73.0,183.0,12.0,100.0
SKU0025,2025-09-01,36,39090.96,0,0,Decor,194.0,0.0,12.0,100.0
SKU0025,2025-09-08,38,41262.68,0,0,Decor,156.0,0.0,12.0,100.0
SKU0025,2025-09-15,41,44520.26,0,0,Decor,118.0,0.0,12.0,100.0
SKU0025,2025-09-22,39,42348.54,0,0,Decor,78.0,182.0,12.0,100.0
SKU0025,2025-09-29,37,40176.82,0,1,Decor,206.0,0.0,12.0,100.0
SKU0025,2025-10-06,32,34747.52,0,0,Decor,174.0,0.0,12.0,100.0
SKU0025,2025-10-13,58,55650.33,1,0,Decor,130.0,0.0,12.0,100.0
SKU0025,2025-10-20,41,42077.08,1,0,Decor,264.0,0.0,12.0,100.0
SKU0025,2025-10-27,32,34747.52,0,1,Decor,216.0,0.0,12.0,100.0
SKU0025,2025-11-03,36,39090.96,0,0,Decor,179.0,0.0,12.0,100.0
SKU0025,2025-11-10,47,51035.42,0,0,Decor,136.0,0.0,12.0,100.0
SKU0025,2025-11-17,40,43434.4,0,0,Decor,94.0,217.0,12.0,100.0
SKU0025,2025-11-24,58,54184.42,1,0,Decor,94.0,217.0,12.0,100.0
SKU0025,2025-12-01,44,45986.17,1,0,Decor,237.0,0.0,12.0,100.0
SKU0025,2025-12-08,41,44520.26,0,0,Decor,197.0,0.0,12.0,100.0
SKU0025,2025-12-15,38,41262.68,0,0,Decor,157.0,0.0,12.0,100.0
SKU0025,2025-12-22,42,45606.12,0,1,Decor,120.0,0.0,12.0,100.0
SKU0026,2024-06-10,37,45041.21,1,0,Decor,125.0,0.0,13.0,90.0
SKU0026,2024-06-17,68,79610.84,1,0,Decor,51.0,201.0,13.0,90.0
SKU0026,2024-06-24,45,60412.950000000004,0,0,Decor,51.0,201.0,13.0,90.0
SKU0026,2024-07-01,43,57727.93,0,0,Decor,196.0,0.0,13.0,90.0
SKU0026,2024-07-08,37,49672.87,0,0,Decor,155.0,0.0,13.0,90.0
SKU0026,2024-07-15,32,42960.32,0,0,Decor,120.0,0.0,13.0,90.0
SKU0026,2024-07-22,42,56385.420000000006,0,0,Decor,81.0,157.0,13.0,90.0
SKU0026,2024-07-29,37,49672.87,0,0,Decor,24.0,157.0,13.0,90.0
SKU0026,2024-08-05,38,51015.380000000005,0,0,Decor,146.0,0.0,13.0,90.0
SKU0026,2024-08-12,42,56385.420000000006,0,1,Decor,107.0,0.0,13.0,90.0
SKU0026,2024-08-19,38,51015.380000000005,0,0,Decor,69.0,159.0,13.0,90.0
SKU0026,2024-08-26,29,38932.79,0,0,Decor,181.0,0.0,13.0,90.0
SKU0026,2024-09-02,33,44302.83,0,0,Decor,148.0,0.0,13.0,90.0
SKU0026,2024-09-09,29,38932.79,0,0,Decor,119.0,0.0,13.0,90.0
SKU0026,2024-09-16,37,49672.869999999995,0,0,Decor,82.0,162.0,13.0,90.0
SKU0026,2024-09-23,28,37590.28,0,0,Decor,82.0,162.0,13.0,90.0
SKU0026,2024-09-30,40,53700.4,0,1,Decor,204.0,0.0,13.0,90.0
SKU0026,2024-10-07,26,34905.26,0,0,Decor,169.0,0.0,13.0,90.0
SKU0026,2024-10-14,56,64507.61,1,0,Decor,139.0,0.0,13.0,90.0
SKU0026,2024-10-21,34,44437.08,1,0,Decor,82.0,203.0,13.0,90.0
SKU0026,2024-10-28,37,49672.87,0,1,Decor,32.0,203.0,13.0,90.0
SKU0026,2024-11-04,33,44302.83,0,0,Decor,201.0,0.0,13.0,90.0
SKU0026,2024-11-11,30,40275.3,0,0,Decor,175.0,0.0,13.0,90.0
SKU0026,2024-11-18,29,38932.79,0,0,Decor,141.0,0.0,13.0,90.0
SKU0026,2024-11-25,63,71891.38,1,0,Decor,71.0,209.0,13.0,90.0
SKU0026,2024-12-02,40,53700.4,0,0,Decor,31.0,209.0,13.0,90.0
SKU0026,2024-12-09,33,44302.83,0,0,Decor,206.0,0.0,13.0,90.0
SKU0026,2024-12-16,36,48330.36,0,0,Decor,170.0,0.0,13.0,90.0
SKU0026,2024-12-23,33,44302.83,0,1,Decor,170.0,0.0,13.0,90.0
SKU0026,2024-12-30,55,64977.47,1,0,Decor,117.0,0.0,13.0,90.0
SKU0026,2025-01-06,54,67863.88,1,0,Decor,227.0,0.0,13.0,90.0
SKU0026,2025-01-13,42,56385.42,0,0,Decor,184.0,0.0,13.0,90.0
SKU0026,2025-01-20,45,60412.950000000004,0,1,Decor,139.0,0.0,13.0,90.0
SKU0026,2025-01-27,38,51015.380000000005,0,0,Decor,81.0,135.0,13.0,90.0
SKU0026,2025-02-03,48,64440.48,0,0,Decor,171.0,0.0,13.0,90.0
SKU0026,2025-02-10,45,60412.95,0,0,Decor,123.0,0.0,13.0,90.0
SKU0026,2025-02-17,41,55042.91,0,0,Decor,80.0,207.0,13.0,90.0
SKU0026,2025-02-24,45,60412.950000000004,0,0,Decor,244.0,0.0,13.0,90.0
SKU0026,2025-03-03,47,63097.97,0,0,Decor,198.0,0.0,13.0,90.0
SKU0026,2025-03-10,47,63097.97,0,0,Decor,150.0,0.0,13.0,90.0
SKU0026,2025-03-17,48,64440.48,0,0,Decor,102.0,0.0,13.0,90.0
SKU0026,2025-03-24,45,60412.95,0,0,Decor,102.0,0.0,13.0,90.0
SKU0026,2025-03-31,56,75180.56,0,0,Decor,171.0,0.0,13.0,90.0
SKU0026,2025-04-07,46,61755.46,0,0,Decor,115.0,0.0,13.0,90.0
SKU0026,2025-04-14,49,65782.99,0,0,Decor,69.0,209.0,13.0,90.0
SKU0026,2025-04-21,52,69810.52,0,0,Decor,232.0,0.0,13.0,90.0
SKU0026,2025-04-28,43,57727.93,0,0,Decor,165.0,0.0,13.0,90.0
SKU0026,2025-05-05,48,64440.48,0,0,Decor,120.0,0.0,13.0,90.0
SKU0026,2025-05-12,50,67125.5,0,0,Decor,73.0,167.0,13.0,90.0
SKU0026,2025-05-19,51,68468.01,0,0,Decor,189.0,0.0,13.0,90.0
SKU0026,2025-05-26,56,75180.56,0,0,Decor,113.0,0.0,13.0,90.0
SKU0026,2025-06-02,53,71153.03,0,0,Decor,60.0,176.0,13.0,90.0
SKU0026,2025-06-09,42,55177.16,1,0,Decor,194.0,0.0,13.0,90.0
SKU0026,2025-06-16,76,88337.15,1,0,Decor,118.0,0.0,13.0,90.0
SKU0026,2025-06-23,47,63097.97,0,0,Decor,118.0,0.0,13.0,90.0
SKU0026,2025-06-30,43,57727.93,0,0,Decor,59.0,208.0,13.0,90.0
SKU0026,2025-07-07,44,59070.44,0,0,Decor,221.0,0.0,13.0,90.0
SKU0026,2025-07-14,33,44302.83,0,0,Decor,181.0,0.0,13.0,90.0
SKU0026,2025-07-21,41,55042.91,0,0,Decor,146.0,0.0,13.0,90.0
SKU0026,2025-07-28,42,56385.42,0,0,Decor,83.0,189.0,13.0,90.0
SKU0026,2025-08-04,36,48330.36,0,0,Decor,238.0,0.0,13.0,90.0
SKU0026,2025-08-11,32,42960.32,0,1,Decor,202.0,0.0,13.0,90.0
SKU0026,2025-08-18,39,52357.89,0,0,Decor,173.0,0.0,13.0,90.0
SKU0026,2025-08-25,39,52357.89,0,0,Decor,173.0,0.0,13.0,90.0
SKU0026,2025-09-01,32,42960.32,0,0,Decor,115.0,0.0,13.0,90.0
SKU0026,2025-09-08,41,55042.91,0,0,Decor,83.0,173.0,13.0,90.0
SKU0026,2025-09-15,38,51015.38,0,0,Decor,211.0,0.0,13.0,90.0
SKU0026,2025-09-22,25,33562.75,0,0,Decor,178.0,0.0,13.0,90.0
SKU0026,2025-09-29,34,45645.34,0,1,Decor,144.0,0.0,13.0,90.0
SKU0026,2025-10-06,33,44302.83,0,0,Decor,108.0,0.0,13.0,90.0
SKU0026,2025-10-13,51,60211.58,1,0,Decor,72.0,149.0,13.0,90.0
SKU0026,2025-10-20,41,51820.88,1,0,Decor,167.0,0.0,13.0,90.0
SKU0026,2025-10-27,30,40275.3,0,1,Decor,122.0,0.0,13.0,90.0
SKU0026,2025-11-03,26,34905.26,0,0,Decor,96.0,0.0,13.0,90.0
SKU0026,2025-11-10,37,49672.87,0,0,Decor,260.0,0.0,13.0,90.0
SKU0026,2025-11-17,34,45645.340000000004,0,0,Decor,223.0,0.0,13.0,90.0
SKU0026,2025-11-24,51,58801.93,1,0,Decor,223.0,0.0,13.0,90.0
SKU0026,2025-12-01,41,53230.52,1,0,Decor,159.0,0.0,13.0,90.0
SKU0026,2025-12-08,39,52357.89,0,0,Decor,124.0,0.0,13.0,90.0
SKU0026,2025-12-15,37,49672.87,0,0,Decor,83.0,155.0,13.0,90.0
SKU0026,2025-12-22,37,49672.87,0,1,Decor,45.0,155.0,13.0,90.0
SKU0027,2025-04-07,399,2154093.27,0,0,Furnishings,234.0,3370.0,24.0,957.0
SKU0027,2025-04-14,0,0.0,0,0,Furnishings,1.0,3370.0,24.0,957.0
SKU0027,2025-04-21,0,0.0,0,0,Furnishings,1.0,3370.0,24.0,957.0
SKU0027,2025-04-28,117,631651.41,0,0,Furnishings,3371.0,0.0,24.0,957.0
SKU0027,2025-05-05,393,2121700.89,0,0,Furnishings,2989.0,0.0,24.0,957.0
SKU0027,2025-05-12,367,1981333.91,0,0,Furnishings,2615.0,0.0,24.0,957.0
SKU0027,2025-05-19,374,2019125.02,0,0,Furnishings,2224.0,0.0,24.0,957.0
SKU0027,2025-05-26,406,2191884.38,0,0,Furnishings,1714.0,0.0,24.0,957.0
SKU0027,2025-06-02,328,1770783.44,0,0,Furnishings,1386.0,0.0,24.0,957.0
SKU0027,2025-06-09,392,2063664.54,1,0,Furnishings,994.0,0.0,24.0,957.0
SKU0027,2025-06-16,630,2916124.0,1,0,Furnishings,4899.0,0.0,24.0,957.0
SKU0027,2025-06-23,350,1889555.5,0,0,Furnishings,4899.0,0.0,24.0,957.0
SKU0027,2025-06-30,261,1409068.53,0,0,Furnishings,4456.0,0.0,24.0,957.0
SKU0027,2025-07-07,345,1862561.85,0,0,Furnishings,4174.0,0.0,24.0,957.0
SKU0027,2025-07-14,262,1414467.26,0,0,Furnishings,3849.0,0.0,24.0,957.0
SKU0027,2025-07-21,363,1959738.99,0,0,Furnishings,3561.0,0.0,24.0,957.0
SKU0027,2025-07-28,212,1144530.76,0,0,Furnishings,3134.0,0.0,24.0,957.0
SKU0027,2025-08-04,121,653246.33,0,0,Furnishings,3013.0,0.0,24.0,957.0
SKU0027,2025-08-11,228,1230910.44,0,1,Furnishings,2790.0,0.0,24.0,957.0
SKU0027,2025-08-18,178,960973.9400000001,0,0,Furnishings,2598.0,0.0,24.0,957.0
SKU0027,2025-08-25,208,1122935.84,0,0,Furnishings,2598.0,0.0,24.0,957.0
SKU0027,2025-09-01,152,820606.96,0,0,Furnishings,2355.0,0.0,24.0,957.0
SKU0027,2025-09-08,126,680239.98,0,0,Furnishings,2217.0,0.0,24.0,957.0
SKU0027,2025-09-15,118,637050.14,0,0,Furnishings,2075.0,0.0,24.0,957.0
SKU0027,2025-09-22,167,901587.91,0,0,Furnishings,1966.0,0.0,24.0,957.0
SKU0027,2025-09-29,155,836803.15,0,1,Furnishings,1715.0,0.0,24.0,957.0
SKU0027,2025-10-06,179,966372.6699999999,0,0,Furnishings,1552.0,0.0,24.0,957.0
SKU0027,2025-10-13,278,1352651.8,1,0,Furnishings,1335.0,0.0,24.0,957.0
SKU0027,2025-10-20,233,1172064.28,1,0,Furnishings,1054.0,0.0,24.0,957.0
SKU0027,2025-10-27,139,750423.47,0,1,Furnishings,835.0,4057.0,24.0,957.0
SKU0027,2025-11-03,172,928581.56,0,0,Furnishings,652.0,4057.0,24.0,957.0
SKU0027,2025-11-10,194,1047353.62,0,0,Furnishings,4519.0,0.0,24.0,957.0
SKU0027,2025-11-17,167,901587.9099999999,0,0,Furnishings,4388.0,0.0,24.0,957.0
SKU0027,2025-11-24,252,1166935.5,1,0,Furnishings,4388.0,0.0,24.0,957.0
SKU0027,2025-12-01,289,1520552.3,1,0,Furnishings,4047.0,0.0,24.0,957.0
SKU0027,2025-12-08,221,1193119.33,0,0,Furnishings,3778.0,0.0,24.0,957.0
SKU0027,2025-12-15,147,793613.31,0,0,Furnishings,3570.0,0.0,24.0,957.0
SKU0027,2025-12-22,196,1058151.08,0,1,Furnishings,3412.0,0.0,24.0,957.0
SKU0028,2025-04-21,168,959004.48,0,0,Furnishings,0.0,1245.0,21.0,825.0
SKU0028,2025-04-28,194,1107421.84,0,0,Furnishings,0.0,1245.0,21.0,825.0
SKU0028,2025-05-05,0,0.0,0,0,Furnishings,0.0,1245.0,21.0,825.0
SKU0028,2025-05-12,105,599377.8,0,0,Furnishings,1245.0,0.0,21.0,825.0
SKU0028,2025-05-19,327,1866633.72,0,0,Furnishings,922.0,0.0,21.0,825.0
SKU0028,2025-05-26,307,1752466.52,0,0,Furnishings,506.0,1911.0,21.0,825.0
SKU0028,2025-06-02,290,1655424.4,0,0,Furnishings,2128.0,0.0,21.0,825.0
SKU0028,2025-06-09,302,1686249.54,1,0,Furnishings,1826.0,0.0,21.0,825.0
SKU0028,2025-06-16,542,2656385.33,1,0,Furnishings,1284.0,0.0,21.0,825.0
SKU0028,2025-06-23,303,1729633.0799999998,0,0,Furnishings,1284.0,0.0,21.0,825.0
SKU0028,2025-06-30,298,1701091.28,0,0,Furnishings,893.0,0.0,21.0,825.0
SKU0028,2025-07-07,286,1632590.96,0,0,Furnishings,579.0,1740.0,21.0,825.0
SKU0028,2025-07-14,273,1558382.28,0,0,Furnishings,312.0,1740.0,21.0,825.0
SKU0028,2025-07-21,278,1586924.08,0,0,Furnishings,1782.0,0.0,21.0,825.0
SKU0028,2025-07-28,241,1375714.76,0,0,Furnishings,1388.0,0.0,21.0,825.0
SKU0028,2025-08-04,245,1398548.2,0,0,Furnishings,1154.0,0.0,21.0,825.0
SKU0028,2025-08-11,266,1518423.76,0,1,Furnishings,894.0,0.0,21.0,825.0
SKU0028,2025-08-18,246,1404256.56,0,0,Furnishings,656.0,1883.0,21.0,825.0
SKU0028,2025-08-25,263,1501298.6800000002,0,0,Furnishings,656.0,1883.0,21.0,825.0
SKU0028,2025-09-01,215,1227297.4,0,0,Furnishings,2168.0,0.0,21.0,825.0
SKU0028,2025-09-08,241,1375714.76,0,0,Furnishings,1951.0,0.0,21.0,825.0
SKU0028,2025-09-15,270,1541257.2,0,0,Furnishings,1718.0,0.0,21.0,825.0
SKU0028,2025-09-22,227,1295797.72,0,0,Furnishings,1446.0,0.0,21.0,825.0
SKU0028,2025-09-29,192,1096005.12,0,1,Furnishings,1161.0,0.0,21.0,825.0
SKU0028,2025-10-06,216,1233005.76,0,0,Furnishings,935.0,0.0,21.0,825.0
SKU0028,2025-10-13,322,1612897.1300000001,1,0,Furnishings,716.0,1268.0,21.0,825.0
SKU0028,2025-10-20,279,1477894.4,1,0,Furnishings,357.0,1268.0,21.0,825.0
SKU0028,2025-10-27,221,1261547.56,0,1,Furnishings,1319.0,0.0,21.0,825.0
SKU0028,2025-11-03,224,1278672.6400000001,0,0,Furnishings,1091.0,0.0,21.0,825.0
SKU0028,2025-11-10,243,1387131.48,0,0,Furnishings,853.0,0.0,21.0,825.0
SKU0028,2025-11-17,239,1364298.04,0,0,Furnishings,2125.0,0.0,21.0,825.0
SKU0028,2025-11-24,388,1910873.51,1,0,Furnishings,2125.0,0.0,21.0,825.0
SKU0028,2025-12-01,308,1705943.39,1,0,Furnishings,1641.0,0.0,21.0,825.0
SKU0028,2025-12-08,255,1455631.8,0,0,Furnishings,1346.0,0.0,21.0,825.0
SKU0028,2025-12-15,286,1632590.96,0,0,Furnishings,1090.0,0.0,21.0,825.0
SKU0028,2025-12-22,268,1529840.48,0,1,Furnishings,815.0,1751.0,21.0,825.0
SKU0029,2024-09-02,18,174043.08,0,0,Decor,228.0,0.0,8.0,30.0
SKU0029,2024-09-09,19,183712.13999999998,0,0,Decor,209.0,0.0,8.0,30.0
SKU0029,2024-09-16,21,203050.26,0,0,Decor,188.0,0.0,8.0,30.0
SKU0029,2024-09-23,19,183712.13999999998,0,0,Decor,188.0,0.0,8.0,30.0
SKU0029,2024-09-30,17,164374.02,0,1,Decor,163.0,0.0,8.0,30.0
SKU0029,2024-10-07,16,154704.96,0,0,Decor,148.0,0.0,8.0,30.0
SKU0029,2024-10-14,29,241243.04,1,0,Decor,128.0,0.0,8.0,30.0
SKU0029,2024-10-21,18,168241.64,1,0,Decor,101.0,0.0,8.0,30.0
SKU0029,2024-10-28,16,154704.96,0,1,Decor,78.0,0.0,8.0,30.0
SKU0029,2024-11-04,18,174043.08,0,0,Decor,59.0,0.0,8.0,30.0
SKU0029,2024-11-11,20,193381.19999999998,0,0,Decor,39.0,0.0,8.0,30.0
SKU0029,2024-11-18,19,183712.13999999998,0,0,Decor,22.0,18.0,8.0,30.0
SKU0029,2024-11-25,22,180811.4,1,0,Decor,12.0,0.0,8.0,30.0
SKU0029,2024-12-02,12,116028.72,0,0,Decor,0.0,23.0,8.0,30.0
SKU0029,2024-12-09,0,0.0,0,0,Decor,23.0,18.0,8.0,30.0
SKU0029,2024-12-16,19,183712.14,0,0,Decor,4.0,18.0,8.0,30.0
SKU0029,2024-12-23,18,174043.08000000002,0,1,Decor,4.0,18.0,8.0,30.0
SKU0029,2024-12-30,22,186612.85,1,0,Decor,13.0,0.0,8.0,30.0
SKU0029,2025-01-06,9,87021.54,1,0,Decor,23.0,0.0,8.0,30.0
SKU0029,2025-01-13,19,183712.14,0,0,Decor,5.0,24.0,8.0,30.0
SKU0029,2025-01-20,18,174043.08,0,1,Decor,10.0,20.0,8.0,30.0
SKU0029,2025-01-27,21,203050.26,0,0,Decor,17.0,0.0,8.0,30.0
SKU0029,2025-02-03,13,125697.78,0,0,Decor,1.0,15.0,8.0,30.0
SKU0029,2025-02-10,15,145035.9,0,0,Decor,1.0,19.0,8.0,30.0
SKU0029,2025-02-17,19,183712.13999999998,0,0,Decor,3.0,20.0,8.0,30.0
SKU0029,2025-02-24,12,116028.72,0,0,Decor,12.0,20.0,8.0,30.0
SKU0029,2025-03-03,18,174043.08,0,0,Decor,13.0,18.0,8.0,30.0
SKU0029,2025-03-10,18,174043.08,0,0,Decor,13.0,0.0,8.0,30.0
SKU0029,2025-03-17,17,164374.02,0,0,Decor,11.0,0.0,8.0,30.0
SKU0029,2025-03-24,10,96690.6,0,0,Decor,11.0,0.0,8.0,30.0
SKU0029,2025-03-31,11,106359.66,0,0,Decor,5.0,22.0,8.0,30.0
SKU0029,2025-04-07,22,212719.32,0,0,Decor,16.0,15.0,8.0,30.0
SKU0029,2025-04-14,15,145035.9,0,0,Decor,12.0,23.0,8.0,30.0
SKU0029,2025-04-21,15,145035.9,0,0,Decor,24.0,18.0,8.0,30.0
SKU0029,2025-04-28,18,174043.08,0,0,Decor,16.0,13.0,8.0,30.0
SKU0029,2025-05-05,16,154704.96,0,0,Decor,13.0,20.0,8.0,30.0
SKU0029,2025-05-12,11,106359.66,0,0,Decor,0.0,20.0,8.0,30.0
SKU0029,2025-05-19,18,174043.08,0,0,Decor,4.0,14.0,8.0,30.0
SKU0029,2025-05-26,11,106359.66,0,0,Decor,24.0,13.0,8.0,30.0
SKU0029,2025-06-02,21,203050.26,0,0,Decor,3.0,13.0,8.0,30.0
SKU0029,2025-06-09,15,140684.82,1,0,Decor,1.0,14.0,8.0,30.0
SKU0029,2025-06-16,14,115061.81,1,0,Decor,0.0,12.0,8.0,30.0
SKU0029,2025-06-23,8,77352.48,0,0,Decor,0.0,12.0,8.0,30.0
SKU0029,2025-06-30,10,96690.59999999999,0,0,Decor,1.0,16.0,8.0,30.0
SKU0029,2025-07-07,14,135366.84,0,0,Decor,8.0,21.0,8.0,30.0
SKU0029,2025-07-14,19,183712.14,0,0,Decor,12.0,18.0,8.0,30.0
SKU0029,2025-07-21,14,135366.84,0,0,Decor,13.0,0.0,8.0,30.0
SKU0029,2025-07-28,18,174043.08,0,0,Decor,7.0,24.0,8.0,30.0
SKU0029,2025-08-04,15,145035.9,0,0,Decor,15.0,23.0,8.0,30.0
SKU0029,2025-08-11,15,145035.9,0,1,Decor,21.0,23.0,8.0,30.0
SKU0029,2025-08-18,20,193381.2,0,0,Decor,28.0,13.0,8.0,30.0
SKU0029,2025-08-25,15,145035.9,0,0,Decor,28.0,13.0,8.0,30.0
SKU0029,2025-09-01,15,145035.9,0,0,Decor,18.0,0.0,8.0,30.0
SKU0029,2025-09-08,15,145035.9,0,0,Decor,18.0,16.0,8.0,30.0
SKU0029,2025-09-15,17,164374.02,0,0,Decor,19.0,24.0,8.0,30.0
SKU0029,2025-09-22,14,135366.84,0,0,Decor,26.0,17.0,8.0,30.0
SKU0029,2025-09-29,12,116028.71999999999,0,1,Decor,26.0,22.0,8.0,30.0
SKU0029,2025-10-06,16,154704.96,0,0,Decor,35.0,0.0,8.0,30.0
SKU0029,2025-10-13,24,204500.6,1,0,Decor,32.0,0.0,8.0,30.0
SKU0029,2025-10-20,19,172109.26,1,0,Decor,6.0,19.0,8.0,30.0
SKU0029,2025-10-27,16,154704.96,0,1,Decor,26.0,20.0,8.0,30.0
SKU0029,2025-11-03,15,145035.9,0,0,Decor,30.0,0.0,8.0,30.0
SKU0029,2025-11-10,17,164374.02,0,0,Decor,13.0,16.0,8.0,30.0
SKU0029,2025-11-17,16,154704.96,0,0,Decor,13.0,18.0,8.0,30.0
SKU0029,2025-11-24,24,200149.52000000002,1,0,Decor,13.0,18.0,8.0,30.0
SKU0029,2025-12-01,14,129565.4,1,0,Decor,1.0,15.0,8.0,30.0
SKU0029,2025-12-08,14,135366.84,0,0,Decor,6.0,24.0,8.0,30.0
SKU0029,2025-12-15,16,154704.96,0,0,Decor,15.0,14.0,8.0,30.0
SKU0029,2025-12-22,14,135366.84,0,1,Decor,12.0,19.0,8.0,30.0
SKU0030,2024-06-10,90,407525.73,1,0,Furnishings,40.0,1729.0,16.0,487.0
SKU0030,2024-06-17,0,0.0,1,0,Furnishings,1.0,1729.0,16.0,487.0
SKU0030,2024-06-24,0,0.0,0,0,Furnishings,1.0,1729.0,16.0,487.0
SKU0030,2024-07-01,179,919308.2,0,0,Furnishings,1707.0,0.0,16.0,487.0
SKU0030,2024-07-08,185,950123.0,0,0,Furnishings,1520.0,0.0,16.0,487.0
SKU0030,2024-07-15,168,862814.4,0,0,Furnishings,1350.0,0.0,16.0,487.0
SKU0030,2024-07-22,177,909036.6,0,0,Furnishings,1175.0,0.0,16.0,487.0
SKU0030,2024-07-29,175,898765.0,0,0,Furnishings,904.0,0.0,16.0,487.0
SKU0030,2024-08-05,161,826863.8,0,0,Furnishings,732.0,0.0,16.0,487.0
SKU0030,2024-08-12,176,903900.8,0,1,Furnishings,576.0,0.0,16.0,487.0
SKU0030,2024-08-19,156,801184.8,0,0,Furnishings,406.0,1799.0,16.0,487.0
SKU0030,2024-08-26,134,688197.2,0,0,Furnishings,219.0,1799.0,16.0,487.0
SKU0030,2024-09-02,120,616296.0,0,0,Furnishings,1898.0,0.0,16.0,487.0
SKU0030,2024-09-09,141,724147.8,0,0,Furnishings,1757.0,0.0,16.0,487.0
SKU0030,2024-09-16,135,693333.0,0,0,Furnishings,1622.0,0.0,16.0,487.0
SKU0030,2024-09-23,125,641975.0,0,0,Furnishings,1622.0,0.0,16.0,487.0
SKU0030,2024-09-30,120,616296.0,0,1,Furnishings,1458.0,0.0,16.0,487.0
SKU0030,2024-10-07,131,672789.8,0,0,Furnishings,1342.0,0.0,16.0,487.0
SKU0030,2024-10-14,206,906982.28,1,0,Furnishings,1190.0,0.0,16.0,487.0
SKU0030,2024-10-21,141,704118.1799999999,1,0,Furnishings,992.0,0.0,16.0,487.0
SKU0030,2024-10-28,123,631703.4,0,1,Furnishings,801.0,0.0,16.0,487.0
SKU0030,2024-11-04,111,570073.8,0,0,Furnishings,679.0,0.0,16.0,487.0
SKU0030,2024-11-11,97,498172.6,0,0,Furnishings,586.0,0.0,16.0,487.0
SKU0030,2024-11-18,125,641975.0,0,0,Furnishings,464.0,1570.0,16.0,487.0
SKU0030,2024-11-25,187,816335.41,1,0,Furnishings,256.0,1570.0,16.0,487.0
SKU0030,2024-12-02,136,698468.8,0,0,Furnishings,1690.0,0.0,16.0,487.0
SKU0030,2024-12-09,103,528987.4,0,0,Furnishings,1587.0,0.0,16.0,487.0
SKU0030,2024-12-16,113,580345.4,0,0,Furnishings,1474.0,0.0,16.0,487.0
SKU0030,2024-12-23,98,503308.4,0,1,Furnishings,1474.0,0.0,16.0,487.0
SKU0030,2024-12-30,125,561086.15,1,0,Furnishings,1333.0,0.0,16.0,487.0
SKU0030,2025-01-06,134,635041.6699999999,1,0,Furnishings,1158.0,0.0,16.0,487.0
SKU0030,2025-01-13,118,606024.4,0,0,Furnishings,1049.0,0.0,16.0,487.0
SKU0030,2025-01-20,89,457086.2,0,1,Furnishings,956.0,0.0,16.0,487.0
SKU0030,2025-01-27,102,523851.6,0,0,Furnishings,818.0,0.0,16.0,487.0
SKU0030,2025-02-03,89,457086.19999999995,0,0,Furnishings,734.0,0.0,16.0,487.0
SKU0030,2025-02-10,104,534123.2,0,0,Furnishings,632.0,0.0,16.0,487.0
SKU0030,2025-02-17,80,410864.0,0,0,Furnishings,539.0,0.0,16.0,487.0
SKU0030,2025-02-24,87,446814.6,0,0,Furnishings,449.0,1845.0,16.0,487.0
SKU0030,2025-03-03,80,410864.0,0,0,Furnishings,374.0,1845.0,16.0,487.0
SKU0030,2025-03-10,75,385185.0,0,0,Furnishings,2145.0,0.0,16.0,487.0
SKU0030,2025-03-17,95,487901.0,0,0,Furnishings,2049.0,0.0,16.0,487.0
SKU0030,2025-03-24,76,390320.8,0,0,Furnishings,2049.0,0.0,16.0,487.0
SKU0030,2025-03-31,59,303012.2,0,0,Furnishings,1945.0,0.0,16.0,487.0
SKU0030,2025-04-07,72,369777.6,0,0,Furnishings,1881.0,0.0,16.0,487.0
SKU0030,2025-04-14,54,277333.2,0,0,Furnishings,1813.0,0.0,16.0,487.0
SKU0030,2025-04-21,59,303012.2,0,0,Furnishings,1756.0,0.0,16.0,487.0
SKU0030,2025-04-28,75,385185.0,0,0,Furnishings,1671.0,0.0,16.0,487.0
SKU0030,2025-05-05,62,318419.6,0,0,Furnishings,1609.0,0.0,16.0,487.0
SKU0030,2025-05-12,31,159209.8,0,0,Furnishings,1571.0,0.0,16.0,487.0
SKU0030,2025-05-19,34,174617.2,0,0,Furnishings,1536.0,0.0,16.0,487.0
SKU0030,2025-05-26,30,154074.0,0,0,Furnishings,1491.0,0.0,16.0,487.0
SKU0030,2025-06-02,35,179753.0,0,0,Furnishings,1456.0,0.0,16.0,487.0
SKU0030,2025-06-09,19,96039.46,1,0,Furnishings,1437.0,0.0,16.0,487.0
SKU0030,2025-06-16,31,136098.7,1,0,Furnishings,1406.0,0.0,16.0,487.0
SKU0030,2025-06-23,19,97580.2,0,0,Furnishings,1406.0,0.0,16.0,487.0
SKU0030,2025-06-30,25,128395.0,0,0,Furnishings,1383.0,0.0,16.0,487.0
SKU0030,2025-07-07,39,200296.2,0,0,Furnishings,1337.0,0.0,16.0,487.0
SKU0030,2025-07-14,8,41086.4,0,0,Furnishings,1317.0,0.0,16.0,487.0
SKU0030,2025-07-21,6,30814.8,0,0,Furnishings,1315.0,0.0,16.0,487.0
SKU0030,2025-07-28,22,112987.59999999999,0,0,Furnishings,1288.0,0.0,16.0,487.0
SKU0030,2025-08-04,17,87308.6,0,0,Furnishings,1277.0,0.0,16.0,487.0
SKU0030,2025-08-11,8,41086.4,0,1,Furnishings,1262.0,0.0,16.0,487.0
SKU0030,2025-08-18,20,102716.0,0,0,Furnishings,1251.0,0.0,16.0,487.0
SKU0030,2025-08-25,16,82172.8,0,0,Furnishings,1251.0,0.0,16.0,487.0
SKU0030,2025-09-01,12,61629.600000000006,0,0,Furnishings,1226.0,0.0,16.0,487.0
SKU0030,2025-09-08,8,41086.4,0,0,Furnishings,1214.0,0.0,16.0,487.0
SKU0030,2025-09-15,0,0.0,0,0,Furnishings,1206.0,0.0,16.0,487.0
SKU0030,2025-09-22,11,56493.8,0,0,Furnishings,1202.0,0.0,16.0,487.0
SKU0030,2025-09-29,14,71901.2,0,1,Furnishings,1194.0,0.0,16.0,487.0
SKU0030,2025-10-06,5,25679.0,0,0,Furnishings,1176.0,0.0,16.0,487.0
SKU0030,2025-10-13,15,71644.41,1,0,Furnishings,1168.0,0.0,16.0,487.0
SKU0030,2025-10-20,11,51101.21,1,0,Furnishings,1154.0,0.0,16.0,487.0
SKU0030,2025-10-27,22,112987.6,0,1,Furnishings,1128.0,0.0,16.0,487.0
SKU0030,2025-11-03,15,77037.0,0,0,Furnishings,1119.0,0.0,16.0,487.0
SKU0030,2025-11-10,13,66765.4,0,0,Furnishings,1100.0,0.0,16.0,487.0
SKU0030,2025-11-17,12,61629.6,0,0,Furnishings,1091.0,0.0,16.0,487.0
SKU0030,2025-11-24,11,48019.729999999996,1,0,Furnishings,1091.0,0.0,16.0,487.0
SKU0030,2025-12-01,18,92444.4,1,0,Furnishings,1077.0,0.0,16.0,487.0
SKU0030,2025-12-08,15,77037.0,0,0,Furnishings,1059.0,0.0,16.0,487.0
SKU0030,2025-12-15,26,133530.8,0,0,Furnishings,1039.0,0.0,16.0,487.0
SKU0030,2025-12-22,29,148938.2,0,1,Furnishings,1015.0,0.0,16.0,487.0
SKU0031,2025-03-24,119,204853.74,0,0,Small Appliances,1.0,1276.0,28.0,589.0
SKU0031,2025-03-31,0,0.0,0,0,Small Appliances,1.0,1276.0,28.0,589.0
SKU0031,2025-04-07,0,0.0,0,0,Small Appliances,1.0,1276.0,28.0,589.0
SKU0031,2025-04-14,0,0.0,0,0,Small Appliances,1.0,1276.0,28.0,589.0
SKU0031,2025-04-21,149,256497.54,0,0,Small Appliances,1254.0,0.0,28.0,589.0
SKU0031,2025-04-28,173,297812.58,0,0,Small Appliances,1013.0,0.0,28.0,589.0
SKU0031,2025-05-05,164,282319.44,0,0,Small Appliances,851.0,0.0,28.0,589.0
SKU0031,2025-05-12,193,332241.77999999997,0,0,Small Appliances,665.0,0.0,28.0,589.0
SKU0031,2025-05-19,161,277155.06,0,0,Small Appliances,491.0,1131.0,28.0,589.0
SKU0031,2025-05-26,159,273712.14,0,0,Small Appliances,277.0,1131.0,28.0,589.0
SKU0031,2025-06-02,180,309862.8,0,0,Small Appliances,97.0,1131.0,28.0,589.0
SKU0031,2025-06-09,97,166981.62,1,0,Small Appliances,0.0,1131.0,28.0,589.0
SKU0031,2025-06-16,218,324150.93,1,0,Small Appliances,913.0,0.0,28.0,589.0
SKU0031,2025-06-23,169,290926.74,0,0,Small Appliances,913.0,0.0,28.0,589.0
SKU0031,2025-06-30,127,218625.41999999998,0,0,Small Appliances,700.0,0.0,28.0,589.0
SKU0031,2025-07-07,119,204853.74,0,0,Small Appliances,579.0,1359.0,28.0,589.0
SKU0031,2025-07-14,150,258219.0,0,0,Small Appliances,1812.0,0.0,28.0,589.0
SKU0031,2025-07-21,138,237561.48,0,0,Small Appliances,1665.0,0.0,28.0,589.0
SKU0031,2025-07-28,115,197967.9,0,0,Small Appliances,1480.0,0.0,28.0,589.0
SKU0031,2025-08-04,98,168703.08000000002,0,0,Small Appliances,1379.0,0.0,28.0,589.0
SKU0031,2025-08-11,112,192803.52000000002,0,1,Small Appliances,1278.0,0.0,28.0,589.0
SKU0031,2025-08-18,107,184196.22,0,0,Small Appliances,1158.0,0.0,28.0,589.0
SKU0031,2025-08-25,100,172146.0,0,0,Small Appliances,1158.0,0.0,28.0,589.0
SKU0031,2025-09-01,73,125666.58,0,0,Small Appliances,1028.0,0.0,28.0,589.0
SKU0031,2025-09-08,69,118780.74,0,0,Small Appliances,951.0,0.0,28.0,589.0
SKU0031,2025-09-15,74,127388.04000000001,0,0,Small Appliances,883.0,0.0,28.0,589.0
SKU0031,2025-09-22,59,101566.14,0,0,Small Appliances,806.0,0.0,28.0,589.0
SKU0031,2025-09-29,85,146324.1,0,1,Small Appliances,711.0,0.0,28.0,589.0
SKU0031,2025-10-06,45,77465.7,0,0,Small Appliances,649.0,0.0,28.0,589.0
SKU0031,2025-10-13,104,157857.88,1,0,Small Appliances,588.0,992.0,28.0,589.0
SKU0031,2025-10-20,89,143139.4,1,0,Small Appliances,481.0,992.0,28.0,589.0
SKU0031,2025-10-27,59,101566.14,0,1,Small Appliances,387.0,992.0,28.0,589.0
SKU0031,2025-11-03,75,129109.5,0,0,Small Appliances,1305.0,0.0,28.0,589.0
SKU0031,2025-11-10,68,117059.28,0,0,Small Appliances,1228.0,0.0,28.0,589.0
SKU0031,2025-11-17,81,139438.26,0,0,Small Appliances,1152.0,0.0,28.0,589.0
SKU0031,2025-11-24,131,195557.86,1,0,Small Appliances,1152.0,0.0,28.0,589.0
SKU0031,2025-12-01,119,195816.07,1,0,Small Appliances,981.0,0.0,28.0,589.0
SKU0031,2025-12-08,96,165260.16,0,0,Small Appliances,882.0,0.0,28.0,589.0
SKU0031,2025-12-15,120,206575.2,0,0,Small Appliances,783.0,0.0,28.0,589.0
SKU0031,2025-12-22,107,184196.22,0,1,Small Appliances,677.0,0.0,28.0,589.0
SKU0032,2024-05-20,85,634346.5,0,0,Decor,153.0,486.0,22.0,320.0
SKU0032,2024-05-27,103,768678.7,0,0,Decor,17.0,486.0,22.0,320.0
SKU0032,2024-06-03,4,29851.6,0,0,Decor,0.0,486.0,22.0,320.0
SKU0032,2024-06-10,76,533597.35,1,0,Decor,429.0,0.0,22.0,320.0
SKU0032,2024-06-17,153,989580.53,1,0,Decor,266.0,748.0,22.0,320.0
SKU0032,2024-06-24,111,828381.9,0,0,Decor,266.0,748.0,22.0,320.0
SKU0032,2024-07-01,102,761215.8,0,0,Decor,130.0,748.0,22.0,320.0
SKU0032,2024-07-08,81,604494.9,0,0,Decor,778.0,0.0,22.0,320.0
SKU0032,2024-07-15,93,694049.7,0,0,Decor,699.0,0.0,22.0,320.0
SKU0032,2024-07-22,82,611957.8,0,0,Decor,609.0,0.0,22.0,320.0
SKU0032,2024-07-29,82,611957.8,0,0,Decor,479.0,0.0,22.0,320.0
SKU0032,2024-08-05,83,619420.7,0,0,Decor,396.0,0.0,22.0,320.0
SKU0032,2024-08-12,86,641809.4,0,1,Decor,312.0,578.0,22.0,320.0
SKU0032,2024-08-19,85,634346.5,0,0,Decor,808.0,0.0,22.0,320.0
SKU0032,2024-08-26,78,582106.2,0,0,Decor,701.0,0.0,22.0,320.0
SKU0032,2024-09-02,78,582106.2,0,0,Decor,623.0,0.0,22.0,320.0
SKU0032,2024-09-09,80,597032.0,0,0,Decor,543.0,0.0,22.0,320.0
SKU0032,2024-09-16,80,597032.0,0,0,Decor,463.0,0.0,22.0,320.0
SKU0032,2024-09-23,84,626883.6,0,0,Decor,463.0,0.0,22.0,320.0
SKU0032,2024-09-30,76,567180.4,0,1,Decor,361.0,0.0,22.0,320.0
SKU0032,2024-10-07,73,544791.7,0,0,Decor,279.0,664.0,22.0,320.0
SKU0032,2024-10-14,146,939579.09,1,0,Decor,191.0,664.0,22.0,320.0
SKU0032,2024-10-21,99,713080.09,1,0,Decor,708.0,0.0,22.0,320.0
SKU0032,2024-10-28,88,656735.2,0,1,Decor,578.0,0.0,22.0,320.0
SKU0032,2024-11-04,90,671661.0,0,0,Decor,486.0,0.0,22.0,320.0
SKU0032,2024-11-11,88,656735.2,0,0,Decor,400.0,0.0,22.0,320.0
SKU0032,2024-11-18,93,694049.7000000001,0,0,Decor,306.0,681.0,22.0,320.0
SKU0032,2024-11-25,169,1072045.57,1,0,Decor,120.0,681.0,22.0,320.0
SKU0032,2024-12-02,85,634346.5,0,0,Decor,716.0,0.0,22.0,320.0
SKU0032,2024-12-09,75,559717.5,0,0,Decor,641.0,0.0,22.0,320.0
SKU0032,2024-12-16,93,694049.7,0,0,Decor,548.0,0.0,22.0,320.0
SKU0032,2024-12-23,82,611957.8,0,1,Decor,548.0,0.0,22.0,320.0
SKU0032,2024-12-30,152,997789.72,1,0,Decor,407.0,0.0,22.0,320.0
SKU0032,2025-01-06,101,706736.63,1,0,Decor,258.0,586.0,22.0,320.0
SKU0032,2025-01-13,90,671661.0,0,0,Decor,168.0,586.0,22.0,320.0
SKU0032,2025-01-20,83,619420.7,0,1,Decor,664.0,0.0,22.0,320.0
SKU0032,2025-01-27,92,686586.8,0,0,Decor,544.0,0.0,22.0,320.0
SKU0032,2025-02-03,104,776141.6000000001,0,0,Decor,440.0,0.0,22.0,320.0
SKU0032,2025-02-10,105,783604.5,0,0,Decor,338.0,0.0,22.0,320.0
SKU0032,2025-02-17,104,776141.6000000001,0,0,Decor,231.0,570.0,22.0,320.0
SKU0032,2025-02-24,104,776141.6,0,0,Decor,124.0,570.0,22.0,320.0
SKU0032,2025-03-03,97,723901.3,0,0,Decor,601.0,0.0,22.0,320.0
SKU0032,2025-03-10,104,776141.6,0,0,Decor,497.0,0.0,22.0,320.0
SKU0032,2025-03-17,111,828381.9,0,0,Decor,385.0,0.0,22.0,320.0
SKU0032,2025-03-24,116,865696.4,0,0,Decor,385.0,0.0,22.0,320.0
SKU0032,2025-03-31,121,903010.9,0,0,Decor,223.0,638.0,22.0,320.0
SKU0032,2025-04-07,112,835844.8,0,0,Decor,102.0,638.0,22.0,320.0
SKU0032,2025-04-14,101,753752.9,0,0,Decor,638.0,0.0,22.0,320.0
SKU0032,2025-04-21,115,858233.5,0,0,Decor,525.0,0.0,22.0,320.0
SKU0032,2025-04-28,108,805993.2,0,0,Decor,373.0,0.0,22.0,320.0
SKU0032,2025-05-05,109,813456.1,0,0,Decor,776.0,0.0,22.0,320.0
SKU0032,2025-05-12,115,858233.5,0,0,Decor,667.0,0.0,22.0,320.0
SKU0032,2025-05-19,123,917936.7,0,0,Decor,545.0,0.0,22.0,320.0
SKU0032,2025-05-26,107,798530.3,0,0,Decor,397.0,0.0,22.0,320.0
SKU0032,2025-06-02,106,791067.4,0,0,Decor,291.0,703.0,22.0,320.0
SKU0032,2025-06-09,132,954878.05,1,0,Decor,159.0,703.0,22.0,320.0
SKU0032,2025-06-16,169,1083239.92,1,0,Decor,693.0,0.0,22.0,320.0
SKU0032,2025-06-23,106,791067.4,0,0,Decor,693.0,0.0,22.0,320.0
SKU0032,2025-06-30,103,768678.7,0,0,Decor,558.0,0.0,22.0,320.0
SKU0032,2025-07-07,108,805993.2,0,0,Decor,444.0,0.0,22.0,320.0
SKU0032,2025-07-14,91,679123.9,0,0,Decor,347.0,0.0,22.0,320.0
SKU0032,2025-07-21,101,753752.9,0,0,Decor,251.0,712.0,22.0,320.0
SKU0032,2025-07-28,114,850770.6,0,0,Decor,93.0,712.0,22.0,320.0
SKU0032,2025-08-04,88,656735.2,0,0,Decor,711.0,0.0,22.0,320.0
SKU0032,2025-08-11,111,828381.9,0,1,Decor,603.0,0.0,22.0,320.0
SKU0032,2025-08-18,97,723901.3,0,0,Decor,504.0,0.0,22.0,320.0
SKU0032,2025-08-25,97,723901.3,0,0,Decor,504.0,0.0,22.0,320.0
SKU0032,2025-09-01,88,656735.2,0,0,Decor,373.0,0.0,22.0,320.0
SKU0032,2025-09-08,93,694049.7000000001,0,0,Decor,286.0,501.0,22.0,320.0
SKU0032,2025-09-15,87,649272.3,0,0,Decor,196.0,501.0,22.0,320.0
SKU0032,2025-09-22,86,641809.4,0,0,Decor,610.0,0.0,22.0,320.0
SKU0032,2025-09-29,92,686586.8,0,1,Decor,491.0,0.0,22.0,320.0
SKU0032,2025-10-06,92,686586.8,0,0,Decor,397.0,0.0,22.0,320.0
SKU0032,2025-10-13,154,1007118.3400000001,1,0,Decor,285.0,672.0,22.0,320.0
SKU0032,2025-10-20,117,812709.8,1,0,Decor,124.0,672.0,22.0,320.0
SKU0032,2025-10-27,93,694049.7,0,1,Decor,670.0,0.0,22.0,320.0
SKU0032,2025-11-03,87,649272.3,0,0,Decor,578.0,0.0,22.0,320.0
SKU0032,2025-11-10,94,701512.6,0,0,Decor,487.0,0.0,22.0,320.0
SKU0032,2025-11-17,91,679123.9,0,0,Decor,399.0,0.0,22.0,320.0
SKU0032,2025-11-24,152,979878.76,1,0,Decor,399.0,0.0,22.0,320.0
SKU0032,2025-12-01,112,807858.9199999999,1,0,Decor,210.0,632.0,22.0,320.0
SKU0032,2025-12-08,99,738827.1,0,0,Decor,105.0,632.0,22.0,320.0
SKU0032,2025-12-15,101,753752.9,0,0,Decor,643.0,0.0,22.0,320.0
SKU0032,2025-12-22,101,753752.9,0,1,Decor,535.0,0.0,22.0,320.0
SKU0033,2025-03-31,39,73865.22,0,0,Furnishings,235.0,0.0,14.0,172.0
SKU0033,2025-04-07,83,157200.34,0,0,Furnishings,235.0,0.0,14.0,172.0
SKU0033,2025-04-14,99,187504.02,0,0,Furnishings,151.0,726.0,14.0,172.0
SKU0033,2025-04-21,97,183716.06,0,0,Furnishings,780.0,0.0,14.0,172.0
SKU0033,2025-04-28,86,162882.28,0,0,Furnishings,643.0,0.0,14.0,172.0
SKU0033,2025-05-05,95,179928.1,0,0,Furnishings,566.0,0.0,14.0,172.0
SKU0033,2025-05-12,86,162882.28,0,0,Furnishings,468.0,0.0,14.0,172.0
SKU0033,2025-05-19,93,176140.14,0,0,Furnishings,373.0,0.0,14.0,172.0
SKU0033,2025-05-26,85,160988.30000000002,0,0,Furnishings,263.0,0.0,14.0,172.0
SKU0033,2025-06-02,66,125002.68,0,0,Furnishings,197.0,0.0,14.0,172.0
SKU0033,2025-06-09,58,107009.87,1,0,Furnishings,780.0,0.0,14.0,172.0
SKU0033,2025-06-16,118,192523.07,1,0,Furnishings,662.0,0.0,14.0,172.0
SKU0033,2025-06-23,89,168564.22,0,0,Furnishings,662.0,0.0,14.0,172.0
SKU0033,2025-06-30,64,121214.72,0,0,Furnishings,547.0,0.0,14.0,172.0
SKU0033,2025-07-07,74,140154.52,0,0,Furnishings,486.0,0.0,14.0,172.0
SKU0033,2025-07-14,71,134472.58,0,0,Furnishings,412.0,0.0,14.0,172.0
SKU0033,2025-07-21,63,119320.73999999999,0,0,Furnishings,352.0,0.0,14.0,172.0
SKU0033,2025-07-28,59,111744.82,0,0,Furnishings,251.0,0.0,14.0,172.0
SKU0033,2025-08-04,60,113638.8,0,0,Furnishings,193.0,0.0,14.0,172.0
SKU0033,2025-08-11,49,92805.02,0,1,Furnishings,144.0,586.0,14.0,172.0
SKU0033,2025-08-18,56,106062.88,0,0,Furnishings,676.0,0.0,14.0,172.0
SKU0033,2025-08-25,66,125002.68000000001,0,0,Furnishings,676.0,0.0,14.0,172.0
SKU0033,2025-09-01,49,92805.01999999999,0,0,Furnishings,592.0,0.0,14.0,172.0
SKU0033,2025-09-08,35,66289.29999999999,0,0,Furnishings,546.0,0.0,14.0,172.0
SKU0033,2025-09-15,43,81441.14,0,0,Furnishings,509.0,0.0,14.0,172.0
SKU0033,2025-09-22,30,56819.4,0,0,Furnishings,466.0,0.0,14.0,172.0
SKU0033,2025-09-29,48,90911.04,0,1,Furnishings,421.0,0.0,14.0,172.0
SKU0033,2025-10-06,34,64395.32,0,0,Furnishings,375.0,0.0,14.0,172.0
SKU0033,2025-10-13,52,84566.2,1,0,Furnishings,342.0,0.0,14.0,172.0
SKU0033,2025-10-20,49,86554.88,1,0,Furnishings,273.0,0.0,14.0,172.0
SKU0033,2025-10-27,40,75759.2,0,1,Furnishings,222.0,0.0,14.0,172.0
SKU0033,2025-11-03,43,81441.14,0,0,Furnishings,176.0,0.0,14.0,172.0
SKU0033,2025-11-10,50,94699.0,0,0,Furnishings,945.0,0.0,14.0,172.0
SKU0033,2025-11-17,34,64395.32,0,0,Furnishings,905.0,0.0,14.0,172.0
SKU0033,2025-11-24,84,136934.74,1,0,Furnishings,905.0,0.0,14.0,172.0
SKU0033,2025-12-01,59,107767.46,1,0,Furnishings,802.0,0.0,14.0,172.0
SKU0033,2025-12-08,45,85229.09999999999,0,0,Furnishings,753.0,0.0,14.0,172.0
SKU0033,2025-12-15,53,100380.94,0,0,Furnishings,705.0,0.0,14.0,172.0
SKU0033,2025-12-22,53,100380.94,0,1,Furnishings,654.0,0.0,14.0,172.0
SKU0034,2025-02-17,129,936609.66,0,0,Furnishings,10.0,656.0,25.0,379.0
SKU0034,2025-02-24,0,0.0,0,0,Furnishings,1.0,656.0,25.0,379.0
SKU0034,2025-03-03,0,0.0,0,0,Furnishings,1.0,656.0,25.0,379.0
SKU0034,2025-03-10,26,188774.04,0,0,Furnishings,657.0,0.0,25.0,379.0
SKU0034,2025-03-17,182,1321418.28,0,0,Furnishings,476.0,0.0,25.0,379.0
SKU0034,2025-03-24,174,1263333.96,0,0,Furnishings,476.0,0.0,25.0,379.0
SKU0034,2025-03-31,204,1481150.16,0,0,Furnishings,209.0,740.0,25.0,379.0
SKU0034,2025-04-07,176,1277855.04,0,0,Furnishings,17.0,740.0,25.0,379.0
SKU0034,2025-04-14,169,1227031.26,0,0,Furnishings,575.0,0.0,25.0,379.0
SKU0034,2025-04-21,204,1481150.16,0,0,Furnishings,402.0,0.0,25.0,379.0
SKU0034,2025-04-28,217,1575537.18,0,0,Furnishings,124.0,755.0,25.0,379.0
SKU0034,2025-05-05,162,1176207.48,0,0,Furnishings,704.0,0.0,25.0,379.0
SKU0034,2025-05-12,183,1328678.82,0,0,Furnishings,526.0,0.0,25.0,379.0
SKU0034,2025-05-19,178,1292376.12,0,0,Furnishings,348.0,636.0,25.0,379.0
SKU0034,2025-05-26,188,1364981.52,0,0,Furnishings,725.0,0.0,25.0,379.0
SKU0034,2025-06-02,175,1270594.5,0,0,Furnishings,550.0,0.0,25.0,379.0
SKU0034,2025-06-09,213,1500753.6199999999,1,0,Furnishings,337.0,662.0,25.0,379.0
SKU0034,2025-06-16,310,1939290.23,1,0,Furnishings,27.0,662.0,25.0,379.0
SKU0034,2025-06-23,175,1270594.5,0,0,Furnishings,27.0,662.0,25.0,379.0
SKU0034,2025-06-30,162,1176207.48,0,0,Furnishings,469.0,0.0,25.0,379.0
SKU0034,2025-07-07,120,871264.8,0,0,Furnishings,315.0,646.0,25.0,379.0
SKU0034,2025-07-14,148,1074559.92,0,0,Furnishings,187.0,646.0,25.0,379.0
SKU0034,2025-07-21,126,914828.04,0,0,Furnishings,676.0,0.0,25.0,379.0
SKU0034,2025-07-28,123,893046.4199999999,0,0,Furnishings,499.0,0.0,25.0,379.0
SKU0034,2025-08-04,121,878525.34,0,0,Furnishings,397.0,0.0,25.0,379.0
SKU0034,2025-08-11,96,697011.84,0,1,Furnishings,1068.0,0.0,25.0,379.0
SKU0034,2025-08-18,117,849483.1799999999,0,0,Furnishings,955.0,0.0,25.0,379.0
SKU0034,2025-08-25,89,646188.06,0,0,Furnishings,955.0,0.0,25.0,379.0
SKU0034,2025-09-01,117,849483.18,0,0,Furnishings,813.0,0.0,25.0,379.0
SKU0034,2025-09-08,93,675230.22,0,0,Furnishings,705.0,0.0,25.0,379.0
SKU0034,2025-09-15,75,544540.5,0,0,Furnishings,618.0,0.0,25.0,379.0
SKU0034,2025-09-22,101,733314.54,0,0,Furnishings,542.0,0.0,25.0,379.0
SKU0034,2025-09-29,80,580843.2,0,1,Furnishings,416.0,0.0,25.0,379.0
SKU0034,2025-10-06,113,820441.02,0,0,Furnishings,316.0,594.0,25.0,379.0
SKU0034,2025-10-13,158,1016475.6,1,0,Furnishings,200.0,594.0,25.0,379.0
SKU0034,2025-10-20,101,676682.33,1,0,Furnishings,38.0,594.0,25.0,379.0
SKU0034,2025-10-27,92,667969.68,0,1,Furnishings,510.0,0.0,25.0,379.0
SKU0034,2025-11-03,71,515498.34,0,0,Furnishings,447.0,0.0,25.0,379.0
SKU0034,2025-11-10,98,711532.92,0,0,Furnishings,342.0,836.0,25.0,379.0
SKU0034,2025-11-17,120,871264.7999999999,0,0,Furnishings,1067.0,0.0,25.0,379.0
SKU0034,2025-11-24,167,1043702.62,1,0,Furnishings,1067.0,0.0,25.0,379.0
SKU0034,2025-12-01,126,885422.85,1,0,Furnishings,856.0,0.0,25.0,379.0
SKU0034,2025-12-08,126,914828.04,0,0,Furnishings,739.0,0.0,25.0,379.0
SKU0034,2025-12-15,118,856743.72,0,0,Furnishings,612.0,0.0,25.0,379.0
SKU0034,2025-12-22,132,958391.28,0,1,Furnishings,495.0,0.0,25.0,379.0
SKU0035,2024-09-09,13,44728.97,0,0,Furnishings,143.0,505.0,29.0,234.0
SKU0035,2024-09-16,27,92898.63,0,0,Furnishings,116.0,505.0,29.0,234.0
SKU0035,2024-09-23,26,89457.94,0,0,Furnishings,116.0,505.0,29.0,234.0
SKU0035,2024-09-30,31,106661.39,0,1,Furnishings,79.0,505.0,29.0,234.0
SKU0035,2024-10-07,30,103220.70000000001,0,0,Furnishings,48.0,505.0,29.0,234.0
SKU0035,2024-10-14,53,157067.49,1,0,Furnishings,520.0,0.0,29.0,234.0
SKU0035,2024-10-21,29,95651.18000000001,1,0,Furnishings,469.0,0.0,29.0,234.0
SKU0035,2024-10-28,23,79135.87,0,1,Furnishings,435.0,0.0,29.0,234.0
SKU0035,2024-11-04,39,134186.91,0,0,Furnishings,398.0,0.0,29.0,234.0
SKU0035,2024-11-11,28,96339.32,0,0,Furnishings,367.0,0.0,29.0,234.0
SKU0035,2024-11-18,27,92898.63,0,0,Furnishings,342.0,0.0,29.0,234.0
SKU0035,2024-11-25,60,175475.17,1,0,Furnishings,275.0,0.0,29.0,234.0
SKU0035,2024-12-02,40,137627.6,0,0,Furnishings,235.0,0.0,29.0,234.0
SKU0035,2024-12-09,37,127305.53,0,0,Furnishings,769.0,0.0,29.0,234.0
SKU0035,2024-12-16,28,96339.31999999999,0,0,Furnishings,741.0,0.0,29.0,234.0
SKU0035,2024-12-23,47,161712.43,0,1,Furnishings,741.0,0.0,29.0,234.0
SKU0035,2024-12-30,77,234999.13,1,0,Furnishings,658.0,0.0,29.0,234.0
SKU0035,2025-01-06,46,148465.78,1,0,Furnishings,586.0,0.0,29.0,234.0
SKU0035,2025-01-13,44,151390.36000000002,0,0,Furnishings,547.0,0.0,29.0,234.0
SKU0035,2025-01-20,51,175475.19,0,1,Furnishings,500.0,0.0,29.0,234.0
SKU0035,2025-01-27,50,172034.5,0,0,Furnishings,427.0,0.0,29.0,234.0
SKU0035,2025-02-03,58,199560.02,0,0,Furnishings,371.0,0.0,29.0,234.0
SKU0035,2025-02-10,67,230526.23,0,0,Furnishings,311.0,0.0,29.0,234.0
SKU0035,2025-02-17,47,161712.43,0,0,Furnishings,259.0,0.0,29.0,234.0
SKU0035,2025-02-24,62,213322.78,0,0,Furnishings,198.0,368.0,29.0,234.0
SKU0035,2025-03-03,63,216763.47,0,0,Furnishings,503.0,0.0,29.0,234.0
SKU0035,2025-03-10,69,237407.61,0,0,Furnishings,432.0,0.0,29.0,234.0
SKU0035,2025-03-17,64,220204.16,0,0,Furnishings,372.0,0.0,29.0,234.0
SKU0035,2025-03-24,61,209882.09,0,0,Furnishings,372.0,0.0,29.0,234.0
SKU0035,2025-03-31,58,199560.02,0,0,Furnishings,291.0,0.0,29.0,234.0
SKU0035,2025-04-07,73,251170.37000000002,0,0,Furnishings,223.0,579.0,29.0,234.0
SKU0035,2025-04-14,60,206441.4,0,0,Furnishings,152.0,579.0,29.0,234.0
SKU0035,2025-04-21,69,237407.61,0,0,Furnishings,90.0,579.0,29.0,234.0
SKU0035,2025-04-28,42,144508.98,0,0,Furnishings,1.0,579.0,29.0,234.0
SKU0035,2025-05-05,65,223644.85,0,0,Furnishings,534.0,0.0,29.0,234.0
SKU0035,2025-05-12,53,182356.57,0,0,Furnishings,474.0,0.0,29.0,234.0
SKU0035,2025-05-19,70,240848.3,0,0,Furnishings,412.0,0.0,29.0,234.0
SKU0035,2025-05-26,60,206441.4,0,0,Furnishings,332.0,0.0,29.0,234.0
SKU0035,2025-06-02,72,247729.68,0,0,Furnishings,260.0,0.0,29.0,234.0
SKU0035,2025-06-09,57,189926.09,1,0,Furnishings,203.0,417.0,29.0,234.0
SKU0035,2025-06-16,95,278867.91,1,0,Furnishings,108.0,417.0,29.0,234.0
SKU0035,2025-06-23,52,178915.88,0,0,Furnishings,108.0,417.0,29.0,234.0
SKU0035,2025-06-30,60,206441.4,0,0,Furnishings,451.0,0.0,29.0,234.0
SKU0035,2025-07-07,50,172034.5,0,0,Furnishings,396.0,0.0,29.0,234.0
SKU0035,2025-07-14,31,106661.39,0,0,Furnishings,351.0,0.0,29.0,234.0
SKU0035,2025-07-21,47,161712.43,0,0,Furnishings,314.0,0.0,29.0,234.0
SKU0035,2025-07-28,53,182356.57,0,0,Furnishings,241.0,0.0,29.0,234.0
SKU0035,2025-08-04,29,99780.01000000001,0,0,Furnishings,207.0,465.0,29.0,234.0
SKU0035,2025-08-11,46,158271.74,0,1,Furnishings,163.0,465.0,29.0,234.0
SKU0035,2025-08-18,30,103220.7,0,0,Furnishings,136.0,465.0,29.0,234.0
SKU0035,2025-08-25,48,165153.12,0,0,Furnishings,136.0,465.0,29.0,234.0
SKU0035,2025-09-01,31,106661.39,0,0,Furnishings,537.0,0.0,29.0,234.0
SKU0035,2025-09-08,36,123864.84,0,0,Furnishings,505.0,0.0,29.0,234.0
SKU0035,2025-09-15,30,103220.7,0,0,Furnishings,474.0,0.0,29.0,234.0
SKU0035,2025-09-22,25,86017.25,0,0,Furnishings,444.0,0.0,29.0,234.0
SKU0035,2025-09-29,44,151390.36,0,1,Furnishings,397.0,0.0,29.0,234.0
SKU0035,2025-10-06,28,96339.32,0,0,Furnishings,362.0,0.0,29.0,234.0
SKU0035,2025-10-13,38,116811.43000000001,1,0,Furnishings,330.0,0.0,29.0,234.0
SKU0035,2025-10-20,32,102876.63,1,0,Furnishings,291.0,0.0,29.0,234.0
SKU0035,2025-10-27,19,65373.11,0,1,Furnishings,262.0,0.0,29.0,234.0
SKU0035,2025-11-03,30,103220.7,0,0,Furnishings,236.0,0.0,29.0,234.0
SKU0035,2025-11-10,33,113542.77,0,0,Furnishings,202.0,496.0,29.0,234.0
SKU0035,2025-11-17,25,86017.25,0,0,Furnishings,178.0,496.0,29.0,234.0
SKU0035,2025-11-24,42,123864.84,1,0,Furnishings,178.0,496.0,29.0,234.0
SKU0035,2025-12-01,54,179604.02,1,0,Furnishings,614.0,0.0,29.0,234.0
SKU0035,2025-12-08,33,113542.77,0,0,Furnishings,564.0,0.0,29.0,234.0
SKU0035,2025-12-15,42,144508.98,0,0,Furnishings,534.0,0.0,29.0,234.0
SKU0035,2025-12-22,40,137627.6,0,1,Furnishings,492.0,0.0,29.0,234.0
SKU0036,2024-08-05,212,2528415.88,0,0,Furnishings,161.0,1361.0,17.0,745.0
SKU0036,2024-08-12,100,1192649.0,0,1,Furnishings,1.0,1361.0,17.0,745.0
SKU0036,2024-08-19,96,1144943.04,0,0,Furnishings,1361.0,0.0,17.0,745.0
SKU0036,2024-08-26,226,2695386.7399999998,0,0,Furnishings,1039.0,0.0,17.0,745.0
SKU0036,2024-09-02,182,2170621.18,0,0,Furnishings,857.0,0.0,17.0,745.0
SKU0036,2024-09-09,208,2480709.92,0,0,Furnishings,649.0,1508.0,17.0,745.0
SKU0036,2024-09-16,209,2492636.41,0,0,Furnishings,440.0,1508.0,17.0,745.0
SKU0036,2024-09-23,207,2468783.43,0,0,Furnishings,440.0,1508.0,17.0,745.0
SKU0036,2024-09-30,198,2361445.02,0,1,Furnishings,1675.0,0.0,17.0,745.0
SKU0036,2024-10-07,238,2838504.62,0,0,Furnishings,1470.0,0.0,17.0,745.0
SKU0036,2024-10-14,298,3097905.7800000003,1,0,Furnishings,1194.0,0.0,17.0,745.0
SKU0036,2024-10-21,187,2176584.42,1,0,Furnishings,951.0,0.0,17.0,745.0
SKU0036,2024-10-28,194,2313739.06,0,1,Furnishings,682.0,1336.0,17.0,745.0
SKU0036,2024-11-04,205,2444930.45,0,0,Furnishings,466.0,1336.0,17.0,745.0
SKU0036,2024-11-11,203,2421077.4699999997,0,0,Furnishings,1619.0,0.0,17.0,745.0
SKU0036,2024-11-18,169,2015576.81,0,0,Furnishings,1407.0,0.0,17.0,745.0
SKU0036,2024-11-25,286,2899329.72,1,0,Furnishings,1099.0,0.0,17.0,745.0
SKU0036,2024-12-02,178,2122915.22,0,0,Furnishings,921.0,0.0,17.0,745.0
SKU0036,2024-12-09,198,2361445.02,0,0,Furnishings,723.0,1404.0,17.0,745.0
SKU0036,2024-12-16,150,1788973.5,0,0,Furnishings,1977.0,0.0,17.0,745.0
SKU0036,2024-12-23,171,2039429.79,0,1,Furnishings,1977.0,0.0,17.0,745.0
SKU0036,2024-12-30,250,2638139.57,1,0,Furnishings,1695.0,0.0,17.0,745.0
SKU0036,2025-01-06,236,2628598.39,1,0,Furnishings,1411.0,0.0,17.0,745.0
SKU0036,2025-01-13,158,1884385.4200000002,0,0,Furnishings,1243.0,0.0,17.0,745.0
SKU0036,2025-01-20,141,1681635.0899999999,0,1,Furnishings,1070.0,0.0,17.0,745.0
SKU0036,2025-01-27,146,1741267.54,0,0,Furnishings,885.0,0.0,17.0,745.0
SKU0036,2025-02-03,141,1681635.09,0,0,Furnishings,755.0,0.0,17.0,745.0
SKU0036,2025-02-10,156,1860532.44,0,0,Furnishings,599.0,1847.0,17.0,745.0
SKU0036,2025-02-17,163,1944017.8699999999,0,0,Furnishings,422.0,1847.0,17.0,745.0
SKU0036,2025-02-24,145,1729341.05,0,0,Furnishings,2120.0,0.0,17.0,745.0
SKU0036,2025-03-03,134,1598149.66,0,0,Furnishings,1989.0,0.0,17.0,745.0
SKU0036,2025-03-10,156,1860532.44,0,0,Furnishings,1839.0,0.0,17.0,745.0
SKU0036,2025-03-17,168,2003650.32,0,0,Furnishings,1683.0,0.0,17.0,745.0
SKU0036,2025-03-24,84,1001825.16,0,0,Furnishings,1683.0,0.0,17.0,745.0
SKU0036,2025-03-31,131,1562370.19,0,0,Furnishings,1546.0,0.0,17.0,745.0
SKU0036,2025-04-07,80,954119.2000000001,0,0,Furnishings,1434.0,0.0,17.0,745.0
SKU0036,2025-04-14,63,751368.87,0,0,Furnishings,1336.0,0.0,17.0,745.0
SKU0036,2025-04-21,109,1299987.41,0,0,Furnishings,1260.0,0.0,17.0,745.0
SKU0036,2025-04-28,101,1204575.49,0,0,Furnishings,1112.0,0.0,17.0,745.0
SKU0036,2025-05-05,134,1598149.6600000001,0,0,Furnishings,1006.0,0.0,17.0,745.0
SKU0036,2025-05-12,86,1025678.1399999999,0,0,Furnishings,893.0,0.0,17.0,745.0
SKU0036,2025-05-19,81,966045.69,0,0,Furnishings,813.0,0.0,17.0,745.0
SKU0036,2025-05-26,39,465133.11,0,0,Furnishings,751.0,0.0,17.0,745.0
SKU0036,2025-06-02,106,1264207.94,0,0,Furnishings,2460.0,0.0,17.0,745.0
SKU0036,2025-06-09,79,931458.87,1,0,Furnishings,2381.0,0.0,17.0,745.0
SKU0036,2025-06-16,76,770451.25,1,0,Furnishings,2305.0,0.0,17.0,745.0
SKU0036,2025-06-23,50,596324.5,0,0,Furnishings,2305.0,0.0,17.0,745.0
SKU0036,2025-06-30,84,1001825.1599999999,0,0,Furnishings,2244.0,0.0,17.0,745.0
SKU0036,2025-07-07,79,942192.71,0,0,Furnishings,2171.0,0.0,17.0,745.0
SKU0036,2025-07-14,54,644030.46,0,0,Furnishings,2080.0,0.0,17.0,745.0
SKU0036,2025-07-21,22,262382.77999999997,0,0,Furnishings,2029.0,0.0,17.0,745.0
SKU0036,2025-07-28,33,393574.17,0,0,Furnishings,1984.0,0.0,17.0,745.0
SKU0036,2025-08-04,44,524765.56,0,0,Furnishings,1955.0,0.0,17.0,745.0
SKU0036,2025-08-11,25,298162.25,0,1,Furnishings,1919.0,0.0,17.0,745.0
SKU0036,2025-08-18,16,190823.84000000003,0,0,Furnishings,1909.0,0.0,17.0,745.0
SKU0036,2025-08-25,35,417427.15,0,0,Furnishings,1909.0,0.0,17.0,745.0
SKU0036,2025-09-01,11,131191.38999999998,0,0,Furnishings,1863.0,0.0,17.0,745.0
SKU0036,2025-09-08,27,322015.23,0,0,Furnishings,1848.0,0.0,17.0,745.0
SKU0036,2025-09-15,25,298162.25,0,0,Furnishings,1825.0,0.0,17.0,745.0
SKU0036,2025-09-22,31,369721.19,0,0,Furnishings,1789.0,0.0,17.0,745.0
SKU0036,2025-09-29,35,417427.15,0,1,Furnishings,1763.0,0.0,17.0,745.0
SKU0036,2025-10-06,7,83485.43,0,0,Furnishings,1731.0,0.0,17.0,745.0
SKU0036,2025-10-13,52,559352.38,1,0,Furnishings,1700.0,0.0,17.0,745.0
SKU0036,2025-10-20,9,107338.40999999999,1,0,Furnishings,1668.0,0.0,17.0,745.0
SKU0036,2025-10-27,8,95411.92,0,1,Furnishings,1662.0,0.0,17.0,745.0
SKU0036,2025-11-03,15,178897.34999999998,0,0,Furnishings,1644.0,0.0,17.0,745.0
SKU0036,2025-11-10,33,393574.17,0,0,Furnishings,1629.0,0.0,17.0,745.0
SKU0036,2025-11-17,6,71558.94,0,0,Furnishings,1604.0,0.0,17.0,745.0
SKU0036,2025-11-24,1,10137.52,1,0,Furnishings,1604.0,0.0,17.0,745.0
SKU0036,2025-12-01,48,559948.71,1,0,Furnishings,1596.0,0.0,17.0,745.0
SKU0036,2025-12-08,4,47705.96,0,0,Furnishings,1555.0,0.0,17.0,745.0
SKU0036,2025-12-15,25,298162.25,0,0,Furnishings,1551.0,0.0,17.0,745.0
SKU0036,2025-12-22,8,95411.92,0,1,Furnishings,1526.0,0.0,17.0,745.0
SKU0037,2025-03-17,46,219134.34,0,0,Small Appliances,98.0,1140.0,22.0,659.0
SKU0037,2025-03-24,74,352520.46,0,0,Small Appliances,98.0,1140.0,22.0,659.0
SKU0037,2025-03-31,0,0.0,0,0,Small Appliances,1.0,1140.0,22.0,659.0
SKU0037,2025-04-07,0,0.0,0,0,Small Appliances,1.0,1140.0,22.0,659.0
SKU0037,2025-04-14,266,1267168.1400000001,0,0,Small Appliances,1062.0,0.0,22.0,659.0
SKU0037,2025-04-21,229,1090907.91,0,0,Small Appliances,801.0,0.0,22.0,659.0
SKU0037,2025-04-28,241,1148073.39,0,0,Small Appliances,500.0,1295.0,22.0,659.0
SKU0037,2025-05-05,241,1148073.39,0,0,Small Appliances,1547.0,0.0,22.0,659.0
SKU0037,2025-05-12,246,1171892.34,0,0,Small Appliances,1313.0,0.0,22.0,659.0
SKU0037,2025-05-19,272,1295750.8800000001,0,0,Small Appliances,1053.0,0.0,22.0,659.0
SKU0037,2025-05-26,243,1157600.97,0,0,Small Appliances,697.0,0.0,22.0,659.0
SKU0037,2025-06-02,221,1052797.59,0,0,Small Appliances,476.0,1637.0,22.0,659.0
SKU0037,2025-06-09,263,1219292.05,1,0,Small Appliances,213.0,1637.0,22.0,659.0
SKU0037,2025-06-16,415,1695432.86,1,0,Small Appliances,1435.0,0.0,22.0,659.0
SKU0037,2025-06-23,240,1143309.6,0,0,Small Appliances,1435.0,0.0,22.0,659.0
SKU0037,2025-06-30,268,1276695.72,0,0,Small Appliances,1116.0,0.0,22.0,659.0
SKU0037,2025-07-07,206,981340.74,0,0,Small Appliances,864.0,0.0,22.0,659.0
SKU0037,2025-07-14,238,1133782.02,0,0,Small Appliances,654.0,1227.0,22.0,659.0
SKU0037,2025-07-21,210,1000395.9,0,0,Small Appliances,412.0,1227.0,22.0,659.0
SKU0037,2025-07-28,186,886064.94,0,0,Small Appliances,1363.0,0.0,22.0,659.0
SKU0037,2025-08-04,179,852718.41,0,0,Small Appliances,1173.0,0.0,22.0,659.0
SKU0037,2025-08-11,180,857482.2,0,1,Small Appliances,995.0,0.0,22.0,659.0
SKU0037,2025-08-18,203,967049.37,0,0,Small Appliances,807.0,0.0,22.0,659.0
SKU0037,2025-08-25,196,933702.8400000001,0,0,Small Appliances,807.0,0.0,22.0,659.0
SKU0037,2025-09-01,161,766970.1900000001,0,0,Small Appliances,534.0,1117.0,22.0,659.0
SKU0037,2025-09-08,171,814608.09,0,0,Small Appliances,371.0,1117.0,22.0,659.0
SKU0037,2025-09-15,161,766970.1900000001,0,0,Small Appliances,1316.0,0.0,22.0,659.0
SKU0037,2025-09-22,164,781261.56,0,0,Small Appliances,1161.0,0.0,22.0,659.0
SKU0037,2025-09-29,189,900356.31,0,1,Small Appliances,931.0,0.0,22.0,659.0
SKU0037,2025-10-06,193,919411.47,0,0,Small Appliances,746.0,0.0,22.0,659.0
SKU0037,2025-10-13,278,1168557.69,1,0,Small Appliances,536.0,1616.0,22.0,659.0
SKU0037,2025-10-20,195,869629.87,1,0,Small Appliances,254.0,1616.0,22.0,659.0
SKU0037,2025-10-27,174,828899.46,0,1,Small Appliances,1622.0,0.0,22.0,659.0
SKU0037,2025-11-03,157,747915.03,0,0,Small Appliances,1467.0,0.0,22.0,659.0
SKU0037,2025-11-10,173,824135.67,0,0,Small Appliances,1293.0,0.0,22.0,659.0
SKU0037,2025-11-17,193,919411.47,0,0,Small Appliances,1104.0,0.0,22.0,659.0
SKU0037,2025-11-24,291,1197616.81,1,0,Small Appliances,1104.0,0.0,22.0,659.0
SKU0037,2025-12-01,197,911313.03,1,0,Small Appliances,751.0,0.0,22.0,659.0
SKU0037,2025-12-08,183,871773.5700000001,0,0,Small Appliances,563.0,1484.0,22.0,659.0
SKU0037,2025-12-15,170,809844.2999999999,0,0,Small Appliances,1861.0,0.0,22.0,659.0
SKU0037,2025-12-22,183,871773.57,0,1,Small Appliances,1695.0,0.0,22.0,659.0
SKU0038,2024-07-01,65,91010.4,0,0,Decor,231.0,420.0,7.0,245.0
SKU0038,2024-07-08,206,288432.96,0,0,Decor,231.0,420.0,7.0,245.0
SKU0038,2024-07-15,230,322036.8,0,0,Decor,441.0,0.0,7.0,245.0
SKU0038,2024-07-22,242,338838.72,0,0,Decor,212.0,387.0,7.0,245.0
SKU0038,2024-07-29,206,288432.96,0,0,Decor,248.0,0.0,7.0,245.0
SKU0038,2024-08-05,222,310835.52,0,0,Decor,40.0,470.0,7.0,245.0
SKU0038,2024-08-12,229,320636.64,0,1,Decor,288.0,0.0,7.0,245.0
SKU0038,2024-08-19,213,298234.08,0,0,Decor,76.0,397.0,7.0,245.0
SKU0038,2024-08-26,212,296833.92,0,0,Decor,611.0,0.0,7.0,245.0
SKU0038,2024-09-02,193,270230.88,0,0,Decor,418.0,0.0,7.0,245.0
SKU0038,2024-09-09,218,305234.88,0,0,Decor,200.0,547.0,7.0,245.0
SKU0038,2024-09-16,199,278631.83999999997,0,0,Decor,548.0,0.0,7.0,245.0
SKU0038,2024-09-23,211,295433.76,0,0,Decor,548.0,0.0,7.0,245.0
SKU0038,2024-09-30,187,261829.92,0,1,Decor,279.0,0.0,7.0,245.0
SKU0038,2024-10-07,215,301034.4,0,0,Decor,659.0,0.0,7.0,245.0
SKU0038,2024-10-14,370,446230.99,1,0,Decor,398.0,0.0,7.0,245.0
SKU0038,2024-10-21,178,235156.87,1,0,Decor,33.0,559.0,7.0,245.0
SKU0038,2024-10-28,219,306635.04,0,1,Decor,343.0,0.0,7.0,245.0
SKU0038,2024-11-04,228,319236.48,0,0,Decor,507.0,0.0,7.0,245.0
SKU0038,2024-11-11,203,284232.48,0,0,Decor,302.0,0.0,7.0,245.0
SKU0038,2024-11-18,195,273031.2,0,0,Decor,637.0,0.0,7.0,245.0
SKU0038,2024-11-25,394,468913.58,1,0,Decor,193.0,413.0,7.0,245.0
SKU0038,2024-12-02,244,341639.04,0,0,Decor,362.0,0.0,7.0,245.0
SKU0038,2024-12-09,225,315036.0,0,0,Decor,524.0,0.0,7.0,245.0
SKU0038,2024-12-16,224,313635.84,0,0,Decor,300.0,0.0,7.0,245.0
SKU0038,2024-12-23,228,319236.48,0,1,Decor,300.0,0.0,7.0,245.0
SKU0038,2024-12-30,413,506647.91000000003,1,0,Decor,505.0,0.0,7.0,245.0
SKU0038,2025-01-06,257,338628.7,1,0,Decor,119.0,578.0,7.0,245.0
SKU0038,2025-01-13,247,345839.52,0,0,Decor,478.0,0.0,7.0,245.0
SKU0038,2025-01-20,249,348639.84,0,1,Decor,227.0,494.0,7.0,245.0
SKU0038,2025-01-27,281,393444.95999999996,0,0,Decor,337.0,0.0,7.0,245.0
SKU0038,2025-02-03,236,330437.76,0,0,Decor,500.0,0.0,7.0,245.0
SKU0038,2025-02-10,254,355640.64,0,0,Decor,242.0,551.0,7.0,245.0
SKU0038,2025-02-17,271,379443.36,0,0,Decor,525.0,0.0,7.0,245.0
SKU0038,2025-02-24,283,396245.28,0,0,Decor,244.0,591.0,7.0,245.0
SKU0038,2025-03-03,269,376643.04000000004,0,0,Decor,564.0,0.0,7.0,245.0
SKU0038,2025-03-10,276,386444.16,0,0,Decor,287.0,0.0,7.0,245.0
SKU0038,2025-03-17,282,394845.12,0,0,Decor,608.0,0.0,7.0,245.0
SKU0038,2025-03-24,282,394845.12,0,0,Decor,608.0,0.0,7.0,245.0
SKU0038,2025-03-31,289,404646.24,0,0,Decor,202.0,473.0,7.0,245.0
SKU0038,2025-04-07,283,396245.28,0,0,Decor,395.0,0.0,7.0,245.0
SKU0038,2025-04-14,261,365441.76,0,0,Decor,109.0,381.0,7.0,245.0
SKU0038,2025-04-21,283,396245.28,0,0,Decor,221.0,498.0,7.0,245.0
SKU0038,2025-04-28,310,434049.6,0,0,Decor,331.0,0.0,7.0,245.0
SKU0038,2025-05-05,284,397645.44,0,0,Decor,33.0,449.0,7.0,245.0
SKU0038,2025-05-12,308,431249.27999999997,0,0,Decor,189.0,554.0,7.0,245.0
SKU0038,2025-05-19,317,443850.72,0,0,Decor,430.0,0.0,7.0,245.0
SKU0038,2025-05-26,274,383643.83999999997,0,0,Decor,620.0,0.0,7.0,245.0
SKU0038,2025-06-02,289,404646.24,0,0,Decor,331.0,0.0,7.0,245.0
SKU0038,2025-06-09,304,416197.56,1,0,Decor,482.0,0.0,7.0,245.0
SKU0038,2025-06-16,425,510638.35000000003,1,0,Decor,583.0,0.0,7.0,245.0
SKU0038,2025-06-23,274,383643.84,0,0,Decor,583.0,0.0,7.0,245.0
SKU0038,2025-06-30,262,366841.92,0,0,Decor,222.0,515.0,7.0,245.0
SKU0038,2025-07-07,271,379443.36,0,0,Decor,478.0,0.0,7.0,245.0
SKU0038,2025-07-14,283,396245.28,0,0,Decor,197.0,484.0,7.0,245.0
SKU0038,2025-07-21,252,352840.31999999995,0,0,Decor,404.0,0.0,7.0,245.0
SKU0038,2025-07-28,262,366841.92,0,0,Decor,541.0,0.0,7.0,245.0
SKU0038,2025-08-04,259,362641.44,0,0,Decor,297.0,0.0,7.0,245.0
SKU0038,2025-08-11,267,373842.72,0,1,Decor,404.0,0.0,7.0,245.0
SKU0038,2025-08-18,254,355640.64,0,0,Decor,555.0,0.0,7.0,245.0
SKU0038,2025-08-25,252,352840.32,0,0,Decor,555.0,0.0,7.0,245.0
SKU0038,2025-09-01,226,316436.16000000003,0,0,Decor,219.0,495.0,7.0,245.0
SKU0038,2025-09-08,235,329037.6,0,0,Decor,492.0,0.0,7.0,245.0
SKU0038,2025-09-15,244,341639.04,0,0,Decor,253.0,0.0,7.0,245.0
SKU0038,2025-09-22,235,329037.6,0,0,Decor,503.0,0.0,7.0,245.0
SKU0038,2025-09-29,236,330437.76,0,1,Decor,171.0,580.0,7.0,245.0
SKU0038,2025-10-06,228,319236.48,0,0,Decor,529.0,0.0,7.0,245.0
SKU0038,2025-10-13,400,491806.21,1,0,Decor,254.0,0.0,7.0,245.0
SKU0038,2025-10-20,300,391694.76,1,0,Decor,366.0,0.0,7.0,245.0
SKU0038,2025-10-27,229,320636.64,0,1,Decor,491.0,0.0,7.0,245.0
SKU0038,2025-11-03,238,333238.08,0,0,Decor,250.0,0.0,7.0,245.0
SKU0038,2025-11-10,219,306635.04000000004,0,0,Decor,452.0,0.0,7.0,245.0
SKU0038,2025-11-17,234,327637.44,0,0,Decor,229.0,503.0,7.0,245.0
SKU0038,2025-11-24,286,347519.72000000003,1,0,Decor,229.0,503.0,7.0,245.0
SKU0038,2025-12-01,279,373422.67,1,0,Decor,332.0,0.0,7.0,245.0
SKU0038,2025-12-08,273,382243.68,0,0,Decor,474.0,0.0,7.0,245.0
SKU0038,2025-12-15,282,394845.12,0,0,Decor,196.0,598.0,7.0,245.0
SKU0038,2025-12-22,276,386444.16000000003,0,1,Decor,506.0,0.0,7.0,245.0
SKU0039,2024-04-29,65,115477.7,0,0,Small Appliances,82.0,0.0,8.0,76.0
SKU0039,2024-05-06,69,122584.01999999999,0,0,Small Appliances,192.0,0.0,8.0,76.0
SKU0039,2024-05-13,75,133243.5,0,0,Small Appliances,114.0,0.0,8.0,76.0
SKU0039,2024-05-20,67,119030.85999999999,0,0,Small Appliances,48.0,130.0,8.0,76.0
SKU0039,2024-05-27,73,129690.34,0,0,Small Appliances,72.0,185.0,8.0,76.0
SKU0039,2024-06-03,65,115477.7,0,0,Small Appliances,8.0,185.0,8.0,76.0
SKU0039,2024-06-10,67,112635.17,1,0,Small Appliances,129.0,0.0,8.0,76.0
SKU0039,2024-06-17,93,143902.98,1,0,Small Appliances,34.0,176.0,8.0,76.0
SKU0039,2024-06-24,73,129690.34,0,0,Small Appliances,34.0,176.0,8.0,76.0
SKU0039,2024-07-01,50,88829.0,0,0,Small Appliances,120.0,0.0,8.0,76.0
SKU0039,2024-07-08,39,69286.62,0,0,Small Appliances,72.0,129.0,8.0,76.0
SKU0039,2024-07-15,52,92382.16,0,0,Small Appliances,159.0,0.0,8.0,76.0
SKU0039,2024-07-22,51,90605.58,0,0,Small Appliances,109.0,0.0,8.0,76.0
SKU0039,2024-07-29,40,71063.2,0,0,Small Appliances,154.0,0.0,8.0,76.0
SKU0039,2024-08-05,31,55073.979999999996,0,0,Small Appliances,122.0,0.0,8.0,76.0
SKU0039,2024-08-12,40,71063.2,0,1,Small Appliances,86.0,0.0,8.0,76.0
SKU0039,2024-08-19,44,78169.51999999999,0,0,Small Appliances,168.0,0.0,8.0,76.0
SKU0039,2024-08-26,46,81722.68,0,0,Small Appliances,104.0,0.0,8.0,76.0
SKU0039,2024-09-02,34,60403.72,0,0,Small Appliances,70.0,181.0,8.0,76.0
SKU0039,2024-09-09,44,78169.51999999999,0,0,Small Appliances,207.0,0.0,8.0,76.0
SKU0039,2024-09-16,43,76392.94,0,0,Small Appliances,164.0,0.0,8.0,76.0
SKU0039,2024-09-23,39,69286.62,0,0,Small Appliances,164.0,0.0,8.0,76.0
SKU0039,2024-09-30,42,74616.36,0,1,Small Appliances,111.0,0.0,8.0,76.0
SKU0039,2024-10-07,26,46191.08,0,0,Small Appliances,77.0,0.0,8.0,76.0
SKU0039,2024-10-14,50,75504.65,1,0,Small Appliances,166.0,0.0,8.0,76.0
SKU0039,2024-10-21,35,60314.89,1,0,Small Appliances,108.0,0.0,8.0,76.0
SKU0039,2024-10-28,41,72839.78,0,1,Small Appliances,179.0,0.0,8.0,76.0
SKU0039,2024-11-04,30,53297.399999999994,0,0,Small Appliances,146.0,0.0,8.0,76.0
SKU0039,2024-11-11,29,51520.82,0,0,Small Appliances,121.0,0.0,8.0,76.0
SKU0039,2024-11-18,31,55073.979999999996,0,0,Small Appliances,86.0,0.0,8.0,76.0
SKU0039,2024-11-25,63,95135.86,1,0,Small Appliances,17.0,185.0,8.0,76.0
SKU0039,2024-12-02,49,87052.42,0,0,Small Appliances,153.0,0.0,8.0,76.0
SKU0039,2024-12-09,53,94158.73999999999,0,0,Small Appliances,100.0,0.0,8.0,76.0
SKU0039,2024-12-16,43,76392.94,0,0,Small Appliances,57.0,126.0,8.0,76.0
SKU0039,2024-12-23,49,87052.42,0,1,Small Appliances,57.0,126.0,8.0,76.0
SKU0039,2024-12-30,78,120718.61,1,0,Small Appliances,108.0,0.0,8.0,76.0
SKU0039,2025-01-06,62,104018.76,1,0,Small Appliances,23.0,179.0,8.0,76.0
SKU0039,2025-01-13,53,94158.74,0,0,Small Appliances,142.0,0.0,8.0,76.0
SKU0039,2025-01-20,51,90605.58,0,1,Small Appliances,99.0,0.0,8.0,76.0
SKU0039,2025-01-27,51,90605.58,0,0,Small Appliances,210.0,0.0,8.0,76.0
SKU0039,2025-02-03,67,119030.86,0,0,Small Appliances,149.0,0.0,8.0,76.0
SKU0039,2025-02-10,67,119030.86,0,0,Small Appliances,76.0,154.0,8.0,76.0
SKU0039,2025-02-17,62,110147.95999999999,0,0,Small Appliances,166.0,0.0,8.0,76.0
SKU0039,2025-02-24,66,117254.28,0,0,Small Appliances,102.0,0.0,8.0,76.0
SKU0039,2025-03-03,74,131466.92,0,0,Small Appliances,195.0,0.0,8.0,76.0
SKU0039,2025-03-10,72,127913.76000000001,0,0,Small Appliances,119.0,0.0,8.0,76.0
SKU0039,2025-03-17,77,136796.66,0,0,Small Appliances,49.0,154.0,8.0,76.0
SKU0039,2025-03-24,63,111924.54,0,0,Small Appliances,49.0,154.0,8.0,76.0
SKU0039,2025-03-31,80,142126.4,0,0,Small Appliances,97.0,0.0,8.0,76.0
SKU0039,2025-04-07,81,143902.97999999998,0,0,Small Appliances,20.0,176.0,8.0,76.0
SKU0039,2025-04-14,83,147456.13999999998,0,0,Small Appliances,116.0,0.0,8.0,76.0
SKU0039,2025-04-21,77,136796.66,0,0,Small Appliances,35.0,136.0,8.0,76.0
SKU0039,2025-04-28,81,143902.97999999998,0,0,Small Appliances,67.0,147.0,8.0,76.0
SKU0039,2025-05-05,77,136796.66,0,0,Small Appliances,130.0,0.0,8.0,76.0
SKU0039,2025-05-12,70,124360.59999999999,0,0,Small Appliances,60.0,121.0,8.0,76.0
SKU0039,2025-05-19,83,147456.14,0,0,Small Appliances,103.0,0.0,8.0,76.0
SKU0039,2025-05-26,73,129690.34,0,0,Small Appliances,131.0,0.0,8.0,76.0
SKU0039,2025-06-02,56,99488.48,0,0,Small Appliances,75.0,156.0,8.0,76.0
SKU0039,2025-06-09,67,116365.98999999999,1,0,Small Appliances,164.0,0.0,8.0,76.0
SKU0039,2025-06-16,121,184586.65,1,0,Small Appliances,43.0,140.0,8.0,76.0
SKU0039,2025-06-23,47,83499.26,0,0,Small Appliances,43.0,140.0,8.0,76.0
SKU0039,2025-06-30,62,110147.96,0,0,Small Appliances,121.0,0.0,8.0,76.0
SKU0039,2025-07-07,54,95935.32,0,0,Small Appliances,59.0,123.0,8.0,76.0
SKU0039,2025-07-14,49,87052.42,0,0,Small Appliances,127.0,0.0,8.0,76.0
SKU0039,2025-07-21,56,99488.48,0,0,Small Appliances,76.0,162.0,8.0,76.0
SKU0039,2025-07-28,48,85275.84,0,0,Small Appliances,166.0,0.0,8.0,76.0
SKU0039,2025-08-04,42,74616.36,0,0,Small Appliances,119.0,0.0,8.0,76.0
SKU0039,2025-08-11,44,78169.52,0,1,Small Appliances,74.0,171.0,8.0,76.0
SKU0039,2025-08-18,41,72839.78,0,0,Small Appliances,33.0,171.0,8.0,76.0
SKU0039,2025-08-25,39,69286.62,0,0,Small Appliances,33.0,171.0,8.0,76.0
SKU0039,2025-09-01,41,72839.78,0,0,Small Appliances,151.0,0.0,8.0,76.0
SKU0039,2025-09-08,34,60403.72,0,0,Small Appliances,109.0,0.0,8.0,76.0
SKU0039,2025-09-15,39,69286.62,0,0,Small Appliances,78.0,0.0,8.0,76.0
SKU0039,2025-09-22,34,60403.72,0,0,Small Appliances,38.0,123.0,8.0,76.0
SKU0039,2025-09-29,44,78169.52,0,1,Small Appliances,109.0,0.0,8.0,76.0
SKU0039,2025-10-06,34,60403.72,0,0,Small Appliances,74.0,126.0,8.0,76.0
SKU0039,2025-10-13,58,91316.20999999999,1,0,Small Appliances,155.0,0.0,8.0,76.0
SKU0039,2025-10-20,38,63246.229999999996,1,0,Small Appliances,102.0,0.0,8.0,76.0
SKU0039,2025-10-27,24,42637.92,0,1,Small Appliances,62.0,121.0,8.0,76.0
SKU0039,2025-11-03,37,65733.45999999999,0,0,Small Appliances,150.0,0.0,8.0,76.0
SKU0039,2025-11-10,32,56850.56,0,0,Small Appliances,113.0,0.0,8.0,76.0
SKU0039,2025-11-17,41,72839.78,0,0,Small Appliances,78.0,0.0,8.0,76.0
SKU0039,2025-11-24,51,78080.69,1,0,Small Appliances,78.0,0.0,8.0,76.0
SKU0039,2025-12-01,51,88207.2,1,0,Small Appliances,140.0,0.0,8.0,76.0
SKU0039,2025-12-08,47,83499.26,0,0,Small Appliances,87.0,0.0,8.0,76.0
SKU0039,2025-12-15,35,62180.299999999996,0,0,Small Appliances,165.0,0.0,8.0,76.0
SKU0039,2025-12-22,49,87052.42,0,1,Small Appliances,125.0,0.0,8.0,76.0
SKU0040,2024-10-21,0,0.0,0,0,Furnishings,331.0,0.0,16.0,28.0
SKU0040,2024-10-28,8,58072.56,0,1,Furnishings,331.0,0.0,16.0,28.0
SKU0040,2024-11-04,8,58072.56,0,0,Furnishings,323.0,0.0,16.0,28.0
SKU0040,2024-11-11,7,50813.49,0,0,Furnishings,315.0,0.0,16.0,28.0
SKU0040,2024-11-18,14,101626.98,0,0,Furnishings,303.0,0.0,16.0,28.0
SKU0040,2024-11-25,20,123404.20000000001,1,0,Furnishings,280.0,0.0,16.0,28.0
SKU0040,2024-12-02,11,79849.76999999999,0,0,Furnishings,269.0,0.0,16.0,28.0
SKU0040,2024-12-09,10,72590.7,0,0,Furnishings,259.0,0.0,16.0,28.0
SKU0040,2024-12-16,10,72590.7,0,0,Furnishings,249.0,0.0,16.0,28.0
SKU0040,2024-12-23,13,94367.91,0,1,Furnishings,249.0,0.0,16.0,28.0
SKU0040,2024-12-30,24,152440.48,1,0,Furnishings,227.0,0.0,16.0,28.0
SKU0040,2025-01-06,25,170588.15,1,0,Furnishings,198.0,0.0,16.0,28.0
SKU0040,2025-01-13,17,123404.19,0,0,Furnishings,181.0,0.0,16.0,28.0
SKU0040,2025-01-20,14,101626.98,0,1,Furnishings,163.0,0.0,16.0,28.0
SKU0040,2025-01-27,19,137922.33,0,0,Furnishings,139.0,0.0,16.0,28.0
SKU0040,2025-02-03,25,181476.75,0,0,Furnishings,115.0,0.0,16.0,28.0
SKU0040,2025-02-10,17,123404.19,0,0,Furnishings,98.0,0.0,16.0,28.0
SKU0040,2025-02-17,20,145181.4,0,0,Furnishings,79.0,0.0,16.0,28.0
SKU0040,2025-02-24,20,145181.4,0,0,Furnishings,57.0,0.0,16.0,28.0
SKU0040,2025-03-03,23,166958.61,0,0,Furnishings,35.0,0.0,16.0,28.0
SKU0040,2025-03-10,21,152440.47,0,0,Furnishings,14.0,58.0,16.0,28.0
SKU0040,2025-03-17,22,159699.53999999998,0,0,Furnishings,50.0,0.0,16.0,28.0
SKU0040,2025-03-24,22,159699.53999999998,0,0,Furnishings,50.0,0.0,16.0,28.0
SKU0040,2025-03-31,27,195994.88999999998,0,0,Furnishings,16.0,55.0,16.0,28.0
SKU0040,2025-04-07,23,166958.61,0,0,Furnishings,43.0,0.0,16.0,28.0
SKU0040,2025-04-14,23,166958.61,0,0,Furnishings,21.0,60.0,16.0,28.0
SKU0040,2025-04-21,29,210513.03,0,0,Furnishings,56.0,0.0,16.0,28.0
SKU0040,2025-04-28,21,152440.47,0,0,Furnishings,24.0,52.0,16.0,28.0
SKU0040,2025-05-05,22,159699.53999999998,0,0,Furnishings,55.0,0.0,16.0,28.0
SKU0040,2025-05-12,24,174217.68,0,0,Furnishings,33.0,0.0,16.0,28.0
SKU0040,2025-05-19,23,166958.61,0,0,Furnishings,59.0,0.0,16.0,28.0
SKU0040,2025-05-26,24,174217.68,0,0,Furnishings,26.0,46.0,16.0,28.0
SKU0040,2025-06-02,21,152440.47,0,0,Furnishings,51.0,0.0,16.0,28.0
SKU0040,2025-06-09,25,176032.44999999998,1,0,Furnishings,26.0,51.0,16.0,28.0
SKU0040,2025-06-16,26,160425.46000000002,1,0,Furnishings,0.0,51.0,16.0,28.0
SKU0040,2025-06-23,18,130663.26,0,0,Furnishings,0.0,51.0,16.0,28.0
SKU0040,2025-06-30,19,137922.33,0,0,Furnishings,27.0,45.0,16.0,28.0
SKU0040,2025-07-07,17,123404.19,0,0,Furnishings,9.0,45.0,16.0,28.0
SKU0040,2025-07-14,20,145181.4,0,0,Furnishings,37.0,0.0,16.0,28.0
SKU0040,2025-07-21,21,152440.47,0,0,Furnishings,17.0,55.0,16.0,28.0
SKU0040,2025-07-28,18,130663.26,0,0,Furnishings,42.0,0.0,16.0,28.0
SKU0040,2025-08-04,15,108886.04999999999,0,0,Furnishings,27.0,67.0,16.0,28.0
SKU0040,2025-08-11,16,116145.12,0,1,Furnishings,79.0,0.0,16.0,28.0
SKU0040,2025-08-18,17,123404.19,0,0,Furnishings,62.0,0.0,16.0,28.0
SKU0040,2025-08-25,16,116145.12,0,0,Furnishings,62.0,0.0,16.0,28.0
SKU0040,2025-09-01,12,87108.84,0,0,Furnishings,41.0,0.0,16.0,28.0
SKU0040,2025-09-08,8,58072.56,0,0,Furnishings,29.0,0.0,16.0,28.0
SKU0040,2025-09-15,9,65331.63,0,0,Furnishings,87.0,0.0,16.0,28.0
SKU0040,2025-09-22,12,87108.84,0,0,Furnishings,76.0,0.0,16.0,28.0
SKU0040,2025-09-29,8,58072.56,0,1,Furnishings,62.0,0.0,16.0,28.0
SKU0040,2025-10-06,13,94367.91,0,0,Furnishings,54.0,0.0,16.0,28.0
SKU0040,2025-10-13,15,95819.73000000001,1,0,Furnishings,40.0,0.0,16.0,28.0
SKU0040,2025-10-20,10,66057.54,1,0,Furnishings,24.0,67.0,16.0,28.0
SKU0040,2025-10-27,13,94367.91,0,1,Furnishings,76.0,0.0,16.0,28.0
SKU0040,2025-11-03,12,87108.84,0,0,Furnishings,63.0,0.0,16.0,28.0
SKU0040,2025-11-10,9,65331.63,0,0,Furnishings,54.0,0.0,16.0,28.0
SKU0040,2025-11-17,11,79849.76999999999,0,0,Furnishings,43.0,0.0,16.0,28.0
SKU0040,2025-11-24,14,88560.66,1,0,Furnishings,43.0,0.0,16.0,28.0
SKU0040,2025-12-01,17,121226.47,1,0,Furnishings,25.0,70.0,16.0,28.0
SKU0040,2025-12-08,10,72590.7,0,0,Furnishings,8.0,70.0,16.0,28.0
SKU0040,2025-12-15,14,101626.98,0,0,Furnishings,0.0,70.0,16.0,28.0
SKU0040,2025-12-22,17,123404.19,0,1,Furnishings,55.0,0.0,16.0,28.0
SKU0041,2025-04-28,70,288902.6,0,0,Small Appliances,1.0,855.0,18.0,459.0
SKU0041,2025-05-05,0,0.0,0,0,Small Appliances,1.0,855.0,18.0,459.0
SKU0041,2025-05-12,0,0.0,0,0,Small Appliances,1.0,855.0,18.0,459.0
SKU0041,2025-05-19,281,1159737.58,0,0,Small Appliances,678.0,0.0,18.0,459.0
SKU0041,2025-05-26,294,1213390.92,0,0,Small Appliances,281.0,821.0,18.0,459.0
SKU0041,2025-06-02,284,1172119.12,0,0,Small Appliances,818.0,0.0,18.0,459.0
SKU0041,2025-06-09,263,1047684.64,1,0,Small Appliances,555.0,0.0,18.0,459.0
SKU0041,2025-06-16,427,1514055.99,1,0,Small Appliances,128.0,1084.0,18.0,459.0
SKU0041,2025-06-23,257,1060685.26,0,0,Small Appliances,128.0,1084.0,18.0,459.0
SKU0041,2025-06-30,228,940997.04,0,0,Small Appliances,881.0,0.0,18.0,459.0
SKU0041,2025-07-07,207,854326.26,0,0,Small Appliances,676.0,0.0,18.0,459.0
SKU0041,2025-07-14,239,986396.02,0,0,Small Appliances,451.0,953.0,18.0,459.0
SKU0041,2025-07-21,211,870834.98,0,0,Small Appliances,201.0,953.0,18.0,459.0
SKU0041,2025-07-28,194,800672.92,0,0,Small Appliances,864.0,0.0,18.0,459.0
SKU0041,2025-08-04,161,664475.98,0,0,Small Appliances,721.0,0.0,18.0,459.0
SKU0041,2025-08-11,162,668603.16,0,1,Small Appliances,552.0,0.0,18.0,459.0
SKU0041,2025-08-18,187,771782.66,0,0,Small Appliances,365.0,797.0,18.0,459.0
SKU0041,2025-08-25,177,730510.86,0,0,Small Appliances,365.0,797.0,18.0,459.0
SKU0041,2025-09-01,151,623204.1799999999,0,0,Small Appliances,121.0,797.0,18.0,459.0
SKU0041,2025-09-08,127,524151.86,0,0,Small Appliances,762.0,0.0,18.0,459.0
SKU0041,2025-09-15,165,680984.7000000001,0,0,Small Appliances,638.0,0.0,18.0,459.0
SKU0041,2025-09-22,161,664475.98,0,0,Small Appliances,460.0,0.0,18.0,459.0
SKU0041,2025-09-29,153,631458.54,0,1,Small Appliances,267.0,1001.0,18.0,459.0
SKU0041,2025-10-06,145,598441.1,0,0,Small Appliances,108.0,1001.0,18.0,459.0
SKU0041,2025-10-13,176,643427.37,1,0,Small Appliances,967.0,0.0,18.0,459.0
SKU0041,2025-10-20,182,709668.6,1,0,Small Appliances,762.0,0.0,18.0,459.0
SKU0041,2025-10-27,162,668603.16,0,1,Small Appliances,541.0,0.0,18.0,459.0
SKU0041,2025-11-03,146,602568.28,0,0,Small Appliances,391.0,1081.0,18.0,459.0
SKU0041,2025-11-10,144,594313.92,0,0,Small Appliances,1329.0,0.0,18.0,459.0
SKU0041,2025-11-17,125,515897.5,0,0,Small Appliances,1199.0,0.0,18.0,459.0
SKU0041,2025-11-24,264,937901.64,1,0,Small Appliances,1199.0,0.0,18.0,459.0
SKU0041,2025-12-01,207,833277.64,1,0,Small Appliances,886.0,0.0,18.0,459.0
SKU0041,2025-12-08,194,800672.92,0,0,Small Appliances,677.0,0.0,18.0,459.0
SKU0041,2025-12-15,208,858453.44,0,0,Small Appliances,496.0,0.0,18.0,459.0
SKU0041,2025-12-22,205,846071.9,0,1,Small Appliances,1304.0,0.0,18.0,459.0
SKU0042,2024-03-04,65,351611.65,0,0,Furnishings,0.0,799.0,16.0,486.0
SKU0042,2024-03-11,0,0.0,0,0,Furnishings,0.0,799.0,16.0,486.0
SKU0042,2024-03-18,74,400296.33999999997,0,0,Furnishings,800.0,0.0,16.0,486.0
SKU0042,2024-03-25,208,1125157.28,0,0,Furnishings,800.0,0.0,16.0,486.0
SKU0042,2024-04-01,183,989922.03,0,0,Furnishings,490.0,0.0,16.0,486.0
SKU0042,2024-04-08,182,984512.62,0,0,Furnishings,1397.0,0.0,16.0,486.0
SKU0042,2024-04-15,177,957465.5700000001,0,0,Furnishings,1208.0,0.0,16.0,486.0
SKU0042,2024-04-22,200,1081882.0,0,0,Furnishings,1022.0,0.0,16.0,486.0
SKU0042,2024-04-29,234,1265801.94,0,0,Furnishings,720.0,0.0,16.0,486.0
SKU0042,2024-05-06,184,995331.44,0,0,Furnishings,548.0,0.0,16.0,486.0
SKU0042,2024-05-13,216,1168432.56,0,0,Furnishings,348.0,885.0,16.0,486.0
SKU0042,2024-05-20,226,1222526.66,0,0,Furnishings,141.0,885.0,16.0,486.0
SKU0042,2024-05-27,198,1071063.18,0,0,Furnishings,719.0,0.0,16.0,486.0
SKU0042,2024-06-03,204,1103519.64,0,0,Furnishings,513.0,0.0,16.0,486.0
SKU0042,2024-06-10,200,1029951.67,1,0,Furnishings,1122.0,0.0,16.0,486.0
SKU0042,2024-06-17,361,1701259.44,1,0,Furnishings,758.0,0.0,16.0,486.0
SKU0042,2024-06-24,244,1319896.04,0,0,Furnishings,758.0,0.0,16.0,486.0
SKU0042,2024-07-01,213,1152204.33,0,0,Furnishings,442.0,999.0,16.0,486.0
SKU0042,2024-07-08,218,1179251.38,0,0,Furnishings,237.0,999.0,16.0,486.0
SKU0042,2024-07-15,212,1146794.92,0,0,Furnishings,1021.0,0.0,16.0,486.0
SKU0042,2024-07-22,220,1190070.2,0,0,Furnishings,818.0,0.0,16.0,486.0
SKU0042,2024-07-29,198,1071063.18,0,0,Furnishings,491.0,0.0,16.0,486.0
SKU0042,2024-08-05,207,1119747.87,0,0,Furnishings,280.0,1055.0,16.0,486.0
SKU0042,2024-08-12,241,1303667.81,0,1,Furnishings,1098.0,0.0,16.0,486.0
SKU0042,2024-08-19,180,973693.8,0,0,Furnishings,929.0,0.0,16.0,486.0
SKU0042,2024-08-26,214,1157613.74,0,0,Furnishings,633.0,0.0,16.0,486.0
SKU0042,2024-09-02,210,1135976.1,0,0,Furnishings,423.0,989.0,16.0,486.0
SKU0042,2024-09-09,178,962874.98,0,0,Furnishings,1234.0,0.0,16.0,486.0
SKU0042,2024-09-16,191,1033197.31,0,0,Furnishings,1043.0,0.0,16.0,486.0
SKU0042,2024-09-23,172,930418.52,0,0,Furnishings,1043.0,0.0,16.0,486.0
SKU0042,2024-09-30,207,1119747.87,0,1,Furnishings,760.0,0.0,16.0,486.0
SKU0042,2024-10-07,242,1309077.22,0,0,Furnishings,567.0,0.0,16.0,486.0
SKU0042,2024-10-14,369,1720192.37,1,0,Furnishings,298.0,1078.0,16.0,486.0
SKU0042,2024-10-21,210,1100273.99,1,0,Furnishings,1026.0,0.0,16.0,486.0
SKU0042,2024-10-28,235,1271211.35,0,1,Furnishings,709.0,0.0,16.0,486.0
SKU0042,2024-11-04,176,952056.16,0,0,Furnishings,508.0,0.0,16.0,486.0
SKU0042,2024-11-11,228,1233345.48,0,0,Furnishings,321.0,1201.0,16.0,486.0
SKU0042,2024-11-18,202,1092700.82,0,0,Furnishings,1315.0,0.0,16.0,486.0
SKU0042,2024-11-25,371,1705857.45,1,0,Furnishings,883.0,0.0,16.0,486.0
SKU0042,2024-12-02,201,1087291.41,0,0,Furnishings,682.0,0.0,16.0,486.0
SKU0042,2024-12-09,209,1130566.69,0,0,Furnishings,473.0,1165.0,16.0,486.0
SKU0042,2024-12-16,224,1211707.8399999999,0,0,Furnishings,1414.0,0.0,16.0,486.0
SKU0042,2024-12-23,214,1157613.74,0,1,Furnishings,1414.0,0.0,16.0,486.0
SKU0042,2024-12-30,340,1624986.75,1,0,Furnishings,1053.0,0.0,16.0,486.0
SKU0042,2025-01-06,262,1322330.27,1,0,Furnishings,695.0,0.0,16.0,486.0
SKU0042,2025-01-13,223,1206298.43,0,0,Furnishings,502.0,0.0,16.0,486.0
SKU0042,2025-01-20,263,1422674.83,0,1,Furnishings,1099.0,0.0,16.0,486.0
SKU0042,2025-01-27,203,1098110.23,0,0,Furnishings,796.0,0.0,16.0,486.0
SKU0042,2025-02-03,269,1455131.29,0,0,Furnishings,539.0,0.0,16.0,486.0
SKU0042,2025-02-10,262,1417265.42,0,0,Furnishings,265.0,1050.0,16.0,486.0
SKU0042,2025-02-17,269,1455131.29,0,0,Furnishings,1052.0,0.0,16.0,486.0
SKU0042,2025-02-24,267,1444312.47,0,0,Furnishings,786.0,0.0,16.0,486.0
SKU0042,2025-03-03,270,1460540.7,0,0,Furnishings,514.0,0.0,16.0,486.0
SKU0042,2025-03-10,236,1276620.76,0,0,Furnishings,263.0,906.0,16.0,486.0
SKU0042,2025-03-17,243,1314486.63,0,0,Furnishings,15.0,906.0,16.0,486.0
SKU0042,2025-03-24,212,1146794.92,0,0,Furnishings,15.0,906.0,16.0,486.0
SKU0042,2025-03-31,249,1346943.09,0,0,Furnishings,625.0,0.0,16.0,486.0
SKU0042,2025-04-07,290,1568728.9,0,0,Furnishings,360.0,964.0,16.0,486.0
SKU0042,2025-04-14,276,1492997.1600000001,0,0,Furnishings,1051.0,0.0,16.0,486.0
SKU0042,2025-04-21,248,1341533.68,0,0,Furnishings,781.0,0.0,16.0,486.0
SKU0042,2025-04-28,257,1390218.37,0,0,Furnishings,454.0,1013.0,16.0,486.0
SKU0042,2025-05-05,291,1574138.31,0,0,Furnishings,168.0,1013.0,16.0,486.0
SKU0042,2025-05-12,266,1438903.06,0,0,Furnishings,900.0,0.0,16.0,486.0
SKU0042,2025-05-19,283,1530863.03,0,0,Furnishings,607.0,0.0,16.0,486.0
SKU0042,2025-05-26,243,1314486.63,0,0,Furnishings,1471.0,0.0,16.0,486.0
SKU0042,2025-06-02,246,1330714.8599999999,0,0,Furnishings,1225.0,0.0,16.0,486.0
SKU0042,2025-06-09,319,1691522.51,1,0,Furnishings,906.0,0.0,16.0,486.0
SKU0042,2025-06-16,454,2121570.6,1,0,Furnishings,452.0,986.0,16.0,486.0
SKU0042,2025-06-23,241,1303667.81,0,0,Furnishings,452.0,986.0,16.0,486.0
SKU0042,2025-06-30,274,1482178.3399999999,0,0,Furnishings,1099.0,0.0,16.0,486.0
SKU0042,2025-07-07,312,1687735.92,0,0,Furnishings,821.0,0.0,16.0,486.0
SKU0042,2025-07-14,259,1401037.19,0,0,Furnishings,525.0,0.0,16.0,486.0
SKU0042,2025-07-21,231,1249573.71,0,0,Furnishings,293.0,929.0,16.0,486.0
SKU0042,2025-07-28,194,1049425.54,0,0,Furnishings,910.0,0.0,16.0,486.0
SKU0042,2025-08-04,243,1314486.63,0,0,Furnishings,662.0,0.0,16.0,486.0
SKU0042,2025-08-11,255,1379399.55,0,1,Furnishings,409.0,1124.0,16.0,486.0
SKU0042,2025-08-18,247,1336124.27,0,0,Furnishings,1294.0,0.0,16.0,486.0
SKU0042,2025-08-25,256,1384808.96,0,0,Furnishings,1294.0,0.0,16.0,486.0
SKU0042,2025-09-01,222,1200889.02,0,0,Furnishings,935.0,0.0,16.0,486.0
SKU0042,2025-09-08,258,1395627.78,0,0,Furnishings,719.0,0.0,16.0,486.0
SKU0042,2025-09-15,301,1628232.41,0,0,Furnishings,447.0,977.0,16.0,486.0
SKU0042,2025-09-22,254,1373990.1400000001,0,0,Furnishings,1132.0,0.0,16.0,486.0
SKU0042,2025-09-29,278,1503815.98,0,1,Furnishings,790.0,0.0,16.0,486.0
SKU0042,2025-10-06,242,1309077.22,0,0,Furnishings,506.0,0.0,16.0,486.0
SKU0042,2025-10-13,386,1832437.64,1,0,Furnishings,230.0,883.0,16.0,486.0
SKU0042,2025-10-20,327,1659336.51,1,0,Furnishings,723.0,0.0,16.0,486.0
SKU0042,2025-10-27,180,973693.8,0,1,Furnishings,418.0,1064.0,16.0,486.0
SKU0042,2025-11-03,222,1200889.02,0,0,Furnishings,1254.0,0.0,16.0,486.0
SKU0042,2025-11-10,258,1395627.78,0,0,Furnishings,999.0,0.0,16.0,486.0
SKU0042,2025-11-17,241,1303667.81,0,0,Furnishings,760.0,0.0,16.0,486.0
SKU0042,2025-11-24,441,2052871.08,1,0,Furnishings,760.0,0.0,16.0,486.0
SKU0042,2025-12-01,314,1640133.11,1,0,Furnishings,221.0,895.0,16.0,486.0
SKU0042,2025-12-08,294,1590366.54,0,0,Furnishings,838.0,0.0,16.0,486.0
SKU0042,2025-12-15,234,1265801.94,0,0,Furnishings,543.0,0.0,16.0,486.0
SKU0042,2025-12-22,271,1465950.1099999999,0,1,Furnishings,1244.0,0.0,16.0,486.0
SKU0043,2024-10-14,20,44433.4,1,0,Decor,278.0,0.0,26.0,117.0
SKU0043,2024-10-21,26,65996.68,1,0,Decor,278.0,0.0,26.0,117.0
SKU0043,2024-10-28,21,54888.33,0,1,Decor,243.0,0.0,26.0,117.0
SKU0043,2024-11-04,22,57502.06,0,0,Decor,223.0,0.0,26.0,117.0
SKU0043,2024-11-11,21,54888.33,0,0,Decor,201.0,0.0,26.0,117.0
SKU0043,2024-11-18,28,73184.44,0,0,Decor,175.0,0.0,26.0,117.0
SKU0043,2024-11-25,37,82201.79000000001,1,0,Decor,132.0,0.0,26.0,117.0
SKU0043,2024-12-02,26,67956.98,0,0,Decor,318.0,0.0,26.0,117.0
SKU0043,2024-12-09,24,62729.52,0,0,Decor,294.0,0.0,26.0,117.0
SKU0043,2024-12-16,30,78411.9,0,0,Decor,264.0,0.0,26.0,117.0
SKU0043,2024-12-23,28,73184.44,0,1,Decor,264.0,0.0,26.0,117.0
SKU0043,2024-12-30,45,103503.7,1,0,Decor,215.0,0.0,26.0,117.0
SKU0043,2025-01-06,41,98929.69,1,0,Decor,163.0,0.0,26.0,117.0
SKU0043,2025-01-13,32,83639.36,0,0,Decor,132.0,0.0,26.0,117.0
SKU0043,2025-01-20,36,94094.28,0,1,Decor,100.0,211.0,26.0,117.0
SKU0043,2025-01-27,34,88866.82,0,0,Decor,263.0,0.0,26.0,117.0
SKU0043,2025-02-03,37,96708.01000000001,0,0,Decor,227.0,0.0,26.0,117.0
SKU0043,2025-02-10,33,86253.09,0,0,Decor,192.0,0.0,26.0,117.0
SKU0043,2025-02-17,36,94094.28,0,0,Decor,156.0,0.0,26.0,117.0
SKU0043,2025-02-24,35,91480.55,0,0,Decor,122.0,0.0,26.0,117.0
SKU0043,2025-03-03,43,112390.39,0,0,Decor,79.0,193.0,26.0,117.0
SKU0043,2025-03-10,38,99321.73999999999,0,0,Decor,41.0,193.0,26.0,117.0
SKU0043,2025-03-17,40,104549.2,0,0,Decor,194.0,0.0,26.0,117.0
SKU0043,2025-03-24,43,112390.39,0,0,Decor,194.0,0.0,26.0,117.0
SKU0043,2025-03-31,38,99321.74,0,0,Decor,134.0,0.0,26.0,117.0
SKU0043,2025-04-07,40,104549.2,0,0,Decor,96.0,274.0,26.0,117.0
SKU0043,2025-04-14,43,112390.39,0,0,Decor,56.0,274.0,26.0,117.0
SKU0043,2025-04-21,42,109776.66,0,0,Decor,286.0,0.0,26.0,117.0
SKU0043,2025-04-28,45,117617.85,0,0,Decor,230.0,0.0,26.0,117.0
SKU0043,2025-05-05,44,115004.12,0,0,Decor,182.0,0.0,26.0,117.0
SKU0043,2025-05-12,35,91480.55,0,0,Decor,140.0,0.0,26.0,117.0
SKU0043,2025-05-19,41,107162.93000000001,0,0,Decor,99.0,273.0,26.0,117.0
SKU0043,2025-05-26,42,109776.66,0,0,Decor,44.0,273.0,26.0,117.0
SKU0043,2025-06-02,41,107162.93,0,0,Decor,277.0,0.0,26.0,117.0
SKU0043,2025-06-09,42,107424.3,1,0,Decor,235.0,0.0,26.0,117.0
SKU0043,2025-06-16,68,152641.83,1,0,Decor,167.0,0.0,26.0,117.0
SKU0043,2025-06-23,39,101935.47,0,0,Decor,167.0,0.0,26.0,117.0
SKU0043,2025-06-30,36,94094.28,0,0,Decor,116.0,273.0,26.0,117.0
SKU0043,2025-07-07,36,94094.28,0,0,Decor,353.0,0.0,26.0,117.0
SKU0043,2025-07-14,39,101935.47,0,0,Decor,314.0,0.0,26.0,117.0
SKU0043,2025-07-21,37,96708.01,0,0,Decor,276.0,0.0,26.0,117.0
SKU0043,2025-07-28,37,96708.01,0,0,Decor,221.0,0.0,26.0,117.0
SKU0043,2025-08-04,30,78411.9,0,0,Decor,190.0,0.0,26.0,117.0
SKU0043,2025-08-11,37,96708.01,0,1,Decor,154.0,0.0,26.0,117.0
SKU0043,2025-08-18,30,78411.9,0,0,Decor,124.0,0.0,26.0,117.0
SKU0043,2025-08-25,34,88866.82,0,0,Decor,124.0,0.0,26.0,117.0
SKU0043,2025-09-01,34,88866.81999999999,0,0,Decor,79.0,213.0,26.0,117.0
SKU0043,2025-09-08,29,75798.17,0,0,Decor,46.0,213.0,26.0,117.0
SKU0043,2025-09-15,25,65343.25,0,0,Decor,17.0,213.0,26.0,117.0
SKU0043,2025-09-22,30,78411.9,0,0,Decor,206.0,0.0,26.0,117.0
SKU0043,2025-09-29,26,67956.98,0,1,Decor,163.0,0.0,26.0,117.0
SKU0043,2025-10-06,25,65343.25,0,0,Decor,139.0,0.0,26.0,117.0
SKU0043,2025-10-13,48,110560.77,1,0,Decor,107.0,265.0,26.0,117.0
SKU0043,2025-10-20,34,81809.75,1,0,Decor,322.0,0.0,26.0,117.0
SKU0043,2025-10-27,32,83639.36,0,1,Decor,282.0,0.0,26.0,117.0
SKU0043,2025-11-03,29,75798.17,0,0,Decor,252.0,0.0,26.0,117.0
SKU0043,2025-11-10,33,86253.09,0,0,Decor,220.0,0.0,26.0,117.0
SKU0043,2025-11-17,33,86253.09,0,0,Decor,187.0,0.0,26.0,117.0
SKU0043,2025-11-24,47,105986.75,1,0,Decor,187.0,0.0,26.0,117.0
SKU0043,2025-12-01,41,103242.34,1,0,Decor,127.0,0.0,26.0,117.0
SKU0043,2025-12-08,36,94094.28,0,0,Decor,276.0,0.0,26.0,117.0
SKU0043,2025-12-15,34,88866.82,0,0,Decor,241.0,0.0,26.0,117.0
SKU0043,2025-12-22,35,91480.55,0,1,Decor,207.0,0.0,26.0,117.0
SKU0044,2024-03-04,21,39217.29,0,0,Decor,297.0,0.0,12.0,54.0
SKU0044,2024-03-11,35,65362.15,0,0,Decor,263.0,0.0,12.0,54.0
SKU0044,2024-03-18,31,57892.19,0,0,Decor,231.0,0.0,12.0,54.0
SKU0044,2024-03-25,34,63494.66,0,0,Decor,231.0,0.0,12.0,54.0
SKU0044,2024-04-01,37,69097.13,0,0,Decor,185.0,0.0,12.0,54.0
SKU0044,2024-04-08,34,63494.66,0,0,Decor,149.0,0.0,12.0,54.0
SKU0044,2024-04-15,33,61627.170000000006,0,0,Decor,116.0,0.0,12.0,54.0
SKU0044,2024-04-22,39,72832.11,0,0,Decor,81.0,0.0,12.0,54.0
SKU0044,2024-04-29,32,59759.68000000001,0,0,Decor,32.0,113.0,12.0,54.0
SKU0044,2024-05-06,34,63494.66,0,0,Decor,113.0,0.0,12.0,54.0
SKU0044,2024-05-13,31,57892.19,0,0,Decor,79.0,0.0,12.0,54.0
SKU0044,2024-05-20,33,61627.17,0,0,Decor,49.0,87.0,12.0,54.0
SKU0044,2024-05-27,33,61627.17,0,0,Decor,88.0,0.0,12.0,54.0
SKU0044,2024-06-03,27,50422.23,0,0,Decor,61.0,0.0,12.0,54.0
SKU0044,2024-06-10,35,62000.67,1,0,Decor,30.0,89.0,12.0,54.0
SKU0044,2024-06-17,26,42392.02,1,0,Decor,90.0,0.0,12.0,54.0
SKU0044,2024-06-24,33,61627.17,0,0,Decor,90.0,0.0,12.0,54.0
SKU0044,2024-07-01,23,42952.270000000004,0,0,Decor,49.0,101.0,12.0,54.0
SKU0044,2024-07-08,27,50422.23,0,0,Decor,127.0,0.0,12.0,54.0
SKU0044,2024-07-15,28,52289.72,0,0,Decor,100.0,0.0,12.0,54.0
SKU0044,2024-07-22,26,48554.740000000005,0,0,Decor,72.0,0.0,12.0,54.0
SKU0044,2024-07-29,21,39217.29,0,0,Decor,121.0,0.0,12.0,54.0
SKU0044,2024-08-05,23,42952.27,0,0,Decor,98.0,0.0,12.0,54.0
SKU0044,2024-08-12,20,37349.8,0,1,Decor,77.0,0.0,12.0,54.0
SKU0044,2024-08-19,25,46687.25,0,0,Decor,52.0,94.0,12.0,54.0
SKU0044,2024-08-26,25,46687.25,0,0,Decor,19.0,94.0,12.0,54.0
SKU0044,2024-09-02,21,39217.29,0,0,Decor,92.0,0.0,12.0,54.0
SKU0044,2024-09-09,19,35482.31,0,0,Decor,73.0,0.0,12.0,54.0
SKU0044,2024-09-16,21,39217.29,0,0,Decor,52.0,121.0,12.0,54.0
SKU0044,2024-09-23,17,31747.33,0,0,Decor,52.0,121.0,12.0,54.0
SKU0044,2024-09-30,18,33614.82,0,1,Decor,151.0,0.0,12.0,54.0
SKU0044,2024-10-07,22,41084.78,0,0,Decor,132.0,0.0,12.0,54.0
SKU0044,2024-10-14,28,45006.53,1,0,Decor,108.0,0.0,12.0,54.0
SKU0044,2024-10-21,23,41551.65,1,0,Decor,79.0,0.0,12.0,54.0
SKU0044,2024-10-28,22,41084.78,0,1,Decor,167.0,0.0,12.0,54.0
SKU0044,2024-11-04,18,33614.82,0,0,Decor,150.0,0.0,12.0,54.0
SKU0044,2024-11-11,19,35482.31,0,0,Decor,131.0,0.0,12.0,54.0
SKU0044,2024-11-18,19,35482.31,0,0,Decor,112.0,0.0,12.0,54.0
SKU0044,2024-11-25,39,61907.29,1,0,Decor,68.0,0.0,12.0,54.0
SKU0044,2024-12-02,22,41084.78,0,0,Decor,181.0,0.0,12.0,54.0
SKU0044,2024-12-09,22,41084.78,0,0,Decor,159.0,0.0,12.0,54.0
SKU0044,2024-12-16,22,41084.78,0,0,Decor,137.0,0.0,12.0,54.0
SKU0044,2024-12-23,21,39217.29,0,1,Decor,137.0,0.0,12.0,54.0
SKU0044,2024-12-30,38,62280.8,1,0,Decor,102.0,0.0,12.0,54.0
SKU0044,2025-01-06,36,62467.54,1,0,Decor,56.0,0.0,12.0,54.0
SKU0044,2025-01-13,30,56024.700000000004,0,0,Decor,118.0,0.0,12.0,54.0
SKU0044,2025-01-20,27,50422.23,0,1,Decor,88.0,0.0,12.0,54.0
SKU0044,2025-01-27,25,46687.25,0,0,Decor,52.0,81.0,12.0,54.0
SKU0044,2025-02-03,35,65362.15,0,0,Decor,100.0,0.0,12.0,54.0
SKU0044,2025-02-10,33,61627.170000000006,0,0,Decor,66.0,0.0,12.0,54.0
SKU0044,2025-02-17,29,54157.21,0,0,Decor,36.0,88.0,12.0,54.0
SKU0044,2025-02-24,34,63494.66,0,0,Decor,92.0,0.0,12.0,54.0
SKU0044,2025-03-03,34,63494.66,0,0,Decor,58.0,0.0,12.0,54.0
SKU0044,2025-03-10,38,70964.62,0,0,Decor,112.0,0.0,12.0,54.0
SKU0044,2025-03-17,34,63494.66,0,0,Decor,78.0,0.0,12.0,54.0
SKU0044,2025-03-24,33,61627.170000000006,0,0,Decor,78.0,0.0,12.0,54.0
SKU0044,2025-03-31,35,65362.15,0,0,Decor,29.0,98.0,12.0,54.0
SKU0044,2025-04-07,37,69097.13,0,0,Decor,93.0,0.0,12.0,54.0
SKU0044,2025-04-14,35,65362.15,0,0,Decor,56.0,0.0,12.0,54.0
SKU0044,2025-04-21,33,61627.17,0,0,Decor,150.0,0.0,12.0,54.0
SKU0044,2025-04-28,33,61627.170000000006,0,0,Decor,106.0,0.0,12.0,54.0
SKU0044,2025-05-05,34,63494.66,0,0,Decor,73.0,0.0,12.0,54.0
SKU0044,2025-05-12,36,67229.64,0,0,Decor,38.0,86.0,12.0,54.0
SKU0044,2025-05-19,28,52289.72,0,0,Decor,2.0,86.0,12.0,54.0
SKU0044,2025-05-26,36,67229.64,0,0,Decor,45.0,94.0,12.0,54.0
SKU0044,2025-06-02,33,61627.17,0,0,Decor,106.0,0.0,12.0,54.0
SKU0044,2025-06-09,37,66856.14,1,0,Decor,69.0,0.0,12.0,54.0
SKU0044,2025-06-16,53,84970.79,1,0,Decor,16.0,115.0,12.0,54.0
SKU0044,2025-06-23,16,29879.84,0,0,Decor,16.0,115.0,12.0,54.0
SKU0044,2025-06-30,32,59759.68,0,0,Decor,106.0,0.0,12.0,54.0
SKU0044,2025-07-07,30,56024.700000000004,0,0,Decor,72.0,0.0,12.0,54.0
SKU0044,2025-07-14,25,46687.25,0,0,Decor,46.0,94.0,12.0,54.0
SKU0044,2025-07-21,28,52289.72,0,0,Decor,19.0,94.0,12.0,54.0
SKU0044,2025-07-28,25,46687.25,0,0,Decor,75.0,0.0,12.0,54.0
SKU0044,2025-08-04,23,42952.270000000004,0,0,Decor,52.0,84.0,12.0,54.0
SKU0044,2025-08-11,27,50422.23,0,1,Decor,26.0,84.0,12.0,54.0
SKU0044,2025-08-18,23,42952.270000000004,0,0,Decor,84.0,0.0,12.0,54.0
SKU0044,2025-08-25,27,50422.23,0,0,Decor,84.0,0.0,12.0,54.0
SKU0044,2025-09-01,21,39217.29,0,0,Decor,50.0,118.0,12.0,54.0
SKU0044,2025-09-08,23,42952.270000000004,0,0,Decor,29.0,118.0,12.0,54.0
SKU0044,2025-09-15,20,37349.8,0,0,Decor,125.0,0.0,12.0,54.0
SKU0044,2025-09-22,18,33614.82,0,0,Decor,105.0,0.0,12.0,54.0
SKU0044,2025-09-29,20,37349.8,0,1,Decor,79.0,0.0,12.0,54.0
SKU0044,2025-10-06,22,41084.78,0,0,Decor,56.0,0.0,12.0,54.0
SKU0044,2025-10-13,29,47434.25,1,0,Decor,152.0,0.0,12.0,54.0
SKU0044,2025-10-20,21,36976.31,1,0,Decor,121.0,0.0,12.0,54.0
SKU0044,2025-10-27,20,37349.8,0,1,Decor,95.0,0.0,12.0,54.0
SKU0044,2025-11-03,21,39217.29,0,0,Decor,73.0,0.0,12.0,54.0
SKU0044,2025-11-10,20,37349.8,0,0,Decor,53.0,93.0,12.0,54.0
SKU0044,2025-11-17,22,41084.78,0,0,Decor,123.0,0.0,12.0,54.0
SKU0044,2025-11-24,32,51636.11,1,0,Decor,123.0,0.0,12.0,54.0
SKU0044,2025-12-01,28,50608.98,1,0,Decor,83.0,0.0,12.0,54.0
SKU0044,2025-12-08,21,39217.29,0,0,Decor,58.0,0.0,12.0,54.0
SKU0044,2025-12-15,23,42952.270000000004,0,0,Decor,161.0,0.0,12.0,54.0
SKU0044,2025-12-22,25,46687.25,0,1,Decor,138.0,0.0,12.0,54.0
SKU0045,2024-08-26,3,24996.45,0,0,Furnishings,308.0,0.0,9.0,112.0
SKU0045,2024-09-02,75,624911.25,0,0,Furnishings,233.0,0.0,9.0,112.0
SKU0045,2024-09-09,88,733229.2,0,0,Furnishings,145.0,0.0,9.0,112.0
SKU0045,2024-09-16,86,716564.9,0,0,Furnishings,129.0,0.0,9.0,112.0
SKU0045,2024-09-23,83,691568.45,0,0,Furnishings,129.0,0.0,9.0,112.0
SKU0045,2024-09-30,81,674904.15,0,1,Furnishings,110.0,0.0,9.0,112.0
SKU0045,2024-10-07,62,516593.3,0,0,Furnishings,89.0,53.0,9.0,112.0
SKU0045,2024-10-14,94,690735.23,1,0,Furnishings,0.0,53.0,9.0,112.0
SKU0045,2024-10-21,18,149978.7,1,0,Furnishings,0.0,59.0,9.0,112.0
SKU0045,2024-10-28,40,333286.0,0,1,Furnishings,1.0,48.0,9.0,112.0
SKU0045,2024-11-04,48,399943.2,0,0,Furnishings,1.0,47.0,9.0,112.0
SKU0045,2024-11-11,47,391611.05,0,0,Furnishings,20.0,53.0,9.0,112.0
SKU0045,2024-11-18,35,291625.25,0,0,Furnishings,40.0,62.0,9.0,112.0
SKU0045,2024-11-25,35,247881.46000000002,1,0,Furnishings,46.0,0.0,9.0,112.0
SKU0045,2024-12-02,45,374946.75,0,0,Furnishings,1.0,78.0,9.0,112.0
SKU0045,2024-12-09,74,616579.1,0,0,Furnishings,5.0,84.0,9.0,112.0
SKU0045,2024-12-16,46,383278.9,0,0,Furnishings,43.0,79.0,9.0,112.0
SKU0045,2024-12-23,66,549921.8999999999,0,1,Furnishings,43.0,79.0,9.0,112.0
SKU0045,2024-12-30,56,434105.02,1,0,Furnishings,2.0,45.0,9.0,112.0
SKU0045,2025-01-06,45,318704.73,1,0,Furnishings,1.0,0.0,9.0,112.0
SKU0045,2025-01-13,65,541589.75,0,0,Furnishings,53.0,75.0,9.0,112.0
SKU0045,2025-01-20,42,349950.3,0,1,Furnishings,0.0,75.0,9.0,112.0
SKU0045,2025-01-27,46,383278.9,0,0,Furnishings,89.0,0.0,9.0,112.0
SKU0045,2025-02-03,78,649907.7,0,0,Furnishings,1.0,46.0,9.0,112.0
SKU0045,2025-02-10,47,391611.05,0,0,Furnishings,0.0,84.0,9.0,112.0
SKU0045,2025-02-17,69,574918.35,0,0,Furnishings,33.0,59.0,9.0,112.0
SKU0045,2025-02-24,44,366614.6,0,0,Furnishings,45.0,71.0,9.0,112.0
SKU0045,2025-03-03,29,241632.35,0,0,Furnishings,1.0,71.0,9.0,112.0
SKU0045,2025-03-10,72,599914.8,0,0,Furnishings,0.0,56.0,9.0,112.0
SKU0045,2025-03-17,56,466600.4,0,0,Furnishings,0.0,50.0,9.0,112.0
SKU0045,2025-03-24,41,341618.15,0,0,Furnishings,0.0,50.0,9.0,112.0
SKU0045,2025-03-31,28,233300.2,0,0,Furnishings,0.0,87.0,9.0,112.0
SKU0045,2025-04-07,68,566586.2,0,0,Furnishings,38.0,82.0,9.0,112.0
SKU0045,2025-04-14,82,683236.3,0,0,Furnishings,61.0,0.0,9.0,112.0
SKU0045,2025-04-21,59,491596.85,0,0,Furnishings,0.0,89.0,9.0,112.0
SKU0045,2025-04-28,60,499929.0,0,0,Furnishings,1.0,89.0,9.0,112.0
SKU0045,2025-05-05,59,491596.85,0,0,Furnishings,0.0,47.0,9.0,112.0
SKU0045,2025-05-12,47,391611.05,0,0,Furnishings,0.0,70.0,9.0,112.0
SKU0045,2025-05-19,70,583250.5,0,0,Furnishings,32.0,75.0,9.0,112.0
SKU0045,2025-05-26,61,508261.15,0,0,Furnishings,14.0,81.0,9.0,112.0
SKU0045,2025-06-02,25,208303.75,0,0,Furnishings,70.0,67.0,9.0,112.0
SKU0045,2025-06-09,69,574918.35,1,0,Furnishings,1.0,67.0,9.0,112.0
SKU0045,2025-06-16,67,474515.94,1,0,Furnishings,1.0,57.0,9.0,112.0
SKU0045,2025-06-23,57,474932.55,0,0,Furnishings,1.0,57.0,9.0,112.0
SKU0045,2025-06-30,21,174975.15,0,0,Furnishings,1.0,60.0,9.0,112.0
SKU0045,2025-07-07,39,324953.85,0,0,Furnishings,17.0,86.0,9.0,112.0
SKU0045,2025-07-14,86,716564.9,0,0,Furnishings,55.0,53.0,9.0,112.0
SKU0045,2025-07-21,53,441603.95,0,0,Furnishings,53.0,0.0,9.0,112.0
SKU0045,2025-07-28,41,341618.15,0,0,Furnishings,61.0,0.0,9.0,112.0
SKU0045,2025-08-04,44,366614.6,0,0,Furnishings,1.0,50.0,9.0,112.0
SKU0045,2025-08-11,39,324953.85000000003,0,1,Furnishings,1.0,65.0,9.0,112.0
SKU0045,2025-08-18,65,541589.75,0,0,Furnishings,11.0,77.0,9.0,112.0
SKU0045,2025-08-25,37,308289.55,0,0,Furnishings,11.0,77.0,9.0,112.0
SKU0045,2025-09-01,59,491596.85,0,0,Furnishings,28.0,0.0,9.0,112.0
SKU0045,2025-09-08,60,499929.0,0,0,Furnishings,45.0,0.0,9.0,112.0
SKU0045,2025-09-15,78,649907.7,0,0,Furnishings,74.0,68.0,9.0,112.0
SKU0045,2025-09-22,60,499929.0,0,0,Furnishings,0.0,68.0,9.0,112.0
SKU0045,2025-09-29,46,383278.9,0,1,Furnishings,0.0,64.0,9.0,112.0
SKU0045,2025-10-06,39,324953.85,0,0,Furnishings,1.0,46.0,9.0,112.0
SKU0045,2025-10-13,39,306206.51,1,0,Furnishings,0.0,81.0,9.0,112.0
SKU0045,2025-10-20,81,639909.12,1,0,Furnishings,42.0,60.0,9.0,112.0
SKU0045,2025-10-27,40,333286.0,0,1,Furnishings,33.0,57.0,9.0,112.0
SKU0045,2025-11-03,46,383278.9,0,0,Furnishings,50.0,58.0,9.0,112.0
SKU0045,2025-11-10,32,266628.8,0,0,Furnishings,0.0,58.0,9.0,112.0
SKU0045,2025-11-17,58,483264.7,0,0,Furnishings,0.0,84.0,9.0,112.0
SKU0045,2025-11-24,84,594915.5,1,0,Furnishings,0.0,84.0,9.0,112.0
SKU0045,2025-12-01,35,291625.25,1,0,Furnishings,0.0,59.0,9.0,112.0
SKU0045,2025-12-08,33,274960.95,0,0,Furnishings,6.0,59.0,9.0,112.0
SKU0045,2025-12-15,50,416607.5,0,0,Furnishings,28.0,77.0,9.0,112.0
SKU0045,2025-12-22,61,508261.15,0,1,Furnishings,77.0,0.0,9.0,112.0
SKU0046,2024-01-08,70,423894.8,0,0,Small Appliances,77.0,2153.0,29.0,1232.0
SKU0046,2024-01-15,116,702454.24,0,0,Small Appliances,77.0,2153.0,29.0,1232.0
SKU0046,2024-01-22,0,0.0,0,1,Small Appliances,0.0,2153.0,29.0,1232.0
SKU0046,2024-01-29,0,0.0,0,0,Small Appliances,0.0,2153.0,29.0,1232.0
SKU0046,2024-02-05,0,0.0,0,0,Small Appliances,0.0,2153.0,29.0,1232.0
SKU0046,2024-02-12,287,1737968.68,0,0,Small Appliances,1955.0,0.0,29.0,1232.0
SKU0046,2024-02-19,339,2052861.96,0,0,Small Appliances,1662.0,0.0,29.0,1232.0
SKU0046,2024-02-26,316,1913582.24,0,0,Small Appliances,1292.0,0.0,29.0,1232.0
SKU0046,2024-03-04,298,1804580.72,0,0,Small Appliances,978.0,2352.0,29.0,1232.0
SKU0046,2024-03-11,302,1828803.28,0,0,Small Appliances,3047.0,0.0,29.0,1232.0
SKU0046,2024-03-18,328,1986249.92,0,0,Small Appliances,2681.0,0.0,29.0,1232.0
SKU0046,2024-03-25,302,1828803.2799999998,0,0,Small Appliances,2681.0,0.0,29.0,1232.0
SKU0046,2024-04-01,394,2385922.16,0,0,Small Appliances,2265.0,0.0,29.0,1232.0
SKU0046,2024-04-08,296,1792469.44,0,0,Small Appliances,1912.0,0.0,29.0,1232.0
SKU0046,2024-04-15,334,2022583.76,0,0,Small Appliances,1595.0,0.0,29.0,1232.0
SKU0046,2024-04-22,354,2143696.56,0,0,Small Appliances,1265.0,0.0,29.0,1232.0
SKU0046,2024-04-29,401,2428311.64,0,0,Small Appliances,755.0,2217.0,29.0,1232.0
SKU0046,2024-05-06,309,1871192.76,0,0,Small Appliances,2624.0,0.0,29.0,1232.0
SKU0046,2024-05-13,371,2246642.44,0,0,Small Appliances,2281.0,0.0,29.0,1232.0
SKU0046,2024-05-20,407,2464645.48,0,0,Small Appliances,1852.0,0.0,29.0,1232.0
SKU0046,2024-05-27,340,2058917.6,0,0,Small Appliances,1407.0,0.0,29.0,1232.0
SKU0046,2024-06-03,262,1586577.68,0,0,Small Appliances,4026.0,0.0,29.0,1232.0
SKU0046,2024-06-10,403,2326879.67,1,0,Small Appliances,3667.0,0.0,29.0,1232.0
SKU0046,2024-06-17,477,2500676.55,1,0,Small Appliances,3160.0,0.0,29.0,1232.0
SKU0046,2024-06-24,363,2198197.32,0,0,Small Appliances,3160.0,0.0,29.0,1232.0
SKU0046,2024-07-01,295,1786413.8,0,0,Small Appliances,2701.0,0.0,29.0,1232.0
SKU0046,2024-07-08,327,1980194.2799999998,0,0,Small Appliances,2423.0,0.0,29.0,1232.0
SKU0046,2024-07-15,337,2040750.68,0,0,Small Appliances,2106.0,0.0,29.0,1232.0
SKU0046,2024-07-22,327,1980194.28,0,0,Small Appliances,1743.0,0.0,29.0,1232.0
SKU0046,2024-07-29,252,1526021.28,0,0,Small Appliances,1315.0,0.0,29.0,1232.0
SKU0046,2024-08-05,275,1665301.0,0,0,Small Appliances,1027.0,2829.0,29.0,1232.0
SKU0046,2024-08-12,260,1574466.4,0,1,Small Appliances,781.0,2829.0,29.0,1232.0
SKU0046,2024-08-19,262,1586577.68,0,0,Small Appliances,534.0,2829.0,29.0,1232.0
SKU0046,2024-08-26,279,1689523.56,0,0,Small Appliances,2976.0,0.0,29.0,1232.0
SKU0046,2024-09-02,277,1677412.28,0,0,Small Appliances,2699.0,0.0,29.0,1232.0
SKU0046,2024-09-09,274,1659245.3599999999,0,0,Small Appliances,2425.0,0.0,29.0,1232.0
SKU0046,2024-09-16,222,1344352.08,0,0,Small Appliances,2203.0,0.0,29.0,1232.0
SKU0046,2024-09-23,271,1641078.44,0,0,Small Appliances,2203.0,0.0,29.0,1232.0
SKU0046,2024-09-30,266,1610800.24,0,1,Small Appliances,1854.0,0.0,29.0,1232.0
SKU0046,2024-10-07,265,1604744.6,0,0,Small Appliances,1580.0,0.0,29.0,1232.0
SKU0046,2024-10-14,447,2328090.8,1,0,Small Appliances,1278.0,0.0,29.0,1232.0
SKU0046,2024-10-21,269,1600808.43,1,0,Small Appliances,888.0,2506.0,29.0,1232.0
SKU0046,2024-10-28,242,1465464.8800000001,0,1,Small Appliances,2998.0,0.0,29.0,1232.0
SKU0046,2024-11-04,169,1023403.16,0,0,Small Appliances,2785.0,0.0,29.0,1232.0
SKU0046,2024-11-11,221,1338296.44,0,0,Small Appliances,2587.0,0.0,29.0,1232.0
SKU0046,2024-11-18,249,1507854.36,0,0,Small Appliances,2353.0,0.0,29.0,1232.0
SKU0046,2024-11-25,395,2033181.14,1,0,Small Appliances,1915.0,0.0,29.0,1232.0
SKU0046,2024-12-02,357,2161863.48,0,0,Small Appliances,1558.0,0.0,29.0,1232.0
SKU0046,2024-12-09,343,2077084.52,0,0,Small Appliances,1215.0,2526.0,29.0,1232.0
SKU0046,2024-12-16,270,1635022.8,0,0,Small Appliances,945.0,2526.0,29.0,1232.0
SKU0046,2024-12-23,296,1792469.44,0,1,Small Appliances,945.0,2526.0,29.0,1232.0
SKU0046,2024-12-30,561,2983008.26,1,0,Small Appliances,2950.0,0.0,29.0,1232.0
SKU0046,2025-01-06,415,2330513.05,1,0,Small Appliances,2353.0,0.0,29.0,1232.0
SKU0046,2025-01-13,355,2149752.2,0,0,Small Appliances,2050.0,0.0,29.0,1232.0
SKU0046,2025-01-20,309,1871192.76,0,1,Small Appliances,1687.0,0.0,29.0,1232.0
SKU0046,2025-01-27,316,1913582.24,0,0,Small Appliances,1249.0,0.0,29.0,1232.0
SKU0046,2025-02-03,362,2192141.68,0,0,Small Appliances,903.0,2638.0,29.0,1232.0
SKU0046,2025-02-10,343,2077084.52,0,0,Small Appliances,560.0,2638.0,29.0,1232.0
SKU0046,2025-02-17,336,2034695.04,0,0,Small Appliances,2841.0,0.0,29.0,1232.0
SKU0046,2025-02-24,369,2234531.16,0,0,Small Appliances,2466.0,0.0,29.0,1232.0
SKU0046,2025-03-03,408,2470701.12,0,0,Small Appliances,2094.0,0.0,29.0,1232.0
SKU0046,2025-03-10,414,2507034.96,0,0,Small Appliances,1660.0,0.0,29.0,1232.0
SKU0046,2025-03-17,399,2416200.36,0,0,Small Appliances,1262.0,0.0,29.0,1232.0
SKU0046,2025-03-24,410,2482812.4000000004,0,0,Small Appliances,1262.0,0.0,29.0,1232.0
SKU0046,2025-03-31,404,2446478.56,0,0,Small Appliances,709.0,1946.0,29.0,1232.0
SKU0046,2025-04-07,411,2488868.04,0,0,Small Appliances,280.0,1946.0,29.0,1232.0
SKU0046,2025-04-14,0,0.0,0,0,Small Appliances,1.0,1946.0,29.0,1232.0
SKU0046,2025-04-21,322,1949916.08,0,0,Small Appliances,1888.0,0.0,29.0,1232.0
SKU0046,2025-04-28,442,2676592.88,0,0,Small Appliances,1302.0,0.0,29.0,1232.0
SKU0046,2025-05-05,427,2585758.2800000003,0,0,Small Appliances,904.0,3050.0,29.0,1232.0
SKU0046,2025-05-12,399,2416200.36,0,0,Small Appliances,487.0,3050.0,29.0,1232.0
SKU0046,2025-05-19,449,2718982.3600000003,0,0,Small Appliances,3122.0,0.0,29.0,1232.0
SKU0046,2025-05-26,392,2373810.88,0,0,Small Appliances,2566.0,0.0,29.0,1232.0
SKU0046,2025-06-02,372,2252698.08,0,0,Small Appliances,2194.0,0.0,29.0,1232.0
SKU0046,2025-06-09,429,2531560.3000000003,1,0,Small Appliances,1765.0,0.0,29.0,1232.0
SKU0046,2025-06-16,639,3346346.67,1,0,Small Appliances,1126.0,2669.0,29.0,1232.0
SKU0046,2025-06-23,387,2343532.68,0,0,Small Appliances,1126.0,2669.0,29.0,1232.0
SKU0046,2025-06-30,405,2452534.2,0,0,Small Appliances,595.0,2669.0,29.0,1232.0
SKU0046,2025-07-07,333,2016528.12,0,0,Small Appliances,196.0,2669.0,29.0,1232.0
SKU0046,2025-07-14,99,599508.36,0,0,Small Appliances,1.0,2669.0,29.0,1232.0
SKU0046,2025-07-21,355,2149752.2,0,0,Small Appliances,2434.0,0.0,29.0,1232.0
SKU0046,2025-07-28,354,2143696.56,0,0,Small Appliances,1920.0,0.0,29.0,1232.0
SKU0046,2025-08-04,357,2161863.48,0,0,Small Appliances,1583.0,0.0,29.0,1232.0
SKU0046,2025-08-11,377,2282976.28,0,1,Small Appliances,1208.0,2819.0,29.0,1232.0
SKU0046,2025-08-18,312,1889359.68,0,0,Small Appliances,873.0,2819.0,29.0,1232.0
SKU0046,2025-08-25,393,2379866.52,0,0,Small Appliances,873.0,2819.0,29.0,1232.0
SKU0046,2025-09-01,302,1828803.28,0,0,Small Appliances,375.0,2819.0,29.0,1232.0
SKU0046,2025-09-08,146,884123.44,0,0,Small Appliances,59.0,2819.0,29.0,1232.0
SKU0046,2025-09-15,292,1768246.88,0,0,Small Appliances,2768.0,0.0,29.0,1232.0
SKU0046,2025-09-22,350,2119474.0,0,0,Small Appliances,2441.0,0.0,29.0,1232.0
SKU0046,2025-09-29,324,1962027.3599999999,0,1,Small Appliances,1993.0,0.0,29.0,1232.0
SKU0046,2025-10-06,290,1756135.6,0,0,Small Appliances,1701.0,0.0,29.0,1232.0
SKU0046,2025-10-13,451,2403180.73,1,0,Small Appliances,1354.0,0.0,29.0,1232.0
SKU0046,2025-10-20,383,2192141.68,1,0,Small Appliances,875.0,2622.0,29.0,1232.0
SKU0046,2025-10-27,357,2161863.48,0,1,Small Appliances,376.0,2622.0,29.0,1232.0
SKU0046,2025-11-03,346,2095251.44,0,0,Small Appliances,36.0,2622.0,29.0,1232.0
SKU0046,2025-11-10,290,1756135.6,0,0,Small Appliances,2381.0,0.0,29.0,1232.0
SKU0046,2025-11-17,369,2234531.16,0,0,Small Appliances,2012.0,0.0,29.0,1232.0
SKU0046,2025-11-24,538,2816478.16,1,0,Small Appliances,2012.0,0.0,29.0,1232.0
SKU0046,2025-12-01,393,2308107.19,1,0,Small Appliances,1347.0,0.0,29.0,1232.0
SKU0046,2025-12-08,411,2488868.04,0,0,Small Appliances,968.0,2660.0,29.0,1232.0
SKU0046,2025-12-15,317,1919637.8800000001,0,0,Small Appliances,3222.0,0.0,29.0,1232.0
SKU0046,2025-12-22,394,2385922.16,0,1,Small Appliances,2943.0,0.0,29.0,1232.0
SKU0047,2024-07-22,6,60471.24,0,0,Furnishings,133.0,647.0,28.0,289.0
SKU0047,2024-07-29,59,594633.86,0,0,Furnishings,133.0,647.0,28.0,289.0
SKU0047,2024-08-05,59,594633.86,0,0,Furnishings,85.0,647.0,28.0,289.0
SKU0047,2024-08-12,51,514005.54,0,1,Furnishings,24.0,647.0,28.0,289.0
SKU0047,2024-08-19,6,60471.24,0,0,Furnishings,1.0,647.0,28.0,289.0
SKU0047,2024-08-26,55,554319.7000000001,0,0,Furnishings,593.0,0.0,28.0,289.0
SKU0047,2024-09-02,25,251963.5,0,0,Furnishings,568.0,0.0,28.0,289.0
SKU0047,2024-09-09,45,453534.3,0,0,Furnishings,523.0,0.0,28.0,289.0
SKU0047,2024-09-16,37,372905.98,0,0,Furnishings,486.0,0.0,28.0,289.0
SKU0047,2024-09-23,42,423298.68,0,0,Furnishings,486.0,0.0,28.0,289.0
SKU0047,2024-09-30,41,413220.14,0,1,Furnishings,437.0,0.0,28.0,289.0
SKU0047,2024-10-07,47,473691.38,0,0,Furnishings,387.0,0.0,28.0,289.0
SKU0047,2024-10-14,49,430353.66000000003,1,0,Furnishings,340.0,0.0,28.0,289.0
SKU0047,2024-10-21,35,339142.87,1,0,Furnishings,289.0,600.0,28.0,289.0
SKU0047,2024-10-28,23,231806.41999999998,0,1,Furnishings,253.0,600.0,28.0,289.0
SKU0047,2024-11-04,46,463612.83999999997,0,0,Furnishings,214.0,600.0,28.0,289.0
SKU0047,2024-11-11,34,342670.36,0,0,Furnishings,175.0,600.0,28.0,289.0
SKU0047,2024-11-18,51,514005.54,0,0,Furnishings,728.0,0.0,28.0,289.0
SKU0047,2024-11-25,72,616806.65,1,0,Furnishings,646.0,0.0,28.0,289.0
SKU0047,2024-12-02,46,463612.83999999997,0,0,Furnishings,600.0,0.0,28.0,289.0
SKU0047,2024-12-09,48,483769.92,0,0,Furnishings,552.0,0.0,28.0,289.0
SKU0047,2024-12-16,42,423298.68,0,0,Furnishings,510.0,0.0,28.0,289.0
SKU0047,2024-12-23,57,574476.78,0,1,Furnishings,510.0,0.0,28.0,289.0
SKU0047,2024-12-30,79,702474.23,1,0,Furnishings,419.0,0.0,28.0,289.0
SKU0047,2025-01-06,71,662664.01,1,0,Furnishings,328.0,0.0,28.0,289.0
SKU0047,2025-01-13,51,514005.54000000004,0,0,Furnishings,278.0,657.0,28.0,289.0
SKU0047,2025-01-20,57,574476.78,0,1,Furnishings,221.0,657.0,28.0,289.0
SKU0047,2025-01-27,55,554319.7,0,0,Furnishings,146.0,657.0,28.0,289.0
SKU0047,2025-02-03,68,685340.72,0,0,Furnishings,77.0,657.0,28.0,289.0
SKU0047,2025-02-10,76,765969.04,0,0,Furnishings,665.0,0.0,28.0,289.0
SKU0047,2025-02-17,76,765969.04,0,0,Furnishings,586.0,0.0,28.0,289.0
SKU0047,2025-02-24,79,796204.66,0,0,Furnishings,508.0,0.0,28.0,289.0
SKU0047,2025-03-03,79,796204.66,0,0,Furnishings,428.0,0.0,28.0,289.0
SKU0047,2025-03-10,86,866754.44,0,0,Furnishings,348.0,0.0,28.0,289.0
SKU0047,2025-03-17,76,765969.04,0,0,Furnishings,261.0,456.0,28.0,289.0
SKU0047,2025-03-24,77,776047.58,0,0,Furnishings,261.0,456.0,28.0,289.0
SKU0047,2025-03-31,82,826440.28,0,0,Furnishings,153.0,456.0,28.0,289.0
SKU0047,2025-04-07,84,846597.36,0,0,Furnishings,529.0,0.0,28.0,289.0
SKU0047,2025-04-14,81,816361.74,0,0,Furnishings,446.0,0.0,28.0,289.0
SKU0047,2025-04-21,84,846597.36,0,0,Furnishings,366.0,0.0,28.0,289.0
SKU0047,2025-04-28,89,896990.06,0,0,Furnishings,249.0,598.0,28.0,289.0
SKU0047,2025-05-05,82,826440.28,0,0,Furnishings,761.0,0.0,28.0,289.0
SKU0047,2025-05-12,87,876832.98,0,0,Furnishings,675.0,0.0,28.0,289.0
SKU0047,2025-05-19,71,715576.34,0,0,Furnishings,598.0,0.0,28.0,289.0
SKU0047,2025-05-26,78,786126.12,0,0,Furnishings,497.0,0.0,28.0,289.0
SKU0047,2025-06-02,77,776047.5800000001,0,0,Furnishings,420.0,0.0,28.0,289.0
SKU0047,2025-06-09,66,648554.05,1,0,Furnishings,354.0,0.0,28.0,289.0
SKU0047,2025-06-16,129,1120229.72,1,0,Furnishings,225.0,601.0,28.0,289.0
SKU0047,2025-06-23,65,655105.1,0,0,Furnishings,225.0,601.0,28.0,289.0
SKU0047,2025-06-30,65,655105.1,0,0,Furnishings,735.0,0.0,28.0,289.0
SKU0047,2025-07-07,55,554319.7,0,0,Furnishings,685.0,0.0,28.0,289.0
SKU0047,2025-07-14,60,604712.4,0,0,Furnishings,626.0,0.0,28.0,289.0
SKU0047,2025-07-21,54,544241.16,0,0,Furnishings,563.0,0.0,28.0,289.0
SKU0047,2025-07-28,55,554319.7,0,0,Furnishings,480.0,0.0,28.0,289.0
SKU0047,2025-08-04,29,292277.66000000003,0,0,Furnishings,444.0,0.0,28.0,289.0
SKU0047,2025-08-11,25,251963.5,0,1,Furnishings,422.0,0.0,28.0,289.0
SKU0047,2025-08-18,43,433377.22000000003,0,0,Furnishings,386.0,0.0,28.0,289.0
SKU0047,2025-08-25,47,473691.38,0,0,Furnishings,386.0,0.0,28.0,289.0
SKU0047,2025-09-01,40,403141.6,0,0,Furnishings,323.0,0.0,28.0,289.0
SKU0047,2025-09-08,38,382984.52,0,0,Furnishings,284.0,555.0,28.0,289.0
SKU0047,2025-09-15,27,272120.58,0,0,Furnishings,250.0,555.0,28.0,289.0
SKU0047,2025-09-22,34,342670.36,0,0,Furnishings,771.0,0.0,28.0,289.0
SKU0047,2025-09-29,38,382984.52,0,1,Furnishings,720.0,0.0,28.0,289.0
SKU0047,2025-10-06,39,393063.06,0,0,Furnishings,691.0,0.0,28.0,289.0
SKU0047,2025-10-13,45,394574.83999999997,1,0,Furnishings,652.0,0.0,28.0,289.0
SKU0047,2025-10-20,47,437408.64,1,0,Furnishings,592.0,0.0,28.0,289.0
SKU0047,2025-10-27,28,282199.12,0,1,Furnishings,549.0,0.0,28.0,289.0
SKU0047,2025-11-03,20,201570.80000000002,0,0,Furnishings,527.0,0.0,28.0,289.0
SKU0047,2025-11-10,40,403141.6,0,0,Furnishings,491.0,0.0,28.0,289.0
SKU0047,2025-11-17,39,393063.06,0,0,Furnishings,453.0,0.0,28.0,289.0
SKU0047,2025-11-24,51,448998.96,1,0,Furnishings,453.0,0.0,28.0,289.0
SKU0047,2025-12-01,55,540713.6699999999,1,0,Furnishings,388.0,0.0,28.0,289.0
SKU0047,2025-12-08,41,413220.14,0,0,Furnishings,336.0,0.0,28.0,289.0
SKU0047,2025-12-15,33,332591.82,0,0,Furnishings,300.0,0.0,28.0,289.0
SKU0047,2025-12-22,34,342670.36,0,1,Furnishings,265.0,525.0,28.0,289.0
SKU0048,2024-08-19,93,537375.39,0,0,Small Appliances,354.0,1166.0,16.0,475.0
SKU0048,2024-08-26,128,739613.44,0,0,Small Appliances,175.0,1166.0,16.0,475.0
SKU0048,2024-09-02,119,687609.37,0,0,Small Appliances,1222.0,0.0,16.0,475.0
SKU0048,2024-09-09,115,664496.45,0,0,Small Appliances,1107.0,0.0,16.0,475.0
SKU0048,2024-09-16,129,745391.67,0,0,Small Appliances,978.0,0.0,16.0,475.0
SKU0048,2024-09-23,93,537375.39,0,0,Small Appliances,978.0,0.0,16.0,475.0
SKU0048,2024-09-30,77,444923.71,0,1,Small Appliances,860.0,0.0,16.0,475.0
SKU0048,2024-10-07,100,577823.0,0,0,Small Appliances,776.0,0.0,16.0,475.0
SKU0048,2024-10-14,178,889847.42,1,0,Small Appliances,661.0,0.0,16.0,475.0
SKU0048,2024-10-21,118,650628.7,1,0,Small Appliances,477.0,0.0,16.0,475.0
SKU0048,2024-10-28,109,629827.07,0,1,Small Appliances,1281.0,0.0,16.0,475.0
SKU0048,2024-11-04,99,572044.77,0,0,Small Appliances,1173.0,0.0,16.0,475.0
SKU0048,2024-11-11,102,589379.46,0,0,Small Appliances,1065.0,0.0,16.0,475.0
SKU0048,2024-11-18,119,687609.37,0,0,Small Appliances,951.0,0.0,16.0,475.0
SKU0048,2024-11-25,205,1006856.58,1,0,Small Appliances,723.0,0.0,16.0,475.0
SKU0048,2024-12-02,129,745391.6699999999,0,0,Small Appliances,594.0,0.0,16.0,475.0
SKU0048,2024-12-09,137,791617.51,0,0,Small Appliances,457.0,1145.0,16.0,475.0
SKU0048,2024-12-16,163,941851.49,0,0,Small Appliances,294.0,1145.0,16.0,475.0
SKU0048,2024-12-23,111,641383.53,0,1,Small Appliances,294.0,1145.0,16.0,475.0
SKU0048,2024-12-30,242,1223251.2999999998,1,0,Small Appliances,1227.0,0.0,16.0,475.0
SKU0048,2025-01-06,200,1081973.5699999998,1,0,Small Appliances,968.0,0.0,16.0,475.0
SKU0048,2025-01-13,180,1040081.4,0,0,Small Appliances,805.0,0.0,16.0,475.0
SKU0048,2025-01-20,143,826286.89,0,1,Small Appliances,631.0,0.0,16.0,475.0
SKU0048,2025-01-27,152,878290.96,0,0,Small Appliances,428.0,976.0,16.0,475.0
SKU0048,2025-02-03,182,1051637.8599999999,0,0,Small Appliances,245.0,976.0,16.0,475.0
SKU0048,2025-02-10,202,1167202.46,0,0,Small Appliances,1021.0,0.0,16.0,475.0
SKU0048,2025-02-17,182,1051637.86,0,0,Small Appliances,841.0,0.0,16.0,475.0
SKU0048,2025-02-24,176,1016968.48,0,0,Small Appliances,671.0,0.0,16.0,475.0
SKU0048,2025-03-03,205,1184537.15,0,0,Small Appliances,461.0,1000.0,16.0,475.0
SKU0048,2025-03-10,205,1184537.15,0,0,Small Appliances,257.0,1000.0,16.0,475.0
SKU0048,2025-03-17,201,1161424.23,0,0,Small Appliances,1054.0,0.0,16.0,475.0
SKU0048,2025-03-24,204,1178758.92,0,0,Small Appliances,1054.0,0.0,16.0,475.0
SKU0048,2025-03-31,208,1201871.84,0,0,Small Appliances,765.0,0.0,16.0,475.0
SKU0048,2025-04-07,230,1328992.9,0,0,Small Appliances,550.0,0.0,16.0,475.0
SKU0048,2025-04-14,222,1282767.06,0,0,Small Appliances,310.0,896.0,16.0,475.0
SKU0048,2025-04-21,203,1172980.69,0,0,Small Appliances,1000.0,0.0,16.0,475.0
SKU0048,2025-04-28,210,1213428.3,0,0,Small Appliances,723.0,0.0,16.0,475.0
SKU0048,2025-05-05,212,1224984.76,0,0,Small Appliances,509.0,0.0,16.0,475.0
SKU0048,2025-05-12,210,1213428.3,0,0,Small Appliances,296.0,1051.0,16.0,475.0
SKU0048,2025-05-19,216,1248097.6800000002,0,0,Small Appliances,1139.0,0.0,16.0,475.0
SKU0048,2025-05-26,190,1097863.7,0,0,Small Appliances,877.0,0.0,16.0,475.0
SKU0048,2025-06-02,212,1224984.76,0,0,Small Appliances,665.0,0.0,16.0,475.0
SKU0048,2025-06-09,194,1098441.52,1,0,Small Appliances,471.0,830.0,16.0,475.0
SKU0048,2025-06-16,301,1499161.77,1,0,Small Appliances,1000.0,0.0,16.0,475.0
SKU0048,2025-06-23,180,1040081.3999999999,0,0,Small Appliances,1000.0,0.0,16.0,475.0
SKU0048,2025-06-30,150,866734.5,0,0,Small Appliances,762.0,0.0,16.0,475.0
SKU0048,2025-07-07,166,959186.18,0,0,Small Appliances,613.0,0.0,16.0,475.0
SKU0048,2025-07-14,167,964964.41,0,0,Small Appliances,448.0,990.0,16.0,475.0
SKU0048,2025-07-21,136,785839.28,0,0,Small Appliances,291.0,990.0,16.0,475.0
SKU0048,2025-07-28,147,849399.81,0,0,Small Appliances,1065.0,0.0,16.0,475.0
SKU0048,2025-08-04,127,733835.21,0,0,Small Appliances,945.0,0.0,16.0,475.0
SKU0048,2025-08-11,143,826286.89,0,1,Small Appliances,813.0,0.0,16.0,475.0
SKU0048,2025-08-18,136,785839.28,0,0,Small Appliances,666.0,0.0,16.0,475.0
SKU0048,2025-08-25,113,652939.99,0,0,Small Appliances,666.0,0.0,16.0,475.0
SKU0048,2025-09-01,103,595157.6900000001,0,0,Small Appliances,504.0,0.0,16.0,475.0
SKU0048,2025-09-08,113,652939.99,0,0,Small Appliances,399.0,1126.0,16.0,475.0
SKU0048,2025-09-15,103,595157.69,0,0,Small Appliances,1425.0,0.0,16.0,475.0
SKU0048,2025-09-22,108,624048.84,0,0,Small Appliances,1317.0,0.0,16.0,475.0
SKU0048,2025-09-29,88,508484.24,0,1,Small Appliances,1188.0,0.0,16.0,475.0
SKU0048,2025-10-06,100,577823.0,0,0,Small Appliances,1082.0,0.0,16.0,475.0
SKU0048,2025-10-13,141,709855.56,1,0,Small Appliances,983.0,0.0,16.0,475.0
SKU0048,2025-10-20,129,686453.72,1,0,Small Appliances,811.0,0.0,16.0,475.0
SKU0048,2025-10-27,92,531597.16,0,1,Small Appliances,691.0,0.0,16.0,475.0
SKU0048,2025-11-03,114,658718.22,0,0,Small Appliances,576.0,0.0,16.0,475.0
SKU0048,2025-11-10,104,600935.92,0,0,Small Appliances,469.0,726.0,16.0,475.0
SKU0048,2025-11-17,101,583601.23,0,0,Small Appliances,369.0,726.0,16.0,475.0
SKU0048,2025-11-24,195,983743.64,1,0,Small Appliances,369.0,726.0,16.0,475.0
SKU0048,2025-12-01,125,697143.45,1,0,Small Appliances,857.0,0.0,16.0,475.0
SKU0048,2025-12-08,126,728056.98,0,0,Small Appliances,747.0,0.0,16.0,475.0
SKU0048,2025-12-15,112,647161.76,0,0,Small Appliances,621.0,0.0,16.0,475.0
SKU0048,2025-12-22,118,681831.14,0,1,Small Appliances,508.0,0.0,16.0,475.0
SKU0049,2025-01-27,15,38989.2,0,0,Small Appliances,0.0,967.0,29.0,541.0
SKU0049,2025-02-03,42,109169.76000000001,0,0,Small Appliances,0.0,967.0,29.0,541.0
SKU0049,2025-02-10,0,0.0,0,0,Small Appliances,0.0,967.0,29.0,541.0
SKU0049,2025-02-17,0,0.0,0,0,Small Appliances,0.0,967.0,29.0,541.0
SKU0049,2025-02-24,0,0.0,0,0,Small Appliances,0.0,967.0,29.0,541.0
SKU0049,2025-03-03,123,319711.44,0,0,Small Appliances,857.0,0.0,29.0,541.0
SKU0049,2025-03-10,131,340505.68,0,0,Small Appliances,729.0,0.0,29.0,541.0
SKU0049,2025-03-17,140,363899.2,0,0,Small Appliances,591.0,0.0,29.0,541.0
SKU0049,2025-03-24,141,366498.48,0,0,Small Appliances,591.0,0.0,29.0,541.0
SKU0049,2025-03-31,130,337906.4,0,0,Small Appliances,1344.0,0.0,29.0,541.0
SKU0049,2025-04-07,139,361299.92,0,0,Small Appliances,1209.0,0.0,29.0,541.0
SKU0049,2025-04-14,147,382094.16000000003,0,0,Small Appliances,1073.0,0.0,29.0,541.0
SKU0049,2025-04-21,157,408086.96,0,0,Small Appliances,919.0,0.0,29.0,541.0
SKU0049,2025-04-28,144,374296.32,0,0,Small Appliances,710.0,0.0,29.0,541.0
SKU0049,2025-05-05,145,376895.6,0,0,Small Appliances,572.0,0.0,29.0,541.0
SKU0049,2025-05-12,142,369097.76,0,0,Small Appliances,422.0,935.0,29.0,541.0
SKU0049,2025-05-19,134,348303.52,0,0,Small Appliances,285.0,935.0,29.0,541.0
SKU0049,2025-05-26,142,369097.76,0,0,Small Appliances,1039.0,0.0,29.0,541.0
SKU0049,2025-06-02,137,356101.36,0,0,Small Appliances,902.0,0.0,29.0,541.0
SKU0049,2025-06-09,140,356101.36,1,0,Small Appliances,762.0,0.0,29.0,541.0
SKU0049,2025-06-16,232,517646.62,1,0,Small Appliances,530.0,1293.0,29.0,541.0
SKU0049,2025-06-23,135,350902.8,0,0,Small Appliances,530.0,1293.0,29.0,541.0
SKU0049,2025-06-30,126,327509.28,0,0,Small Appliances,1648.0,0.0,29.0,541.0
SKU0049,2025-07-07,108,280722.24,0,0,Small Appliances,1531.0,0.0,29.0,541.0
SKU0049,2025-07-14,127,330108.56,0,0,Small Appliances,1415.0,0.0,29.0,541.0
SKU0049,2025-07-21,125,324910.0,0,0,Small Appliances,1288.0,0.0,29.0,541.0
SKU0049,2025-07-28,122,317112.16,0,0,Small Appliances,1103.0,0.0,29.0,541.0
SKU0049,2025-08-04,95,246931.59999999998,0,0,Small Appliances,1014.0,0.0,29.0,541.0
SKU0049,2025-08-11,105,272924.4,0,1,Small Appliances,902.0,0.0,29.0,541.0
SKU0049,2025-08-18,96,249530.88,0,0,Small Appliances,801.0,0.0,29.0,541.0
SKU0049,2025-08-25,99,257328.72,0,0,Small Appliances,801.0,0.0,29.0,541.0
SKU0049,2025-09-01,84,218339.52000000002,0,0,Small Appliances,674.0,0.0,29.0,541.0
SKU0049,2025-09-08,87,226137.36000000002,0,0,Small Appliances,593.0,0.0,29.0,541.0
SKU0049,2025-09-15,93,241733.03999999998,0,0,Small Appliances,502.0,892.0,29.0,541.0
SKU0049,2025-09-22,84,218339.52,0,0,Small Appliances,1300.0,0.0,29.0,541.0
SKU0049,2025-09-29,95,246931.6,0,1,Small Appliances,1178.0,0.0,29.0,541.0
SKU0049,2025-10-06,101,262527.27999999997,0,0,Small Appliances,1089.0,0.0,29.0,541.0
SKU0049,2025-10-13,120,273704.18,1,0,Small Appliances,983.0,0.0,29.0,541.0
SKU0049,2025-10-20,102,246801.64,1,0,Small Appliances,852.0,0.0,29.0,541.0
SKU0049,2025-10-27,88,228736.64,0,1,Small Appliances,741.0,0.0,29.0,541.0
SKU0049,2025-11-03,101,262527.27999999997,0,0,Small Appliances,634.0,0.0,29.0,541.0
SKU0049,2025-11-10,110,285920.8,0,0,Small Appliances,524.0,1088.0,29.0,541.0
SKU0049,2025-11-17,82,213140.96,0,0,Small Appliances,1532.0,0.0,29.0,541.0
SKU0049,2025-11-24,146,327639.24,1,0,Small Appliances,1532.0,0.0,29.0,541.0
SKU0049,2025-12-01,114,286960.51,1,0,Small Appliances,1349.0,0.0,29.0,541.0
SKU0049,2025-12-08,99,257328.72,0,0,Small Appliances,1247.0,0.0,29.0,541.0
SKU0049,2025-12-15,101,262527.27999999997,0,0,Small Appliances,1145.0,0.0,29.0,541.0
SKU0049,2025-12-22,96,249530.88,0,1,Small Appliances,1041.0,0.0,29.0,541.0
SKU0050,2024-10-28,167,665446.5700000001,0,1,Small Appliances,163.0,1255.0,22.0,537.0
SKU0050,2024-11-04,129,514027.58999999997,0,0,Small Appliances,10.0,1255.0,22.0,537.0
SKU0050,2024-11-11,0,0.0,0,0,Small Appliances,0.0,1255.0,22.0,537.0
SKU0050,2024-11-18,135,537935.85,0,0,Small Appliances,1182.0,0.0,22.0,537.0
SKU0050,2024-11-25,306,1036423.05,1,0,Small Appliances,814.0,0.0,22.0,537.0
SKU0050,2024-12-02,151,601691.21,0,0,Small Appliances,663.0,0.0,22.0,537.0
SKU0050,2024-12-09,236,940391.56,0,0,Small Appliances,427.0,970.0,22.0,537.0
SKU0050,2024-12-16,146,581767.66,0,0,Small Appliances,281.0,970.0,22.0,537.0
SKU0050,2024-12-23,163,649507.73,0,1,Small Appliances,281.0,970.0,22.0,537.0
SKU0050,2024-12-30,266,940989.27,1,0,Small Appliances,0.0,970.0,22.0,537.0
SKU0050,2025-01-06,223,831210.5,1,0,Small Appliances,697.0,0.0,22.0,537.0
SKU0050,2025-01-13,211,840773.81,0,0,Small Appliances,501.0,814.0,22.0,537.0
SKU0050,2025-01-20,182,725217.22,0,1,Small Appliances,301.0,814.0,22.0,537.0
SKU0050,2025-01-27,184,733186.64,0,0,Small Appliances,863.0,0.0,22.0,537.0
SKU0050,2025-02-03,221,880620.91,0,0,Small Appliances,637.0,0.0,22.0,537.0
SKU0050,2025-02-10,229,912498.59,0,0,Small Appliances,1420.0,0.0,22.0,537.0
SKU0050,2025-02-17,168,669431.28,0,0,Small Appliances,1247.0,0.0,22.0,537.0
SKU0050,2025-02-24,218,868666.78,0,0,Small Appliances,1037.0,0.0,22.0,537.0
SKU0050,2025-03-03,242,964299.82,0,0,Small Appliances,797.0,0.0,22.0,537.0
SKU0050,2025-03-10,230,916483.3,0,0,Small Appliances,553.0,0.0,22.0,537.0
SKU0050,2025-03-17,233,928437.43,0,0,Small Appliances,330.0,1322.0,22.0,537.0
SKU0050,2025-03-24,253,1008131.63,0,0,Small Appliances,330.0,1322.0,22.0,537.0
SKU0050,2025-03-31,274,1091810.54,0,0,Small Appliances,1282.0,0.0,22.0,537.0
SKU0050,2025-04-07,252,1004146.92,0,0,Small Appliances,1004.0,0.0,22.0,537.0
SKU0050,2025-04-14,249,992192.79,0,0,Small Appliances,754.0,0.0,22.0,537.0
SKU0050,2025-04-21,231,920468.01,0,0,Small Appliances,519.0,1132.0,22.0,537.0
SKU0050,2025-04-28,269,1071886.99,0,0,Small Appliances,214.0,1132.0,22.0,537.0
SKU0050,2025-05-05,98,390501.58,0,0,Small Appliances,0.0,1132.0,22.0,537.0
SKU0050,2025-05-12,115,458241.65,0,0,Small Appliances,1106.0,0.0,22.0,537.0
SKU0050,2025-05-19,272,1083841.1199999999,0,0,Small Appliances,866.0,0.0,22.0,537.0
SKU0050,2025-05-26,229,912498.59,0,0,Small Appliances,516.0,921.0,22.0,537.0
SKU0050,2025-06-02,247,984223.37,0,0,Small Appliances,1190.0,0.0,22.0,537.0
SKU0050,2025-06-09,266,1024668.1799999999,1,0,Small Appliances,924.0,0.0,22.0,537.0
SKU0050,2025-06-16,497,1704858.18,1,0,Small Appliances,427.0,920.0,22.0,537.0
SKU0050,2025-06-23,330,1314954.3,0,0,Small Appliances,427.0,920.0,22.0,537.0
SKU0050,2025-06-30,208,828819.68,0,0,Small Appliances,949.0,0.0,22.0,537.0
SKU0050,2025-07-07,239,952345.69,0,0,Small Appliances,733.0,0.0,22.0,537.0
SKU0050,2025-07-14,236,940391.56,0,0,Small Appliances,487.0,967.0,22.0,537.0
SKU0050,2025-07-21,230,916483.3,0,0,Small Appliances,1231.0,0.0,22.0,537.0
SKU0050,2025-07-28,236,940391.5599999999,0,0,Small Appliances,893.0,0.0,22.0,537.0
SKU0050,2025-08-04,183,729201.9299999999,0,0,Small Appliances,689.0,0.0,22.0,537.0
SKU0050,2025-08-11,228,908513.88,0,1,Small Appliances,483.0,860.0,22.0,537.0
SKU0050,2025-08-18,259,1032039.89,0,0,Small Appliances,218.0,860.0,22.0,537.0
SKU0050,2025-08-25,165,657477.15,0,0,Small Appliances,218.0,860.0,22.0,537.0
SKU0050,2025-09-01,199,792957.29,0,0,Small Appliances,861.0,0.0,22.0,537.0
SKU0050,2025-09-08,181,721232.51,0,0,Small Appliances,631.0,0.0,22.0,537.0
SKU0050,2025-09-15,247,984223.37,0,0,Small Appliances,453.0,1247.0,22.0,537.0
SKU0050,2025-09-22,224,892575.04,0,0,Small Appliances,201.0,1247.0,22.0,537.0
SKU0050,2025-09-29,189,753110.19,0,1,Small Appliances,1160.0,0.0,22.0,537.0
SKU0050,2025-10-06,201,800926.71,0,0,Small Appliances,985.0,0.0,22.0,537.0
SKU0050,2025-10-13,306,1081848.77,1,0,Small Appliances,736.0,0.0,22.0,537.0
SKU0050,2025-10-20,285,1059135.92,1,0,Small Appliances,404.0,932.0,22.0,537.0
SKU0050,2025-10-27,188,749125.48,0,1,Small Appliances,112.0,932.0,22.0,537.0
SKU0050,2025-11-03,186,741156.06,0,0,Small Appliances,879.0,0.0,22.0,537.0
SKU0050,2025-11-10,225,896559.75,0,0,Small Appliances,645.0,0.0,22.0,537.0
SKU0050,2025-11-17,203,808896.13,0,0,Small Appliances,418.0,880.0,22.0,537.0
SKU0050,2025-11-24,382,1311168.83,1,0,Small Appliances,418.0,880.0,22.0,537.0
SKU0050,2025-12-01,295,1133649.99,1,0,Small Appliances,834.0,0.0,22.0,537.0
SKU0050,2025-12-08,320,1275107.2,0,0,Small Appliances,560.0,0.0,22.0,537.0
SKU0050,2025-12-15,216,860697.36,0,0,Small Appliances,256.0,1023.0,22.0,537.0
SKU0050,2025-12-22,253,1008131.63,0,1,Small Appliances,1055.0,0.0,22.0,537.0
SKU0051,2025-03-03,15,60464.25,0,0,Decor,223.0,934.0,28.0,405.0
SKU0051,2025-03-10,136,548209.2,0,0,Decor,223.0,934.0,28.0,405.0
SKU0051,2025-03-17,138,556271.1,0,0,Decor,91.0,934.0,28.0,405.0
SKU0051,2025-03-24,70,282166.5,0,0,Decor,91.0,934.0,28.0,405.0
SKU0051,2025-03-31,0,0.0,0,0,Decor,0.0,934.0,28.0,405.0
SKU0051,2025-04-07,130,524023.5,0,0,Decor,895.0,0.0,28.0,405.0
SKU0051,2025-04-14,152,612704.4,0,0,Decor,759.0,0.0,28.0,405.0
SKU0051,2025-04-21,156,628828.2,0,0,Decor,602.0,0.0,28.0,405.0
SKU0051,2025-04-28,129,519992.55000000005,0,0,Decor,416.0,0.0,28.0,405.0
SKU0051,2025-05-05,130,524023.5,0,0,Decor,1053.0,0.0,28.0,405.0
SKU0051,2025-05-12,136,548209.2,0,0,Decor,924.0,0.0,28.0,405.0
SKU0051,2025-05-19,138,556271.1,0,0,Decor,788.0,0.0,28.0,405.0
SKU0051,2025-05-26,145,584487.75,0,0,Decor,585.0,0.0,28.0,405.0
SKU0051,2025-06-02,139,560302.05,0,0,Decor,446.0,0.0,28.0,405.0
SKU0051,2025-06-09,143,558891.22,1,0,Decor,303.0,675.0,28.0,405.0
SKU0051,2025-06-16,227,791073.94,1,0,Decor,76.0,675.0,28.0,405.0
SKU0051,2025-06-23,76,306352.2,0,0,Decor,76.0,675.0,28.0,405.0
SKU0051,2025-06-30,139,560302.05,0,0,Decor,637.0,0.0,28.0,405.0
SKU0051,2025-07-07,136,548209.2,0,0,Decor,497.0,0.0,28.0,405.0
SKU0051,2025-07-14,146,588518.7,0,0,Decor,357.0,745.0,28.0,405.0
SKU0051,2025-07-21,142,572394.9,0,0,Decor,208.0,745.0,28.0,405.0
SKU0051,2025-07-28,130,524023.5,0,0,Decor,762.0,0.0,28.0,405.0
SKU0051,2025-08-04,130,524023.5,0,0,Decor,632.0,0.0,28.0,405.0
SKU0051,2025-08-11,129,519992.55,0,1,Decor,495.0,0.0,28.0,405.0
SKU0051,2025-08-18,115,463559.25,0,0,Decor,385.0,922.0,28.0,405.0
SKU0051,2025-08-25,141,568363.95,0,0,Decor,385.0,922.0,28.0,405.0
SKU0051,2025-09-01,132,532085.4,0,0,Decor,1118.0,0.0,28.0,405.0
SKU0051,2025-09-08,116,467590.2,0,0,Decor,989.0,0.0,28.0,405.0
SKU0051,2025-09-15,134,540147.3,0,0,Decor,875.0,0.0,28.0,405.0
SKU0051,2025-09-22,119,479683.05,0,0,Decor,740.0,0.0,28.0,405.0
SKU0051,2025-09-29,136,548209.2,0,1,Decor,576.0,0.0,28.0,405.0
SKU0051,2025-10-06,121,487744.95,0,0,Decor,443.0,0.0,28.0,405.0
SKU0051,2025-10-13,179,635076.16,1,0,Decor,311.0,999.0,28.0,405.0
SKU0051,2025-10-20,152,569170.13,1,0,Decor,1108.0,0.0,28.0,405.0
SKU0051,2025-10-27,128,515961.6,0,1,Decor,936.0,0.0,28.0,405.0
SKU0051,2025-11-03,136,548209.2,0,0,Decor,798.0,0.0,28.0,405.0
SKU0051,2025-11-10,125,503868.75,0,0,Decor,669.0,0.0,28.0,405.0
SKU0051,2025-11-17,135,544178.25,0,0,Decor,536.0,0.0,28.0,405.0
SKU0051,2025-11-24,216,753384.5599999999,1,0,Decor,536.0,0.0,28.0,405.0
SKU0051,2025-12-01,167,653215.45,1,0,Decor,272.0,893.0,28.0,405.0
SKU0051,2025-12-08,130,524023.5,0,0,Decor,115.0,893.0,28.0,405.0
SKU0051,2025-12-15,137,552240.15,0,0,Decor,885.0,0.0,28.0,405.0
SKU0051,2025-12-22,140,564333.0,0,1,Decor,751.0,0.0,28.0,405.0
SKU0052,2025-02-10,202,206300.58,0,0,Decor,95.0,678.0,10.0,323.0
SKU0052,2025-02-17,98,100086.42000000001,0,0,Decor,678.0,0.0,10.0,323.0
SKU0052,2025-02-24,342,349281.18,0,0,Decor,361.0,0.0,10.0,323.0
SKU0052,2025-03-03,324,330897.96,0,0,Decor,658.0,0.0,10.0,323.0
SKU0052,2025-03-10,358,365621.82,0,0,Decor,295.0,724.0,10.0,323.0
SKU0052,2025-03-17,260,265535.4,0,0,Decor,0.0,724.0,10.0,323.0
SKU0052,2025-03-24,300,306387.0,0,0,Decor,0.0,724.0,10.0,323.0
SKU0052,2025-03-31,344,351323.76,0,0,Decor,297.0,562.0,10.0,323.0
SKU0052,2025-04-07,394,402388.26,0,0,Decor,535.0,0.0,10.0,323.0
SKU0052,2025-04-14,369,376856.01,0,0,Decor,912.0,0.0,10.0,323.0
SKU0052,2025-04-21,388,396260.52,0,0,Decor,541.0,0.0,10.0,323.0
SKU0052,2025-04-28,339,346217.31,0,0,Decor,23.0,600.0,10.0,323.0
SKU0052,2025-05-05,368,375834.72,0,0,Decor,307.0,607.0,10.0,323.0
SKU0052,2025-05-12,399,407494.70999999996,0,0,Decor,511.0,0.0,10.0,323.0
SKU0052,2025-05-19,370,377877.3,0,0,Decor,134.0,770.0,10.0,323.0
SKU0052,2025-05-26,431,440175.99,0,0,Decor,365.0,0.0,10.0,323.0
SKU0052,2025-06-02,307,313536.03,0,0,Decor,58.0,505.0,10.0,323.0
SKU0052,2025-06-09,211,203696.28999999998,1,0,Decor,352.0,0.0,10.0,323.0
SKU0052,2025-06-16,351,304701.87,1,0,Decor,679.0,0.0,10.0,323.0
SKU0052,2025-06-23,372,379919.88,0,0,Decor,679.0,0.0,10.0,323.0
SKU0052,2025-06-30,259,264514.11,0,0,Decor,225.0,538.0,10.0,323.0
SKU0052,2025-07-07,310,316599.9,0,0,Decor,486.0,0.0,10.0,323.0
SKU0052,2025-07-14,276,281876.04,0,0,Decor,185.0,646.0,10.0,323.0
SKU0052,2025-07-21,197,201194.13,0,0,Decor,647.0,0.0,10.0,323.0
SKU0052,2025-07-28,284,290046.36,0,0,Decor,922.0,0.0,10.0,323.0
SKU0052,2025-08-04,300,306387.0,0,0,Decor,623.0,0.0,10.0,323.0
SKU0052,2025-08-11,273,278812.17,0,1,Decor,341.0,0.0,10.0,323.0
SKU0052,2025-08-18,287,293110.23,0,0,Decor,562.0,0.0,10.0,323.0
SKU0052,2025-08-25,226,230811.53999999998,0,0,Decor,562.0,0.0,10.0,323.0
SKU0052,2025-09-01,258,263492.82,0,0,Decor,800.0,0.0,10.0,323.0
SKU0052,2025-09-08,222,226726.38,0,0,Decor,545.0,0.0,10.0,323.0
SKU0052,2025-09-15,244,249194.76,0,0,Decor,295.0,637.0,10.0,323.0
SKU0052,2025-09-22,261,266556.69,0,0,Decor,694.0,0.0,10.0,323.0
SKU0052,2025-09-29,206,210385.74,0,1,Decor,386.0,0.0,10.0,323.0
SKU0052,2025-10-06,217,221619.93,0,0,Decor,158.0,694.0,10.0,323.0
SKU0052,2025-10-13,348,315425.41,1,0,Decor,580.0,0.0,10.0,323.0
SKU0052,2025-10-20,280,266505.63,1,0,Decor,244.0,668.0,10.0,323.0
SKU0052,2025-10-27,211,215492.19,0,1,Decor,611.0,0.0,10.0,323.0
SKU0052,2025-11-03,249,254301.21,0,0,Decor,360.0,0.0,10.0,323.0
SKU0052,2025-11-10,234,238981.86,0,0,Decor,127.0,655.0,10.0,323.0
SKU0052,2025-11-17,233,237960.57,0,0,Decor,562.0,0.0,10.0,323.0
SKU0052,2025-11-24,491,431290.77,1,0,Decor,562.0,0.0,10.0,323.0
SKU0052,2025-12-01,378,374098.52999999997,1,0,Decor,599.0,0.0,10.0,323.0
SKU0052,2025-12-08,318,324770.22,0,0,Decor,269.0,675.0,10.0,323.0
SKU0052,2025-12-15,336,343153.44,0,0,Decor,606.0,0.0,10.0,323.0
SKU0052,2025-12-22,275,280854.75,0,1,Decor,265.0,572.0,10.0,323.0
SKU0053,2025-02-10,22,58495.8,0,0,Furnishings,70.0,1028.0,29.0,597.0
SKU0053,2025-02-17,151,401493.9,0,0,Furnishings,70.0,1028.0,29.0,597.0
SKU0053,2025-02-24,44,116991.6,0,0,Furnishings,1.0,1028.0,29.0,597.0
SKU0053,2025-03-03,0,0.0,0,0,Furnishings,1.0,1028.0,29.0,597.0
SKU0053,2025-03-10,0,0.0,0,0,Furnishings,1.0,1028.0,29.0,597.0
SKU0053,2025-03-17,131,348315.9,0,0,Furnishings,919.0,0.0,29.0,597.0
SKU0053,2025-03-24,131,348315.9,0,0,Furnishings,919.0,0.0,29.0,597.0
SKU0053,2025-03-31,174,462648.6,0,0,Furnishings,711.0,0.0,29.0,597.0
SKU0053,2025-04-07,153,406811.7,0,0,Furnishings,554.0,1068.0,29.0,597.0
SKU0053,2025-04-14,130,345657.0,0,0,Furnishings,1464.0,0.0,29.0,597.0
SKU0053,2025-04-21,174,462648.6,0,0,Furnishings,1332.0,0.0,29.0,597.0
SKU0053,2025-04-28,163,433400.69999999995,0,0,Furnishings,1110.0,0.0,29.0,597.0
SKU0053,2025-05-05,152,404152.80000000005,0,0,Furnishings,943.0,0.0,29.0,597.0
SKU0053,2025-05-12,155,412129.5,0,0,Furnishings,794.0,0.0,29.0,597.0
SKU0053,2025-05-19,153,406811.7,0,0,Furnishings,636.0,0.0,29.0,597.0
SKU0053,2025-05-26,149,396176.1,0,0,Furnishings,431.0,905.0,29.0,597.0
SKU0053,2025-06-02,133,353633.7,0,0,Furnishings,298.0,905.0,29.0,597.0
SKU0053,2025-06-09,156,404817.52,1,0,Furnishings,1048.0,0.0,29.0,597.0
SKU0053,2025-06-16,254,582830.87,1,0,Furnishings,794.0,0.0,29.0,597.0
SKU0053,2025-06-23,149,396176.1,0,0,Furnishings,794.0,0.0,29.0,597.0
SKU0053,2025-06-30,134,356292.6,0,0,Furnishings,615.0,0.0,29.0,597.0
SKU0053,2025-07-07,123,327044.7,0,0,Furnishings,476.0,912.0,29.0,597.0
SKU0053,2025-07-14,134,356292.6,0,0,Furnishings,1258.0,0.0,29.0,597.0
SKU0053,2025-07-21,107,284502.3,0,0,Furnishings,1124.0,0.0,29.0,597.0
SKU0053,2025-07-28,124,329703.6,0,0,Furnishings,963.0,0.0,29.0,597.0
SKU0053,2025-08-04,135,358951.5,0,0,Furnishings,830.0,0.0,29.0,597.0
SKU0053,2025-08-11,80,212712.0,0,1,Furnishings,735.0,0.0,29.0,597.0
SKU0053,2025-08-18,113,300455.7,0,0,Furnishings,646.0,0.0,29.0,597.0
SKU0053,2025-08-25,128,340339.2,0,0,Furnishings,646.0,0.0,29.0,597.0
SKU0053,2025-09-01,99,263231.1,0,0,Furnishings,464.0,1400.0,29.0,597.0
SKU0053,2025-09-08,73,194099.7,0,0,Furnishings,1757.0,0.0,29.0,597.0
SKU0053,2025-09-15,91,241959.9,0,0,Furnishings,1705.0,0.0,29.0,597.0
SKU0053,2025-09-22,101,268548.9,0,0,Furnishings,1592.0,0.0,29.0,597.0
SKU0053,2025-09-29,89,236642.1,0,1,Furnishings,1478.0,0.0,29.0,597.0
SKU0053,2025-10-06,103,273866.7,0,0,Furnishings,1368.0,0.0,29.0,597.0
SKU0053,2025-10-13,122,285299.96,1,0,Furnishings,1269.0,0.0,29.0,597.0
SKU0053,2025-10-20,113,283305.8,1,0,Furnishings,1140.0,0.0,29.0,597.0
SKU0053,2025-10-27,97,257913.3,0,1,Furnishings,1002.0,0.0,29.0,597.0
SKU0053,2025-11-03,92,244618.8,0,0,Furnishings,905.0,0.0,29.0,597.0
SKU0053,2025-11-10,113,300455.7,0,0,Furnishings,802.0,0.0,29.0,597.0
SKU0053,2025-11-17,83,220688.7,0,0,Furnishings,718.0,0.0,29.0,597.0
SKU0053,2025-11-24,147,333426.2,1,0,Furnishings,718.0,0.0,29.0,597.0
SKU0053,2025-12-01,142,365199.91,1,0,Furnishings,524.0,1013.0,29.0,597.0
SKU0053,2025-12-08,119,316409.1,0,0,Furnishings,1401.0,0.0,29.0,597.0
SKU0053,2025-12-15,127,337680.3,0,0,Furnishings,1286.0,0.0,29.0,597.0
SKU0053,2025-12-22,117,311091.3,0,1,Furnishings,1173.0,0.0,29.0,597.0
SKU0054,2024-05-20,41,58324.55,0,0,Furnishings,270.0,0.0,29.0,199.0
SKU0054,2024-05-27,67,95310.84999999999,0,0,Furnishings,178.0,490.0,29.0,199.0
SKU0054,2024-06-03,68,96733.4,0,0,Furnishings,107.0,490.0,29.0,199.0
SKU0054,2024-06-10,71,96306.63,1,0,Furnishings,42.0,490.0,29.0,199.0
SKU0054,2024-06-17,61,76746.61,1,0,Furnishings,469.0,0.0,29.0,199.0
SKU0054,2024-06-24,53,75395.15,0,0,Furnishings,469.0,0.0,29.0,199.0
SKU0054,2024-07-01,52,73972.6,0,0,Furnishings,399.0,0.0,29.0,199.0
SKU0054,2024-07-08,49,69704.95,0,0,Furnishings,351.0,0.0,29.0,199.0
SKU0054,2024-07-15,50,71127.5,0,0,Furnishings,301.0,0.0,29.0,199.0
SKU0054,2024-07-22,57,81085.35,0,0,Furnishings,249.0,0.0,29.0,199.0
SKU0054,2024-07-29,34,48366.7,0,0,Furnishings,249.0,0.0,29.0,199.0
SKU0054,2024-08-05,58,82507.9,0,0,Furnishings,131.0,431.0,29.0,199.0
SKU0054,2024-08-12,48,68282.4,0,1,Furnishings,72.0,431.0,29.0,199.0
SKU0054,2024-08-19,48,68282.4,0,0,Furnishings,457.0,0.0,29.0,199.0
SKU0054,2024-08-26,44,62592.2,0,0,Furnishings,395.0,0.0,29.0,199.0
SKU0054,2024-09-02,45,64014.75,0,0,Furnishings,350.0,0.0,29.0,199.0
SKU0054,2024-09-09,42,59747.1,0,0,Furnishings,308.0,0.0,29.0,199.0
SKU0054,2024-09-16,40,56902.0,0,0,Furnishings,268.0,0.0,29.0,199.0
SKU0054,2024-09-23,43,61169.65,0,0,Furnishings,268.0,0.0,29.0,199.0
SKU0054,2024-09-30,51,72550.05,0,1,Furnishings,211.0,0.0,29.0,199.0
SKU0054,2024-10-07,54,76817.7,0,0,Furnishings,159.0,314.0,29.0,199.0
SKU0054,2024-10-14,72,87486.83,1,0,Furnishings,417.0,0.0,29.0,199.0
SKU0054,2024-10-21,60,82579.03,1,0,Furnishings,341.0,0.0,29.0,199.0
SKU0054,2024-10-28,56,79662.8,0,1,Furnishings,261.0,0.0,29.0,199.0
SKU0054,2024-11-04,44,62592.2,0,0,Furnishings,214.0,0.0,29.0,199.0
SKU0054,2024-11-11,46,65437.3,0,0,Furnishings,487.0,0.0,29.0,199.0
SKU0054,2024-11-18,56,79662.8,0,0,Furnishings,433.0,0.0,29.0,199.0
SKU0054,2024-11-25,99,119707.57999999999,1,0,Furnishings,319.0,0.0,29.0,199.0
SKU0054,2024-12-02,56,79662.8,0,0,Furnishings,263.0,0.0,29.0,199.0
SKU0054,2024-12-09,55,78240.25,0,0,Furnishings,208.0,0.0,29.0,199.0
SKU0054,2024-12-16,40,56902.0,0,0,Furnishings,168.0,376.0,29.0,199.0
SKU0054,2024-12-23,45,64014.75,0,1,Furnishings,168.0,376.0,29.0,199.0
SKU0054,2024-12-30,79,99151.73,1,0,Furnishings,90.0,376.0,29.0,199.0
SKU0054,2025-01-06,55,72692.29999999999,1,0,Furnishings,6.0,376.0,29.0,199.0
SKU0054,2025-01-13,46,65437.3,0,0,Furnishings,346.0,0.0,29.0,199.0
SKU0054,2025-01-20,47,66859.85,0,1,Furnishings,297.0,0.0,29.0,199.0
SKU0054,2025-01-27,57,81085.35,0,0,Furnishings,223.0,0.0,29.0,199.0
SKU0054,2025-02-03,54,76817.7,0,0,Furnishings,471.0,0.0,29.0,199.0
SKU0054,2025-02-10,49,69704.95,0,0,Furnishings,424.0,0.0,29.0,199.0
SKU0054,2025-02-17,60,85353.0,0,0,Furnishings,365.0,0.0,29.0,199.0
SKU0054,2025-02-24,52,73972.6,0,0,Furnishings,312.0,0.0,29.0,199.0
SKU0054,2025-03-03,57,81085.35,0,0,Furnishings,252.0,0.0,29.0,199.0
SKU0054,2025-03-10,57,81085.35,0,0,Furnishings,198.0,457.0,29.0,199.0
SKU0054,2025-03-17,56,79662.8,0,0,Furnishings,140.0,457.0,29.0,199.0
SKU0054,2025-03-24,45,64014.75,0,0,Furnishings,140.0,457.0,29.0,199.0
SKU0054,2025-03-31,61,86775.55,0,0,Furnishings,75.0,457.0,29.0,199.0
SKU0054,2025-04-07,62,88198.1,0,0,Furnishings,463.0,0.0,29.0,199.0
SKU0054,2025-04-14,55,78240.25,0,0,Furnishings,402.0,0.0,29.0,199.0
SKU0054,2025-04-21,55,78240.25,0,0,Furnishings,351.0,0.0,29.0,199.0
SKU0054,2025-04-28,58,82507.9,0,0,Furnishings,280.0,0.0,29.0,199.0
SKU0054,2025-05-05,53,75395.15,0,0,Furnishings,215.0,0.0,29.0,199.0
SKU0054,2025-05-12,44,62592.2,0,0,Furnishings,171.0,344.0,29.0,199.0
SKU0054,2025-05-19,56,79662.8,0,0,Furnishings,122.0,344.0,29.0,199.0
SKU0054,2025-05-26,57,81085.35,0,0,Furnishings,44.0,344.0,29.0,199.0
SKU0054,2025-06-02,53,75395.15,0,0,Furnishings,335.0,0.0,29.0,199.0
SKU0054,2025-06-09,64,87629.08,1,0,Furnishings,271.0,0.0,29.0,199.0
SKU0054,2025-06-16,100,122410.43,1,0,Furnishings,171.0,397.0,29.0,199.0
SKU0054,2025-06-23,51,72550.05,0,0,Furnishings,171.0,397.0,29.0,199.0
SKU0054,2025-06-30,59,83930.45,0,0,Furnishings,104.0,397.0,29.0,199.0
SKU0054,2025-07-07,58,82507.9,0,0,Furnishings,437.0,0.0,29.0,199.0
SKU0054,2025-07-14,57,81085.34999999999,0,0,Furnishings,382.0,0.0,29.0,199.0
SKU0054,2025-07-21,59,83930.45,0,0,Furnishings,331.0,0.0,29.0,199.0
SKU0054,2025-07-28,62,88198.1,0,0,Furnishings,238.0,0.0,29.0,199.0
SKU0054,2025-08-04,48,68282.4,0,0,Furnishings,184.0,429.0,29.0,199.0
SKU0054,2025-08-11,32,45521.6,0,1,Furnishings,146.0,429.0,29.0,199.0
SKU0054,2025-08-18,52,73972.6,0,0,Furnishings,103.0,429.0,29.0,199.0
SKU0054,2025-08-25,46,65437.3,0,0,Furnishings,103.0,429.0,29.0,199.0
SKU0054,2025-09-01,52,73972.59999999999,0,0,Furnishings,466.0,0.0,29.0,199.0
SKU0054,2025-09-08,46,65437.3,0,0,Furnishings,415.0,0.0,29.0,199.0
SKU0054,2025-09-15,61,86775.55,0,0,Furnishings,365.0,0.0,29.0,199.0
SKU0054,2025-09-22,51,72550.05,0,0,Furnishings,310.0,0.0,29.0,199.0
SKU0054,2025-09-29,45,64014.75,0,1,Furnishings,240.0,0.0,29.0,199.0
SKU0054,2025-10-06,51,72550.05,0,0,Furnishings,197.0,317.0,29.0,199.0
SKU0054,2025-10-13,80,100360.9,1,0,Furnishings,131.0,317.0,29.0,199.0
SKU0054,2025-10-20,52,69064.8,1,0,Furnishings,57.0,317.0,29.0,199.0
SKU0054,2025-10-27,47,66859.85,0,1,Furnishings,309.0,0.0,29.0,199.0
SKU0054,2025-11-03,48,68282.4,0,0,Furnishings,264.0,0.0,29.0,199.0
SKU0054,2025-11-10,45,64014.75,0,0,Furnishings,220.0,0.0,29.0,199.0
SKU0054,2025-11-17,45,64014.75,0,0,Furnishings,171.0,301.0,29.0,199.0
SKU0054,2025-11-24,81,99222.87,1,0,Furnishings,171.0,301.0,29.0,199.0
SKU0054,2025-12-01,56,75608.53,1,0,Furnishings,367.0,0.0,29.0,199.0
SKU0054,2025-12-08,47,66859.85,0,0,Furnishings,326.0,0.0,29.0,199.0
SKU0054,2025-12-15,49,69704.95,0,0,Furnishings,279.0,0.0,29.0,199.0
SKU0054,2025-12-22,51,72550.05,0,1,Furnishings,228.0,0.0,29.0,199.0
SKU0055,2024-03-25,107,94445.69,0,0,Furnishings,61.0,1058.0,19.0,689.0
SKU0055,2024-04-01,99,87384.33,0,0,Furnishings,61.0,1058.0,19.0,689.0
SKU0055,2024-04-08,0,0.0,0,0,Furnishings,0.0,1058.0,19.0,689.0
SKU0055,2024-04-15,156,137696.52,0,0,Furnishings,0.0,1058.0,19.0,689.0
SKU0055,2024-04-22,273,240968.91,0,0,Furnishings,871.0,0.0,19.0,689.0
SKU0055,2024-04-29,283,249795.61000000002,0,0,Furnishings,497.0,1568.0,19.0,689.0
SKU0055,2024-05-06,279,246264.93,0,0,Furnishings,1757.0,0.0,19.0,689.0
SKU0055,2024-05-13,287,253326.29,0,0,Furnishings,1486.0,0.0,19.0,689.0
SKU0055,2024-05-20,274,241851.58000000002,0,0,Furnishings,1176.0,0.0,19.0,689.0
SKU0055,2024-05-27,256,225963.52,0,0,Furnishings,851.0,0.0,19.0,689.0
SKU0055,2024-06-03,311,274510.37,0,0,Furnishings,525.0,1329.0,19.0,689.0
SKU0055,2024-06-10,304,253370.41999999998,1,0,Furnishings,1590.0,0.0,19.0,689.0
SKU0055,2024-06-17,393,301873.15,1,0,Furnishings,1179.0,0.0,19.0,689.0
SKU0055,2024-06-24,274,241851.58000000002,0,0,Furnishings,1179.0,0.0,19.0,689.0
SKU0055,2024-07-01,230,203014.1,0,0,Furnishings,838.0,0.0,19.0,689.0
SKU0055,2024-07-08,267,235672.89,0,0,Furnishings,590.0,1562.0,19.0,689.0
SKU0055,2024-07-15,247,218019.49,0,0,Furnishings,338.0,1562.0,19.0,689.0
SKU0055,2024-07-22,255,225080.84999999998,0,0,Furnishings,1642.0,0.0,19.0,689.0
SKU0055,2024-07-29,173,152701.91,0,0,Furnishings,1297.0,0.0,19.0,689.0
SKU0055,2024-08-05,179,157997.93,0,0,Furnishings,1137.0,0.0,19.0,689.0
SKU0055,2024-08-12,215,189774.05,0,1,Furnishings,937.0,0.0,19.0,689.0
SKU0055,2024-08-19,221,195070.07,0,0,Furnishings,712.0,0.0,19.0,689.0
SKU0055,2024-08-26,253,223315.51,0,0,Furnishings,1878.0,0.0,19.0,689.0
SKU0055,2024-09-02,170,150053.9,0,0,Furnishings,1708.0,0.0,19.0,689.0
SKU0055,2024-09-09,170,150053.9,0,0,Furnishings,1538.0,0.0,19.0,689.0
SKU0055,2024-09-16,232,204779.44,0,0,Furnishings,1306.0,0.0,19.0,689.0
SKU0055,2024-09-23,186,164176.62,0,0,Furnishings,1306.0,0.0,19.0,689.0
SKU0055,2024-09-30,148,130635.16,0,1,Furnishings,1062.0,0.0,19.0,689.0
SKU0055,2024-10-07,195,172120.65,0,0,Furnishings,911.0,0.0,19.0,689.0
SKU0055,2024-10-14,299,228832.19,1,0,Furnishings,701.0,0.0,19.0,689.0
SKU0055,2024-10-21,209,176401.6,1,0,Furnishings,387.0,1541.0,19.0,689.0
SKU0055,2024-10-28,141,124456.47,0,1,Furnishings,1692.0,0.0,19.0,689.0
SKU0055,2024-11-04,206,181830.02,0,0,Furnishings,1523.0,0.0,19.0,689.0
SKU0055,2024-11-11,211,186243.37,0,0,Furnishings,1317.0,0.0,19.0,689.0
SKU0055,2024-11-18,187,165059.29,0,0,Furnishings,1093.0,0.0,19.0,689.0
SKU0055,2024-11-25,363,272347.82,1,0,Furnishings,702.0,0.0,19.0,689.0
SKU0055,2024-12-02,156,137696.52,0,0,Furnishings,546.0,1151.0,19.0,689.0
SKU0055,2024-12-09,207,182712.69,0,0,Furnishings,339.0,1151.0,19.0,689.0
SKU0055,2024-12-16,243,214488.81,0,0,Furnishings,1247.0,0.0,19.0,689.0
SKU0055,2024-12-23,213,188008.71000000002,0,1,Furnishings,1247.0,0.0,19.0,689.0
SKU0055,2024-12-30,409,315863.46,1,0,Furnishings,875.0,0.0,19.0,689.0
SKU0055,2025-01-06,316,257739.63999999998,1,0,Furnishings,2000.0,0.0,19.0,689.0
SKU0055,2025-01-13,259,228611.53,0,0,Furnishings,1768.0,0.0,19.0,689.0
SKU0055,2025-01-20,272,240086.24,0,1,Furnishings,1485.0,0.0,19.0,689.0
SKU0055,2025-01-27,221,195070.07,0,0,Furnishings,1159.0,0.0,19.0,689.0
SKU0055,2025-02-03,266,234790.22,0,0,Furnishings,893.0,0.0,19.0,689.0
SKU0055,2025-02-10,264,233024.88,0,0,Furnishings,1682.0,0.0,19.0,689.0
SKU0055,2025-02-17,309,272745.03,0,0,Furnishings,1374.0,0.0,19.0,689.0
SKU0055,2025-02-24,308,271862.36,0,0,Furnishings,1075.0,0.0,19.0,689.0
SKU0055,2025-03-03,290,255974.3,0,0,Furnishings,777.0,0.0,19.0,689.0
SKU0055,2025-03-10,294,259504.97999999998,0,0,Furnishings,489.0,1596.0,19.0,689.0
SKU0055,2025-03-17,306,270097.02,0,0,Furnishings,176.0,1596.0,19.0,689.0
SKU0055,2025-03-24,310,273627.7,0,0,Furnishings,176.0,1596.0,19.0,689.0
SKU0055,2025-03-31,294,259504.98,0,0,Furnishings,1350.0,0.0,19.0,689.0
SKU0055,2025-04-07,293,258622.31,0,0,Furnishings,1037.0,0.0,19.0,689.0
SKU0055,2025-04-14,326,287750.42,0,0,Furnishings,753.0,0.0,19.0,689.0
SKU0055,2025-04-21,296,261270.32,0,0,Furnishings,438.0,1639.0,19.0,689.0
SKU0055,2025-04-28,339,299225.13,0,0,Furnishings,1640.0,0.0,19.0,689.0
SKU0055,2025-05-05,318,280689.06,0,0,Furnishings,1322.0,0.0,19.0,689.0
SKU0055,2025-05-12,299,263918.33,0,0,Furnishings,996.0,0.0,19.0,689.0
SKU0055,2025-05-19,320,282454.4,0,0,Furnishings,680.0,1318.0,19.0,689.0
SKU0055,2025-05-26,274,241851.58000000002,0,0,Furnishings,313.0,1318.0,19.0,689.0
SKU0055,2025-06-02,293,258622.31,0,0,Furnishings,1338.0,0.0,19.0,689.0
SKU0055,2025-06-09,295,252443.62,1,0,Furnishings,1043.0,0.0,19.0,689.0
SKU0055,2025-06-16,471,358408.16,1,0,Furnishings,572.0,1291.0,19.0,689.0
SKU0055,2025-06-23,282,248912.94,0,0,Furnishings,572.0,1291.0,19.0,689.0
SKU0055,2025-06-30,271,239203.57,0,0,Furnishings,1507.0,0.0,19.0,689.0
SKU0055,2025-07-07,249,219784.83000000002,0,0,Furnishings,1216.0,0.0,19.0,689.0
SKU0055,2025-07-14,254,224198.18,0,0,Furnishings,968.0,0.0,19.0,689.0
SKU0055,2025-07-21,257,226846.19,0,0,Furnishings,744.0,0.0,19.0,689.0
SKU0055,2025-07-28,256,225963.52,0,0,Furnishings,347.0,1106.0,19.0,689.0
SKU0055,2025-08-04,234,206544.78,0,0,Furnishings,1210.0,0.0,19.0,689.0
SKU0055,2025-08-11,250,220667.5,0,1,Furnishings,961.0,0.0,19.0,689.0
SKU0055,2025-08-18,245,216254.15,0,0,Furnishings,713.0,0.0,19.0,689.0
SKU0055,2025-08-25,261,230376.87,0,0,Furnishings,713.0,0.0,19.0,689.0
SKU0055,2025-09-01,238,210075.46,0,0,Furnishings,375.0,1404.0,19.0,689.0
SKU0055,2025-09-08,220,194187.4,0,0,Furnishings,143.0,1404.0,19.0,689.0
SKU0055,2025-09-15,249,219784.83,0,0,Furnishings,1318.0,0.0,19.0,689.0
SKU0055,2025-09-22,230,203014.1,0,0,Furnishings,1083.0,0.0,19.0,689.0
SKU0055,2025-09-29,259,228611.53,0,1,Furnishings,744.0,0.0,19.0,689.0
SKU0055,2025-10-06,211,186243.37,0,0,Furnishings,485.0,1706.0,19.0,689.0
SKU0055,2025-10-13,341,265242.34,1,0,Furnishings,251.0,1706.0,19.0,689.0
SKU0055,2025-10-20,238,196703.01,1,0,Furnishings,1625.0,0.0,19.0,689.0
SKU0055,2025-10-27,230,203014.1,0,1,Furnishings,1313.0,0.0,19.0,689.0
SKU0055,2025-11-03,172,151819.24,0,0,Furnishings,1145.0,0.0,19.0,689.0
SKU0055,2025-11-10,267,235672.89,0,0,Furnishings,895.0,0.0,19.0,689.0
SKU0055,2025-11-17,273,240968.91,0,0,Furnishings,618.0,1460.0,19.0,689.0
SKU0055,2025-11-24,367,278129.31,1,0,Furnishings,618.0,1460.0,19.0,689.0
SKU0055,2025-12-01,251,214135.74,1,0,Furnishings,1628.0,0.0,19.0,689.0
SKU0055,2025-12-08,245,216254.15,0,0,Furnishings,1401.0,0.0,19.0,689.0
SKU0055,2025-12-15,223,196835.41,0,0,Furnishings,1153.0,0.0,19.0,689.0
SKU0055,2025-12-22,293,258622.31,0,1,Furnishings,914.0,0.0,19.0,689.0
SKU0056,2024-06-03,123,764253.12,0,0,Furnishings,267.0,156.0,10.0,368.0
SKU0056,2024-06-10,227,1407654.83,1,0,Furnishings,0.0,156.0,10.0,368.0
SKU0056,2024-06-17,156,823902.1399999999,1,0,Furnishings,0.0,155.0,10.0,368.0
SKU0056,2024-06-24,121,751826.24,0,0,Furnishings,0.0,155.0,10.0,368.0
SKU0056,2024-07-01,33,205043.52000000002,0,0,Furnishings,7.0,159.0,10.0,368.0
SKU0056,2024-07-08,160,994150.4,0,0,Furnishings,139.0,227.0,10.0,368.0
SKU0056,2024-07-15,111,689691.8400000001,0,0,Furnishings,0.0,227.0,10.0,368.0
SKU0056,2024-07-22,144,894735.36,0,0,Furnishings,83.0,151.0,10.0,368.0
SKU0056,2024-07-29,123,764253.12,0,0,Furnishings,0.0,175.0,10.0,368.0
SKU0056,2024-08-05,138,857454.72,0,0,Furnishings,123.0,165.0,10.0,368.0
SKU0056,2024-08-12,77,478434.88,0,1,Furnishings,1.0,165.0,10.0,368.0
SKU0056,2024-08-19,124,770466.5599999999,0,0,Furnishings,8.0,255.0,10.0,368.0
SKU0056,2024-08-26,159,987936.96,0,0,Furnishings,97.0,189.0,10.0,368.0
SKU0056,2024-09-02,138,857454.72,0,0,Furnishings,148.0,209.0,10.0,368.0
SKU0056,2024-09-09,140,869881.6,0,0,Furnishings,216.0,236.0,10.0,368.0
SKU0056,2024-09-16,130,807747.2,0,0,Furnishings,86.0,236.0,10.0,368.0
SKU0056,2024-09-23,147,913375.68,0,0,Furnishings,86.0,236.0,10.0,368.0
SKU0056,2024-09-30,104,646197.76,0,1,Furnishings,136.0,250.0,10.0,368.0
SKU0056,2024-10-07,122,758039.6799999999,0,0,Furnishings,288.0,197.0,10.0,368.0
SKU0056,2024-10-14,235,1254182.86,1,0,Furnishings,344.0,0.0,10.0,368.0
SKU0056,2024-10-21,141,848134.56,1,0,Furnishings,114.0,250.0,10.0,368.0
SKU0056,2024-10-28,110,683478.4,0,1,Furnishings,188.0,200.0,10.0,368.0
SKU0056,2024-11-04,106,658624.64,0,0,Furnishings,295.0,286.0,10.0,368.0
SKU0056,2024-11-11,141,876095.04,0,0,Furnishings,448.0,0.0,10.0,368.0
SKU0056,2024-11-18,152,944442.88,0,0,Furnishings,289.0,154.0,10.0,368.0
SKU0056,2024-11-25,267,1410140.21,1,0,Furnishings,134.0,277.0,10.0,368.0
SKU0056,2024-12-02,185,1149486.4,0,0,Furnishings,227.0,238.0,10.0,368.0
SKU0056,2024-12-09,154,956869.76,0,0,Furnishings,311.0,157.0,10.0,368.0
SKU0056,2024-12-16,180,1118419.2,0,0,Furnishings,131.0,157.0,10.0,368.0
SKU0056,2024-12-23,180,1118419.2,0,1,Furnishings,131.0,157.0,10.0,368.0
SKU0056,2024-12-30,196,1078963.85,1,0,Furnishings,1.0,291.0,10.0,368.0
SKU0056,2025-01-06,202,1144204.98,1,0,Furnishings,51.0,152.0,10.0,368.0
SKU0056,2025-01-13,152,944442.88,0,0,Furnishings,77.0,198.0,10.0,368.0
SKU0056,2025-01-20,64,397660.16000000003,0,1,Furnishings,0.0,198.0,10.0,368.0
SKU0056,2025-01-27,134,832600.96,0,0,Furnishings,1.0,0.0,10.0,368.0
SKU0056,2025-02-03,0,0.0,0,0,Furnishings,1.0,215.0,10.0,368.0
SKU0056,2025-02-10,162,1006577.28,0,0,Furnishings,92.0,210.0,10.0,368.0
SKU0056,2025-02-17,91,565423.04,0,0,Furnishings,211.0,0.0,10.0,368.0
SKU0056,2025-02-24,172,1068711.68,0,0,Furnishings,1.0,256.0,10.0,368.0
SKU0056,2025-03-03,214,1329676.16,0,0,Furnishings,81.0,166.0,10.0,368.0
SKU0056,2025-03-10,129,801533.76,0,0,Furnishings,125.0,226.0,10.0,368.0
SKU0056,2025-03-17,79,490861.76,0,0,Furnishings,0.0,226.0,10.0,368.0
SKU0056,2025-03-24,226,1404237.44,0,0,Furnishings,0.0,226.0,10.0,368.0
SKU0056,2025-03-31,138,857454.72,0,0,Furnishings,0.0,172.0,10.0,368.0
SKU0056,2025-04-07,34,211256.96,0,0,Furnishings,0.0,213.0,10.0,368.0
SKU0056,2025-04-14,212,1317249.28,0,0,Furnishings,125.0,247.0,10.0,368.0
SKU0056,2025-04-21,174,1081138.56,0,0,Furnishings,1.0,247.0,10.0,368.0
SKU0056,2025-04-28,105,652411.2,0,0,Furnishings,0.0,227.0,10.0,368.0
SKU0056,2025-05-05,195,1211620.8,0,0,Furnishings,6.0,236.0,10.0,368.0
SKU0056,2025-05-12,211,1311035.84,0,0,Furnishings,138.0,0.0,10.0,368.0
SKU0056,2025-05-19,117,726972.48,0,0,Furnishings,0.0,166.0,10.0,368.0
SKU0056,2025-05-26,74,459794.56,0,0,Furnishings,1.0,169.0,10.0,368.0
SKU0056,2025-06-02,169,1050071.3599999999,0,0,Furnishings,0.0,168.0,10.0,368.0
SKU0056,2025-06-09,129,740020.7,1,0,Furnishings,40.0,198.0,10.0,368.0
SKU0056,2025-06-16,39,205975.38,1,0,Furnishings,199.0,0.0,10.0,368.0
SKU0056,2025-06-23,198,1230261.1199999999,0,0,Furnishings,199.0,0.0,10.0,368.0
SKU0056,2025-06-30,103,639984.3200000001,0,0,Furnishings,1.0,273.0,10.0,368.0
SKU0056,2025-07-07,208,1292395.52,0,0,Furnishings,114.0,290.0,10.0,368.0
SKU0056,2025-07-14,215,1335889.6,0,0,Furnishings,181.0,191.0,10.0,368.0
SKU0056,2025-07-21,192,1192980.48,0,0,Furnishings,191.0,0.0,10.0,368.0
SKU0056,2025-07-28,81,503288.64,0,0,Furnishings,186.0,0.0,10.0,368.0
SKU0056,2025-08-04,141,876095.0399999999,0,0,Furnishings,14.0,168.0,10.0,368.0
SKU0056,2025-08-11,158,981723.52,0,1,Furnishings,62.0,246.0,10.0,368.0
SKU0056,2025-08-18,79,490861.76,0,0,Furnishings,216.0,171.0,10.0,368.0
SKU0056,2025-08-25,170,1056284.8,0,0,Furnishings,216.0,171.0,10.0,368.0
SKU0056,2025-09-01,135,838814.4,0,0,Furnishings,156.0,168.0,10.0,368.0
SKU0056,2025-09-08,111,689691.84,0,0,Furnishings,23.0,168.0,10.0,368.0
SKU0056,2025-09-15,116,720759.04,0,0,Furnishings,81.0,240.0,10.0,368.0
SKU0056,2025-09-22,129,801533.76,0,0,Furnishings,200.0,231.0,10.0,368.0
SKU0056,2025-09-29,141,876095.04,0,1,Furnishings,273.0,0.0,10.0,368.0
SKU0056,2025-10-06,118,733185.92,0,0,Furnishings,139.0,191.0,10.0,368.0
SKU0056,2025-10-13,154,842231.81,1,0,Furnishings,198.0,162.0,10.0,368.0
SKU0056,2025-10-20,143,823280.7999999999,1,0,Furnishings,173.0,166.0,10.0,368.0
SKU0056,2025-10-27,119,739399.36,0,1,Furnishings,190.0,246.0,10.0,368.0
SKU0056,2025-11-03,144,894735.36,0,0,Furnishings,44.0,246.0,10.0,368.0
SKU0056,2025-11-10,125,776680.0,0,0,Furnishings,158.0,170.0,10.0,368.0
SKU0056,2025-11-17,127,789106.88,0,0,Furnishings,214.0,292.0,10.0,368.0
SKU0056,2025-11-24,221,1172786.79,1,0,Furnishings,214.0,292.0,10.0,368.0
SKU0056,2025-12-01,174,1044789.94,1,0,Furnishings,223.0,148.0,10.0,368.0
SKU0056,2025-12-08,147,913375.6799999999,0,0,Furnishings,58.0,148.0,10.0,368.0
SKU0056,2025-12-15,118,733185.92,0,0,Furnishings,61.0,159.0,10.0,368.0
SKU0056,2025-12-22,129,801533.76,0,1,Furnishings,109.0,289.0,10.0,368.0
SKU0057,2024-03-25,11,24649.13,0,0,Furnishings,73.0,223.0,9.0,106.0
SKU0057,2024-04-01,88,197193.04,0,0,Furnishings,73.0,223.0,9.0,106.0
SKU0057,2024-04-08,87,194952.21,0,0,Furnishings,1.0,223.0,9.0,106.0
SKU0057,2024-04-15,121,271140.43,0,0,Furnishings,118.0,0.0,9.0,106.0
SKU0057,2024-04-22,128,286826.24,0,0,Furnishings,166.0,0.0,9.0,106.0
SKU0057,2024-04-29,120,268899.6,0,0,Furnishings,203.0,0.0,9.0,106.0
SKU0057,2024-05-06,110,246491.3,0,0,Furnishings,91.0,240.0,9.0,106.0
SKU0057,2024-05-13,96,215119.68,0,0,Furnishings,240.0,0.0,9.0,106.0
SKU0057,2024-05-20,118,264417.94,0,0,Furnishings,125.0,0.0,9.0,106.0
SKU0057,2024-05-27,63,141172.29,0,0,Furnishings,1.0,250.0,9.0,106.0
SKU0057,2024-06-03,108,242009.64,0,0,Furnishings,152.0,0.0,9.0,106.0
SKU0057,2024-06-10,122,259264.03,1,0,Furnishings,39.0,185.0,9.0,106.0
SKU0057,2024-06-17,64,129295.89,1,0,Furnishings,156.0,0.0,9.0,106.0
SKU0057,2024-06-24,107,239768.81,0,0,Furnishings,156.0,0.0,9.0,106.0
SKU0057,2024-07-01,88,197193.03999999998,0,0,Furnishings,192.0,0.0,9.0,106.0
SKU0057,2024-07-08,91,203915.53,0,0,Furnishings,106.0,0.0,9.0,106.0
SKU0057,2024-07-15,72,161339.75999999998,0,0,Furnishings,15.0,176.0,9.0,106.0
SKU0057,2024-07-22,88,197193.03999999998,0,0,Furnishings,125.0,0.0,9.0,106.0
SKU0057,2024-07-29,90,201674.69999999998,0,0,Furnishings,235.0,0.0,9.0,106.0
SKU0057,2024-08-05,74,165821.41999999998,0,0,Furnishings,155.0,0.0,9.0,106.0
SKU0057,2024-08-12,70,156858.1,0,1,Furnishings,85.0,176.0,9.0,106.0
SKU0057,2024-08-19,80,179266.4,0,0,Furnishings,186.0,0.0,9.0,106.0
SKU0057,2024-08-26,78,174784.74,0,0,Furnishings,266.0,0.0,9.0,106.0
SKU0057,2024-09-02,60,134449.8,0,0,Furnishings,206.0,0.0,9.0,106.0
SKU0057,2024-09-09,71,159098.93,0,0,Furnishings,135.0,0.0,9.0,106.0
SKU0057,2024-09-16,68,152376.44,0,0,Furnishings,67.0,204.0,9.0,106.0
SKU0057,2024-09-23,65,145653.95,0,0,Furnishings,67.0,204.0,9.0,106.0
SKU0057,2024-09-30,66,147894.78,0,1,Furnishings,186.0,0.0,9.0,106.0
SKU0057,2024-10-07,65,145653.95,0,0,Furnishings,119.0,0.0,9.0,106.0
SKU0057,2024-10-14,101,195064.25,1,0,Furnishings,213.0,0.0,9.0,106.0
SKU0057,2024-10-21,71,153720.94,1,0,Furnishings,115.0,0.0,9.0,106.0
SKU0057,2024-10-28,58,129968.14,0,1,Furnishings,231.0,0.0,9.0,106.0
SKU0057,2024-11-04,72,161339.76,0,0,Furnishings,161.0,0.0,9.0,106.0
SKU0057,2024-11-11,58,129968.14,0,0,Furnishings,102.0,175.0,9.0,106.0
SKU0057,2024-11-18,67,150135.61,0,0,Furnishings,210.0,0.0,9.0,106.0
SKU0057,2024-11-25,121,230469.36000000002,1,0,Furnishings,76.0,180.0,9.0,106.0
SKU0057,2024-12-02,73,163580.59,0,0,Furnishings,182.0,0.0,9.0,106.0
SKU0057,2024-12-09,83,185988.89,0,0,Furnishings,99.0,213.0,9.0,106.0
SKU0057,2024-12-16,77,172543.91,0,0,Furnishings,236.0,0.0,9.0,106.0
SKU0057,2024-12-23,78,174784.74,0,1,Furnishings,236.0,0.0,9.0,106.0
SKU0057,2024-12-30,143,281448.24,1,0,Furnishings,95.0,249.0,9.0,106.0
SKU0057,2025-01-06,117,244698.63999999998,1,0,Furnishings,192.0,0.0,9.0,106.0
SKU0057,2025-01-13,88,197193.04,0,0,Furnishings,102.0,232.0,9.0,106.0
SKU0057,2025-01-20,95,212878.85,0,1,Furnishings,245.0,0.0,9.0,106.0
SKU0057,2025-01-27,96,215119.68,0,0,Furnishings,112.0,0.0,9.0,106.0
SKU0057,2025-02-03,100,224083.0,0,0,Furnishings,4.0,199.0,9.0,106.0
SKU0057,2025-02-10,103,230805.49,0,0,Furnishings,107.0,0.0,9.0,106.0
SKU0057,2025-02-17,104,233046.32,0,0,Furnishings,238.0,0.0,9.0,106.0
SKU0057,2025-02-24,122,273381.26,0,0,Furnishings,117.0,0.0,9.0,106.0
SKU0057,2025-03-03,109,244250.47,0,0,Furnishings,214.0,0.0,9.0,106.0
SKU0057,2025-03-10,117,262177.11,0,0,Furnishings,97.0,208.0,9.0,106.0
SKU0057,2025-03-17,130,291307.9,0,0,Furnishings,177.0,0.0,9.0,106.0
SKU0057,2025-03-24,118,264417.94,0,0,Furnishings,177.0,0.0,9.0,106.0
SKU0057,2025-03-31,74,165821.41999999998,0,0,Furnishings,9.0,211.0,9.0,106.0
SKU0057,2025-04-07,130,291307.9,0,0,Furnishings,143.0,0.0,9.0,106.0
SKU0057,2025-04-14,129,289067.07,0,0,Furnishings,260.0,0.0,9.0,106.0
SKU0057,2025-04-21,124,277862.92,0,0,Furnishings,131.0,0.0,9.0,106.0
SKU0057,2025-04-28,77,172543.91,0,0,Furnishings,207.0,0.0,9.0,106.0
SKU0057,2025-05-05,122,273381.26,0,0,Furnishings,97.0,180.0,9.0,106.0
SKU0057,2025-05-12,109,244250.47,0,0,Furnishings,162.0,0.0,9.0,106.0
SKU0057,2025-05-19,123,275622.09,0,0,Furnishings,39.0,224.0,9.0,106.0
SKU0057,2025-05-26,58,129968.13999999998,0,0,Furnishings,167.0,0.0,9.0,106.0
SKU0057,2025-06-02,108,242009.64,0,0,Furnishings,292.0,0.0,9.0,106.0
SKU0057,2025-06-09,118,256014.83,1,0,Furnishings,174.0,0.0,9.0,106.0
SKU0057,2025-06-16,173,329514.05,1,0,Furnishings,1.0,204.0,9.0,106.0
SKU0057,2025-06-23,68,152376.44,0,0,Furnishings,1.0,204.0,9.0,106.0
SKU0057,2025-06-30,101,226323.83,0,0,Furnishings,101.0,176.0,9.0,106.0
SKU0057,2025-07-07,95,212878.85,0,0,Furnishings,182.0,0.0,9.0,106.0
SKU0057,2025-07-14,88,197193.04,0,0,Furnishings,90.0,182.0,9.0,106.0
SKU0057,2025-07-21,101,226323.83,0,0,Furnishings,179.0,0.0,9.0,106.0
SKU0057,2025-07-28,87,194952.21,0,0,Furnishings,247.0,0.0,9.0,106.0
SKU0057,2025-08-04,78,174784.74,0,0,Furnishings,164.0,0.0,9.0,106.0
SKU0057,2025-08-11,72,161339.76,0,1,Furnishings,99.0,181.0,9.0,106.0
SKU0057,2025-08-18,70,156858.1,0,0,Furnishings,206.0,0.0,9.0,106.0
SKU0057,2025-08-25,84,188229.72,0,0,Furnishings,206.0,0.0,9.0,106.0
SKU0057,2025-09-01,59,132208.97,0,0,Furnishings,100.0,258.0,9.0,106.0
SKU0057,2025-09-08,67,150135.61,0,0,Furnishings,299.0,0.0,9.0,106.0
SKU0057,2025-09-15,58,129968.14,0,0,Furnishings,232.0,0.0,9.0,106.0
SKU0057,2025-09-22,66,147894.78,0,0,Furnishings,173.0,0.0,9.0,106.0
SKU0057,2025-09-29,54,121004.82,0,1,Furnishings,301.0,0.0,9.0,106.0
SKU0057,2025-10-06,54,121004.82,0,0,Furnishings,252.0,0.0,9.0,106.0
SKU0057,2025-10-13,99,194616.09,1,0,Furnishings,178.0,0.0,9.0,106.0
SKU0057,2025-10-20,68,141956.58000000002,1,0,Furnishings,87.0,260.0,9.0,106.0
SKU0057,2025-10-27,63,141172.29,0,1,Furnishings,261.0,0.0,9.0,106.0
SKU0057,2025-11-03,68,152376.44,0,0,Furnishings,193.0,0.0,9.0,106.0
SKU0057,2025-11-10,70,156858.1,0,0,Furnishings,126.0,0.0,9.0,106.0
SKU0057,2025-11-17,70,156858.1,0,0,Furnishings,54.0,174.0,9.0,106.0
SKU0057,2025-11-24,100,194167.91,1,0,Furnishings,54.0,174.0,9.0,106.0
SKU0057,2025-12-01,93,202010.82,1,0,Furnishings,102.0,221.0,9.0,106.0
SKU0057,2025-12-08,75,168062.25,0,0,Furnishings,238.0,0.0,9.0,106.0
SKU0057,2025-12-15,77,172543.91,0,0,Furnishings,162.0,0.0,9.0,106.0
SKU0057,2025-12-22,72,161339.76,0,1,Furnishings,290.0,0.0,9.0,106.0
SKU0058,2024-01-22,54,213628.32,0,1,Decor,1.0,74.0,8.0,95.0
SKU0058,2024-01-29,96,379783.68,0,0,Decor,1.0,74.0,8.0,95.0
SKU0058,2024-02-05,62,245276.96000000002,0,0,Decor,0.0,56.0,8.0,95.0
SKU0058,2024-02-12,40,158243.19999999998,0,0,Decor,0.0,76.0,8.0,95.0
SKU0058,2024-02-19,75,296706.0,0,0,Decor,1.0,73.0,8.0,95.0
SKU0058,2024-02-26,73,288793.83999999997,0,0,Decor,1.0,49.0,8.0,95.0
SKU0058,2024-03-04,49,193847.92,0,0,Decor,0.0,54.0,8.0,95.0
SKU0058,2024-03-11,54,213628.31999999998,0,0,Decor,16.0,49.0,8.0,95.0
SKU0058,2024-03-18,38,150331.04,0,0,Decor,35.0,57.0,8.0,95.0
SKU0058,2024-03-25,37,146374.96,0,0,Decor,35.0,57.0,8.0,95.0
SKU0058,2024-04-01,43,170111.44,0,0,Decor,16.0,51.0,8.0,95.0
SKU0058,2024-04-08,39,154287.12,0,0,Decor,22.0,0.0,8.0,95.0
SKU0058,2024-04-15,47,185935.76,0,0,Decor,24.0,61.0,8.0,95.0
SKU0058,2024-04-22,61,241320.88,0,0,Decor,61.0,69.0,8.0,95.0
SKU0058,2024-04-29,69,272969.52,0,0,Decor,46.0,48.0,8.0,95.0
SKU0058,2024-05-06,48,189891.84,0,0,Decor,48.0,0.0,8.0,95.0
SKU0058,2024-05-13,51,201760.08000000002,0,0,Decor,0.0,65.0,8.0,95.0
SKU0058,2024-05-20,37,146374.96,0,0,Decor,1.0,69.0,8.0,95.0
SKU0058,2024-05-27,55,217584.4,0,0,Decor,49.0,59.0,8.0,95.0
SKU0058,2024-06-03,39,154287.12,0,0,Decor,0.0,59.0,8.0,95.0
SKU0058,2024-06-10,58,229452.64,1,0,Decor,1.0,40.0,8.0,95.0
SKU0058,2024-06-17,40,134506.72,1,0,Decor,1.0,71.0,8.0,95.0
SKU0058,2024-06-24,71,280881.68,0,0,Decor,1.0,71.0,8.0,95.0
SKU0058,2024-07-01,50,197804.0,0,0,Decor,1.0,71.0,8.0,95.0
SKU0058,2024-07-08,50,197804.0,0,0,Decor,11.0,51.0,8.0,95.0
SKU0058,2024-07-15,40,158243.2,0,0,Decor,9.0,40.0,8.0,95.0
SKU0058,2024-07-22,34,134506.72,0,0,Decor,10.0,59.0,8.0,95.0
SKU0058,2024-07-29,48,189891.84,0,0,Decor,0.0,45.0,8.0,95.0
SKU0058,2024-08-05,45,178023.6,0,0,Decor,0.0,39.0,8.0,95.0
SKU0058,2024-08-12,39,154287.12,0,1,Decor,0.0,48.0,8.0,95.0
SKU0058,2024-08-19,47,185935.76,0,0,Decor,12.0,44.0,8.0,95.0
SKU0058,2024-08-26,44,174067.52,0,0,Decor,1.0,0.0,8.0,95.0
SKU0058,2024-09-02,26,102858.08,0,0,Decor,23.0,46.0,8.0,95.0
SKU0058,2024-09-09,39,154287.12,0,0,Decor,30.0,59.0,8.0,95.0
SKU0058,2024-09-16,37,146374.96,0,0,Decor,52.0,66.0,8.0,95.0
SKU0058,2024-09-23,51,201760.08000000002,0,0,Decor,52.0,66.0,8.0,95.0
SKU0058,2024-09-30,66,261101.28,0,1,Decor,45.0,71.0,8.0,95.0
SKU0058,2024-10-07,63,249233.04,0,0,Decor,57.0,0.0,8.0,95.0
SKU0058,2024-10-14,54,186331.37,1,0,Decor,46.0,54.0,8.0,95.0
SKU0058,2024-10-21,29,114726.32,1,0,Decor,0.0,54.0,8.0,95.0
SKU0058,2024-10-28,45,178023.6,0,1,Decor,45.0,0.0,8.0,95.0
SKU0058,2024-11-04,49,193847.92,0,0,Decor,66.0,44.0,8.0,95.0
SKU0058,2024-11-11,58,229452.64,0,0,Decor,1.0,44.0,8.0,95.0
SKU0058,2024-11-18,36,142418.88,0,0,Decor,1.0,52.0,8.0,95.0
SKU0058,2024-11-25,53,178221.4,1,0,Decor,0.0,55.0,8.0,95.0
SKU0058,2024-12-02,54,213628.32,0,0,Decor,1.0,64.0,8.0,95.0
SKU0058,2024-12-09,59,233408.72,0,0,Decor,6.0,73.0,8.0,95.0
SKU0058,2024-12-16,44,174067.52000000002,0,0,Decor,35.0,64.0,8.0,95.0
SKU0058,2024-12-23,61,241320.88,0,1,Decor,35.0,64.0,8.0,95.0
SKU0058,2024-12-30,72,256353.97999999998,1,0,Decor,1.0,68.0,8.0,95.0
SKU0058,2025-01-06,49,173671.91999999998,1,0,Decor,0.0,45.0,8.0,95.0
SKU0058,2025-01-13,30,118682.4,0,0,Decor,0.0,67.0,8.0,95.0
SKU0058,2025-01-20,66,261101.28,0,1,Decor,16.0,38.0,8.0,95.0
SKU0058,2025-01-27,38,150331.03999999998,0,0,Decor,1.0,67.0,8.0,95.0
SKU0058,2025-02-03,68,269013.44,0,0,Decor,0.0,69.0,8.0,95.0
SKU0058,2025-02-10,68,269013.44,0,0,Decor,15.0,0.0,8.0,95.0
SKU0058,2025-02-17,39,154287.12,0,0,Decor,14.0,66.0,8.0,95.0
SKU0058,2025-02-24,32,126594.56,0,0,Decor,52.0,0.0,8.0,95.0
SKU0058,2025-03-03,52,205716.16,0,0,Decor,47.0,0.0,8.0,95.0
SKU0058,2025-03-10,30,118682.4,0,0,Decor,0.0,75.0,8.0,95.0
SKU0058,2025-03-17,75,296706.0,0,0,Decor,0.0,46.0,8.0,95.0
SKU0058,2025-03-24,46,181979.68,0,0,Decor,0.0,46.0,8.0,95.0
SKU0058,2025-03-31,38,150331.04,0,0,Decor,38.0,0.0,8.0,95.0
SKU0058,2025-04-07,69,272969.52,0,0,Decor,0.0,76.0,8.0,95.0
SKU0058,2025-04-14,59,233408.72,0,0,Decor,0.0,56.0,8.0,95.0
SKU0058,2025-04-21,37,146374.96,0,0,Decor,0.0,58.0,8.0,95.0
SKU0058,2025-04-28,39,154287.12,0,0,Decor,1.0,63.0,8.0,95.0
SKU0058,2025-05-05,49,193847.92,0,0,Decor,1.0,59.0,8.0,95.0
SKU0058,2025-05-12,59,233408.72,0,0,Decor,1.0,58.0,8.0,95.0
SKU0058,2025-05-19,59,233408.72,0,0,Decor,0.0,0.0,8.0,95.0
SKU0058,2025-05-26,56,221540.48,0,0,Decor,1.0,57.0,8.0,95.0
SKU0058,2025-06-02,57,225496.56,0,0,Decor,1.0,71.0,8.0,95.0
SKU0058,2025-06-09,48,176836.78,1,0,Decor,24.0,0.0,8.0,95.0
SKU0058,2025-06-16,61,212243.69,1,0,Decor,24.0,52.0,8.0,95.0
SKU0058,2025-06-23,39,154287.12,0,0,Decor,24.0,52.0,8.0,95.0
SKU0058,2025-06-30,36,142418.88,0,0,Decor,0.0,61.0,8.0,95.0
SKU0058,2025-07-07,61,241320.88,0,0,Decor,30.0,62.0,8.0,95.0
SKU0058,2025-07-14,62,245276.96,0,0,Decor,45.0,49.0,8.0,95.0
SKU0058,2025-07-21,50,197804.0,0,0,Decor,50.0,0.0,8.0,95.0
SKU0058,2025-07-28,43,170111.44,0,0,Decor,20.0,52.0,8.0,95.0
SKU0058,2025-08-04,33,130550.64,0,0,Decor,44.0,39.0,8.0,95.0
SKU0058,2025-08-11,29,114726.32,0,1,Decor,40.0,0.0,8.0,95.0
SKU0058,2025-08-18,33,130550.64000000001,0,0,Decor,1.0,72.0,8.0,95.0
SKU0058,2025-08-25,63,249233.04,0,0,Decor,1.0,72.0,8.0,95.0
SKU0058,2025-09-01,51,201760.08000000002,0,0,Decor,40.0,41.0,8.0,95.0
SKU0058,2025-09-08,41,162199.28,0,0,Decor,41.0,0.0,8.0,95.0
SKU0058,2025-09-15,50,197804.0,0,0,Decor,0.0,73.0,8.0,95.0
SKU0058,2025-09-22,63,249233.03999999998,0,0,Decor,12.0,42.0,8.0,95.0
SKU0058,2025-09-29,32,126594.56,0,1,Decor,1.0,38.0,8.0,95.0
SKU0058,2025-10-06,30,118682.4,0,0,Decor,0.0,57.0,8.0,95.0
SKU0058,2025-10-13,52,192661.1,1,0,Decor,1.0,65.0,8.0,95.0
SKU0058,2025-10-20,49,165957.56,1,0,Decor,0.0,56.0,8.0,95.0
SKU0058,2025-10-27,56,221540.48,0,1,Decor,1.0,71.0,8.0,95.0
SKU0058,2025-11-03,69,272969.52,0,0,Decor,13.0,75.0,8.0,95.0
SKU0058,2025-11-10,58,229452.64,0,0,Decor,28.0,44.0,8.0,95.0
SKU0058,2025-11-17,63,249233.03999999998,0,0,Decor,15.0,50.0,8.0,95.0
SKU0058,2025-11-24,46,154682.72999999998,1,0,Decor,15.0,50.0,8.0,95.0
SKU0058,2025-12-01,26,100484.43,1,0,Decor,1.0,59.0,8.0,95.0
SKU0058,2025-12-08,48,189891.84,0,0,Decor,24.0,73.0,8.0,95.0
SKU0058,2025-12-15,63,249233.04,0,0,Decor,45.0,51.0,8.0,95.0
SKU0058,2025-12-22,51,201760.08000000002,0,1,Decor,39.0,0.0,8.0,95.0
SKU0059,2024-01-22,35,251062.7,0,1,Small Appliances,172.0,901.0,27.0,595.0
SKU0059,2024-01-29,118,846439.96,0,0,Small Appliances,172.0,901.0,27.0,595.0
SKU0059,2024-02-05,119,853613.1799999999,0,0,Small Appliances,58.0,901.0,27.0,595.0
SKU0059,2024-02-12,14,100425.08,0,0,Small Appliances,1.0,901.0,27.0,595.0
SKU0059,2024-02-19,45,322794.9,0,0,Small Appliances,901.0,0.0,27.0,595.0
SKU0059,2024-02-26,141,1011424.02,0,0,Small Appliances,737.0,0.0,27.0,595.0
SKU0059,2024-03-04,146,1047290.12,0,0,Small Appliances,598.0,0.0,27.0,595.0
SKU0059,2024-03-11,147,1054463.34,0,0,Small Appliances,444.0,1407.0,27.0,595.0
SKU0059,2024-03-18,160,1147715.2,0,0,Small Appliances,1702.0,0.0,27.0,595.0
SKU0059,2024-03-25,151,1083156.22,0,0,Small Appliances,1702.0,0.0,27.0,595.0
SKU0059,2024-04-01,151,1083156.22,0,0,Small Appliances,1499.0,0.0,27.0,595.0
SKU0059,2024-04-08,167,1197927.74,0,0,Small Appliances,1341.0,0.0,27.0,595.0
SKU0059,2024-04-15,143,1025770.46,0,0,Small Appliances,1175.0,0.0,27.0,595.0
SKU0059,2024-04-22,171,1226620.62,0,0,Small Appliances,1032.0,0.0,27.0,595.0
SKU0059,2024-04-29,158,1133368.76,0,0,Small Appliances,806.0,0.0,27.0,595.0
SKU0059,2024-05-06,156,1119022.32,0,0,Small Appliances,644.0,0.0,27.0,595.0
SKU0059,2024-05-13,151,1083156.22,0,0,Small Appliances,1721.0,0.0,27.0,595.0
SKU0059,2024-05-20,172,1233793.84,0,0,Small Appliances,1559.0,0.0,27.0,595.0
SKU0059,2024-05-27,155,1111849.1,0,0,Small Appliances,1335.0,0.0,27.0,595.0
SKU0059,2024-06-03,154,1104675.8800000001,0,0,Small Appliances,1186.0,0.0,27.0,595.0
SKU0059,2024-06-10,161,1104317.22,1,0,Small Appliances,1026.0,0.0,27.0,595.0
SKU0059,2024-06-17,234,1450425.08,1,0,Small Appliances,786.0,0.0,27.0,595.0
SKU0059,2024-06-24,144,1032943.68,0,0,Small Appliances,786.0,0.0,27.0,595.0
SKU0059,2024-07-01,130,932518.6,0,0,Small Appliances,605.0,0.0,27.0,595.0
SKU0059,2024-07-08,129,925345.38,0,0,Small Appliances,1770.0,0.0,27.0,595.0
SKU0059,2024-07-15,128,918172.16,0,0,Small Appliances,1640.0,0.0,27.0,595.0
SKU0059,2024-07-22,137,982731.14,0,0,Small Appliances,1518.0,0.0,27.0,595.0
SKU0059,2024-07-29,120,860786.4,0,0,Small Appliances,1310.0,0.0,27.0,595.0
SKU0059,2024-08-05,113,810573.86,0,0,Small Appliances,1192.0,0.0,27.0,595.0
SKU0059,2024-08-12,110,789054.2,0,1,Small Appliances,1086.0,0.0,27.0,595.0
SKU0059,2024-08-19,113,810573.86,0,0,Small Appliances,974.0,0.0,27.0,595.0
SKU0059,2024-08-26,115,824920.3,0,0,Small Appliances,824.0,0.0,27.0,595.0
SKU0059,2024-09-02,108,774707.76,0,0,Small Appliances,716.0,0.0,27.0,595.0
SKU0059,2024-09-09,116,832093.52,0,0,Small Appliances,600.0,0.0,27.0,595.0
SKU0059,2024-09-16,111,796227.42,0,0,Small Appliances,489.0,1457.0,27.0,595.0
SKU0059,2024-09-23,101,724495.22,0,0,Small Appliances,489.0,1457.0,27.0,595.0
SKU0059,2024-09-30,115,824920.3,0,1,Small Appliances,1800.0,0.0,27.0,595.0
SKU0059,2024-10-07,128,918172.16,0,0,Small Appliances,1680.0,0.0,27.0,595.0
SKU0059,2024-10-14,174,1077058.99,1,0,Small Appliances,1555.0,0.0,27.0,595.0
SKU0059,2024-10-21,123,847874.6,1,0,Small Appliances,1378.0,0.0,27.0,595.0
SKU0059,2024-10-28,115,824920.3,0,1,Small Appliances,1211.0,0.0,27.0,595.0
SKU0059,2024-11-04,100,717322.0,0,0,Small Appliances,1112.0,0.0,27.0,595.0
SKU0059,2024-11-11,108,774707.76,0,0,Small Appliances,1005.0,0.0,27.0,595.0
SKU0059,2024-11-18,111,796227.42,0,0,Small Appliances,894.0,0.0,27.0,595.0
SKU0059,2024-11-25,209,1274322.53,1,0,Small Appliances,663.0,0.0,27.0,595.0
SKU0059,2024-12-02,122,875132.84,0,0,Small Appliances,541.0,1006.0,27.0,595.0
SKU0059,2024-12-09,141,1011424.02,0,0,Small Appliances,1406.0,0.0,27.0,595.0
SKU0059,2024-12-16,128,918172.16,0,0,Small Appliances,1278.0,0.0,27.0,595.0
SKU0059,2024-12-23,120,860786.4,0,1,Small Appliances,1278.0,0.0,27.0,595.0
SKU0059,2024-12-30,210,1332066.96,1,0,Small Appliances,1062.0,0.0,27.0,595.0
SKU0059,2025-01-06,184,1224110.0,1,0,Small Appliances,831.0,0.0,27.0,595.0
SKU0059,2025-01-13,140,1004250.8,0,0,Small Appliances,687.0,0.0,27.0,595.0
SKU0059,2025-01-20,155,1111849.1,0,1,Small Appliances,554.0,935.0,27.0,595.0
SKU0059,2025-01-27,130,932518.6,0,0,Small Appliances,356.0,935.0,27.0,595.0
SKU0059,2025-02-03,158,1133368.76,0,0,Small Appliances,1135.0,0.0,27.0,595.0
SKU0059,2025-02-10,162,1162061.6400000001,0,0,Small Appliances,969.0,0.0,27.0,595.0
SKU0059,2025-02-17,168,1205100.96,0,0,Small Appliances,804.0,0.0,27.0,595.0
SKU0059,2025-02-24,157,1126195.54,0,0,Small Appliances,647.0,0.0,27.0,595.0
SKU0059,2025-03-03,174,1248140.28,0,0,Small Appliances,1752.0,0.0,27.0,595.0
SKU0059,2025-03-10,181,1298352.82,0,0,Small Appliances,1573.0,0.0,27.0,595.0
SKU0059,2025-03-17,191,1370085.02,0,0,Small Appliances,1380.0,0.0,27.0,595.0
SKU0059,2025-03-24,167,1197927.74,0,0,Small Appliances,1380.0,0.0,27.0,595.0
SKU0059,2025-03-31,182,1305526.04,0,0,Small Appliances,1131.0,0.0,27.0,595.0
SKU0059,2025-04-07,176,1262486.72,0,0,Small Appliances,946.0,0.0,27.0,595.0
SKU0059,2025-04-14,175,1255313.5,0,0,Small Appliances,776.0,0.0,27.0,595.0
SKU0059,2025-04-21,190,1362911.8,0,0,Small Appliances,600.0,0.0,27.0,595.0
SKU0059,2025-04-28,174,1248140.28,0,0,Small Appliances,1340.0,0.0,27.0,595.0
SKU0059,2025-05-05,174,1248140.28,0,0,Small Appliances,1162.0,0.0,27.0,595.0
SKU0059,2025-05-12,182,1305526.04,0,0,Small Appliances,980.0,0.0,27.0,595.0
SKU0059,2025-05-19,180,1291179.6,0,0,Small Appliances,795.0,0.0,27.0,595.0
SKU0059,2025-05-26,193,1384431.46,0,0,Small Appliances,550.0,950.0,27.0,595.0
SKU0059,2025-06-02,175,1255313.5,0,0,Small Appliances,375.0,950.0,27.0,595.0
SKU0059,2025-06-09,190,1325252.4,1,0,Small Appliances,185.0,950.0,27.0,595.0
SKU0059,2025-06-16,185,1127988.8399999999,1,0,Small Appliances,950.0,0.0,27.0,595.0
SKU0059,2025-06-23,177,1269659.94,0,0,Small Appliances,950.0,0.0,27.0,595.0
SKU0059,2025-06-30,156,1119022.32,0,0,Small Appliances,718.0,0.0,27.0,595.0
SKU0059,2025-07-07,146,1047290.12,0,0,Small Appliances,571.0,1041.0,27.0,595.0
SKU0059,2025-07-14,150,1075983.0,0,0,Small Appliances,418.0,1041.0,27.0,595.0
SKU0059,2025-07-21,145,1040116.9,0,0,Small Appliances,1313.0,0.0,27.0,595.0
SKU0059,2025-07-28,139,997077.5800000001,0,0,Small Appliances,1092.0,0.0,27.0,595.0
SKU0059,2025-08-04,144,1032943.6799999999,0,0,Small Appliances,962.0,0.0,27.0,595.0
SKU0059,2025-08-11,123,882306.06,0,1,Small Appliances,833.0,0.0,27.0,595.0
SKU0059,2025-08-18,143,1025770.46,0,0,Small Appliances,689.0,0.0,27.0,595.0
SKU0059,2025-08-25,148,1061636.56,0,0,Small Appliances,689.0,0.0,27.0,595.0
SKU0059,2025-09-01,131,939691.82,0,0,Small Appliances,503.0,1124.0,27.0,595.0
SKU0059,2025-09-08,141,1011424.02,0,0,Small Appliances,367.0,1124.0,27.0,595.0
SKU0059,2025-09-15,125,896652.5,0,0,Small Appliances,1351.0,0.0,27.0,595.0
SKU0059,2025-09-22,122,875132.8400000001,0,0,Small Appliances,1233.0,0.0,27.0,595.0
SKU0059,2025-09-29,121,867959.62,0,1,Small Appliances,1068.0,0.0,27.0,595.0
SKU0059,2025-10-06,110,789054.2,0,0,Small Appliances,948.0,0.0,27.0,595.0
SKU0059,2025-10-13,191,1201155.69,1,0,Small Appliances,815.0,0.0,27.0,595.0
SKU0059,2025-10-20,158,1056973.97,1,0,Small Appliances,610.0,0.0,27.0,595.0
SKU0059,2025-10-27,123,882306.0599999999,0,1,Small Appliances,431.0,1183.0,27.0,595.0
SKU0059,2025-11-03,117,839266.74,0,0,Small Appliances,1497.0,0.0,27.0,595.0
SKU0059,2025-11-10,124,889479.28,0,0,Small Appliances,1371.0,0.0,27.0,595.0
SKU0059,2025-11-17,126,903825.72,0,0,Small Appliances,1250.0,0.0,27.0,595.0
SKU0059,2025-11-24,215,1327045.7,1,0,Small Appliances,1250.0,0.0,27.0,595.0
SKU0059,2025-12-01,183,1265356.01,1,0,Small Appliances,979.0,0.0,27.0,595.0
SKU0059,2025-12-08,135,968384.7,0,0,Small Appliances,817.0,0.0,27.0,595.0
SKU0059,2025-12-15,143,1025770.46,0,0,Small Appliances,684.0,0.0,27.0,595.0
SKU0059,2025-12-22,147,1054463.34,0,1,Small Appliances,546.0,1308.0,27.0,595.0
SKU0060,2025-04-28,20,184514.8,0,0,Small Appliances,80.0,165.0,20.0,255.0
SKU0060,2025-05-05,105,968702.7,0,0,Small Appliances,80.0,165.0,20.0,255.0
SKU0060,2025-05-12,34,313675.16,0,0,Small Appliances,1.0,165.0,20.0,255.0
SKU0060,2025-05-19,15,138386.1,0,0,Small Appliances,1.0,165.0,20.0,255.0
SKU0060,2025-05-26,101,931799.74,0,0,Small Appliances,50.0,162.0,20.0,255.0
SKU0060,2025-06-02,49,452061.26,0,0,Small Appliances,1.0,162.0,20.0,255.0
SKU0060,2025-06-09,31,258320.71999999997,1,0,Small Appliances,132.0,164.0,20.0,255.0
SKU0060,2025-06-16,131,1027286.1499999999,1,0,Small Appliances,1.0,164.0,20.0,255.0
SKU0060,2025-06-23,0,0.0,0,0,Small Appliances,1.0,164.0,20.0,255.0
SKU0060,2025-06-30,39,359803.86,0,0,Small Appliances,1.0,164.0,20.0,255.0
SKU0060,2025-07-07,82,756510.68,0,0,Small Appliances,101.0,176.0,20.0,255.0
SKU0060,2025-07-14,43,396706.82,0,0,Small Appliances,16.0,176.0,20.0,255.0
SKU0060,2025-07-21,43,396706.82,0,0,Small Appliances,1.0,176.0,20.0,255.0
SKU0060,2025-07-28,100,922574.0,0,0,Small Appliances,60.0,133.0,20.0,255.0
SKU0060,2025-08-04,34,313675.16,0,0,Small Appliances,0.0,133.0,20.0,255.0
SKU0060,2025-08-11,48,442835.51999999996,0,1,Small Appliances,99.0,105.0,20.0,255.0
SKU0060,2025-08-18,77,710381.98,0,0,Small Appliances,27.0,105.0,20.0,255.0
SKU0060,2025-08-25,8,73805.92,0,0,Small Appliances,27.0,105.0,20.0,255.0
SKU0060,2025-09-01,64,590447.36,0,0,Small Appliances,105.0,144.0,20.0,255.0
SKU0060,2025-09-08,40,369029.6,0,0,Small Appliances,31.0,144.0,20.0,255.0
SKU0060,2025-09-15,0,0.0,0,0,Small Appliances,1.0,144.0,20.0,255.0
SKU0060,2025-09-22,73,673479.02,0,0,Small Appliances,133.0,140.0,20.0,255.0
SKU0060,2025-09-29,59,544318.66,0,1,Small Appliances,43.0,140.0,20.0,255.0
SKU0060,2025-10-06,15,138386.1,0,0,Small Appliances,0.0,140.0,20.0,255.0
SKU0060,2025-10-13,98,798949.0800000001,1,0,Small Appliances,106.0,167.0,20.0,255.0
SKU0060,2025-10-20,39,305833.28,1,0,Small Appliances,1.0,167.0,20.0,255.0
SKU0060,2025-10-27,13,119934.62,0,1,Small Appliances,168.0,154.0,20.0,255.0
SKU0060,2025-11-03,69,636576.0599999999,0,0,Small Appliances,94.0,154.0,20.0,255.0
SKU0060,2025-11-10,60,553544.4,0,0,Small Appliances,32.0,154.0,20.0,255.0
SKU0060,2025-11-17,38,350578.12,0,0,Small Appliances,145.0,125.0,20.0,255.0
SKU0060,2025-11-24,106,845077.79,1,0,Small Appliances,145.0,125.0,20.0,255.0
SKU0060,2025-12-01,35,299375.26,1,0,Small Appliances,19.0,125.0,20.0,255.0
SKU0060,2025-12-08,26,239869.24,0,0,Small Appliances,1.0,125.0,20.0,255.0
SKU0060,2025-12-15,67,618124.58,0,0,Small Appliances,94.0,144.0,20.0,255.0
SKU0060,2025-12-22,32,295223.68,0,1,Small Appliances,14.0,144.0,20.0,255.0
SKU0061,2024-03-04,75,412690.5,0,0,Small Appliances,32.0,603.0,11.0,383.0
SKU0061,2024-03-11,0,0.0,0,0,Small Appliances,0.0,603.0,11.0,383.0
SKU0061,2024-03-18,230,1265584.2,0,0,Small Appliances,470.0,0.0,11.0,383.0
SKU0061,2024-03-25,323,1777320.42,0,0,Small Appliances,470.0,0.0,11.0,383.0
SKU0061,2024-04-01,356,1958904.24,0,0,Small Appliances,726.0,0.0,11.0,383.0
SKU0061,2024-04-08,318,1749807.72,0,0,Small Appliances,377.0,946.0,11.0,383.0
SKU0061,2024-04-15,318,1749807.72,0,0,Small Appliances,999.0,0.0,11.0,383.0
SKU0061,2024-04-22,375,2063452.5,0,0,Small Appliances,681.0,0.0,11.0,383.0
SKU0061,2024-04-29,296,1628751.84,0,0,Small Appliances,215.0,881.0,11.0,383.0
SKU0061,2024-05-06,325,1788325.5,0,0,Small Appliances,775.0,0.0,11.0,383.0
SKU0061,2024-05-13,364,2002924.56,0,0,Small Appliances,461.0,0.0,11.0,383.0
SKU0061,2024-05-20,334,1837848.3599999999,0,0,Small Appliances,86.0,942.0,11.0,383.0
SKU0061,2024-05-27,320,1760812.8,0,0,Small Appliances,576.0,0.0,11.0,383.0
SKU0061,2024-06-03,305,1678274.7,0,0,Small Appliances,279.0,949.0,11.0,383.0
SKU0061,2024-06-10,293,1551991.41,1,0,Small Appliances,949.0,0.0,11.0,383.0
SKU0061,2024-06-17,498,2376271.9,1,0,Small Appliances,416.0,0.0,11.0,383.0
SKU0061,2024-06-24,288,1584731.52,0,0,Small Appliances,416.0,0.0,11.0,383.0
SKU0061,2024-07-01,271,1491188.3399999999,0,0,Small Appliances,679.0,0.0,11.0,383.0
SKU0061,2024-07-08,232,1276589.28,0,0,Small Appliances,418.0,0.0,11.0,383.0
SKU0061,2024-07-15,300,1650762.0,0,0,Small Appliances,179.0,774.0,11.0,383.0
SKU0061,2024-07-22,262,1441665.48,0,0,Small Appliances,645.0,0.0,11.0,383.0
SKU0061,2024-07-29,209,1150030.86,0,0,Small Appliances,284.0,656.0,11.0,383.0
SKU0061,2024-08-05,181,995959.74,0,0,Small Appliances,104.0,656.0,11.0,383.0
SKU0061,2024-08-12,173,951939.42,0,1,Small Appliances,588.0,0.0,11.0,383.0
SKU0061,2024-08-19,187,1028974.98,0,0,Small Appliances,401.0,0.0,11.0,383.0
SKU0061,2024-08-26,195,1072995.3,0,0,Small Appliances,884.0,0.0,11.0,383.0
SKU0061,2024-09-02,178,979452.12,0,0,Small Appliances,706.0,0.0,11.0,383.0
SKU0061,2024-09-09,125,687817.5,0,0,Small Appliances,581.0,0.0,11.0,383.0
SKU0061,2024-09-16,151,830883.54,0,0,Small Appliances,430.0,0.0,11.0,383.0
SKU0061,2024-09-23,196,1078497.84,0,0,Small Appliances,430.0,0.0,11.0,383.0
SKU0061,2024-09-30,122,671309.88,0,1,Small Appliances,209.0,848.0,11.0,383.0
SKU0061,2024-10-07,139,764853.0599999999,0,0,Small Appliances,917.0,0.0,11.0,383.0
SKU0061,2024-10-14,274,1291446.13,1,0,Small Appliances,757.0,0.0,11.0,383.0
SKU0061,2024-10-21,167,885908.94,1,0,Small Appliances,479.0,0.0,11.0,383.0
SKU0061,2024-10-28,160,880406.4,0,1,Small Appliances,254.0,706.0,11.0,383.0
SKU0061,2024-11-04,183,1006964.82,0,0,Small Appliances,774.0,0.0,11.0,383.0
SKU0061,2024-11-11,178,979452.12,0,0,Small Appliances,614.0,0.0,11.0,383.0
SKU0061,2024-11-18,142,781360.6799999999,0,0,Small Appliances,453.0,0.0,11.0,383.0
SKU0061,2024-11-25,298,1393793.41,1,0,Small Appliances,843.0,0.0,11.0,383.0
SKU0061,2024-12-02,209,1150030.86,0,0,Small Appliances,634.0,0.0,11.0,383.0
SKU0061,2024-12-09,222,1221563.88,0,0,Small Appliances,412.0,0.0,11.0,383.0
SKU0061,2024-12-16,191,1050985.14,0,0,Small Appliances,809.0,0.0,11.0,383.0
SKU0061,2024-12-23,253,1392142.62,0,1,Small Appliances,809.0,0.0,11.0,383.0
SKU0061,2024-12-30,473,2261819.06,1,0,Small Appliances,387.0,0.0,11.0,383.0
SKU0061,2025-01-06,149,751371.84,1,0,Small Appliances,0.0,715.0,11.0,383.0
SKU0061,2025-01-13,270,1485685.8,0,0,Small Appliances,510.0,0.0,11.0,383.0
SKU0061,2025-01-20,308,1694782.32,0,1,Small Appliances,1065.0,0.0,11.0,383.0
SKU0061,2025-01-27,297,1634254.38,0,0,Small Appliances,643.0,0.0,11.0,383.0
SKU0061,2025-02-03,365,2008427.1,0,0,Small Appliances,285.0,644.0,11.0,383.0
SKU0061,2025-02-10,359,1975411.8599999999,0,0,Small Appliances,559.0,0.0,11.0,383.0
SKU0061,2025-02-17,382,2101970.2800000003,0,0,Small Appliances,182.0,577.0,11.0,383.0
SKU0061,2025-02-24,345,1898376.3,0,0,Small Appliances,413.0,0.0,11.0,383.0
SKU0061,2025-03-03,414,2278051.56,0,0,Small Appliances,715.0,0.0,11.0,383.0
SKU0061,2025-03-10,412,2267046.48,0,0,Small Appliances,295.0,717.0,11.0,383.0
SKU0061,2025-03-17,445,2448630.3,0,0,Small Appliances,585.0,0.0,11.0,383.0
SKU0061,2025-03-24,379,2085462.6600000001,0,0,Small Appliances,585.0,0.0,11.0,383.0
SKU0061,2025-03-31,440,2421117.6,0,0,Small Appliances,934.0,0.0,11.0,383.0
SKU0061,2025-04-07,451,2481645.54,0,0,Small Appliances,484.0,0.0,11.0,383.0
SKU0061,2025-04-14,235,1293096.9,0,0,Small Appliances,38.0,716.0,11.0,383.0
SKU0061,2025-04-21,420,2311066.8,0,0,Small Appliances,517.0,0.0,11.0,383.0
SKU0061,2025-04-28,445,2448630.3,0,0,Small Appliances,598.0,0.0,11.0,383.0
SKU0061,2025-05-05,387,2129482.98,0,0,Small Appliances,177.0,903.0,11.0,383.0
SKU0061,2025-05-12,466,2564183.64,0,0,Small Appliances,680.0,0.0,11.0,383.0
SKU0061,2025-05-19,412,2267046.48,0,0,Small Appliances,1086.0,0.0,11.0,383.0
SKU0061,2025-05-26,429,2360589.66,0,0,Small Appliances,499.0,0.0,11.0,383.0
SKU0061,2025-06-02,395,2173503.3,0,0,Small Appliances,104.0,602.0,11.0,383.0
SKU0061,2025-06-09,250,1300525.33,1,0,Small Appliances,455.0,0.0,11.0,383.0
SKU0061,2025-06-16,455,2128107.34,1,0,Small Appliances,0.0,818.0,11.0,383.0
SKU0061,2025-06-23,234,1287594.36,0,0,Small Appliances,0.0,818.0,11.0,383.0
SKU0061,2025-06-30,332,1826843.28,0,0,Small Appliances,456.0,0.0,11.0,383.0
SKU0061,2025-07-07,351,1931391.54,0,0,Small Appliances,984.0,0.0,11.0,383.0
SKU0061,2025-07-14,334,1837848.3599999999,0,0,Small Appliances,647.0,0.0,11.0,383.0
SKU0061,2025-07-21,342,1881868.68,0,0,Small Appliances,300.0,927.0,11.0,383.0
SKU0061,2025-07-28,287,1579228.98,0,0,Small Appliances,780.0,0.0,11.0,383.0
SKU0061,2025-08-04,227,1249076.58,0,0,Small Appliances,547.0,0.0,11.0,383.0
SKU0061,2025-08-11,258,1419655.32,0,1,Small Appliances,292.0,684.0,11.0,383.0
SKU0061,2025-08-18,281,1546213.74,0,0,Small Appliances,713.0,0.0,11.0,383.0
SKU0061,2025-08-25,240,1320609.6,0,0,Small Appliances,713.0,0.0,11.0,383.0
SKU0061,2025-09-01,247,1359127.38,0,0,Small Appliances,356.0,721.0,11.0,383.0
SKU0061,2025-09-08,180,990457.2,0,0,Small Appliances,116.0,721.0,11.0,383.0
SKU0061,2025-09-15,199,1095005.46,0,0,Small Appliances,662.0,0.0,11.0,383.0
SKU0061,2025-09-22,259,1425157.8599999999,0,0,Small Appliances,445.0,0.0,11.0,383.0
SKU0061,2025-09-29,186,1023472.44,0,1,Small Appliances,814.0,0.0,11.0,383.0
SKU0061,2025-10-06,193,1061990.22,0,0,Small Appliances,622.0,0.0,11.0,383.0
SKU0061,2025-10-13,317,1537134.55,1,0,Small Appliances,382.0,781.0,11.0,383.0
SKU0061,2025-10-20,221,1126094.81,1,0,Small Appliances,65.0,781.0,11.0,383.0
SKU0061,2025-10-27,206,1133523.24,0,1,Small Appliances,591.0,0.0,11.0,383.0
SKU0061,2025-11-03,213,1172041.02,0,0,Small Appliances,366.0,809.0,11.0,383.0
SKU0061,2025-11-10,220,1210558.8,0,0,Small Appliances,972.0,0.0,11.0,383.0
SKU0061,2025-11-17,185,1017969.9,0,0,Small Appliances,771.0,0.0,11.0,383.0
SKU0061,2025-11-24,352,1673597.53,1,0,Small Appliances,771.0,0.0,11.0,383.0
SKU0061,2025-12-01,274,1453220.81,1,0,Small Appliances,335.0,745.0,11.0,383.0
SKU0061,2025-12-08,264,1452670.56,0,0,Small Appliances,837.0,0.0,11.0,383.0
SKU0061,2025-12-15,235,1293096.9,0,0,Small Appliances,584.0,0.0,11.0,383.0
SKU0061,2025-12-22,242,1331614.6800000002,0,1,Small Appliances,347.0,911.0,11.0,383.0
SKU0062,2024-07-08,11,61918.119999999995,0,0,Decor,157.0,0.0,17.0,64.0
SKU0062,2024-07-15,26,146351.91999999998,0,0,Decor,157.0,0.0,17.0,64.0
SKU0062,2024-07-22,23,129465.15999999999,0,0,Decor,131.0,0.0,17.0,64.0
SKU0062,2024-07-29,20,112578.4,0,0,Decor,98.0,0.0,17.0,64.0
SKU0062,2024-08-05,19,106949.48,0,0,Decor,79.0,0.0,17.0,64.0
SKU0062,2024-08-12,20,112578.4,0,1,Decor,60.0,156.0,17.0,64.0
SKU0062,2024-08-19,16,90062.72,0,0,Decor,42.0,156.0,17.0,64.0
SKU0062,2024-08-26,19,106949.48,0,0,Decor,174.0,0.0,17.0,64.0
SKU0062,2024-09-02,18,101320.56,0,0,Decor,156.0,0.0,17.0,64.0
SKU0062,2024-09-09,17,95691.64,0,0,Decor,139.0,0.0,17.0,64.0
SKU0062,2024-09-16,18,101320.56,0,0,Decor,121.0,0.0,17.0,64.0
SKU0062,2024-09-23,18,101320.56,0,0,Decor,121.0,0.0,17.0,64.0
SKU0062,2024-09-30,14,78804.88,0,1,Decor,99.0,0.0,17.0,64.0
SKU0062,2024-10-07,12,67547.04,0,0,Decor,84.0,0.0,17.0,64.0
SKU0062,2024-10-14,18,86966.81,1,0,Decor,72.0,0.0,17.0,64.0
SKU0062,2024-10-21,14,76271.87,1,0,Decor,214.0,0.0,17.0,64.0
SKU0062,2024-10-28,13,73175.96,0,1,Decor,195.0,0.0,17.0,64.0
SKU0062,2024-11-04,15,84433.8,0,0,Decor,181.0,0.0,17.0,64.0
SKU0062,2024-11-11,15,84433.79999999999,0,0,Decor,164.0,0.0,17.0,64.0
SKU0062,2024-11-18,16,90062.72,0,0,Decor,149.0,0.0,17.0,64.0
SKU0062,2024-11-25,30,143537.47,1,0,Decor,116.0,0.0,17.0,64.0
SKU0062,2024-12-02,18,101320.56,0,0,Decor,98.0,0.0,17.0,64.0
SKU0062,2024-12-09,17,95691.64,0,0,Decor,81.0,0.0,17.0,64.0
SKU0062,2024-12-16,18,101320.56,0,0,Decor,63.0,134.0,17.0,64.0
SKU0062,2024-12-23,18,101320.56,0,1,Decor,63.0,134.0,17.0,64.0
SKU0062,2024-12-30,34,166897.48,1,0,Decor,166.0,0.0,17.0,64.0
SKU0062,2025-01-06,29,152262.28,1,0,Decor,128.0,0.0,17.0,64.0
SKU0062,2025-01-13,25,140723.0,0,0,Decor,102.0,0.0,17.0,64.0
SKU0062,2025-01-20,25,140723.0,0,1,Decor,77.0,0.0,17.0,64.0
SKU0062,2025-01-27,26,146351.91999999998,0,0,Decor,200.0,0.0,17.0,64.0
SKU0062,2025-02-03,28,157609.76,0,0,Decor,172.0,0.0,17.0,64.0
SKU0062,2025-02-10,27,151980.84,0,0,Decor,145.0,0.0,17.0,64.0
SKU0062,2025-02-17,29,163238.68,0,0,Decor,117.0,0.0,17.0,64.0
SKU0062,2025-02-24,30,168867.6,0,0,Decor,87.0,0.0,17.0,64.0
SKU0062,2025-03-03,33,185754.36,0,0,Decor,53.0,100.0,17.0,64.0
SKU0062,2025-03-10,33,185754.36,0,0,Decor,21.0,100.0,17.0,64.0
SKU0062,2025-03-17,16,90062.72,0,0,Decor,1.0,100.0,17.0,64.0
SKU0062,2025-03-24,33,185754.36,0,0,Decor,1.0,100.0,17.0,64.0
SKU0062,2025-03-31,33,185754.36,0,0,Decor,57.0,127.0,17.0,64.0
SKU0062,2025-04-07,31,174496.52,0,0,Decor,26.0,127.0,17.0,64.0
SKU0062,2025-04-14,35,197012.19999999998,0,0,Decor,120.0,0.0,17.0,64.0
SKU0062,2025-04-21,35,197012.19999999998,0,0,Decor,85.0,0.0,17.0,64.0
SKU0062,2025-04-28,36,202641.12,0,0,Decor,37.0,98.0,17.0,64.0
SKU0062,2025-05-05,24,135094.08,0,0,Decor,5.0,98.0,17.0,64.0
SKU0062,2025-05-12,21,118207.31999999999,0,0,Decor,88.0,0.0,17.0,64.0
SKU0062,2025-05-19,32,180125.44,0,0,Decor,59.0,122.0,17.0,64.0
SKU0062,2025-05-26,33,185754.36,0,0,Decor,135.0,0.0,17.0,64.0
SKU0062,2025-06-02,27,151980.84,0,0,Decor,108.0,0.0,17.0,64.0
SKU0062,2025-06-09,35,191101.83,1,0,Decor,73.0,0.0,17.0,64.0
SKU0062,2025-06-16,49,237821.86000000002,1,0,Decor,24.0,120.0,17.0,64.0
SKU0062,2025-06-23,23,129465.16,0,0,Decor,24.0,120.0,17.0,64.0
SKU0062,2025-06-30,8,45031.36,0,0,Decor,1.0,120.0,17.0,64.0
SKU0062,2025-07-07,26,146351.91999999998,0,0,Decor,106.0,0.0,17.0,64.0
SKU0062,2025-07-14,22,123836.23999999999,0,0,Decor,80.0,0.0,17.0,64.0
SKU0062,2025-07-21,27,151980.84,0,0,Decor,57.0,141.0,17.0,64.0
SKU0062,2025-07-28,22,123836.23999999999,0,0,Decor,21.0,141.0,17.0,64.0
SKU0062,2025-08-04,17,95691.64,0,0,Decor,144.0,0.0,17.0,64.0
SKU0062,2025-08-11,19,106949.48,0,1,Decor,125.0,0.0,17.0,64.0
SKU0062,2025-08-18,19,106949.48,0,0,Decor,107.0,0.0,17.0,64.0
SKU0062,2025-08-25,17,95691.64,0,0,Decor,107.0,0.0,17.0,64.0
SKU0062,2025-09-01,15,84433.8,0,0,Decor,83.0,0.0,17.0,64.0
SKU0062,2025-09-08,15,84433.8,0,0,Decor,66.0,0.0,17.0,64.0
SKU0062,2025-09-15,17,95691.64,0,0,Decor,53.0,143.0,17.0,64.0
SKU0062,2025-09-22,16,90062.72,0,0,Decor,36.0,143.0,17.0,64.0
SKU0062,2025-09-29,14,78804.88,0,1,Decor,157.0,0.0,17.0,64.0
SKU0062,2025-10-06,14,78804.88,0,0,Decor,144.0,0.0,17.0,64.0
SKU0062,2025-10-13,16,79086.32,1,0,Decor,132.0,0.0,17.0,64.0
SKU0062,2025-10-20,16,83308.02,1,0,Decor,110.0,0.0,17.0,64.0
SKU0062,2025-10-27,10,56289.2,0,1,Decor,95.0,0.0,17.0,64.0
SKU0062,2025-11-03,14,78804.87999999999,0,0,Decor,83.0,0.0,17.0,64.0
SKU0062,2025-11-10,12,67547.04000000001,0,0,Decor,71.0,0.0,17.0,64.0
SKU0062,2025-11-17,15,84433.8,0,0,Decor,56.0,134.0,17.0,64.0
SKU0062,2025-11-24,21,102164.91,1,0,Decor,56.0,134.0,17.0,64.0
SKU0062,2025-12-01,19,103572.13,1,0,Decor,29.0,134.0,17.0,64.0
SKU0062,2025-12-08,19,106949.48,0,0,Decor,146.0,0.0,17.0,64.0
SKU0062,2025-12-15,18,101320.56,0,0,Decor,126.0,0.0,17.0,64.0
SKU0062,2025-12-22,19,106949.48,0,1,Decor,108.0,0.0,17.0,64.0
SKU0063,2024-07-22,12,28452.12,0,0,Decor,238.0,1012.0,28.0,556.0
SKU0063,2024-07-29,139,329570.39,0,0,Decor,238.0,1012.0,28.0,556.0
SKU0063,2024-08-05,135,320086.35,0,0,Decor,105.0,1012.0,28.0,556.0
SKU0063,2024-08-12,63,149373.63,0,1,Decor,7.0,1012.0,28.0,556.0
SKU0063,2024-08-19,15,35565.15,0,0,Decor,1.0,1012.0,28.0,556.0
SKU0063,2024-08-26,125,296376.25,0,0,Decor,872.0,0.0,28.0,556.0
SKU0063,2024-09-02,131,310602.31,0,0,Decor,741.0,0.0,28.0,556.0
SKU0063,2024-09-09,114,270295.14,0,0,Decor,627.0,0.0,28.0,556.0
SKU0063,2024-09-16,117,277408.17,0,0,Decor,1625.0,0.0,28.0,556.0
SKU0063,2024-09-23,123,291634.23,0,0,Decor,1625.0,0.0,28.0,556.0
SKU0063,2024-09-30,112,265553.12,0,1,Decor,1468.0,0.0,28.0,556.0
SKU0063,2024-10-07,106,251327.06,0,0,Decor,1359.0,0.0,28.0,556.0
SKU0063,2024-10-14,178,364068.58,1,0,Decor,1237.0,0.0,28.0,556.0
SKU0063,2024-10-21,109,250615.76,1,0,Decor,1062.0,0.0,28.0,556.0
SKU0063,2024-10-28,99,234729.99,0,1,Decor,920.0,0.0,28.0,556.0
SKU0063,2024-11-04,94,222874.94,0,0,Decor,826.0,0.0,28.0,556.0
SKU0063,2024-11-11,83,196793.83000000002,0,0,Decor,736.0,0.0,28.0,556.0
SKU0063,2024-11-18,115,272666.15,0,0,Decor,632.0,0.0,28.0,556.0
SKU0063,2024-11-25,216,435317.43,1,0,Decor,390.0,880.0,28.0,556.0
SKU0063,2024-12-02,142,336683.42000000004,0,0,Decor,248.0,880.0,28.0,556.0
SKU0063,2024-12-09,133,315344.33,0,0,Decor,995.0,0.0,28.0,556.0
SKU0063,2024-12-16,128,303489.27999999997,0,0,Decor,867.0,0.0,28.0,556.0
SKU0063,2024-12-23,111,263182.11,0,1,Decor,867.0,0.0,28.0,556.0
SKU0063,2024-12-30,255,528498.13,1,0,Decor,665.0,0.0,28.0,556.0
SKU0063,2025-01-06,192,426070.5,1,0,Decor,379.0,1207.0,28.0,556.0
SKU0063,2025-01-13,143,339054.43,0,0,Decor,1436.0,0.0,28.0,556.0
SKU0063,2025-01-20,154,365135.54000000004,0,1,Decor,1292.0,0.0,28.0,556.0
SKU0063,2025-01-27,167,395958.67,0,0,Decor,1071.0,0.0,28.0,556.0
SKU0063,2025-02-03,177,419668.77,0,0,Decor,898.0,0.0,28.0,556.0
SKU0063,2025-02-10,177,419668.77,0,0,Decor,712.0,0.0,28.0,556.0
SKU0063,2025-02-17,171,405442.71,0,0,Decor,554.0,1387.0,28.0,556.0
SKU0063,2025-02-24,193,457604.93,0,0,Decor,359.0,1387.0,28.0,556.0
SKU0063,2025-03-03,226,535848.26,0,0,Decor,1513.0,0.0,28.0,556.0
SKU0063,2025-03-10,192,455233.92000000004,0,0,Decor,1319.0,0.0,28.0,556.0
SKU0063,2025-03-17,191,452862.91,0,0,Decor,1128.0,0.0,28.0,556.0
SKU0063,2025-03-24,205,486057.05,0,0,Decor,1128.0,0.0,28.0,556.0
SKU0063,2025-03-31,195,462346.95,0,0,Decor,852.0,0.0,28.0,556.0
SKU0063,2025-04-07,200,474202.0,0,0,Decor,639.0,0.0,28.0,556.0
SKU0063,2025-04-14,213,505025.13,0,0,Decor,450.0,1367.0,28.0,556.0
SKU0063,2025-04-21,213,505025.13,0,0,Decor,232.0,1367.0,28.0,556.0
SKU0063,2025-04-28,106,251327.06,0,0,Decor,1.0,1367.0,28.0,556.0
SKU0063,2025-05-05,201,476573.01,0,0,Decor,1213.0,0.0,28.0,556.0
SKU0063,2025-05-12,200,474202.0,0,0,Decor,1024.0,0.0,28.0,556.0
SKU0063,2025-05-19,196,464717.95999999996,0,0,Decor,814.0,0.0,28.0,556.0
SKU0063,2025-05-26,194,459975.94,0,0,Decor,557.0,0.0,28.0,556.0
SKU0063,2025-06-02,173,410184.73,0,0,Decor,384.0,1238.0,28.0,556.0
SKU0063,2025-06-09,172,402478.94999999995,1,0,Decor,212.0,1238.0,28.0,556.0
SKU0063,2025-06-16,212,427256.0,1,0,Decor,0.0,1238.0,28.0,556.0
SKU0063,2025-06-23,16,37936.16,0,0,Decor,0.0,1238.0,28.0,556.0
SKU0063,2025-06-30,166,393587.66000000003,0,0,Decor,1162.0,0.0,28.0,556.0
SKU0063,2025-07-07,176,417297.76,0,0,Decor,998.0,0.0,28.0,556.0
SKU0063,2025-07-14,156,369877.56,0,0,Decor,830.0,0.0,28.0,556.0
SKU0063,2025-07-21,162,384103.62,0,0,Decor,674.0,0.0,28.0,556.0
SKU0063,2025-07-28,140,331941.4,0,0,Decor,450.0,1312.0,28.0,556.0
SKU0063,2025-08-04,132,312973.32,0,0,Decor,312.0,1312.0,28.0,556.0
SKU0063,2025-08-11,109,258440.09000000003,0,1,Decor,202.0,1312.0,28.0,556.0
SKU0063,2025-08-18,123,291634.23,0,0,Decor,75.0,1312.0,28.0,556.0
SKU0063,2025-08-25,130,308231.3,0,0,Decor,75.0,1312.0,28.0,556.0
SKU0063,2025-09-01,116,275037.16,0,0,Decor,1211.0,0.0,28.0,556.0
SKU0063,2025-09-08,98,232358.98,0,0,Decor,1111.0,0.0,28.0,556.0
SKU0063,2025-09-15,116,275037.16000000003,0,0,Decor,1011.0,0.0,28.0,556.0
SKU0063,2025-09-22,134,317715.34,0,0,Decor,890.0,0.0,28.0,556.0
SKU0063,2025-09-29,95,225245.95,0,1,Decor,723.0,0.0,28.0,556.0
SKU0063,2025-10-06,103,244214.03,0,0,Decor,639.0,0.0,28.0,556.0
SKU0063,2025-10-13,176,369640.45999999996,1,0,Decor,493.0,1190.0,28.0,556.0
SKU0063,2025-10-20,135,295902.05,1,0,Decor,1513.0,0.0,28.0,556.0
SKU0063,2025-10-27,95,225245.95,0,1,Decor,1377.0,0.0,28.0,556.0
SKU0063,2025-11-03,121,286892.20999999996,0,0,Decor,1253.0,0.0,28.0,556.0
SKU0063,2025-11-10,107,253698.06999999998,0,0,Decor,1136.0,0.0,28.0,556.0
SKU0063,2025-11-17,118,279779.18,0,0,Decor,1028.0,0.0,28.0,556.0
SKU0063,2025-11-24,177,358141.06,1,0,Decor,1028.0,0.0,28.0,556.0
SKU0063,2025-12-01,155,353280.49,1,0,Decor,799.0,0.0,28.0,556.0
SKU0063,2025-12-08,124,294005.24,0,0,Decor,663.0,0.0,28.0,556.0
SKU0063,2025-12-15,135,320086.35,0,0,Decor,548.0,1211.0,28.0,556.0
SKU0063,2025-12-22,138,327199.38,0,1,Decor,408.0,1211.0,28.0,556.0
SKU0064,2024-07-08,45,275800.5,0,0,Furnishings,180.0,0.0,10.0,93.0
SKU0064,2024-07-15,68,416765.2,0,0,Furnishings,133.0,0.0,10.0,93.0
SKU0064,2024-07-22,53,324831.7,0,0,Furnishings,67.0,151.0,10.0,93.0
SKU0064,2024-07-29,55,337089.5,0,0,Furnishings,128.0,0.0,10.0,93.0
SKU0064,2024-08-05,48,294187.2,0,0,Furnishings,87.0,204.0,10.0,93.0
SKU0064,2024-08-12,49,300316.1,0,1,Furnishings,37.0,204.0,10.0,93.0
SKU0064,2024-08-19,39,239027.1,0,0,Furnishings,196.0,0.0,10.0,93.0
SKU0064,2024-08-26,32,196124.8,0,0,Furnishings,153.0,0.0,10.0,93.0
SKU0064,2024-09-02,40,245156.0,0,0,Furnishings,113.0,0.0,10.0,93.0
SKU0064,2024-09-09,29,177738.1,0,0,Furnishings,84.0,174.0,10.0,93.0
SKU0064,2024-09-16,31,189995.9,0,0,Furnishings,227.0,0.0,10.0,93.0
SKU0064,2024-09-23,27,165480.3,0,0,Furnishings,227.0,0.0,10.0,93.0
SKU0064,2024-09-30,24,147093.6,0,1,Furnishings,196.0,0.0,10.0,93.0
SKU0064,2024-10-07,32,196124.8,0,0,Furnishings,167.0,0.0,10.0,93.0
SKU0064,2024-10-14,47,247607.55,1,0,Furnishings,135.0,0.0,10.0,93.0
SKU0064,2024-10-21,34,197350.58000000002,1,0,Furnishings,83.0,212.0,10.0,93.0
SKU0064,2024-10-28,29,177738.1,0,1,Furnishings,256.0,0.0,10.0,93.0
SKU0064,2024-11-04,32,196124.8,0,0,Furnishings,222.0,0.0,10.0,93.0
SKU0064,2024-11-11,31,189995.9,0,0,Furnishings,191.0,0.0,10.0,93.0
SKU0064,2024-11-18,44,269671.6,0,0,Furnishings,149.0,0.0,10.0,93.0
SKU0064,2024-11-25,64,333412.15,1,0,Furnishings,75.0,181.0,10.0,93.0
SKU0064,2024-12-02,45,275800.5,0,0,Furnishings,211.0,0.0,10.0,93.0
SKU0064,2024-12-09,51,312573.89999999997,0,0,Furnishings,160.0,0.0,10.0,93.0
SKU0064,2024-12-16,42,257413.8,0,0,Furnishings,118.0,0.0,10.0,93.0
SKU0064,2024-12-23,52,318702.8,0,1,Furnishings,118.0,0.0,10.0,93.0
SKU0064,2024-12-30,74,401136.5,1,0,Furnishings,19.0,213.0,10.0,93.0
SKU0064,2025-01-06,88,507166.47,1,0,Furnishings,160.0,0.0,10.0,93.0
SKU0064,2025-01-13,64,392249.6,0,0,Furnishings,83.0,187.0,10.0,93.0
SKU0064,2025-01-20,64,392249.6,0,1,Furnishings,20.0,187.0,10.0,93.0
SKU0064,2025-01-27,70,429023.0,0,0,Furnishings,119.0,0.0,10.0,93.0
SKU0064,2025-02-03,75,459667.5,0,0,Furnishings,39.0,195.0,10.0,93.0
SKU0064,2025-02-10,60,367734.0,0,0,Furnishings,177.0,0.0,10.0,93.0
SKU0064,2025-02-17,87,533214.3,0,0,Furnishings,85.0,225.0,10.0,93.0
SKU0064,2025-02-24,77,471925.3,0,0,Furnishings,228.0,0.0,10.0,93.0
SKU0064,2025-03-03,94,576116.6,0,0,Furnishings,146.0,0.0,10.0,93.0
SKU0064,2025-03-10,91,557729.9,0,0,Furnishings,269.0,0.0,10.0,93.0
SKU0064,2025-03-17,97,594503.3,0,0,Furnishings,176.0,0.0,10.0,93.0
SKU0064,2025-03-24,99,606761.1,0,0,Furnishings,176.0,0.0,10.0,93.0
SKU0064,2025-03-31,83,508698.7,0,0,Furnishings,38.0,149.0,10.0,93.0
SKU0064,2025-04-07,107,655792.3,0,0,Furnishings,96.0,0.0,10.0,93.0
SKU0064,2025-04-14,100,612890.0,0,0,Furnishings,196.0,0.0,10.0,93.0
SKU0064,2025-04-21,111,680307.9,0,0,Furnishings,94.0,0.0,10.0,93.0
SKU0064,2025-04-28,96,588374.4,0,0,Furnishings,124.0,0.0,10.0,93.0
SKU0064,2025-05-05,87,533214.3,0,0,Furnishings,21.0,215.0,10.0,93.0
SKU0064,2025-05-12,50,306445.0,0,0,Furnishings,198.0,0.0,10.0,93.0
SKU0064,2025-05-19,91,557729.9,0,0,Furnishings,107.0,0.0,10.0,93.0
SKU0064,2025-05-26,74,453538.60000000003,0,0,Furnishings,0.0,143.0,10.0,93.0
SKU0064,2025-06-02,57,349347.3,0,0,Furnishings,86.0,197.0,10.0,93.0
SKU0064,2025-06-09,98,584084.17,1,0,Furnishings,185.0,0.0,10.0,93.0
SKU0064,2025-06-16,168,885319.59,1,0,Furnishings,17.0,182.0,10.0,93.0
SKU0064,2025-06-23,79,484183.1,0,0,Furnishings,17.0,182.0,10.0,93.0
SKU0064,2025-06-30,79,484183.1,0,0,Furnishings,99.0,0.0,10.0,93.0
SKU0064,2025-07-07,70,429023.0,0,0,Furnishings,182.0,0.0,10.0,93.0
SKU0064,2025-07-14,77,471925.3,0,0,Furnishings,108.0,0.0,10.0,93.0
SKU0064,2025-07-21,69,422894.1,0,0,Furnishings,34.0,225.0,10.0,93.0
SKU0064,2025-07-28,70,429023.0,0,0,Furnishings,154.0,0.0,10.0,93.0
SKU0064,2025-08-04,48,294187.2,0,0,Furnishings,103.0,0.0,10.0,93.0
SKU0064,2025-08-11,52,318702.8,0,1,Furnishings,244.0,0.0,10.0,93.0
SKU0064,2025-08-18,62,379991.8,0,0,Furnishings,185.0,0.0,10.0,93.0
SKU0064,2025-08-25,57,349347.3,0,0,Furnishings,185.0,0.0,10.0,93.0
SKU0064,2025-09-01,32,196124.8,0,0,Furnishings,110.0,0.0,10.0,93.0
SKU0064,2025-09-08,51,312573.9,0,0,Furnishings,76.0,149.0,10.0,93.0
SKU0064,2025-09-15,46,281929.4,0,0,Furnishings,173.0,0.0,10.0,93.0
SKU0064,2025-09-22,47,288058.3,0,0,Furnishings,128.0,0.0,10.0,93.0
SKU0064,2025-09-29,35,214511.5,0,1,Furnishings,217.0,0.0,10.0,93.0
SKU0064,2025-10-06,41,251284.9,0,0,Furnishings,183.0,0.0,10.0,93.0
SKU0064,2025-10-13,59,322993.02,1,0,Furnishings,126.0,0.0,10.0,93.0
SKU0064,2025-10-20,55,312267.45,1,0,Furnishings,242.0,0.0,10.0,93.0
SKU0064,2025-10-27,36,220640.4,0,1,Furnishings,193.0,0.0,10.0,93.0
SKU0064,2025-11-03,40,245156.0,0,0,Furnishings,146.0,0.0,10.0,93.0
SKU0064,2025-11-10,45,275800.5,0,0,Furnishings,105.0,0.0,10.0,93.0
SKU0064,2025-11-17,46,281929.4,0,0,Furnishings,245.0,0.0,10.0,93.0
SKU0064,2025-11-24,73,382136.91,1,0,Furnishings,245.0,0.0,10.0,93.0
SKU0064,2025-12-01,61,358234.2,1,0,Furnishings,154.0,0.0,10.0,93.0
SKU0064,2025-12-08,54,330960.60000000003,0,0,Furnishings,103.0,0.0,10.0,93.0
SKU0064,2025-12-15,62,379991.8,0,0,Furnishings,46.0,197.0,10.0,93.0
SKU0064,2025-12-22,55,337089.5,0,1,Furnishings,183.0,0.0,10.0,93.0
SKU0065,2024-08-26,58,205292.74,0,0,Small Appliances,161.0,367.0,9.0,169.0
SKU0065,2024-09-02,71,251306.63,0,0,Small Appliances,456.0,0.0,9.0,169.0
SKU0065,2024-09-09,71,251306.63,0,0,Small Appliances,385.0,0.0,9.0,169.0
SKU0065,2024-09-16,69,244227.57,0,0,Small Appliances,316.0,0.0,9.0,169.0
SKU0065,2024-09-23,76,269004.28,0,0,Small Appliances,316.0,0.0,9.0,169.0
SKU0065,2024-09-30,73,258385.69,0,1,Small Appliances,216.0,0.0,9.0,169.0
SKU0065,2024-10-07,75,265464.75,0,0,Small Appliances,145.0,415.0,9.0,169.0
SKU0065,2024-10-14,124,377313.88,1,0,Small Appliances,470.0,0.0,9.0,169.0
SKU0065,2024-10-21,83,284755.19,1,0,Small Appliances,349.0,0.0,9.0,169.0
SKU0065,2024-10-28,61,215911.33000000002,0,1,Small Appliances,251.0,0.0,9.0,169.0
SKU0065,2024-11-04,77,272543.81,0,0,Small Appliances,171.0,0.0,9.0,169.0
SKU0065,2024-11-11,74,261925.22,0,0,Small Appliances,106.0,305.0,9.0,169.0
SKU0065,2024-11-18,76,269004.28,0,0,Small Appliances,326.0,0.0,9.0,169.0
SKU0065,2024-11-25,120,361032.06,1,0,Small Appliances,197.0,0.0,9.0,169.0
SKU0065,2024-12-02,91,322097.23000000004,0,0,Small Appliances,372.0,0.0,9.0,169.0
SKU0065,2024-12-09,83,293780.99,0,0,Small Appliances,289.0,0.0,9.0,169.0
SKU0065,2024-12-16,94,332715.82,0,0,Small Appliances,195.0,0.0,9.0,169.0
SKU0065,2024-12-23,95,336255.35,0,1,Small Appliances,195.0,0.0,9.0,169.0
SKU0065,2024-12-30,157,489870.95,1,0,Small Appliances,430.0,0.0,9.0,169.0
SKU0065,2025-01-06,181,594994.99,1,0,Small Appliances,224.0,0.0,9.0,169.0
SKU0065,2025-01-13,125,442441.25,0,0,Small Appliances,87.0,320.0,9.0,169.0
SKU0065,2025-01-20,126,445980.78,0,1,Small Appliances,286.0,0.0,9.0,169.0
SKU0065,2025-01-27,141,499073.73,0,0,Small Appliances,104.0,398.0,9.0,169.0
SKU0065,2025-02-03,142,502613.26,0,0,Small Appliances,357.0,0.0,9.0,169.0
SKU0065,2025-02-10,149,527389.97,0,0,Small Appliances,207.0,0.0,9.0,169.0
SKU0065,2025-02-17,156,552166.68,0,0,Small Appliances,49.0,402.0,9.0,169.0
SKU0065,2025-02-24,154,545087.62,0,0,Small Appliances,301.0,0.0,9.0,169.0
SKU0065,2025-03-03,170,601720.1,0,0,Small Appliances,128.0,343.0,9.0,169.0
SKU0065,2025-03-10,155,548627.15,0,0,Small Appliances,323.0,0.0,9.0,169.0
SKU0065,2025-03-17,168,594641.04,0,0,Small Appliances,158.0,337.0,9.0,169.0
SKU0065,2025-03-24,171,605259.63,0,0,Small Appliances,158.0,337.0,9.0,169.0
SKU0065,2025-03-31,173,612338.6900000001,0,0,Small Appliances,244.0,0.0,9.0,169.0
SKU0065,2025-04-07,183,647733.99,0,0,Small Appliances,63.0,356.0,9.0,169.0
SKU0065,2025-04-14,201,711445.53,0,0,Small Appliances,237.0,0.0,9.0,169.0
SKU0065,2025-04-21,195,690208.35,0,0,Small Appliances,396.0,0.0,9.0,169.0
SKU0065,2025-04-28,203,718524.59,0,0,Small Appliances,121.0,254.0,9.0,169.0
SKU0065,2025-05-05,148,523850.44,0,0,Small Appliances,222.0,0.0,9.0,169.0
SKU0065,2025-05-12,187,661892.11,0,0,Small Appliances,51.0,254.0,9.0,169.0
SKU0065,2025-05-19,182,644194.46,0,0,Small Appliances,117.0,304.0,9.0,169.0
SKU0065,2025-05-26,185,654813.05,0,0,Small Appliances,175.0,0.0,9.0,169.0
SKU0065,2025-06-02,150,530929.5,0,0,Small Appliances,307.0,0.0,9.0,169.0
SKU0065,2025-06-09,192,664723.73,1,0,Small Appliances,115.0,296.0,9.0,169.0
SKU0065,2025-06-16,129,396073.4,1,0,Small Appliances,282.0,0.0,9.0,169.0
SKU0065,2025-06-23,159,562785.27,0,0,Small Appliances,282.0,0.0,9.0,169.0
SKU0065,2025-06-30,140,495534.2,0,0,Small Appliances,401.0,0.0,9.0,169.0
SKU0065,2025-07-07,140,495534.2,0,0,Small Appliances,265.0,0.0,9.0,169.0
SKU0065,2025-07-14,136,481376.08,0,0,Small Appliances,125.0,347.0,9.0,169.0
SKU0065,2025-07-21,152,538008.56,0,0,Small Appliances,320.0,0.0,9.0,169.0
SKU0065,2025-07-28,145,513231.85,0,0,Small Appliances,104.0,311.0,9.0,169.0
SKU0065,2025-08-04,128,453059.84,0,0,Small Appliances,303.0,0.0,9.0,169.0
SKU0065,2025-08-11,111,392887.83,0,1,Small Appliances,172.0,0.0,9.0,169.0
SKU0065,2025-08-18,116,410585.48,0,0,Small Appliances,62.0,273.0,9.0,169.0
SKU0065,2025-08-25,120,424743.60000000003,0,0,Small Appliances,62.0,273.0,9.0,169.0
SKU0065,2025-09-01,89,315018.17000000004,0,0,Small Appliances,181.0,0.0,9.0,169.0
SKU0065,2025-09-08,80,283162.4,0,0,Small Appliances,89.0,269.0,9.0,169.0
SKU0065,2025-09-15,80,283162.4,0,0,Small Appliances,280.0,0.0,9.0,169.0
SKU0065,2025-09-22,78,276083.34,0,0,Small Appliances,199.0,0.0,9.0,169.0
SKU0065,2025-09-29,90,318557.7,0,1,Small Appliances,456.0,0.0,9.0,169.0
SKU0065,2025-10-06,89,315018.17000000004,0,0,Small Appliances,365.0,0.0,9.0,169.0
SKU0065,2025-10-13,133,415009.89,1,0,Small Appliances,262.0,0.0,9.0,169.0
SKU0065,2025-10-20,118,390587.14,1,0,Small Appliances,115.0,301.0,9.0,169.0
SKU0065,2025-10-27,83,293780.99,0,1,Small Appliances,303.0,0.0,9.0,169.0
SKU0065,2025-11-03,82,290241.46,0,0,Small Appliances,222.0,0.0,9.0,169.0
SKU0065,2025-11-10,93,329176.29,0,0,Small Appliances,132.0,375.0,9.0,169.0
SKU0065,2025-11-17,85,300860.05,0,0,Small Appliances,413.0,0.0,9.0,169.0
SKU0065,2025-11-24,170,518895.11,1,0,Small Appliances,413.0,0.0,9.0,169.0
SKU0065,2025-12-01,142,485092.59,1,0,Small Appliances,206.0,0.0,9.0,169.0
SKU0065,2025-12-08,106,375190.18,0,0,Small Appliances,88.0,316.0,9.0,169.0
SKU0065,2025-12-15,131,463678.43,0,0,Small Appliances,283.0,0.0,9.0,169.0
SKU0065,2025-12-22,127,449520.31000000006,0,1,Small Appliances,160.0,284.0,9.0,169.0
SKU0066,2025-02-03,89,518130.41000000003,0,0,Decor,71.0,579.0,10.0,253.0
SKU0066,2025-02-10,49,285262.81,0,0,Decor,0.0,579.0,10.0,253.0
SKU0066,2025-02-17,172,1001330.68,0,0,Decor,426.0,0.0,10.0,253.0
SKU0066,2025-02-24,170,989687.3,0,0,Decor,261.0,0.0,10.0,253.0
SKU0066,2025-03-03,183,1065369.27,0,0,Decor,474.0,0.0,10.0,253.0
SKU0066,2025-03-10,205,1193446.45,0,0,Decor,275.0,0.0,10.0,253.0
SKU0066,2025-03-17,206,1199268.14,0,0,Decor,565.0,0.0,10.0,253.0
SKU0066,2025-03-24,202,1175981.38,0,0,Decor,565.0,0.0,10.0,253.0
SKU0066,2025-03-31,192,1117764.48,0,0,Decor,274.0,0.0,10.0,253.0
SKU0066,2025-04-07,193,1123586.17,0,0,Decor,579.0,0.0,10.0,253.0
SKU0066,2025-04-14,198,1152694.62,0,0,Decor,384.0,0.0,10.0,253.0
SKU0066,2025-04-21,212,1234198.28,0,0,Decor,178.0,392.0,10.0,253.0
SKU0066,2025-04-28,200,1164338.0,0,0,Decor,299.0,0.0,10.0,253.0
SKU0066,2025-05-05,195,1135229.55,0,0,Decor,710.0,0.0,10.0,253.0
SKU0066,2025-05-12,210,1222554.9,0,0,Decor,508.0,0.0,10.0,253.0
SKU0066,2025-05-19,188,1094477.72,0,0,Decor,312.0,0.0,10.0,253.0
SKU0066,2025-05-26,195,1135229.55,0,0,Decor,665.0,0.0,10.0,253.0
SKU0066,2025-06-02,168,978043.9199999999,0,0,Decor,497.0,0.0,10.0,253.0
SKU0066,2025-06-09,188,1057801.07,1,0,Decor,309.0,0.0,10.0,253.0
SKU0066,2025-06-16,258,1291541.93,1,0,Decor,51.0,594.0,10.0,253.0
SKU0066,2025-06-23,104,605455.76,0,0,Decor,51.0,594.0,10.0,253.0
SKU0066,2025-06-30,135,785928.15,0,0,Decor,495.0,0.0,10.0,253.0
SKU0066,2025-07-07,133,774284.77,0,0,Decor,372.0,0.0,10.0,253.0
SKU0066,2025-07-14,150,873253.5,0,0,Decor,219.0,472.0,10.0,253.0
SKU0066,2025-07-21,139,809214.9099999999,0,0,Decor,555.0,0.0,10.0,253.0
SKU0066,2025-07-28,114,663672.66,0,0,Decor,359.0,0.0,10.0,253.0
SKU0066,2025-08-04,117,681137.73,0,0,Decor,260.0,0.0,10.0,253.0
SKU0066,2025-08-11,105,611277.45,0,1,Decor,648.0,0.0,10.0,253.0
SKU0066,2025-08-18,119,692781.11,0,0,Decor,532.0,0.0,10.0,253.0
SKU0066,2025-08-25,106,617099.14,0,0,Decor,532.0,0.0,10.0,253.0
SKU0066,2025-09-01,79,459913.51,0,0,Decor,386.0,0.0,10.0,253.0
SKU0066,2025-09-08,80,465735.2,0,0,Decor,307.0,0.0,10.0,253.0
SKU0066,2025-09-15,82,477378.57999999996,0,0,Decor,786.0,0.0,10.0,253.0
SKU0066,2025-09-22,94,547238.86,0,0,Decor,704.0,0.0,10.0,253.0
SKU0066,2025-09-29,84,489021.96,0,1,Decor,571.0,0.0,10.0,253.0
SKU0066,2025-10-06,72,419161.68,0,0,Decor,504.0,0.0,10.0,253.0
SKU0066,2025-10-13,113,581004.66,1,0,Decor,417.0,0.0,10.0,253.0
SKU0066,2025-10-20,101,551314.05,1,0,Decor,294.0,0.0,10.0,253.0
SKU0066,2025-10-27,62,360944.78,0,1,Decor,193.0,506.0,10.0,253.0
SKU0066,2025-11-03,78,454091.82,0,0,Decor,627.0,0.0,10.0,253.0
SKU0066,2025-11-10,92,535595.48,0,0,Decor,546.0,0.0,10.0,253.0
SKU0066,2025-11-17,86,500665.33999999997,0,0,Decor,450.0,0.0,10.0,253.0
SKU0066,2025-11-24,151,758566.21,1,0,Decor,450.0,0.0,10.0,253.0
SKU0066,2025-12-01,118,658142.05,1,0,Decor,255.0,0.0,10.0,253.0
SKU0066,2025-12-08,112,652029.28,0,0,Decor,712.0,0.0,10.0,253.0
SKU0066,2025-12-15,110,640385.9,0,0,Decor,602.0,0.0,10.0,253.0
SKU0066,2025-12-22,90,523952.1,0,1,Decor,497.0,0.0,10.0,253.0
SKU0067,2024-04-08,19,158695.97999999998,0,0,Decor,317.0,0.0,9.0,45.0
SKU0067,2024-04-15,36,300687.12,0,0,Decor,317.0,0.0,9.0,45.0
SKU0067,2024-04-22,37,309039.54,0,0,Decor,279.0,0.0,9.0,45.0
SKU0067,2024-04-29,35,292334.7,0,0,Decor,232.0,0.0,9.0,45.0
SKU0067,2024-05-06,38,317391.95999999996,0,0,Decor,193.0,0.0,9.0,45.0
SKU0067,2024-05-13,30,250572.59999999998,0,0,Decor,164.0,0.0,9.0,45.0
SKU0067,2024-05-20,31,258925.02,0,0,Decor,130.0,0.0,9.0,45.0
SKU0067,2024-05-27,35,292334.69999999995,0,0,Decor,85.0,0.0,9.0,45.0
SKU0067,2024-06-03,32,267277.44,0,0,Decor,52.0,0.0,9.0,45.0
SKU0067,2024-06-10,42,338273.01,1,0,Decor,39.0,0.0,9.0,45.0
SKU0067,2024-06-17,37,268947.92,1,0,Decor,22.0,0.0,9.0,45.0
SKU0067,2024-06-24,16,133638.72,0,0,Decor,22.0,0.0,9.0,45.0
SKU0067,2024-07-01,23,192105.66,0,0,Decor,24.0,31.0,9.0,45.0
SKU0067,2024-07-08,19,158695.97999999998,0,0,Decor,1.0,31.0,9.0,45.0
SKU0067,2024-07-15,16,133638.72,0,0,Decor,8.0,0.0,9.0,45.0
SKU0067,2024-07-22,31,258925.02,0,0,Decor,26.0,33.0,9.0,45.0
SKU0067,2024-07-29,25,208810.5,0,0,Decor,15.0,26.0,9.0,45.0
SKU0067,2024-08-05,33,275629.86,0,0,Decor,10.0,0.0,9.0,45.0
SKU0067,2024-08-12,9,75171.78,0,1,Decor,25.0,0.0,9.0,45.0
SKU0067,2024-08-19,21,175400.82,0,0,Decor,1.0,20.0,9.0,45.0
SKU0067,2024-08-26,15,125286.29999999999,0,0,Decor,0.0,23.0,9.0,45.0
SKU0067,2024-09-02,23,192105.66,0,0,Decor,0.0,26.0,9.0,45.0
SKU0067,2024-09-09,12,100229.04,0,0,Decor,15.0,32.0,9.0,45.0
SKU0067,2024-09-16,21,175400.82,0,0,Decor,26.0,29.0,9.0,45.0
SKU0067,2024-09-23,26,217162.91999999998,0,0,Decor,26.0,29.0,9.0,45.0
SKU0067,2024-09-30,25,208810.5,0,1,Decor,21.0,0.0,9.0,45.0
SKU0067,2024-10-07,23,192105.66,0,0,Decor,32.0,28.0,9.0,45.0
SKU0067,2024-10-14,26,188347.06,1,0,Decor,1.0,28.0,9.0,45.0
SKU0067,2024-10-21,18,139067.82,1,0,Decor,2.0,19.0,9.0,45.0
SKU0067,2024-10-28,15,125286.29999999999,0,1,Decor,1.0,35.0,9.0,45.0
SKU0067,2024-11-04,25,208810.5,0,0,Decor,17.0,18.0,9.0,45.0
SKU0067,2024-11-11,24,200458.08,0,0,Decor,8.0,30.0,9.0,45.0
SKU0067,2024-11-18,10,83524.2,0,0,Decor,30.0,36.0,9.0,45.0
SKU0067,2024-11-25,24,170389.37,1,0,Decor,37.0,26.0,9.0,45.0
SKU0067,2024-12-02,32,267277.44,0,0,Decor,5.0,26.0,9.0,45.0
SKU0067,2024-12-09,28,233867.76,0,0,Decor,2.0,19.0,9.0,45.0
SKU0067,2024-12-16,10,83524.2,0,0,Decor,12.0,34.0,9.0,45.0
SKU0067,2024-12-23,13,108581.45999999999,0,1,Decor,12.0,34.0,9.0,45.0
SKU0067,2024-12-30,32,239714.45,1,0,Decor,11.0,19.0,9.0,45.0
SKU0067,2025-01-06,20,154519.77,1,0,Decor,4.0,18.0,9.0,45.0
SKU0067,2025-01-13,18,150343.56,0,0,Decor,18.0,0.0,9.0,45.0
SKU0067,2025-01-20,7,58466.94,0,1,Decor,0.0,24.0,9.0,45.0
SKU0067,2025-01-27,17,141991.13999999998,0,0,Decor,0.0,24.0,9.0,45.0
SKU0067,2025-02-03,24,200458.08,0,0,Decor,0.0,25.0,9.0,45.0
SKU0067,2025-02-10,24,200458.08,0,0,Decor,5.0,29.0,9.0,45.0
SKU0067,2025-02-17,14,116933.87999999999,0,0,Decor,22.0,18.0,9.0,45.0
SKU0067,2025-02-24,20,167048.4,0,0,Decor,19.0,0.0,9.0,45.0
SKU0067,2025-03-03,14,116933.87999999999,0,0,Decor,1.0,30.0,9.0,45.0
SKU0067,2025-03-10,30,250572.6,0,0,Decor,1.0,31.0,9.0,45.0
SKU0067,2025-03-17,19,158695.97999999998,0,0,Decor,19.0,32.0,9.0,45.0
SKU0067,2025-03-24,20,167048.4,0,0,Decor,19.0,32.0,9.0,45.0
SKU0067,2025-03-31,25,208810.5,0,0,Decor,13.0,28.0,9.0,45.0
SKU0067,2025-04-07,28,233867.75999999998,0,0,Decor,19.0,25.0,9.0,45.0
SKU0067,2025-04-14,25,208810.5,0,0,Decor,25.0,0.0,9.0,45.0
SKU0067,2025-04-21,11,91876.62,0,0,Decor,0.0,20.0,9.0,45.0
SKU0067,2025-04-28,12,100229.04,0,0,Decor,1.0,24.0,9.0,45.0
SKU0067,2025-05-05,22,183753.24,0,0,Decor,0.0,27.0,9.0,45.0
SKU0067,2025-05-12,27,225515.34,0,0,Decor,6.0,0.0,9.0,45.0
SKU0067,2025-05-19,20,167048.4,0,0,Decor,19.0,0.0,9.0,45.0
SKU0067,2025-05-26,13,108581.45999999999,0,0,Decor,13.0,24.0,9.0,45.0
SKU0067,2025-06-02,12,100229.04,0,0,Decor,25.0,32.0,9.0,45.0
SKU0067,2025-06-09,24,200458.08000000002,1,0,Decor,1.0,32.0,9.0,45.0
SKU0067,2025-06-16,33,234285.38,1,0,Decor,0.0,0.0,9.0,45.0
SKU0067,2025-06-23,10,83524.2,0,0,Decor,0.0,0.0,9.0,45.0
SKU0067,2025-06-30,22,183753.24,0,0,Decor,6.0,36.0,9.0,45.0
SKU0067,2025-07-07,32,267277.44,0,0,Decor,26.0,25.0,9.0,45.0
SKU0067,2025-07-14,25,208810.5,0,0,Decor,17.0,20.0,9.0,45.0
SKU0067,2025-07-21,16,133638.72,0,0,Decor,0.0,20.0,9.0,45.0
SKU0067,2025-07-28,10,83524.2,0,0,Decor,33.0,25.0,9.0,45.0
SKU0067,2025-08-04,27,225515.34,0,0,Decor,0.0,25.0,9.0,45.0
SKU0067,2025-08-11,25,208810.5,0,1,Decor,1.0,19.0,9.0,45.0
SKU0067,2025-08-18,19,158695.97999999998,0,0,Decor,6.0,25.0,9.0,45.0
SKU0067,2025-08-25,11,91876.62,0,0,Decor,6.0,25.0,9.0,45.0
SKU0067,2025-09-01,18,150343.56,0,0,Decor,10.0,34.0,9.0,45.0
SKU0067,2025-09-08,30,250572.6,0,0,Decor,25.0,27.0,9.0,45.0
SKU0067,2025-09-15,28,233867.76,0,0,Decor,28.0,34.0,9.0,45.0
SKU0067,2025-09-22,19,158695.97999999998,0,0,Decor,0.0,34.0,9.0,45.0
SKU0067,2025-09-29,18,150343.56,0,1,Decor,1.0,30.0,9.0,45.0
SKU0067,2025-10-06,27,225515.34,0,0,Decor,12.0,34.0,9.0,45.0
SKU0067,2025-10-13,34,253913.56,1,0,Decor,15.0,30.0,9.0,45.0
SKU0067,2025-10-20,21,175400.82,1,0,Decor,24.0,32.0,9.0,45.0
SKU0067,2025-10-27,21,175400.82,0,1,Decor,26.0,34.0,9.0,45.0
SKU0067,2025-11-03,25,208810.5,0,0,Decor,35.0,0.0,9.0,45.0
SKU0067,2025-11-10,28,233867.76,0,0,Decor,2.0,24.0,9.0,45.0
SKU0067,2025-11-17,26,217162.91999999998,0,0,Decor,1.0,35.0,9.0,45.0
SKU0067,2025-11-24,25,177488.91999999998,1,0,Decor,1.0,35.0,9.0,45.0
SKU0067,2025-12-01,15,116516.26,1,0,Decor,4.0,33.0,9.0,45.0
SKU0067,2025-12-08,28,233867.76,0,0,Decor,24.0,0.0,9.0,45.0
SKU0067,2025-12-15,20,167048.4,0,0,Decor,16.0,22.0,9.0,45.0
SKU0067,2025-12-22,21,175400.82,0,1,Decor,1.0,22.0,9.0,45.0
SKU0068,2024-02-12,41,230676.66,0,0,Decor,253.0,658.0,15.0,331.0
SKU0068,2024-02-19,165,928332.9,0,0,Decor,253.0,658.0,15.0,331.0
SKU0068,2024-02-26,169,950837.94,0,0,Decor,65.0,658.0,15.0,331.0
SKU0068,2024-03-04,184,1035231.8400000001,0,0,Decor,544.0,0.0,15.0,331.0
SKU0068,2024-03-11,169,950837.94,0,0,Decor,372.0,0.0,15.0,331.0
SKU0068,2024-03-18,168,945211.68,0,0,Decor,1018.0,0.0,15.0,331.0
SKU0068,2024-03-25,188,1057736.88,0,0,Decor,1018.0,0.0,15.0,331.0
SKU0068,2024-04-01,186,1046484.36,0,0,Decor,765.0,0.0,15.0,331.0
SKU0068,2024-04-08,202,1136504.52,0,0,Decor,575.0,0.0,15.0,331.0
SKU0068,2024-04-15,184,1035231.84,0,0,Decor,372.0,0.0,15.0,331.0
SKU0068,2024-04-22,205,1153383.3,0,0,Decor,186.0,603.0,15.0,331.0
SKU0068,2024-04-29,73,410716.98,0,0,Decor,1.0,603.0,15.0,331.0
SKU0068,2024-05-06,196,1102746.96,0,0,Decor,447.0,0.0,15.0,331.0
SKU0068,2024-05-13,172,967716.72,0,0,Decor,260.0,657.0,15.0,331.0
SKU0068,2024-05-20,185,1040858.1,0,0,Decor,743.0,0.0,15.0,331.0
SKU0068,2024-05-27,193,1085868.18,0,0,Decor,474.0,0.0,15.0,331.0
SKU0068,2024-06-03,166,933959.1599999999,0,0,Decor,313.0,554.0,15.0,331.0
SKU0068,2024-06-10,212,1124408.06,1,0,Decor,119.0,554.0,15.0,331.0
SKU0068,2024-06-17,267,1314013.04,1,0,Decor,386.0,0.0,15.0,331.0
SKU0068,2024-06-24,168,945211.6799999999,0,0,Decor,386.0,0.0,15.0,331.0
SKU0068,2024-07-01,155,872070.3,0,0,Decor,706.0,0.0,15.0,331.0
SKU0068,2024-07-08,139,782050.14,0,0,Decor,553.0,0.0,15.0,331.0
SKU0068,2024-07-15,142,798928.92,0,0,Decor,412.0,0.0,15.0,331.0
SKU0068,2024-07-22,155,872070.3,0,0,Decor,270.0,722.0,15.0,331.0
SKU0068,2024-07-29,135,759545.1,0,0,Decor,775.0,0.0,15.0,331.0
SKU0068,2024-08-05,115,647019.9,0,0,Decor,649.0,0.0,15.0,331.0
SKU0068,2024-08-12,132,742666.32,0,1,Decor,522.0,0.0,15.0,331.0
SKU0068,2024-08-19,127,714535.02,0,0,Decor,403.0,0.0,15.0,331.0
SKU0068,2024-08-26,123,692029.98,0,0,Decor,1032.0,0.0,15.0,331.0
SKU0068,2024-09-02,111,624514.86,0,0,Decor,921.0,0.0,15.0,331.0
SKU0068,2024-09-09,97,545747.22,0,0,Decor,824.0,0.0,15.0,331.0
SKU0068,2024-09-16,122,686403.72,0,0,Decor,702.0,0.0,15.0,331.0
SKU0068,2024-09-23,114,641393.64,0,0,Decor,702.0,0.0,15.0,331.0
SKU0068,2024-09-30,119,669524.94,0,1,Decor,553.0,0.0,15.0,331.0
SKU0068,2024-10-07,111,624514.86,0,0,Decor,431.0,0.0,15.0,331.0
SKU0068,2024-10-14,189,917361.69,1,0,Decor,314.0,747.0,15.0,331.0
SKU0068,2024-10-21,121,656303.23,1,0,Decor,125.0,747.0,15.0,331.0
SKU0068,2024-10-28,105,590757.3,0,1,Decor,718.0,0.0,15.0,331.0
SKU0068,2024-11-04,105,590757.3,0,0,Decor,613.0,0.0,15.0,331.0
SKU0068,2024-11-11,104,585131.04,0,0,Decor,506.0,0.0,15.0,331.0
SKU0068,2024-11-18,121,680777.46,0,0,Decor,394.0,0.0,15.0,331.0
SKU0068,2024-11-25,217,1037763.65,1,0,Decor,871.0,0.0,15.0,331.0
SKU0068,2024-12-02,116,652646.16,0,0,Decor,755.0,0.0,15.0,331.0
SKU0068,2024-12-09,129,725787.54,0,0,Decor,626.0,0.0,15.0,331.0
SKU0068,2024-12-16,124,697656.24,0,0,Decor,502.0,0.0,15.0,331.0
SKU0068,2024-12-23,107,602009.82,0,1,Decor,502.0,0.0,15.0,331.0
SKU0068,2024-12-30,236,1164073.2,1,0,Decor,314.0,755.0,15.0,331.0
SKU0068,2025-01-06,159,833811.73,1,0,Decor,67.0,755.0,15.0,331.0
SKU0068,2025-01-13,149,838312.74,0,0,Decor,697.0,0.0,15.0,331.0
SKU0068,2025-01-20,134,753918.8400000001,0,1,Decor,542.0,0.0,15.0,331.0
SKU0068,2025-01-27,153,860817.78,0,0,Decor,342.0,0.0,15.0,331.0
SKU0068,2025-02-03,161,905827.86,0,0,Decor,182.0,743.0,15.0,331.0
SKU0068,2025-02-10,163,917080.38,0,0,Decor,759.0,0.0,15.0,331.0
SKU0068,2025-02-17,164,922706.64,0,0,Decor,596.0,0.0,15.0,331.0
SKU0068,2025-02-24,167,939585.42,0,0,Decor,426.0,0.0,15.0,331.0
SKU0068,2025-03-03,158,888949.08,0,0,Decor,275.0,628.0,15.0,331.0
SKU0068,2025-03-10,185,1040858.1,0,0,Decor,719.0,0.0,15.0,331.0
SKU0068,2025-03-17,153,860817.78,0,0,Decor,561.0,0.0,15.0,331.0
SKU0068,2025-03-24,179,1007100.54,0,0,Decor,561.0,0.0,15.0,331.0
SKU0068,2025-03-31,183,1029605.58,0,0,Decor,301.0,582.0,15.0,331.0
SKU0068,2025-04-07,176,990221.76,0,0,Decor,129.0,582.0,15.0,331.0
SKU0068,2025-04-14,173,973342.98,0,0,Decor,533.0,0.0,15.0,331.0
SKU0068,2025-04-21,175,984595.5,0,0,Decor,360.0,0.0,15.0,331.0
SKU0068,2025-04-28,173,973342.98,0,0,Decor,818.0,0.0,15.0,331.0
SKU0068,2025-05-05,181,1018353.0599999999,0,0,Decor,644.0,0.0,15.0,331.0
SKU0068,2025-05-12,155,872070.3,0,0,Decor,470.0,0.0,15.0,331.0
SKU0068,2025-05-19,172,967716.72,0,0,Decor,306.0,605.0,15.0,331.0
SKU0068,2025-05-26,177,995848.02,0,0,Decor,670.0,0.0,15.0,331.0
SKU0068,2025-06-02,170,956464.2,0,0,Decor,500.0,0.0,15.0,331.0
SKU0068,2025-06-09,181,981219.74,1,0,Decor,319.0,634.0,15.0,331.0
SKU0068,2025-06-16,307,1485051.32,1,0,Decor,12.0,634.0,15.0,331.0
SKU0068,2025-06-23,71,399464.45999999996,0,0,Decor,12.0,634.0,15.0,331.0
SKU0068,2025-06-30,147,827060.22,0,0,Decor,531.0,0.0,15.0,331.0
SKU0068,2025-07-07,164,922706.64,0,0,Decor,390.0,0.0,15.0,331.0
SKU0068,2025-07-14,158,888949.08,0,0,Decor,221.0,709.0,15.0,331.0
SKU0068,2025-07-21,119,669524.94,0,0,Decor,66.0,709.0,15.0,331.0
SKU0068,2025-07-28,131,737040.06,0,0,Decor,588.0,0.0,15.0,331.0
SKU0068,2025-08-04,116,652646.16,0,0,Decor,474.0,0.0,15.0,331.0
SKU0068,2025-08-11,114,641393.64,0,1,Decor,359.0,0.0,15.0,331.0
SKU0068,2025-08-18,120,675151.2,0,0,Decor,238.0,563.0,15.0,331.0
SKU0068,2025-08-25,135,759545.1,0,0,Decor,238.0,563.0,15.0,331.0
SKU0068,2025-09-01,76,427595.76,0,0,Decor,630.0,0.0,15.0,331.0
SKU0068,2025-09-08,105,590757.3,0,0,Decor,555.0,0.0,15.0,331.0
SKU0068,2025-09-15,111,624514.86,0,0,Decor,448.0,0.0,15.0,331.0
SKU0068,2025-09-22,96,540120.96,0,0,Decor,341.0,0.0,15.0,331.0
SKU0068,2025-09-29,114,641393.64,0,1,Decor,855.0,0.0,15.0,331.0
SKU0068,2025-10-06,87,489484.62,0,0,Decor,752.0,0.0,15.0,331.0
SKU0068,2025-10-13,171,844782.94,1,0,Decor,654.0,0.0,15.0,331.0
SKU0068,2025-10-20,143,743791.5700000001,1,0,Decor,458.0,0.0,15.0,331.0
SKU0068,2025-10-27,99,556999.74,0,1,Decor,307.0,601.0,15.0,331.0
SKU0068,2025-11-03,90,506363.39999999997,0,0,Decor,824.0,0.0,15.0,331.0
SKU0068,2025-11-10,101,568252.26,0,0,Decor,721.0,0.0,15.0,331.0
SKU0068,2025-11-17,121,680777.46,0,0,Decor,603.0,0.0,15.0,331.0
SKU0068,2025-11-24,184,894294.02,1,0,Decor,603.0,0.0,15.0,331.0
SKU0068,2025-12-01,127,685841.09,1,0,Decor,372.0,0.0,15.0,331.0
SKU0068,2025-12-08,116,652646.16,0,0,Decor,967.0,0.0,15.0,331.0
SKU0068,2025-12-15,93,523242.18,0,0,Decor,855.0,0.0,15.0,331.0
SKU0068,2025-12-22,129,725787.54,0,1,Decor,757.0,0.0,15.0,331.0
SKU0069,2025-04-21,115,966342.7,0,0,Furnishings,0.0,818.0,19.0,463.0
SKU0069,2025-04-28,80,672238.4,0,0,Furnishings,0.0,818.0,19.0,463.0
SKU0069,2025-05-05,0,0.0,0,0,Furnishings,0.0,818.0,19.0,463.0
SKU0069,2025-05-12,134,1125999.32,0,0,Furnishings,750.0,0.0,19.0,463.0
SKU0069,2025-05-19,214,1798237.72,0,0,Furnishings,536.0,0.0,19.0,463.0
SKU0069,2025-05-26,206,1731013.8800000001,0,0,Furnishings,1058.0,0.0,19.0,463.0
SKU0069,2025-06-02,184,1546148.32,0,0,Furnishings,874.0,0.0,19.0,463.0
SKU0069,2025-06-09,180,1477243.88,1,0,Furnishings,694.0,0.0,19.0,463.0
SKU0069,2025-06-16,294,2120071.85,1,0,Furnishings,400.0,1132.0,19.0,463.0
SKU0069,2025-06-23,163,1369685.74,0,0,Furnishings,400.0,1132.0,19.0,463.0
SKU0069,2025-06-30,142,1193223.1600000001,0,0,Furnishings,181.0,1132.0,19.0,463.0
SKU0069,2025-07-07,157,1319267.8599999999,0,0,Furnishings,41.0,1132.0,19.0,463.0
SKU0069,2025-07-14,171,1436909.58,0,0,Furnishings,1015.0,0.0,19.0,463.0
SKU0069,2025-07-21,159,1336073.82,0,0,Furnishings,842.0,0.0,19.0,463.0
SKU0069,2025-07-28,163,1369685.74,0,0,Furnishings,609.0,0.0,19.0,463.0
SKU0069,2025-08-04,129,1083984.42,0,0,Furnishings,479.0,0.0,19.0,463.0
SKU0069,2025-08-11,122,1025163.56,0,1,Furnishings,344.0,750.0,19.0,463.0
SKU0069,2025-08-18,119,999954.62,0,0,Furnishings,981.0,0.0,19.0,463.0
SKU0069,2025-08-25,118,991551.64,0,0,Furnishings,981.0,0.0,19.0,463.0
SKU0069,2025-09-01,93,781477.14,0,0,Furnishings,830.0,0.0,19.0,463.0
SKU0069,2025-09-08,96,806686.0800000001,0,0,Furnishings,738.0,0.0,19.0,463.0
SKU0069,2025-09-15,88,739462.24,0,0,Furnishings,644.0,0.0,19.0,463.0
SKU0069,2025-09-22,108,907521.84,0,0,Furnishings,543.0,0.0,19.0,463.0
SKU0069,2025-09-29,109,915924.8200000001,0,1,Furnishings,404.0,724.0,19.0,463.0
SKU0069,2025-10-06,97,815089.06,0,0,Furnishings,298.0,724.0,19.0,463.0
SKU0069,2025-10-13,167,1244481.34,1,0,Furnishings,889.0,0.0,19.0,463.0
SKU0069,2025-10-20,136,1063397.1199999999,1,0,Furnishings,726.0,0.0,19.0,463.0
SKU0069,2025-10-27,94,789880.12,0,1,Furnishings,582.0,0.0,19.0,463.0
SKU0069,2025-11-03,112,941133.76,0,0,Furnishings,475.0,0.0,19.0,463.0
SKU0069,2025-11-10,115,966342.7,0,0,Furnishings,361.0,1097.0,19.0,463.0
SKU0069,2025-11-17,117,983148.66,0,0,Furnishings,1334.0,0.0,19.0,463.0
SKU0069,2025-11-24,203,1476403.5699999998,1,0,Furnishings,1334.0,0.0,19.0,463.0
SKU0069,2025-12-01,137,1110873.96,1,0,Furnishings,1094.0,0.0,19.0,463.0
SKU0069,2025-12-08,143,1201626.14,0,0,Furnishings,963.0,0.0,19.0,463.0
SKU0069,2025-12-15,126,1058775.48,0,0,Furnishings,823.0,0.0,19.0,463.0
SKU0069,2025-12-22,155,1302461.9,0,1,Furnishings,689.0,0.0,19.0,463.0
SKU0070,2025-04-14,59,170524.16,0,0,Small Appliances,99.0,865.0,9.0,213.0
SKU0070,2025-04-21,184,531804.16,0,0,Small Appliances,99.0,865.0,9.0,213.0
SKU0070,2025-04-28,210,606950.4,0,0,Small Appliances,711.0,0.0,9.0,213.0
SKU0070,2025-05-05,251,725450.24,0,0,Small Appliances,482.0,0.0,9.0,213.0
SKU0070,2025-05-12,223,644523.52,0,0,Small Appliances,251.0,0.0,9.0,213.0
SKU0070,2025-05-19,194,560706.56,0,0,Small Appliances,83.0,846.0,9.0,213.0
SKU0070,2025-05-26,235,679206.4,0,0,Small Appliances,599.0,0.0,9.0,213.0
SKU0070,2025-06-02,221,638743.04,0,0,Small Appliances,378.0,0.0,9.0,213.0
SKU0070,2025-06-09,272,763167.87,1,0,Small Appliances,106.0,851.0,9.0,213.0
SKU0070,2025-06-16,172,435992.54000000004,1,0,Small Appliances,785.0,0.0,9.0,213.0
SKU0070,2025-06-23,214,618511.36,0,0,Small Appliances,785.0,0.0,9.0,213.0
SKU0070,2025-06-30,169,488450.56,0,0,Small Appliances,516.0,0.0,9.0,213.0
SKU0070,2025-07-07,166,479779.84,0,0,Small Appliances,348.0,0.0,9.0,213.0
SKU0070,2025-07-14,191,552035.84,0,0,Small Appliances,190.0,981.0,9.0,213.0
SKU0070,2025-07-21,212,612730.88,0,0,Small Appliances,960.0,0.0,9.0,213.0
SKU0070,2025-07-28,154,445096.95999999996,0,0,Small Appliances,689.0,0.0,9.0,213.0
SKU0070,2025-08-04,140,404633.6,0,0,Small Appliances,562.0,0.0,9.0,213.0
SKU0070,2025-08-11,145,419084.8,0,1,Small Appliances,407.0,0.0,9.0,213.0
SKU0070,2025-08-18,154,445096.96,0,0,Small Appliances,258.0,0.0,9.0,213.0
SKU0070,2025-08-25,134,387292.16000000003,0,0,Small Appliances,258.0,0.0,9.0,213.0
SKU0070,2025-09-01,148,427755.52,0,0,Small Appliances,847.0,0.0,9.0,213.0
SKU0070,2025-09-08,117,338158.08,0,0,Small Appliances,693.0,0.0,9.0,213.0
SKU0070,2025-09-15,69,199426.56,0,0,Small Appliances,588.0,0.0,9.0,213.0
SKU0070,2025-09-22,64,184975.36,0,0,Small Appliances,506.0,0.0,9.0,213.0
SKU0070,2025-09-29,105,303475.2,0,1,Small Appliances,417.0,0.0,9.0,213.0
SKU0070,2025-10-06,101,291914.24,0,0,Small Appliances,287.0,0.0,9.0,213.0
SKU0070,2025-10-13,180,458247.55,1,0,Small Appliances,832.0,0.0,9.0,213.0
SKU0070,2025-10-20,202,542642.5599999999,1,0,Small Appliances,614.0,0.0,9.0,213.0
SKU0070,2025-10-27,90,260121.59999999998,0,1,Small Appliances,439.0,0.0,9.0,213.0
SKU0070,2025-11-03,130,375731.2,0,0,Small Appliances,331.0,0.0,9.0,213.0
SKU0070,2025-11-10,116,335267.83999999997,0,0,Small Appliances,218.0,0.0,9.0,213.0
SKU0070,2025-11-17,107,309255.68,0,0,Small Appliances,759.0,0.0,9.0,213.0
SKU0070,2025-11-24,182,454490.24,1,0,Small Appliances,759.0,0.0,9.0,213.0
SKU0070,2025-12-01,131,371251.32999999996,1,0,Small Appliances,560.0,0.0,9.0,213.0
SKU0070,2025-12-08,151,436426.24,0,0,Small Appliances,432.0,0.0,9.0,213.0
SKU0070,2025-12-15,116,335267.84,0,0,Small Appliances,277.0,0.0,9.0,213.0
SKU0070,2025-12-22,111,320816.64,0,1,Small Appliances,171.0,749.0,9.0,213.0
SKU0071,2024-03-25,112,667881.76,0,0,Decor,0.0,987.0,13.0,513.0
SKU0071,2024-04-01,0,0.0,0,0,Decor,0.0,987.0,13.0,513.0
SKU0071,2024-04-08,321,1914196.83,0,0,Decor,988.0,0.0,13.0,513.0
SKU0071,2024-04-15,312,1860527.76,0,0,Decor,630.0,0.0,13.0,513.0
SKU0071,2024-04-22,333,1985755.5899999999,0,0,Decor,1159.0,0.0,13.0,513.0
SKU0071,2024-04-29,312,1860527.76,0,0,Decor,694.0,0.0,13.0,513.0
SKU0071,2024-05-06,341,2033461.43,0,0,Decor,334.0,912.0,13.0,513.0
SKU0071,2024-05-13,277,1651814.71,0,0,Decor,36.0,912.0,13.0,513.0
SKU0071,2024-05-20,354,2110983.42,0,0,Decor,659.0,0.0,13.0,513.0
SKU0071,2024-05-27,307,1830711.61,0,0,Decor,1192.0,0.0,13.0,513.0
SKU0071,2024-06-03,312,1860527.76,0,0,Decor,879.0,0.0,13.0,513.0
SKU0071,2024-06-10,391,2206395.1,1,0,Decor,525.0,0.0,13.0,513.0
SKU0071,2024-06-17,455,2319696.47,1,0,Decor,1.0,1230.0,13.0,513.0
SKU0071,2024-06-24,210,1252278.3,0,0,Decor,1.0,1230.0,13.0,513.0
SKU0071,2024-07-01,237,1413285.51,0,0,Decor,982.0,0.0,13.0,513.0
SKU0071,2024-07-08,262,1562366.26,0,0,Decor,752.0,0.0,13.0,513.0
SKU0071,2024-07-15,315,1878417.45,0,0,Decor,491.0,872.0,13.0,513.0
SKU0071,2024-07-22,259,1544476.57,0,0,Decor,1059.0,0.0,13.0,513.0
SKU0071,2024-07-29,253,1508697.19,0,0,Decor,635.0,0.0,13.0,513.0
SKU0071,2024-08-05,255,1520623.65,0,0,Decor,405.0,1091.0,13.0,513.0
SKU0071,2024-08-12,255,1520623.65,0,1,Decor,162.0,1091.0,13.0,513.0
SKU0071,2024-08-19,210,1252278.3,0,0,Decor,1012.0,0.0,13.0,513.0
SKU0071,2024-08-26,218,1299984.1400000001,0,0,Decor,721.0,0.0,13.0,513.0
SKU0071,2024-09-02,189,1127050.47,0,0,Decor,532.0,0.0,13.0,513.0
SKU0071,2024-09-09,136,810999.28,0,0,Decor,1477.0,0.0,13.0,513.0
SKU0071,2024-09-16,245,1460991.35,0,0,Decor,1232.0,0.0,13.0,513.0
SKU0071,2024-09-23,250,1490807.5,0,0,Decor,1232.0,0.0,13.0,513.0
SKU0071,2024-09-30,213,1270167.99,0,1,Decor,938.0,0.0,13.0,513.0
SKU0071,2024-10-07,191,1138976.93,0,0,Decor,713.0,0.0,13.0,513.0
SKU0071,2024-10-14,371,1906444.63,1,0,Decor,476.0,1135.0,13.0,513.0
SKU0071,2024-10-21,231,1322942.58,1,0,Decor,1236.0,0.0,13.0,513.0
SKU0071,2024-10-28,162,966043.26,0,1,Decor,995.0,0.0,13.0,513.0
SKU0071,2024-11-04,230,1371542.9,0,0,Decor,764.0,0.0,13.0,513.0
SKU0071,2024-11-11,226,1347689.98,0,0,Decor,564.0,0.0,13.0,513.0
SKU0071,2024-11-18,198,1180719.54,0,0,Decor,356.0,1255.0,13.0,513.0
SKU0071,2024-11-25,321,1627067.32,1,0,Decor,1228.0,0.0,13.0,513.0
SKU0071,2024-12-02,228,1359616.44,0,0,Decor,1000.0,0.0,13.0,513.0
SKU0071,2024-12-09,282,1681630.86,0,0,Decor,718.0,0.0,13.0,513.0
SKU0071,2024-12-16,216,1288057.68,0,0,Decor,502.0,1113.0,13.0,513.0
SKU0071,2024-12-23,256,1526586.88,0,1,Decor,502.0,1113.0,13.0,513.0
SKU0071,2024-12-30,430,2251119.32,1,0,Decor,1199.0,0.0,13.0,513.0
SKU0071,2025-01-06,428,2395727.65,1,0,Decor,683.0,0.0,13.0,513.0
SKU0071,2025-01-13,323,1926123.29,0,0,Decor,350.0,1160.0,13.0,513.0
SKU0071,2025-01-20,288,1717410.24,0,1,Decor,1206.0,0.0,13.0,513.0
SKU0071,2025-01-27,331,1973829.13,0,0,Decor,747.0,0.0,13.0,513.0
SKU0071,2025-02-03,338,2015571.7399999998,0,0,Decor,405.0,980.0,13.0,513.0
SKU0071,2025-02-10,335,1997682.05,0,0,Decor,1055.0,0.0,13.0,513.0
SKU0071,2025-02-17,387,2307770.01,0,0,Decor,678.0,0.0,13.0,513.0
SKU0071,2025-02-24,388,2313733.24,0,0,Decor,1558.0,0.0,13.0,513.0
SKU0071,2025-03-03,395,2355475.8499999996,0,0,Decor,1170.0,0.0,13.0,513.0
SKU0071,2025-03-10,401,2391255.23,0,0,Decor,782.0,0.0,13.0,513.0
SKU0071,2025-03-17,419,2498593.37,0,0,Decor,349.0,1210.0,13.0,513.0
SKU0071,2025-03-24,391,2331622.9299999997,0,0,Decor,349.0,1210.0,13.0,513.0
SKU0071,2025-03-31,473,2820607.79,0,0,Decor,973.0,0.0,13.0,513.0
SKU0071,2025-04-07,454,2707306.42,0,0,Decor,524.0,0.0,13.0,513.0
SKU0071,2025-04-14,197,1174756.31,0,0,Decor,78.0,949.0,13.0,513.0
SKU0071,2025-04-21,452,2695379.96,0,0,Decor,793.0,0.0,13.0,513.0
SKU0071,2025-04-28,404,2409144.92,0,0,Decor,232.0,862.0,13.0,513.0
SKU0071,2025-05-05,411,2450887.5300000003,0,0,Decor,677.0,0.0,13.0,513.0
SKU0071,2025-05-12,383,2283917.09,0,0,Decor,288.0,828.0,13.0,513.0
SKU0071,2025-05-19,459,2737122.57,0,0,Decor,694.0,0.0,13.0,513.0
SKU0071,2025-05-26,411,2450887.53,0,0,Decor,1381.0,0.0,13.0,513.0
SKU0071,2025-06-02,428,2552262.44,0,0,Decor,953.0,0.0,13.0,513.0
SKU0071,2025-06-09,406,2355774.01,1,0,Decor,547.0,0.0,13.0,513.0
SKU0071,2025-06-16,547,2772603.79,1,0,Decor,0.0,1043.0,13.0,513.0
SKU0071,2025-06-23,229,1365579.6700000002,0,0,Decor,0.0,1043.0,13.0,513.0
SKU0071,2025-06-30,341,2033461.4300000002,0,0,Decor,698.0,0.0,13.0,513.0
SKU0071,2025-07-07,334,1991718.82,0,0,Decor,1230.0,0.0,13.0,513.0
SKU0071,2025-07-14,358,2134836.34,0,0,Decor,871.0,0.0,13.0,513.0
SKU0071,2025-07-21,339,2021534.97,0,0,Decor,550.0,0.0,13.0,513.0
SKU0071,2025-07-28,294,1753189.6199999999,0,0,Decor,72.0,995.0,13.0,513.0
SKU0071,2025-08-04,269,1604108.87,0,0,Decor,797.0,0.0,13.0,513.0
SKU0071,2025-08-11,351,2093093.73,0,1,Decor,1377.0,0.0,13.0,513.0
SKU0071,2025-08-18,282,1681630.8599999999,0,0,Decor,1073.0,0.0,13.0,513.0
SKU0071,2025-08-25,297,1771079.31,0,0,Decor,1073.0,0.0,13.0,513.0
SKU0071,2025-09-01,231,1377506.13,0,0,Decor,689.0,0.0,13.0,513.0
SKU0071,2025-09-08,245,1460991.35,0,0,Decor,445.0,1143.0,13.0,513.0
SKU0071,2025-09-15,225,1341726.75,0,0,Decor,1363.0,0.0,13.0,513.0
SKU0071,2025-09-22,262,1562366.26,0,0,Decor,1139.0,0.0,13.0,513.0
SKU0071,2025-09-29,197,1174756.31,0,1,Decor,808.0,0.0,13.0,513.0
SKU0071,2025-10-06,212,1264204.76,0,0,Decor,586.0,0.0,13.0,513.0
SKU0071,2025-10-13,358,1902270.37,1,0,Decor,291.0,888.0,13.0,513.0
SKU0071,2025-10-20,278,1570118.46,1,0,Decor,882.0,0.0,13.0,513.0
SKU0071,2025-10-27,236,1407322.28,0,1,Decor,508.0,1143.0,13.0,513.0
SKU0071,2025-11-03,252,1502733.96,0,0,Decor,285.0,1143.0,13.0,513.0
SKU0071,2025-11-10,197,1174756.31,0,0,Decor,1210.0,0.0,13.0,513.0
SKU0071,2025-11-17,216,1288057.68,0,0,Decor,1022.0,0.0,13.0,513.0
SKU0071,2025-11-24,437,2242770.8000000003,1,0,Decor,1022.0,0.0,13.0,513.0
SKU0071,2025-12-01,320,1867087.31,1,0,Decor,504.0,889.0,13.0,513.0
SKU0071,2025-12-08,320,1908233.6,0,0,Decor,162.0,889.0,13.0,513.0
SKU0071,2025-12-15,296,1765116.08,0,0,Decor,757.0,0.0,13.0,513.0
SKU0071,2025-12-22,316,1884380.68,0,1,Decor,469.0,791.0,13.0,513.0
SKU0072,2025-01-13,21,166836.81,0,0,Decor,287.0,0.0,25.0,162.0
SKU0072,2025-01-20,50,397230.5,0,1,Decor,287.0,0.0,25.0,162.0
SKU0072,2025-01-27,40,317784.4,0,0,Decor,228.0,0.0,25.0,162.0
SKU0072,2025-02-03,56,444898.16000000003,0,0,Decor,169.0,0.0,25.0,162.0
SKU0072,2025-02-10,50,397230.5,0,0,Decor,124.0,327.0,25.0,162.0
SKU0072,2025-02-17,49,389285.89,0,0,Decor,71.0,327.0,25.0,162.0
SKU0072,2025-02-24,47,373396.67000000004,0,0,Decor,21.0,327.0,25.0,162.0
SKU0072,2025-03-03,31,246282.91,0,0,Decor,320.0,0.0,25.0,162.0
SKU0072,2025-03-10,62,492565.82000000007,0,0,Decor,260.0,0.0,25.0,162.0
SKU0072,2025-03-17,53,421064.33,0,0,Decor,205.0,0.0,25.0,162.0
SKU0072,2025-03-24,56,444898.16000000003,0,0,Decor,205.0,0.0,25.0,162.0
SKU0072,2025-03-31,54,429008.94000000006,0,0,Decor,456.0,0.0,25.0,162.0
SKU0072,2025-04-07,58,460787.38,0,0,Decor,396.0,0.0,25.0,162.0
SKU0072,2025-04-14,59,468731.99,0,0,Decor,343.0,0.0,25.0,162.0
SKU0072,2025-04-21,48,381341.27999999997,0,0,Decor,286.0,0.0,25.0,162.0
SKU0072,2025-04-28,44,349562.83999999997,0,0,Decor,222.0,0.0,25.0,162.0
SKU0072,2025-05-05,45,357507.45,0,0,Decor,178.0,0.0,25.0,162.0
SKU0072,2025-05-12,51,405175.11,0,0,Decor,125.0,267.0,25.0,162.0
SKU0072,2025-05-19,45,357507.45,0,0,Decor,354.0,0.0,25.0,162.0
SKU0072,2025-05-26,42,333673.62,0,0,Decor,291.0,0.0,25.0,162.0
SKU0072,2025-06-02,45,357507.45,0,0,Decor,246.0,0.0,25.0,162.0
SKU0072,2025-06-09,39,302689.64,1,0,Decor,207.0,0.0,25.0,162.0
SKU0072,2025-06-16,59,404380.63,1,0,Decor,148.0,347.0,25.0,162.0
SKU0072,2025-06-23,33,262172.13,0,0,Decor,148.0,347.0,25.0,162.0
SKU0072,2025-06-30,24,190670.63999999998,0,0,Decor,110.0,347.0,25.0,162.0
SKU0072,2025-07-07,25,198615.25,0,0,Decor,77.0,347.0,25.0,162.0
SKU0072,2025-07-14,20,158892.2,0,0,Decor,410.0,0.0,25.0,162.0
SKU0072,2025-07-21,22,174781.42,0,0,Decor,386.0,0.0,25.0,162.0
SKU0072,2025-07-28,24,190670.64,0,0,Decor,354.0,0.0,25.0,162.0
SKU0072,2025-08-04,24,190670.64,0,0,Decor,328.0,0.0,25.0,162.0
SKU0072,2025-08-11,9,71501.49,0,1,Decor,315.0,0.0,25.0,162.0
SKU0072,2025-08-18,12,95335.32,0,0,Decor,307.0,0.0,25.0,162.0
SKU0072,2025-08-25,16,127113.76,0,0,Decor,307.0,0.0,25.0,162.0
SKU0072,2025-09-01,15,119169.15,0,0,Decor,282.0,0.0,25.0,162.0
SKU0072,2025-09-08,18,143002.98,0,0,Decor,269.0,0.0,25.0,162.0
SKU0072,2025-09-15,11,87390.71,0,0,Decor,253.0,0.0,25.0,162.0
SKU0072,2025-09-22,11,87390.71,0,0,Decor,241.0,0.0,25.0,162.0
SKU0072,2025-09-29,14,111224.54,0,1,Decor,225.0,0.0,25.0,162.0
SKU0072,2025-10-06,8,63556.880000000005,0,0,Decor,209.0,0.0,25.0,162.0
SKU0072,2025-10-13,18,122744.23,1,0,Decor,204.0,0.0,25.0,162.0
SKU0072,2025-10-20,8,57598.43,1,0,Decor,186.0,0.0,25.0,162.0
SKU0072,2025-10-27,3,23833.829999999998,0,1,Decor,180.0,0.0,25.0,162.0
SKU0072,2025-11-03,14,111224.54000000001,0,0,Decor,169.0,0.0,25.0,162.0
SKU0072,2025-11-10,11,87390.70999999999,0,0,Decor,541.0,0.0,25.0,162.0
SKU0072,2025-11-17,5,39723.049999999996,0,0,Decor,537.0,0.0,25.0,162.0
SKU0072,2025-11-24,10,68720.89,1,0,Decor,537.0,0.0,25.0,162.0
SKU0072,2025-12-01,7,53228.89,1,0,Decor,524.0,0.0,25.0,162.0
SKU0072,2025-12-08,14,111224.54000000001,0,0,Decor,514.0,0.0,25.0,162.0
SKU0072,2025-12-15,9,71501.48999999999,0,0,Decor,504.0,0.0,25.0,162.0
SKU0072,2025-12-22,2,15889.22,0,1,Decor,496.0,0.0,25.0,162.0
SKU0073,2024-02-26,15,16866.6,0,0,Small Appliances,187.0,0.0,20.0,81.0
SKU0073,2024-03-04,29,32608.760000000002,0,0,Small Appliances,158.0,0.0,20.0,81.0
SKU0073,2024-03-11,29,32608.760000000002,0,0,Small Appliances,130.0,0.0,20.0,81.0
SKU0073,2024-03-18,30,33733.2,0,0,Small Appliances,100.0,0.0,20.0,81.0
SKU0073,2024-03-25,30,33733.2,0,0,Small Appliances,100.0,0.0,20.0,81.0
SKU0073,2024-04-01,32,35982.08,0,0,Small Appliances,58.0,54.0,20.0,81.0
SKU0073,2024-04-08,31,34857.64,0,0,Small Appliances,25.0,54.0,20.0,81.0
SKU0073,2024-04-15,30,33733.2,0,0,Small Appliances,49.0,56.0,20.0,81.0
SKU0073,2024-04-22,23,25862.12,0,0,Small Appliances,19.0,56.0,20.0,81.0
SKU0073,2024-04-29,24,26986.56,0,0,Small Appliances,48.0,35.0,20.0,81.0
SKU0073,2024-05-06,29,32608.760000000002,0,0,Small Appliances,20.0,35.0,20.0,81.0
SKU0073,2024-05-13,3,3373.32,0,0,Small Appliances,1.0,35.0,20.0,81.0
SKU0073,2024-05-20,30,33733.2,0,0,Small Appliances,23.0,37.0,20.0,81.0
SKU0073,2024-05-27,6,6746.64,0,0,Small Appliances,0.0,37.0,20.0,81.0
SKU0073,2024-06-03,4,4497.76,0,0,Small Appliances,37.0,0.0,20.0,81.0
SKU0073,2024-06-10,32,33958.09,1,0,Small Appliances,5.0,54.0,20.0,81.0
SKU0073,2024-06-17,0,0.0,1,0,Small Appliances,1.0,54.0,20.0,81.0
SKU0073,2024-06-24,7,7871.08,0,0,Small Appliances,1.0,54.0,20.0,81.0
SKU0073,2024-07-01,25,28111.0,0,0,Small Appliances,44.0,0.0,20.0,81.0
SKU0073,2024-07-08,22,24737.68,0,0,Small Appliances,20.0,46.0,20.0,81.0
SKU0073,2024-07-15,9,10119.960000000001,0,0,Small Appliances,1.0,46.0,20.0,81.0
SKU0073,2024-07-22,25,28111.0,0,0,Small Appliances,34.0,0.0,20.0,81.0
SKU0073,2024-07-29,12,13493.28,0,0,Small Appliances,1.0,64.0,20.0,81.0
SKU0073,2024-08-05,11,12368.84,0,0,Small Appliances,61.0,0.0,20.0,81.0
SKU0073,2024-08-12,20,22488.800000000003,0,1,Small Appliances,42.0,53.0,20.0,81.0
SKU0073,2024-08-19,20,22488.800000000003,0,0,Small Appliances,22.0,53.0,20.0,81.0
SKU0073,2024-08-26,19,21364.36,0,0,Small Appliances,47.0,33.0,20.0,81.0
SKU0073,2024-09-02,17,19115.48,0,0,Small Appliances,30.0,33.0,20.0,81.0
SKU0073,2024-09-09,17,19115.48,0,0,Small Appliances,13.0,33.0,20.0,81.0
SKU0073,2024-09-16,17,19115.48,0,0,Small Appliances,29.0,41.0,20.0,81.0
SKU0073,2024-09-23,16,17991.04,0,0,Small Appliances,29.0,41.0,20.0,81.0
SKU0073,2024-09-30,12,13493.28,0,1,Small Appliances,8.0,41.0,20.0,81.0
SKU0073,2024-10-07,12,13493.28,0,0,Small Appliances,40.0,35.0,20.0,81.0
SKU0073,2024-10-14,29,28054.78,1,0,Small Appliances,23.0,35.0,20.0,81.0
SKU0073,2024-10-21,3,3204.65,1,0,Small Appliances,0.0,35.0,20.0,81.0
SKU0073,2024-10-28,15,16866.600000000002,0,1,Small Appliances,23.0,35.0,20.0,81.0
SKU0073,2024-11-04,18,20239.920000000002,0,0,Small Appliances,5.0,35.0,20.0,81.0
SKU0073,2024-11-11,5,5622.200000000001,0,0,Small Appliances,35.0,0.0,20.0,81.0
SKU0073,2024-11-18,15,16866.600000000002,0,0,Small Appliances,19.0,50.0,20.0,81.0
SKU0073,2024-11-25,15,14336.619999999999,1,0,Small Appliances,0.0,50.0,20.0,81.0
SKU0073,2024-12-02,6,6746.64,0,0,Small Appliances,44.0,44.0,20.0,81.0
SKU0073,2024-12-09,19,21364.36,0,0,Small Appliances,25.0,44.0,20.0,81.0
SKU0073,2024-12-16,21,23613.24,0,0,Small Appliances,4.0,44.0,20.0,81.0
SKU0073,2024-12-23,14,15742.16,0,1,Small Appliances,4.0,44.0,20.0,81.0
SKU0073,2024-12-30,30,29347.89,1,0,Small Appliances,23.0,36.0,20.0,81.0
SKU0073,2025-01-06,4,3823.1,1,0,Small Appliances,0.0,36.0,20.0,81.0
SKU0073,2025-01-13,16,17991.04,0,0,Small Appliances,33.0,47.0,20.0,81.0
SKU0073,2025-01-20,19,21364.36,0,1,Small Appliances,10.0,47.0,20.0,81.0
SKU0073,2025-01-27,0,0.0,0,0,Small Appliances,1.0,47.0,20.0,81.0
SKU0073,2025-02-03,26,29235.44,0,0,Small Appliances,25.0,47.0,20.0,81.0
SKU0073,2025-02-10,21,23613.24,0,0,Small Appliances,1.0,47.0,20.0,81.0
SKU0073,2025-02-17,0,0.0,0,0,Small Appliances,1.0,47.0,20.0,81.0
SKU0073,2025-02-24,27,30359.88,0,0,Small Appliances,25.0,56.0,20.0,81.0
SKU0073,2025-03-03,21,23613.24,0,0,Small Appliances,0.0,56.0,20.0,81.0
SKU0073,2025-03-10,5,5622.2,0,0,Small Appliances,56.0,64.0,20.0,81.0
SKU0073,2025-03-17,31,34857.64,0,0,Small Appliances,24.0,64.0,20.0,81.0
SKU0073,2025-03-24,20,22488.800000000003,0,0,Small Appliances,24.0,64.0,20.0,81.0
SKU0073,2025-03-31,9,10119.96,0,0,Small Appliances,0.0,64.0,20.0,81.0
SKU0073,2025-04-07,27,30359.88,0,0,Small Appliances,48.0,64.0,20.0,81.0
SKU0073,2025-04-14,28,31484.32,0,0,Small Appliances,20.0,64.0,20.0,81.0
SKU0073,2025-04-21,12,13493.28,0,0,Small Appliances,0.0,64.0,20.0,81.0
SKU0073,2025-04-28,28,31484.32,0,0,Small Appliances,34.0,43.0,20.0,81.0
SKU0073,2025-05-05,24,26986.56,0,0,Small Appliances,8.0,43.0,20.0,81.0
SKU0073,2025-05-12,16,17991.04,0,0,Small Appliances,40.0,41.0,20.0,81.0
SKU0073,2025-05-19,27,30359.88,0,0,Small Appliances,10.0,41.0,20.0,81.0
SKU0073,2025-05-26,0,0.0,0,0,Small Appliances,1.0,41.0,20.0,81.0
SKU0073,2025-06-02,20,22488.800000000003,0,0,Small Appliances,21.0,37.0,20.0,81.0
SKU0073,2025-06-09,21,23444.57,1,0,Small Appliances,0.0,37.0,20.0,81.0
SKU0073,2025-06-16,0,0.0,1,0,Small Appliances,0.0,37.0,20.0,81.0
SKU0073,2025-06-23,24,26986.56,0,0,Small Appliances,0.0,37.0,20.0,81.0
SKU0073,2025-06-30,13,14617.720000000001,0,0,Small Appliances,6.0,41.0,20.0,81.0
SKU0073,2025-07-07,0,0.0,0,0,Small Appliances,0.0,41.0,20.0,81.0
SKU0073,2025-07-14,25,28111.0,0,0,Small Appliances,34.0,0.0,20.0,81.0
SKU0073,2025-07-21,16,17991.04,0,0,Small Appliances,11.0,54.0,20.0,81.0
SKU0073,2025-07-28,3,3373.32,0,0,Small Appliances,0.0,54.0,20.0,81.0
SKU0073,2025-08-04,20,22488.800000000003,0,0,Small Appliances,38.0,34.0,20.0,81.0
SKU0073,2025-08-11,18,20239.920000000002,0,1,Small Appliances,18.0,34.0,20.0,81.0
SKU0073,2025-08-18,16,17991.04,0,0,Small Appliances,36.0,0.0,20.0,81.0
SKU0073,2025-08-25,18,20239.920000000002,0,0,Small Appliances,36.0,0.0,20.0,81.0
SKU0073,2025-09-01,13,14617.720000000001,0,0,Small Appliances,11.0,61.0,20.0,81.0
SKU0073,2025-09-08,4,4497.76,0,0,Small Appliances,0.0,61.0,20.0,81.0
SKU0073,2025-09-15,17,19115.48,0,0,Small Appliances,54.0,62.0,20.0,81.0
SKU0073,2025-09-22,14,15742.16,0,0,Small Appliances,38.0,62.0,20.0,81.0
SKU0073,2025-09-29,15,16866.600000000002,0,1,Small Appliances,81.0,0.0,20.0,81.0
SKU0073,2025-10-06,13,14617.720000000001,0,0,Small Appliances,67.0,41.0,20.0,81.0
SKU0073,2025-10-13,23,22657.48,1,0,Small Appliances,52.0,41.0,20.0,81.0
SKU0073,2025-10-20,18,18890.6,1,0,Small Appliances,68.0,51.0,20.0,81.0
SKU0073,2025-10-27,15,16866.600000000002,0,1,Small Appliances,47.0,51.0,20.0,81.0
SKU0073,2025-11-03,14,15742.16,0,0,Small Appliances,32.0,51.0,20.0,81.0
SKU0073,2025-11-10,17,19115.48,0,0,Small Appliances,67.0,60.0,20.0,81.0
SKU0073,2025-11-17,17,19115.48,0,0,Small Appliances,50.0,60.0,20.0,81.0
SKU0073,2025-11-24,25,24231.7,1,0,Small Appliances,50.0,60.0,20.0,81.0
SKU0073,2025-12-01,20,21814.14,1,0,Small Appliances,78.0,61.0,20.0,81.0
SKU0073,2025-12-08,17,19115.48,0,0,Small Appliances,59.0,61.0,20.0,81.0
SKU0073,2025-12-15,18,20239.920000000002,0,0,Small Appliances,41.0,61.0,20.0,81.0
SKU0073,2025-12-22,18,20239.920000000002,0,1,Small Appliances,86.0,0.0,20.0,81.0
SKU0074,2025-01-20,64,393013.76,0,1,Decor,44.0,2188.0,24.0,508.0
SKU0074,2025-01-27,0,0.0,0,0,Decor,0.0,2188.0,24.0,508.0
SKU0074,2025-02-03,0,0.0,0,0,Decor,0.0,2188.0,24.0,508.0
SKU0074,2025-02-10,21,128957.64,0,0,Decor,2188.0,0.0,24.0,508.0
SKU0074,2025-02-17,141,865858.44,0,0,Decor,2040.0,0.0,24.0,508.0
SKU0074,2025-02-24,144,884280.96,0,0,Decor,1900.0,0.0,24.0,508.0
SKU0074,2025-03-03,150,921126.0,0,0,Decor,1752.0,0.0,24.0,508.0
SKU0074,2025-03-10,168,1031661.12,0,0,Decor,1589.0,0.0,24.0,508.0
SKU0074,2025-03-17,153,939548.52,0,0,Decor,1428.0,0.0,24.0,508.0
SKU0074,2025-03-24,157,964111.88,0,0,Decor,1428.0,0.0,24.0,508.0
SKU0074,2025-03-31,165,1013238.6,0,0,Decor,1202.0,0.0,24.0,508.0
SKU0074,2025-04-07,157,964111.88,0,0,Decor,1040.0,0.0,24.0,508.0
SKU0074,2025-04-14,157,964111.88,0,0,Decor,892.0,0.0,24.0,508.0
SKU0074,2025-04-21,153,939548.52,0,0,Decor,729.0,0.0,24.0,508.0
SKU0074,2025-04-28,150,921126.0,0,0,Decor,519.0,0.0,24.0,508.0
SKU0074,2025-05-05,162,994816.0800000001,0,0,Decor,372.0,1998.0,24.0,508.0
SKU0074,2025-05-12,165,1013238.6,0,0,Decor,207.0,1998.0,24.0,508.0
SKU0074,2025-05-19,160,982534.4,0,0,Decor,2048.0,0.0,24.0,508.0
SKU0074,2025-05-26,165,1013238.6,0,0,Decor,1818.0,0.0,24.0,508.0
SKU0074,2025-06-02,137,841295.08,0,0,Decor,1681.0,0.0,24.0,508.0
SKU0074,2025-06-09,154,916213.3300000001,1,0,Decor,1527.0,0.0,24.0,508.0
SKU0074,2025-06-16,253,1333483.42,1,0,Decor,1274.0,0.0,24.0,508.0
SKU0074,2025-06-23,155,951830.2000000001,0,0,Decor,1274.0,0.0,24.0,508.0
SKU0074,2025-06-30,141,865858.4400000001,0,0,Decor,1072.0,0.0,24.0,508.0
SKU0074,2025-07-07,125,767605.0,0,0,Decor,942.0,0.0,24.0,508.0
SKU0074,2025-07-14,132,810590.88,0,0,Decor,810.0,0.0,24.0,508.0
SKU0074,2025-07-21,136,835154.24,0,0,Decor,679.0,0.0,24.0,508.0
SKU0074,2025-07-28,117,718478.28,0,0,Decor,496.0,2097.0,24.0,508.0
SKU0074,2025-08-04,111,681633.24,0,0,Decor,2479.0,0.0,24.0,508.0
SKU0074,2025-08-11,115,706196.6,0,1,Decor,2366.0,0.0,24.0,508.0
SKU0074,2025-08-18,110,675492.4,0,0,Decor,2255.0,0.0,24.0,508.0
SKU0074,2025-08-25,134,822872.56,0,0,Decor,2255.0,0.0,24.0,508.0
SKU0074,2025-09-01,91,558816.44,0,0,Decor,2082.0,0.0,24.0,508.0
SKU0074,2025-09-08,104,638647.36,0,0,Decor,1994.0,0.0,24.0,508.0
SKU0074,2025-09-15,111,681633.24,0,0,Decor,1883.0,0.0,24.0,508.0
SKU0074,2025-09-22,105,644788.2,0,0,Decor,1780.0,0.0,24.0,508.0
SKU0074,2025-09-29,100,614084.0,0,1,Decor,1641.0,0.0,24.0,508.0
SKU0074,2025-10-06,92,564957.28,0,0,Decor,1541.0,0.0,24.0,508.0
SKU0074,2025-10-13,156,845593.6599999999,1,0,Decor,1432.0,0.0,24.0,508.0
SKU0074,2025-10-20,119,677334.65,1,0,Decor,1262.0,0.0,24.0,508.0
SKU0074,2025-10-27,104,638647.36,0,1,Decor,1130.0,0.0,24.0,508.0
SKU0074,2025-11-03,104,638647.36,0,0,Decor,1025.0,0.0,24.0,508.0
SKU0074,2025-11-10,109,669351.56,0,0,Decor,914.0,0.0,24.0,508.0
SKU0074,2025-11-17,94,577238.96,0,0,Decor,820.0,0.0,24.0,508.0
SKU0074,2025-11-24,180,953365.41,1,0,Decor,820.0,0.0,24.0,508.0
SKU0074,2025-12-01,128,760235.99,1,0,Decor,598.0,0.0,24.0,508.0
SKU0074,2025-12-08,116,712337.4400000001,0,0,Decor,477.0,1656.0,24.0,508.0
SKU0074,2025-12-15,112,687774.08,0,0,Decor,365.0,1656.0,24.0,508.0
SKU0074,2025-12-22,128,786027.52,0,1,Decor,254.0,1656.0,24.0,508.0
SKU0075,2024-05-13,58,198891.28,0,0,Small Appliances,300.0,0.0,26.0,208.0
SKU0075,2024-05-20,58,198891.28,0,0,Small Appliances,228.0,0.0,26.0,208.0
SKU0075,2024-05-27,85,291478.6,0,0,Small Appliances,114.0,358.0,26.0,208.0
SKU0075,2024-06-03,71,243470.36,0,0,Small Appliances,45.0,358.0,26.0,208.0
SKU0075,2024-06-10,91,297136.71,1,0,Small Appliances,317.0,0.0,26.0,208.0
SKU0075,2024-06-17,112,333142.89,1,0,Small Appliances,197.0,379.0,26.0,208.0
SKU0075,2024-06-24,68,233182.88,0,0,Small Appliances,197.0,379.0,26.0,208.0
SKU0075,2024-07-01,59,202320.44,0,0,Small Appliances,116.0,379.0,26.0,208.0
SKU0075,2024-07-08,66,226324.56,0,0,Small Appliances,435.0,0.0,26.0,208.0
SKU0075,2024-07-15,65,222895.4,0,0,Small Appliances,372.0,0.0,26.0,208.0
SKU0075,2024-07-22,64,219466.24,0,0,Small Appliances,308.0,0.0,26.0,208.0
SKU0075,2024-07-29,53,181745.48,0,0,Small Appliances,211.0,0.0,26.0,208.0
SKU0075,2024-08-05,27,92587.31999999999,0,0,Small Appliances,174.0,363.0,26.0,208.0
SKU0075,2024-08-12,54,185174.63999999998,0,1,Small Appliances,134.0,363.0,26.0,208.0
SKU0075,2024-08-19,55,188603.8,0,0,Small Appliances,79.0,363.0,26.0,208.0
SKU0075,2024-08-26,35,120020.59999999999,0,0,Small Appliances,390.0,0.0,26.0,208.0
SKU0075,2024-09-02,30,102874.8,0,0,Small Appliances,360.0,0.0,26.0,208.0
SKU0075,2024-09-09,40,137166.4,0,0,Small Appliances,320.0,0.0,26.0,208.0
SKU0075,2024-09-16,23,78870.68,0,0,Small Appliances,297.0,0.0,26.0,208.0
SKU0075,2024-09-23,45,154312.19999999998,0,0,Small Appliances,297.0,0.0,26.0,208.0
SKU0075,2024-09-30,35,120020.59999999999,0,1,Small Appliances,242.0,0.0,26.0,208.0
SKU0075,2024-10-07,26,89158.16,0,0,Small Appliances,209.0,0.0,26.0,208.0
SKU0075,2024-10-14,52,152083.25,1,0,Small Appliances,179.0,418.0,26.0,208.0
SKU0075,2024-10-21,50,169914.88,1,0,Small Appliances,547.0,0.0,26.0,208.0
SKU0075,2024-10-28,31,106303.95999999999,0,1,Small Appliances,477.0,0.0,26.0,208.0
SKU0075,2024-11-04,54,185174.63999999998,0,0,Small Appliances,429.0,0.0,26.0,208.0
SKU0075,2024-11-11,32,109733.12,0,0,Small Appliances,393.0,0.0,26.0,208.0
SKU0075,2024-11-18,42,144024.72,0,0,Small Appliances,355.0,0.0,26.0,208.0
SKU0075,2024-11-25,61,177801.96000000002,1,0,Small Appliances,286.0,0.0,26.0,208.0
SKU0075,2024-12-02,43,147453.88,0,0,Small Appliances,243.0,0.0,26.0,208.0
SKU0075,2024-12-09,36,123449.76,0,0,Small Appliances,207.0,434.0,26.0,208.0
SKU0075,2024-12-16,36,123449.76,0,0,Small Appliances,171.0,434.0,26.0,208.0
SKU0075,2024-12-23,38,130308.07999999999,0,1,Small Appliances,171.0,434.0,26.0,208.0
SKU0075,2024-12-30,93,276733.2,1,0,Small Appliances,100.0,434.0,26.0,208.0
SKU0075,2025-01-06,68,218780.41,1,0,Small Appliances,437.0,0.0,26.0,208.0
SKU0075,2025-01-13,41,140595.56,0,0,Small Appliances,384.0,0.0,26.0,208.0
SKU0075,2025-01-20,43,147453.88,0,1,Small Appliances,343.0,0.0,26.0,208.0
SKU0075,2025-01-27,54,185174.63999999998,0,0,Small Appliances,273.0,0.0,26.0,208.0
SKU0075,2025-02-03,56,192032.96,0,0,Small Appliances,218.0,0.0,26.0,208.0
SKU0075,2025-02-10,64,219466.24,0,0,Small Appliances,157.0,367.0,26.0,208.0
SKU0075,2025-02-17,73,250328.68,0,0,Small Appliances,82.0,367.0,26.0,208.0
SKU0075,2025-02-24,75,257187.0,0,0,Small Appliances,379.0,0.0,26.0,208.0
SKU0075,2025-03-03,69,236612.03999999998,0,0,Small Appliances,310.0,0.0,26.0,208.0
SKU0075,2025-03-10,77,264045.32,0,0,Small Appliances,229.0,0.0,26.0,208.0
SKU0075,2025-03-17,65,222895.4,0,0,Small Appliances,163.0,412.0,26.0,208.0
SKU0075,2025-03-24,81,277761.96,0,0,Small Appliances,163.0,412.0,26.0,208.0
SKU0075,2025-03-31,71,243470.36,0,0,Small Appliances,471.0,0.0,26.0,208.0
SKU0075,2025-04-07,74,253757.84,0,0,Small Appliances,395.0,0.0,26.0,208.0
SKU0075,2025-04-14,82,281191.12,0,0,Small Appliances,316.0,0.0,26.0,208.0
SKU0075,2025-04-21,55,188603.8,0,0,Small Appliances,246.0,0.0,26.0,208.0
SKU0075,2025-04-28,75,257187.0,0,0,Small Appliances,153.0,469.0,26.0,208.0
SKU0075,2025-05-05,67,229753.72,0,0,Small Appliances,82.0,469.0,26.0,208.0
SKU0075,2025-05-12,77,264045.32,0,0,Small Appliances,487.0,0.0,26.0,208.0
SKU0075,2025-05-19,69,236612.04,0,0,Small Appliances,403.0,0.0,26.0,208.0
SKU0075,2025-05-26,79,270903.64,0,0,Small Appliances,308.0,0.0,26.0,208.0
SKU0075,2025-06-02,63,216037.08,0,0,Small Appliances,245.0,0.0,26.0,208.0
SKU0075,2025-06-09,73,243641.82,1,0,Small Appliances,172.0,463.0,26.0,208.0
SKU0075,2025-06-16,123,364691.17,1,0,Small Appliances,49.0,463.0,26.0,208.0
SKU0075,2025-06-23,48,164599.68,0,0,Small Appliances,49.0,463.0,26.0,208.0
SKU0075,2025-06-30,2,6858.32,0,0,Small Appliances,1.0,463.0,26.0,208.0
SKU0075,2025-07-07,44,150883.03999999998,0,0,Small Appliances,446.0,0.0,26.0,208.0
SKU0075,2025-07-14,64,219466.24,0,0,Small Appliances,397.0,0.0,26.0,208.0
SKU0075,2025-07-21,65,222895.4,0,0,Small Appliances,332.0,0.0,26.0,208.0
SKU0075,2025-07-28,60,205749.59999999998,0,0,Small Appliances,240.0,0.0,26.0,208.0
SKU0075,2025-08-04,36,123449.76,0,0,Small Appliances,194.0,325.0,26.0,208.0
SKU0075,2025-08-11,44,150883.03999999998,0,1,Small Appliances,154.0,325.0,26.0,208.0
SKU0075,2025-08-18,41,140595.56,0,0,Small Appliances,116.0,325.0,26.0,208.0
SKU0075,2025-08-25,46,157741.36,0,0,Small Appliances,116.0,325.0,26.0,208.0
SKU0075,2025-09-01,38,130308.08,0,0,Small Appliances,386.0,0.0,26.0,208.0
SKU0075,2025-09-08,34,116591.44,0,0,Small Appliances,346.0,0.0,26.0,208.0
SKU0075,2025-09-15,42,144024.72,0,0,Small Appliances,308.0,0.0,26.0,208.0
SKU0075,2025-09-22,42,144024.72,0,0,Small Appliances,268.0,0.0,26.0,208.0
SKU0075,2025-09-29,51,174887.15999999997,0,1,Small Appliances,207.0,452.0,26.0,208.0
SKU0075,2025-10-06,30,102874.79999999999,0,0,Small Appliances,166.0,452.0,26.0,208.0
SKU0075,2025-10-13,46,137166.39,1,0,Small Appliances,129.0,452.0,26.0,208.0
SKU0075,2025-10-20,48,153797.83,1,0,Small Appliances,525.0,0.0,26.0,208.0
SKU0075,2025-10-27,34,116591.44,0,1,Small Appliances,475.0,0.0,26.0,208.0
SKU0075,2025-11-03,38,130308.07999999999,0,0,Small Appliances,437.0,0.0,26.0,208.0
SKU0075,2025-11-10,33,113162.28,0,0,Small Appliances,405.0,0.0,26.0,208.0
SKU0075,2025-11-17,36,123449.76,0,0,Small Appliances,370.0,0.0,26.0,208.0
SKU0075,2025-11-24,58,172143.83000000002,1,0,Small Appliances,370.0,0.0,26.0,208.0
SKU0075,2025-12-01,37,123278.29999999999,1,0,Small Appliances,302.0,0.0,26.0,208.0
SKU0075,2025-12-08,54,185174.64,0,0,Small Appliances,259.0,0.0,26.0,208.0
SKU0075,2025-12-15,49,168028.84,0,0,Small Appliances,210.0,0.0,26.0,208.0
SKU0075,2025-12-22,49,168028.84,0,1,Small Appliances,163.0,450.0,26.0,208.0
SKU0076,2025-04-07,16,67728.32,0,0,Furnishings,184.0,1047.0,28.0,529.0
SKU0076,2025-04-14,163,689982.26,0,0,Furnishings,184.0,1047.0,28.0,529.0
SKU0076,2025-04-21,78,330175.55999999994,0,0,Furnishings,17.0,1047.0,28.0,529.0
SKU0076,2025-04-28,0,0.0,0,0,Furnishings,0.0,1047.0,28.0,529.0
SKU0076,2025-05-05,0,0.0,0,0,Furnishings,0.0,1047.0,28.0,529.0
SKU0076,2025-05-12,139,588389.78,0,0,Furnishings,958.0,0.0,28.0,529.0
SKU0076,2025-05-19,157,664584.14,0,0,Furnishings,815.0,0.0,28.0,529.0
SKU0076,2025-05-26,151,639186.02,0,0,Furnishings,600.0,0.0,28.0,529.0
SKU0076,2025-06-02,123,520661.45999999996,0,0,Furnishings,1312.0,0.0,28.0,529.0
SKU0076,2025-06-09,150,624793.75,1,0,Furnishings,1162.0,0.0,28.0,529.0
SKU0076,2025-06-16,233,847238.95,1,0,Furnishings,929.0,0.0,28.0,529.0
SKU0076,2025-06-23,148,626486.96,0,0,Furnishings,929.0,0.0,28.0,529.0
SKU0076,2025-06-30,123,520661.46,0,0,Furnishings,734.0,0.0,28.0,529.0
SKU0076,2025-07-07,135,571457.7,0,0,Furnishings,612.0,0.0,28.0,529.0
SKU0076,2025-07-14,121,512195.42000000004,0,0,Furnishings,483.0,1154.0,28.0,529.0
SKU0076,2025-07-21,132,558758.64,0,0,Furnishings,362.0,1154.0,28.0,529.0
SKU0076,2025-07-28,105,444467.1,0,0,Furnishings,175.0,1154.0,28.0,529.0
SKU0076,2025-08-04,79,334408.58,0,0,Furnishings,1251.0,0.0,28.0,529.0
SKU0076,2025-08-11,76,321709.52,0,1,Furnishings,1183.0,0.0,28.0,529.0
SKU0076,2025-08-18,104,440234.07999999996,0,0,Furnishings,1080.0,0.0,28.0,529.0
SKU0076,2025-08-25,71,300544.42,0,0,Furnishings,1080.0,0.0,28.0,529.0
SKU0076,2025-09-01,65,275146.3,0,0,Furnishings,977.0,0.0,28.0,529.0
SKU0076,2025-09-08,83,351340.66000000003,0,0,Furnishings,916.0,0.0,28.0,529.0
SKU0076,2025-09-15,90,380971.8,0,0,Furnishings,825.0,0.0,28.0,529.0
SKU0076,2025-09-22,72,304777.44,0,0,Furnishings,745.0,0.0,28.0,529.0
SKU0076,2025-09-29,74,313243.48,0,1,Furnishings,650.0,0.0,28.0,529.0
SKU0076,2025-10-06,80,338641.6,0,0,Furnishings,573.0,0.0,28.0,529.0
SKU0076,2025-10-13,78,290808.47,1,0,Furnishings,492.0,1188.0,28.0,529.0
SKU0076,2025-10-20,66,263505.5,1,0,Furnishings,406.0,1188.0,28.0,529.0
SKU0076,2025-10-27,64,270913.28,0,1,Furnishings,1518.0,0.0,28.0,529.0
SKU0076,2025-11-03,65,275146.3,0,0,Furnishings,1444.0,0.0,28.0,529.0
SKU0076,2025-11-10,62,262447.24,0,0,Furnishings,1389.0,0.0,28.0,529.0
SKU0076,2025-11-17,67,283612.33999999997,0,0,Furnishings,1317.0,0.0,28.0,529.0
SKU0076,2025-11-24,113,412931.1,1,0,Furnishings,1317.0,0.0,28.0,529.0
SKU0076,2025-12-01,115,470288.52,1,0,Furnishings,1172.0,0.0,28.0,529.0
SKU0076,2025-12-08,81,342874.62,0,0,Furnishings,1074.0,0.0,28.0,529.0
SKU0076,2025-12-15,88,372505.76,0,0,Furnishings,994.0,0.0,28.0,529.0
SKU0076,2025-12-22,84,355573.68,0,1,Furnishings,900.0,0.0,28.0,529.0
SKU0077,2025-04-07,29,223582.46,0,0,Decor,147.0,1660.0,25.0,696.0
SKU0077,2025-04-14,224,1726981.76,0,0,Decor,147.0,1660.0,25.0,696.0
SKU0077,2025-04-21,0,0.0,0,0,Decor,1.0,1660.0,25.0,696.0
SKU0077,2025-04-28,0,0.0,0,0,Decor,1.0,1660.0,25.0,696.0
SKU0077,2025-05-05,84,647618.16,0,0,Decor,1661.0,0.0,25.0,696.0
SKU0077,2025-05-12,174,1341494.76,0,0,Decor,1467.0,0.0,25.0,696.0
SKU0077,2025-05-19,209,1611335.6600000001,0,0,Decor,1281.0,0.0,25.0,696.0
SKU0077,2025-05-26,177,1364623.98,0,0,Decor,1017.0,0.0,25.0,696.0
SKU0077,2025-06-02,169,1302946.06,0,0,Decor,848.0,0.0,25.0,696.0
SKU0077,2025-06-09,208,1555054.56,1,0,Decor,640.0,1245.0,25.0,696.0
SKU0077,2025-06-16,325,2158727.2,1,0,Decor,315.0,1245.0,25.0,696.0
SKU0077,2025-06-23,206,1588206.44,0,0,Decor,315.0,1245.0,25.0,696.0
SKU0077,2025-06-30,145,1117912.3,0,0,Decor,1299.0,0.0,25.0,696.0
SKU0077,2025-07-07,171,1318365.54,0,0,Decor,1166.0,0.0,25.0,696.0
SKU0077,2025-07-14,183,1410882.42,0,0,Decor,982.0,0.0,25.0,696.0
SKU0077,2025-07-21,176,1356914.24,0,0,Decor,794.0,0.0,25.0,696.0
SKU0077,2025-07-28,182,1403172.68,0,0,Decor,546.0,1503.0,25.0,696.0
SKU0077,2025-08-04,147,1133331.78,0,0,Decor,390.0,1503.0,25.0,696.0
SKU0077,2025-08-11,145,1117912.3,0,1,Decor,261.0,1503.0,25.0,696.0
SKU0077,2025-08-18,176,1356914.24,0,0,Decor,1572.0,0.0,25.0,696.0
SKU0077,2025-08-25,186,1434011.6400000001,0,0,Decor,1572.0,0.0,25.0,696.0
SKU0077,2025-09-01,161,1241268.14,0,0,Decor,1327.0,0.0,25.0,696.0
SKU0077,2025-09-08,146,1125622.04,0,0,Decor,1165.0,0.0,25.0,696.0
SKU0077,2025-09-15,173,1333785.02,0,0,Decor,999.0,0.0,25.0,696.0
SKU0077,2025-09-22,137,1056234.38,0,0,Decor,846.0,0.0,25.0,696.0
SKU0077,2025-09-29,144,1110202.56,0,1,Decor,654.0,1576.0,25.0,696.0
SKU0077,2025-10-06,120,925168.8,0,0,Decor,2091.0,0.0,25.0,696.0
SKU0077,2025-10-13,207,1401630.72,1,0,Decor,1958.0,0.0,25.0,696.0
SKU0077,2025-10-20,225,1619045.4,1,0,Decor,1706.0,0.0,25.0,696.0
SKU0077,2025-10-27,135,1040814.8999999999,0,1,Decor,1501.0,0.0,25.0,696.0
SKU0077,2025-11-03,147,1133331.78,0,0,Decor,1343.0,0.0,25.0,696.0
SKU0077,2025-11-10,156,1202719.44,0,0,Decor,1198.0,0.0,25.0,696.0
SKU0077,2025-11-17,144,1110202.56,0,0,Decor,1039.0,0.0,25.0,696.0
SKU0077,2025-11-24,243,1617888.93,1,0,Decor,1039.0,0.0,25.0,696.0
SKU0077,2025-12-01,193,1450973.0699999998,1,0,Decor,753.0,0.0,25.0,696.0
SKU0077,2025-12-08,164,1264397.3599999999,0,0,Decor,578.0,1326.0,25.0,696.0
SKU0077,2025-12-15,149,1148751.26,0,0,Decor,402.0,1326.0,25.0,696.0
SKU0077,2025-12-22,165,1272107.1,0,1,Decor,1584.0,0.0,25.0,696.0
SKU0078,2024-12-23,75,560244.0,0,1,Small Appliances,241.0,415.0,17.0,259.0
SKU0078,2024-12-30,142,931872.51,1,0,Small Appliances,241.0,415.0,17.0,259.0
SKU0078,2025-01-06,109,758196.88,1,0,Small Appliances,89.0,415.0,17.0,259.0
SKU0078,2025-01-13,99,739522.0800000001,0,0,Small Appliances,413.0,0.0,17.0,259.0
SKU0078,2025-01-20,95,709642.4,0,1,Small Appliances,311.0,0.0,17.0,259.0
SKU0078,2025-01-27,102,761931.8400000001,0,0,Small Appliances,184.0,589.0,17.0,259.0
SKU0078,2025-02-03,117,873980.64,0,0,Small Appliances,62.0,589.0,17.0,259.0
SKU0078,2025-02-10,89,664822.88,0,0,Small Appliances,559.0,0.0,17.0,259.0
SKU0078,2025-02-17,99,739522.0800000001,0,0,Small Appliances,461.0,0.0,17.0,259.0
SKU0078,2025-02-24,111,829161.12,0,0,Small Appliances,350.0,0.0,17.0,259.0
SKU0078,2025-03-03,118,881450.56,0,0,Small Appliances,234.0,449.0,17.0,259.0
SKU0078,2025-03-10,118,881450.56,0,0,Small Appliances,114.0,449.0,17.0,259.0
SKU0078,2025-03-17,122,911330.24,0,0,Small Appliances,443.0,0.0,17.0,259.0
SKU0078,2025-03-24,130,971089.6,0,0,Small Appliances,443.0,0.0,17.0,259.0
SKU0078,2025-03-31,131,978559.52,0,0,Small Appliances,261.0,0.0,17.0,259.0
SKU0078,2025-04-07,118,881450.5599999999,0,0,Small Appliances,736.0,0.0,17.0,259.0
SKU0078,2025-04-14,114,851570.88,0,0,Small Appliances,617.0,0.0,17.0,259.0
SKU0078,2025-04-21,140,1045788.8,0,0,Small Appliances,496.0,0.0,17.0,259.0
SKU0078,2025-04-28,117,873980.64,0,0,Small Appliances,326.0,0.0,17.0,259.0
SKU0078,2025-05-05,117,873980.64,0,0,Small Appliances,205.0,541.0,17.0,259.0
SKU0078,2025-05-12,128,956149.76,0,0,Small Appliances,625.0,0.0,17.0,259.0
SKU0078,2025-05-19,123,918800.16,0,0,Small Appliances,497.0,0.0,17.0,259.0
SKU0078,2025-05-26,118,881450.56,0,0,Small Appliances,341.0,0.0,17.0,259.0
SKU0078,2025-06-02,111,829161.12,0,0,Small Appliances,230.0,440.0,17.0,259.0
SKU0078,2025-06-09,130,945318.38,1,0,Small Appliances,539.0,0.0,17.0,259.0
SKU0078,2025-06-16,172,1101066.21,1,0,Small Appliances,367.0,0.0,17.0,259.0
SKU0078,2025-06-23,104,776871.68,0,0,Small Appliances,367.0,0.0,17.0,259.0
SKU0078,2025-06-30,109,814221.28,0,0,Small Appliances,225.0,546.0,17.0,259.0
SKU0078,2025-07-07,103,769401.76,0,0,Small Appliances,115.0,546.0,17.0,259.0
SKU0078,2025-07-14,95,709642.4,0,0,Small Appliances,14.0,546.0,17.0,259.0
SKU0078,2025-07-21,110,821691.2,0,0,Small Appliances,463.0,0.0,17.0,259.0
SKU0078,2025-07-28,101,754461.92,0,0,Small Appliances,308.0,0.0,17.0,259.0
SKU0078,2025-08-04,83,620003.36,0,0,Small Appliances,223.0,470.0,17.0,259.0
SKU0078,2025-08-11,97,724582.24,0,1,Small Appliances,128.0,470.0,17.0,259.0
SKU0078,2025-08-18,95,709642.4,0,0,Small Appliances,510.0,0.0,17.0,259.0
SKU0078,2025-08-25,93,694702.5599999999,0,0,Small Appliances,510.0,0.0,17.0,259.0
SKU0078,2025-09-01,77,575183.84,0,0,Small Appliances,385.0,0.0,17.0,259.0
SKU0078,2025-09-08,74,552774.08,0,0,Small Appliances,296.0,0.0,17.0,259.0
SKU0078,2025-09-15,82,612533.44,0,0,Small Appliances,228.0,633.0,17.0,259.0
SKU0078,2025-09-22,85,634943.2,0,0,Small Appliances,782.0,0.0,17.0,259.0
SKU0078,2025-09-29,81,605063.52,0,1,Small Appliances,666.0,0.0,17.0,259.0
SKU0078,2025-10-06,86,642413.12,0,0,Small Appliances,584.0,0.0,17.0,259.0
SKU0078,2025-10-13,118,778365.66,1,0,Small Appliances,485.0,0.0,17.0,259.0
SKU0078,2025-10-20,103,712256.87,1,0,Small Appliances,358.0,0.0,17.0,259.0
SKU0078,2025-10-27,88,657352.96,0,1,Small Appliances,243.0,451.0,17.0,259.0
SKU0078,2025-11-03,80,597593.6,0,0,Small Appliances,158.0,451.0,17.0,259.0
SKU0078,2025-11-10,82,612533.44,0,0,Small Appliances,533.0,0.0,17.0,259.0
SKU0078,2025-11-17,86,642413.12,0,0,Small Appliances,445.0,0.0,17.0,259.0
SKU0078,2025-11-24,155,998728.31,1,0,Small Appliances,445.0,0.0,17.0,259.0
SKU0078,2025-12-01,112,814221.28,1,0,Small Appliances,260.0,0.0,17.0,259.0
SKU0078,2025-12-08,92,687232.64,0,0,Small Appliances,156.0,461.0,17.0,259.0
SKU0078,2025-12-15,98,732052.16,0,0,Small Appliances,62.0,461.0,17.0,259.0
SKU0078,2025-12-22,87,649883.04,0,1,Small Appliances,424.0,0.0,17.0,259.0
SKU0079,2024-02-26,35,229759.95,0,0,Decor,263.0,0.0,17.0,131.0
SKU0079,2024-03-04,94,617069.5800000001,0,0,Decor,167.0,0.0,17.0,131.0
SKU0079,2024-03-11,91,597375.87,0,0,Decor,77.0,251.0,17.0,131.0
SKU0079,2024-03-18,84,551423.88,0,0,Decor,240.0,0.0,17.0,131.0
SKU0079,2024-03-25,93,610505.01,0,0,Decor,240.0,0.0,17.0,131.0
SKU0079,2024-04-01,87,571117.59,0,0,Decor,117.0,273.0,17.0,131.0
SKU0079,2024-04-08,97,636763.29,0,0,Decor,300.0,0.0,17.0,131.0
SKU0079,2024-04-15,93,610505.01,0,0,Decor,203.0,0.0,17.0,131.0
SKU0079,2024-04-22,101,663021.57,0,0,Decor,113.0,260.0,17.0,131.0
SKU0079,2024-04-29,24,157549.68,0,0,Decor,0.0,260.0,17.0,131.0
SKU0079,2024-05-06,47,308534.79,0,0,Decor,260.0,0.0,17.0,131.0
SKU0079,2024-05-13,89,584246.73,0,0,Decor,171.0,0.0,17.0,131.0
SKU0079,2024-05-20,85,557988.45,0,0,Decor,82.0,273.0,17.0,131.0
SKU0079,2024-05-27,93,610505.01,0,0,Decor,230.0,0.0,17.0,131.0
SKU0079,2024-06-03,72,472649.04,0,0,Decor,155.0,0.0,17.0,131.0
SKU0079,2024-06-10,89,549782.74,1,0,Decor,75.0,274.0,17.0,131.0
SKU0079,2024-06-17,58,323633.3,1,0,Decor,0.0,274.0,17.0,131.0
SKU0079,2024-06-24,20,131291.4,0,0,Decor,0.0,274.0,17.0,131.0
SKU0079,2024-07-01,67,439826.19,0,0,Decor,245.0,0.0,17.0,131.0
SKU0079,2024-07-08,68,446390.76,0,0,Decor,179.0,0.0,17.0,131.0
SKU0079,2024-07-15,67,439826.19,0,0,Decor,343.0,0.0,17.0,131.0
SKU0079,2024-07-22,61,400438.77,0,0,Decor,277.0,0.0,17.0,131.0
SKU0079,2024-07-29,57,374180.49,0,0,Decor,181.0,0.0,17.0,131.0
SKU0079,2024-08-05,48,315099.36,0,0,Decor,134.0,0.0,17.0,131.0
SKU0079,2024-08-12,51,334793.07,0,1,Decor,84.0,288.0,17.0,131.0
SKU0079,2024-08-19,46,301970.22,0,0,Decor,323.0,0.0,17.0,131.0
SKU0079,2024-08-26,39,256018.22999999998,0,0,Decor,271.0,0.0,17.0,131.0
SKU0079,2024-09-02,46,301970.22,0,0,Decor,225.0,0.0,17.0,131.0
SKU0079,2024-09-09,42,275711.94,0,0,Decor,183.0,0.0,17.0,131.0
SKU0079,2024-09-16,45,295405.64999999997,0,0,Decor,138.0,0.0,17.0,131.0
SKU0079,2024-09-23,46,301970.22,0,0,Decor,138.0,0.0,17.0,131.0
SKU0079,2024-09-30,41,269147.37,0,1,Decor,79.0,289.0,17.0,131.0
SKU0079,2024-10-07,30,196937.09999999998,0,0,Decor,329.0,0.0,17.0,131.0
SKU0079,2024-10-14,70,396500.03,1,0,Decor,293.0,0.0,17.0,131.0
SKU0079,2024-10-21,34,217287.27,1,0,Decor,223.0,0.0,17.0,131.0
SKU0079,2024-10-28,35,229759.94999999998,0,1,Decor,179.0,0.0,17.0,131.0
SKU0079,2024-11-04,35,229759.94999999998,0,0,Decor,142.0,0.0,17.0,131.0
SKU0079,2024-11-11,43,282276.51,0,0,Decor,102.0,250.0,17.0,131.0
SKU0079,2024-11-18,41,269147.37,0,0,Decor,65.0,250.0,17.0,131.0
SKU0079,2024-11-25,81,451970.64,1,0,Decor,221.0,0.0,17.0,131.0
SKU0079,2024-12-02,52,341357.64,0,0,Decor,169.0,0.0,17.0,131.0
SKU0079,2024-12-09,50,328228.5,0,0,Decor,392.0,0.0,17.0,131.0
SKU0079,2024-12-16,52,341357.64,0,0,Decor,340.0,0.0,17.0,131.0
SKU0079,2024-12-23,48,315099.36,0,1,Decor,340.0,0.0,17.0,131.0
SKU0079,2024-12-30,82,471336.12,1,0,Decor,262.0,0.0,17.0,131.0
SKU0079,2025-01-06,88,542233.48,1,0,Decor,161.0,0.0,17.0,131.0
SKU0079,2025-01-13,70,459519.89999999997,0,0,Decor,90.0,241.0,17.0,131.0
SKU0079,2025-01-20,58,380745.06,0,1,Decor,264.0,0.0,17.0,131.0
SKU0079,2025-01-27,67,439826.19,0,0,Decor,177.0,0.0,17.0,131.0
SKU0079,2025-02-03,78,512036.46,0,0,Decor,97.0,302.0,17.0,131.0
SKU0079,2025-02-10,69,452955.33,0,0,Decor,26.0,302.0,17.0,131.0
SKU0079,2025-02-17,37,242889.09,0,0,Decor,294.0,0.0,17.0,131.0
SKU0079,2025-02-24,80,525165.6,0,0,Decor,216.0,0.0,17.0,131.0
SKU0079,2025-03-03,80,525165.6,0,0,Decor,136.0,0.0,17.0,131.0
SKU0079,2025-03-10,88,577682.16,0,0,Decor,257.0,0.0,17.0,131.0
SKU0079,2025-03-17,91,597375.87,0,0,Decor,168.0,0.0,17.0,131.0
SKU0079,2025-03-24,91,597375.87,0,0,Decor,168.0,0.0,17.0,131.0
SKU0079,2025-03-31,86,564553.02,0,0,Decor,332.0,0.0,17.0,131.0
SKU0079,2025-04-07,92,603940.44,0,0,Decor,245.0,0.0,17.0,131.0
SKU0079,2025-04-14,91,597375.87,0,0,Decor,154.0,0.0,17.0,131.0
SKU0079,2025-04-21,91,597375.87,0,0,Decor,63.0,203.0,17.0,131.0
SKU0079,2025-04-28,44,288841.07999999996,0,0,Decor,191.0,0.0,17.0,131.0
SKU0079,2025-05-05,85,557988.45,0,0,Decor,106.0,198.0,17.0,131.0
SKU0079,2025-05-12,86,564553.02,0,0,Decor,19.0,198.0,17.0,131.0
SKU0079,2025-05-19,81,531730.17,0,0,Decor,133.0,0.0,17.0,131.0
SKU0079,2025-05-26,86,564553.02,0,0,Decor,19.0,320.0,17.0,131.0
SKU0079,2025-06-02,69,452955.32999999996,0,0,Decor,270.0,0.0,17.0,131.0
SKU0079,2025-06-09,89,564553.02,1,0,Decor,181.0,0.0,17.0,131.0
SKU0079,2025-06-16,131,736872.98,1,0,Decor,256.0,0.0,17.0,131.0
SKU0079,2025-06-23,68,446390.76,0,0,Decor,256.0,0.0,17.0,131.0
SKU0079,2025-06-30,64,420132.48,0,0,Decor,165.0,0.0,17.0,131.0
SKU0079,2025-07-07,65,426697.05,0,0,Decor,393.0,0.0,17.0,131.0
SKU0079,2025-07-14,58,380745.06,0,0,Decor,328.0,0.0,17.0,131.0
SKU0079,2025-07-21,58,380745.06,0,0,Decor,272.0,0.0,17.0,131.0
SKU0079,2025-07-28,56,367615.92,0,0,Decor,185.0,0.0,17.0,131.0
SKU0079,2025-08-04,47,308534.79,0,0,Decor,141.0,0.0,17.0,131.0
SKU0079,2025-08-11,46,301970.22,0,1,Decor,97.0,320.0,17.0,131.0
SKU0079,2025-08-18,45,295405.64999999997,0,0,Decor,52.0,320.0,17.0,131.0
SKU0079,2025-08-25,49,321663.93,0,0,Decor,52.0,320.0,17.0,131.0
SKU0079,2025-09-01,34,223195.38,0,0,Decor,304.0,0.0,17.0,131.0
SKU0079,2025-09-08,30,196937.09999999998,0,0,Decor,272.0,0.0,17.0,131.0
SKU0079,2025-09-15,41,269147.37,0,0,Decor,243.0,0.0,17.0,131.0
SKU0079,2025-09-22,36,236324.52,0,0,Decor,201.0,0.0,17.0,131.0
SKU0079,2025-09-29,34,223195.38,0,1,Decor,151.0,0.0,17.0,131.0
SKU0079,2025-10-06,29,190372.53,0,0,Decor,127.0,303.0,17.0,131.0
SKU0079,2025-10-13,60,344639.93,1,0,Decor,83.0,303.0,17.0,131.0
SKU0079,2025-10-20,50,310504.16,1,0,Decor,321.0,0.0,17.0,131.0
SKU0079,2025-10-27,42,275711.94,0,1,Decor,262.0,0.0,17.0,131.0
SKU0079,2025-11-03,37,242889.09,0,0,Decor,225.0,0.0,17.0,131.0
SKU0079,2025-11-10,41,269147.37,0,0,Decor,184.0,0.0,17.0,131.0
SKU0079,2025-11-17,43,282276.51,0,0,Decor,142.0,0.0,17.0,131.0
SKU0079,2025-11-24,73,416193.74,1,0,Decor,142.0,0.0,17.0,131.0
SKU0079,2025-12-01,45,286543.48,1,0,Decor,54.0,309.0,17.0,131.0
SKU0079,2025-12-08,49,321663.93,0,0,Decor,320.0,0.0,17.0,131.0
SKU0079,2025-12-15,43,282276.51,0,0,Decor,272.0,0.0,17.0,131.0
SKU0079,2025-12-22,56,367615.92,0,1,Decor,228.0,0.0,17.0,131.0
SKU0080,2025-02-10,9,27766.89,0,0,Decor,169.0,0.0,7.0,79.0
SKU0080,2025-02-17,85,262242.85,0,0,Decor,169.0,0.0,7.0,79.0
SKU0080,2025-02-24,98,302350.58,0,0,Decor,75.0,170.0,7.0,79.0
SKU0080,2025-03-03,105,323947.05,0,0,Decor,139.0,0.0,7.0,79.0
SKU0080,2025-03-10,116,357884.36,0,0,Decor,28.0,166.0,7.0,79.0
SKU0080,2025-03-17,107,330117.47,0,0,Decor,86.0,0.0,7.0,79.0
SKU0080,2025-03-24,70,215964.7,0,0,Decor,86.0,0.0,7.0,79.0
SKU0080,2025-03-31,108,333202.68,0,0,Decor,103.0,0.0,7.0,79.0
SKU0080,2025-04-07,106,327032.26,0,0,Decor,193.0,0.0,7.0,79.0
SKU0080,2025-04-14,112,345543.52,0,0,Decor,79.0,0.0,7.0,79.0
SKU0080,2025-04-21,116,357884.36,0,0,Decor,110.0,0.0,7.0,79.0
SKU0080,2025-04-28,117,360969.57,0,0,Decor,145.0,0.0,7.0,79.0
SKU0080,2025-05-05,103,317776.63,0,0,Decor,29.0,126.0,7.0,79.0
SKU0080,2025-05-12,104,320861.83999999997,0,0,Decor,63.0,135.0,7.0,79.0
SKU0080,2025-05-19,111,342458.31,0,0,Decor,85.0,0.0,7.0,79.0
SKU0080,2025-05-26,110,339373.1,0,0,Decor,72.0,180.0,7.0,79.0
SKU0080,2025-06-02,72,222135.12,0,0,Decor,180.0,0.0,7.0,79.0
SKU0080,2025-06-09,103,309446.56,1,0,Decor,77.0,121.0,7.0,79.0
SKU0080,2025-06-16,76,199304.57,1,0,Decor,122.0,0.0,7.0,79.0
SKU0080,2025-06-23,102,314691.42,0,0,Decor,122.0,0.0,7.0,79.0
SKU0080,2025-06-30,86,265328.06,0,0,Decor,119.0,0.0,7.0,79.0
SKU0080,2025-07-07,96,296180.16000000003,0,0,Decor,225.0,0.0,7.0,79.0
SKU0080,2025-07-14,86,265328.06,0,0,Decor,126.0,0.0,7.0,79.0
SKU0080,2025-07-21,69,212879.49,0,0,Decor,44.0,144.0,7.0,79.0
SKU0080,2025-07-28,99,305435.79,0,0,Decor,67.0,139.0,7.0,79.0
SKU0080,2025-08-04,63,194368.22999999998,0,0,Decor,135.0,0.0,7.0,79.0
SKU0080,2025-08-11,76,234475.96,0,1,Decor,69.0,158.0,7.0,79.0
SKU0080,2025-08-18,61,188197.81,0,0,Decor,158.0,0.0,7.0,79.0
SKU0080,2025-08-25,78,240646.38,0,0,Decor,158.0,0.0,7.0,79.0
SKU0080,2025-09-01,56,172771.76,0,0,Decor,243.0,0.0,7.0,79.0
SKU0080,2025-09-08,49,151175.29,0,0,Decor,184.0,0.0,7.0,79.0
SKU0080,2025-09-15,57,175856.97,0,0,Decor,131.0,0.0,7.0,79.0
SKU0080,2025-09-22,64,197453.44,0,0,Decor,74.0,154.0,7.0,79.0
SKU0080,2025-09-29,55,169686.55,0,1,Decor,141.0,0.0,7.0,79.0
SKU0080,2025-10-06,55,169686.55,0,0,Decor,89.0,0.0,7.0,79.0
SKU0080,2025-10-13,92,249130.69,1,0,Decor,156.0,0.0,7.0,79.0
SKU0080,2025-10-20,73,212262.44999999998,1,0,Decor,59.0,120.0,7.0,79.0
SKU0080,2025-10-27,53,163516.13,0,1,Decor,98.0,0.0,7.0,79.0
SKU0080,2025-11-03,68,209794.28,0,0,Decor,35.0,163.0,7.0,79.0
SKU0080,2025-11-10,60,185112.6,0,0,Decor,136.0,0.0,7.0,79.0
SKU0080,2025-11-17,65,200538.65,0,0,Decor,72.0,188.0,7.0,79.0
SKU0080,2025-11-24,103,273812.39,1,0,Decor,72.0,188.0,7.0,79.0
SKU0080,2025-12-01,80,239875.08000000002,1,0,Decor,133.0,0.0,7.0,79.0
SKU0080,2025-12-08,81,249902.00999999998,0,0,Decor,204.0,0.0,7.0,79.0
SKU0080,2025-12-15,69,212879.49,0,0,Decor,124.0,0.0,7.0,79.0
SKU0080,2025-12-22,92,283839.32,0,1,Decor,211.0,0.0,7.0,79.0
SKU0081,2025-03-31,18,110677.14,0,0,Furnishings,267.0,0.0,13.0,92.0
SKU0081,2025-04-07,53,325882.69,0,0,Furnishings,267.0,0.0,13.0,92.0
SKU0081,2025-04-14,58,356626.33999999997,0,0,Furnishings,211.0,0.0,13.0,92.0
SKU0081,2025-04-21,52,319733.95999999996,0,0,Furnishings,158.0,0.0,13.0,92.0
SKU0081,2025-04-28,51,313585.23,0,0,Furnishings,91.0,155.0,13.0,92.0
SKU0081,2025-05-05,51,313585.23,0,0,Furnishings,36.0,155.0,13.0,92.0
SKU0081,2025-05-12,57,350477.61,0,0,Furnishings,137.0,0.0,13.0,92.0
SKU0081,2025-05-19,53,325882.69,0,0,Furnishings,84.0,153.0,13.0,92.0
SKU0081,2025-05-26,47,288990.31,0,0,Furnishings,172.0,0.0,13.0,92.0
SKU0081,2025-06-02,48,295139.04,0,0,Furnishings,124.0,0.0,13.0,92.0
SKU0081,2025-06-09,49,292064.67,1,0,Furnishings,75.0,226.0,13.0,92.0
SKU0081,2025-06-16,78,410427.74,1,0,Furnishings,223.0,0.0,13.0,92.0
SKU0081,2025-06-23,48,295139.04,0,0,Furnishings,223.0,0.0,13.0,92.0
SKU0081,2025-06-30,46,282841.57999999996,0,0,Furnishings,161.0,0.0,13.0,92.0
SKU0081,2025-07-07,39,239800.47,0,0,Furnishings,116.0,0.0,13.0,92.0
SKU0081,2025-07-14,38,233651.74,0,0,Furnishings,79.0,202.0,13.0,92.0
SKU0081,2025-07-21,39,239800.47,0,0,Furnishings,243.0,0.0,13.0,92.0
SKU0081,2025-07-28,42,258246.66,0,0,Furnishings,184.0,0.0,13.0,92.0
SKU0081,2025-08-04,35,215205.55,0,0,Furnishings,145.0,0.0,13.0,92.0
SKU0081,2025-08-11,34,209056.82,0,1,Furnishings,109.0,0.0,13.0,92.0
SKU0081,2025-08-18,27,166015.71,0,0,Furnishings,85.0,142.0,13.0,92.0
SKU0081,2025-08-25,30,184461.9,0,0,Furnishings,85.0,142.0,13.0,92.0
SKU0081,2025-09-01,20,122974.59999999999,0,0,Furnishings,185.0,0.0,13.0,92.0
SKU0081,2025-09-08,24,147569.52,0,0,Furnishings,165.0,0.0,13.0,92.0
SKU0081,2025-09-15,26,159866.98,0,0,Furnishings,141.0,0.0,13.0,92.0
SKU0081,2025-09-22,27,166015.71,0,0,Furnishings,113.0,0.0,13.0,92.0
SKU0081,2025-09-29,23,141420.79,0,1,Furnishings,76.0,142.0,13.0,92.0
SKU0081,2025-10-06,17,104528.40999999999,0,0,Furnishings,203.0,0.0,13.0,92.0
SKU0081,2025-10-13,34,183232.14,1,0,Furnishings,179.0,0.0,13.0,92.0
SKU0081,2025-10-20,28,161096.72,1,0,Furnishings,144.0,0.0,13.0,92.0
SKU0081,2025-10-27,14,86082.21999999999,0,1,Furnishings,121.0,0.0,13.0,92.0
SKU0081,2025-11-03,29,178313.17,0,0,Furnishings,94.0,0.0,13.0,92.0
SKU0081,2025-11-10,28,172164.44,0,0,Furnishings,232.0,0.0,13.0,92.0
SKU0081,2025-11-17,32,196759.36,0,0,Furnishings,199.0,0.0,13.0,92.0
SKU0081,2025-11-24,40,209979.11,1,0,Furnishings,199.0,0.0,13.0,92.0
SKU0081,2025-12-01,38,227195.57,1,0,Furnishings,149.0,0.0,13.0,92.0
SKU0081,2025-12-08,34,209056.82,0,0,Furnishings,114.0,0.0,13.0,92.0
SKU0081,2025-12-15,27,166015.71,0,0,Furnishings,80.0,198.0,13.0,92.0
SKU0081,2025-12-22,30,184461.9,0,1,Furnishings,252.0,0.0,13.0,92.0
SKU0082,2024-05-20,229,1499688.94,0,0,Small Appliances,196.0,814.0,16.0,416.0
SKU0082,2024-05-27,72,471517.92,0,0,Small Appliances,1.0,814.0,16.0,416.0
SKU0082,2024-06-03,80,523908.8,0,0,Small Appliances,763.0,0.0,16.0,416.0
SKU0082,2024-06-10,274,1707942.69,1,0,Small Appliances,513.0,0.0,16.0,416.0
SKU0082,2024-06-17,348,1976445.94,1,0,Small Appliances,762.0,0.0,16.0,416.0
SKU0082,2024-06-24,229,1499688.94,0,0,Small Appliances,762.0,0.0,16.0,416.0
SKU0082,2024-07-01,218,1427651.48,0,0,Small Appliances,485.0,0.0,16.0,416.0
SKU0082,2024-07-08,198,1296674.28,0,0,Small Appliances,1256.0,0.0,16.0,416.0
SKU0082,2024-07-15,222,1453846.92,0,0,Small Appliances,1056.0,0.0,16.0,416.0
SKU0082,2024-07-22,217,1421102.6199999999,0,0,Small Appliances,831.0,0.0,16.0,416.0
SKU0082,2024-07-29,190,1244283.4,0,0,Small Appliances,515.0,0.0,16.0,416.0
SKU0082,2024-08-05,174,1139501.64,0,0,Small Appliances,338.0,635.0,16.0,416.0
SKU0082,2024-08-12,180,1178794.8,0,1,Small Appliances,800.0,0.0,16.0,416.0
SKU0082,2024-08-19,196,1283576.56,0,0,Small Appliances,610.0,0.0,16.0,416.0
SKU0082,2024-08-26,176,1152599.3599999999,0,0,Small Appliances,368.0,1017.0,16.0,416.0
SKU0082,2024-09-02,188,1231185.68,0,0,Small Appliances,180.0,1017.0,16.0,416.0
SKU0082,2024-09-09,159,1041268.74,0,0,Small Appliances,1038.0,0.0,16.0,416.0
SKU0082,2024-09-16,145,949584.7,0,0,Small Appliances,893.0,0.0,16.0,416.0
SKU0082,2024-09-23,172,1126403.92,0,0,Small Appliances,893.0,0.0,16.0,416.0
SKU0082,2024-09-30,177,1159148.22,0,1,Small Appliances,651.0,0.0,16.0,416.0
SKU0082,2024-10-07,154,1008524.44,0,0,Small Appliances,499.0,0.0,16.0,416.0
SKU0082,2024-10-14,274,1545858.4,1,0,Small Appliances,312.0,903.0,16.0,416.0
SKU0082,2024-10-21,116,722339.26,1,0,Small Appliances,54.0,903.0,16.0,416.0
SKU0082,2024-10-28,129,844802.94,0,1,Small Appliances,826.0,0.0,16.0,416.0
SKU0082,2024-11-04,169,1106757.34,0,0,Small Appliances,645.0,0.0,16.0,416.0
SKU0082,2024-11-11,150,982329.0,0,0,Small Appliances,479.0,0.0,16.0,416.0
SKU0082,2024-11-18,158,1034719.88,0,0,Small Appliances,322.0,630.0,16.0,416.0
SKU0082,2024-11-25,320,1781289.93,1,0,Small Appliances,607.0,0.0,16.0,416.0
SKU0082,2024-12-02,193,1263929.98,0,0,Small Appliances,414.0,823.0,16.0,416.0
SKU0082,2024-12-09,211,1381809.46,0,0,Small Appliances,1026.0,0.0,16.0,416.0
SKU0082,2024-12-16,195,1277027.7,0,0,Small Appliances,831.0,0.0,16.0,416.0
SKU0082,2024-12-23,163,1067464.18,0,1,Small Appliances,831.0,0.0,16.0,416.0
SKU0082,2024-12-30,342,1963675.6600000001,1,0,Small Appliances,524.0,0.0,16.0,416.0
SKU0082,2025-01-06,295,1793405.31,1,0,Small Appliances,145.0,1035.0,16.0,416.0
SKU0082,2025-01-13,102,667983.72,0,0,Small Appliances,0.0,1035.0,16.0,416.0
SKU0082,2025-01-20,215,1408004.9,0,1,Small Appliances,865.0,0.0,16.0,416.0
SKU0082,2025-01-27,229,1499688.94,0,0,Small Appliances,554.0,0.0,16.0,416.0
SKU0082,2025-02-03,276,1807485.36,0,0,Small Appliances,276.0,744.0,16.0,416.0
SKU0082,2025-02-10,244,1597921.84,0,0,Small Appliances,0.0,744.0,16.0,416.0
SKU0082,2025-02-17,237,1552079.82,0,0,Small Appliances,540.0,0.0,16.0,416.0
SKU0082,2025-02-24,266,1741996.76,0,0,Small Appliances,269.0,740.0,16.0,416.0
SKU0082,2025-03-03,295,1931913.7,0,0,Small Appliances,719.0,0.0,16.0,416.0
SKU0082,2025-03-10,303,1984304.58,0,0,Small Appliances,415.0,947.0,16.0,416.0
SKU0082,2025-03-17,302,1977755.72,0,0,Small Appliances,1060.0,0.0,16.0,416.0
SKU0082,2025-03-24,292,1912267.1199999999,0,0,Small Appliances,1060.0,0.0,16.0,416.0
SKU0082,2025-03-31,317,2075988.62,0,0,Small Appliances,645.0,0.0,16.0,416.0
SKU0082,2025-04-07,300,1964658.0,0,0,Small Appliances,333.0,943.0,16.0,416.0
SKU0082,2025-04-14,119,779314.34,0,0,Small Appliances,28.0,943.0,16.0,416.0
SKU0082,2025-04-21,197,1290125.42,0,0,Small Appliances,944.0,0.0,16.0,416.0
SKU0082,2025-04-28,295,1931913.7,0,0,Small Appliances,543.0,0.0,16.0,416.0
SKU0082,2025-05-05,311,2036695.46,0,0,Small Appliances,1134.0,0.0,16.0,416.0
SKU0082,2025-05-12,288,1886071.68,0,0,Small Appliances,830.0,0.0,16.0,416.0
SKU0082,2025-05-19,303,1984304.58,0,0,Small Appliances,531.0,0.0,16.0,416.0
SKU0082,2025-05-26,300,1964658.0,0,0,Small Appliances,130.0,858.0,16.0,416.0
SKU0082,2025-06-02,129,844802.94,0,0,Small Appliances,1.0,858.0,16.0,416.0
SKU0082,2025-06-09,298,1881814.92,1,0,Small Appliances,561.0,0.0,16.0,416.0
SKU0082,2025-06-16,473,2666368.35,1,0,Small Appliances,88.0,933.0,16.0,416.0
SKU0082,2025-06-23,235,1538982.1,0,0,Small Appliances,88.0,933.0,16.0,416.0
SKU0082,2025-06-30,251,1643763.86,0,0,Small Appliances,698.0,0.0,16.0,416.0
SKU0082,2025-07-07,249,1630666.14,0,0,Small Appliances,453.0,0.0,16.0,416.0
SKU0082,2025-07-14,248,1624117.28,0,0,Small Appliances,879.0,0.0,16.0,416.0
SKU0082,2025-07-21,257,1683057.02,0,0,Small Appliances,623.0,0.0,16.0,416.0
SKU0082,2025-07-28,240,1571726.4,0,0,Small Appliances,262.0,1028.0,16.0,416.0
SKU0082,2025-08-04,211,1381809.46,0,0,Small Appliances,23.0,1028.0,16.0,416.0
SKU0082,2025-08-11,124,812058.64,0,1,Small Appliances,939.0,0.0,16.0,416.0
SKU0082,2025-08-18,217,1421102.62,0,0,Small Appliances,736.0,0.0,16.0,416.0
SKU0082,2025-08-25,188,1231185.68,0,0,Small Appliances,736.0,0.0,16.0,416.0
SKU0082,2025-09-01,215,1408004.9,0,0,Small Appliances,474.0,0.0,16.0,416.0
SKU0082,2025-09-08,173,1132952.78,0,0,Small Appliances,249.0,960.0,16.0,416.0
SKU0082,2025-09-15,179,1172245.94,0,0,Small Appliances,1049.0,0.0,16.0,416.0
SKU0082,2025-09-22,175,1146050.5,0,0,Small Appliances,869.0,0.0,16.0,416.0
SKU0082,2025-09-29,202,1322869.72,0,1,Small Appliances,612.0,0.0,16.0,416.0
SKU0082,2025-10-06,182,1191892.52,0,0,Small Appliances,428.0,0.0,16.0,416.0
SKU0082,2025-10-13,265,1529158.81,1,0,Small Appliances,884.0,0.0,16.0,416.0
SKU0082,2025-10-20,240,1458758.57,1,0,Small Appliances,588.0,0.0,16.0,416.0
SKU0082,2025-10-27,172,1126403.92,0,1,Small Appliances,1082.0,0.0,16.0,416.0
SKU0082,2025-11-03,190,1244283.4,0,0,Small Appliances,894.0,0.0,16.0,416.0
SKU0082,2025-11-10,205,1342516.3,0,0,Small Appliances,696.0,0.0,16.0,416.0
SKU0082,2025-11-17,164,1074013.04,0,0,Small Appliances,520.0,0.0,16.0,416.0
SKU0082,2025-11-24,346,1954507.27,1,0,Small Appliances,520.0,0.0,16.0,416.0
SKU0082,2025-12-01,268,1688296.1099999999,1,0,Small Appliances,87.0,788.0,16.0,416.0
SKU0082,2025-12-08,220,1440749.2,0,0,Small Appliances,644.0,0.0,16.0,416.0
SKU0082,2025-12-15,236,1545530.96,0,0,Small Appliances,424.0,0.0,16.0,416.0
SKU0082,2025-12-22,224,1466944.6400000001,0,1,Small Appliances,1030.0,0.0,16.0,416.0
SKU0083,2024-11-18,96,139625.28,0,0,Decor,119.0,969.0,17.0,481.0
SKU0083,2024-11-25,76,93956.18,1,0,Decor,0.0,969.0,17.0,481.0
SKU0083,2024-12-02,0,0.0,0,0,Decor,969.0,0.0,17.0,481.0
SKU0083,2024-12-09,159,231254.37,0,0,Decor,810.0,0.0,17.0,481.0
SKU0083,2024-12-16,161,234163.23,0,0,Decor,649.0,0.0,17.0,481.0
SKU0083,2024-12-23,159,231254.37,0,1,Decor,649.0,0.0,17.0,481.0
SKU0083,2024-12-30,259,330664.66,1,0,Decor,389.0,1196.0,17.0,481.0
SKU0083,2025-01-06,210,286013.66000000003,1,0,Decor,109.0,1196.0,17.0,481.0
SKU0083,2025-01-13,167,242889.81,0,0,Decor,1138.0,0.0,17.0,481.0
SKU0083,2025-01-20,173,251616.38999999998,0,1,Decor,960.0,0.0,17.0,481.0
SKU0083,2025-01-27,182,264706.26,0,0,Decor,707.0,0.0,17.0,481.0
SKU0083,2025-02-03,179,260342.97,0,0,Decor,539.0,0.0,17.0,481.0
SKU0083,2025-02-10,205,298158.15,0,0,Decor,1074.0,0.0,17.0,481.0
SKU0083,2025-02-17,179,260342.97,0,0,Decor,878.0,0.0,17.0,481.0
SKU0083,2025-02-24,201,292340.43,0,0,Decor,679.0,0.0,17.0,481.0
SKU0083,2025-03-03,171,248707.53,0,0,Decor,504.0,0.0,17.0,481.0
SKU0083,2025-03-10,203,295249.29000000004,0,0,Decor,315.0,801.0,17.0,481.0
SKU0083,2025-03-17,199,289431.57,0,0,Decor,915.0,0.0,17.0,481.0
SKU0083,2025-03-24,191,277796.13,0,0,Decor,915.0,0.0,17.0,481.0
SKU0083,2025-03-31,165,239980.95,0,0,Decor,635.0,0.0,17.0,481.0
SKU0083,2025-04-07,208,302521.44,0,0,Decor,461.0,722.0,17.0,481.0
SKU0083,2025-04-14,201,292340.43,0,0,Decor,257.0,722.0,17.0,481.0
SKU0083,2025-04-21,206,299612.58,0,0,Decor,77.0,722.0,17.0,481.0
SKU0083,2025-04-28,208,302521.44,0,0,Decor,512.0,0.0,17.0,481.0
SKU0083,2025-05-05,178,258888.54,0,0,Decor,327.0,990.0,17.0,481.0
SKU0083,2025-05-12,184,267615.12,0,0,Decor,1132.0,0.0,17.0,481.0
SKU0083,2025-05-19,222,322883.46,0,0,Decor,909.0,0.0,17.0,481.0
SKU0083,2025-05-26,218,317065.74,0,0,Decor,623.0,0.0,17.0,481.0
SKU0083,2025-06-02,184,267615.12,0,0,Decor,439.0,1068.0,17.0,481.0
SKU0083,2025-06-09,223,316265.80000000005,1,0,Decor,1284.0,0.0,17.0,481.0
SKU0083,2025-06-16,318,397277.55,1,0,Decor,966.0,0.0,17.0,481.0
SKU0083,2025-06-23,205,298158.15,0,0,Decor,966.0,0.0,17.0,481.0
SKU0083,2025-06-30,163,237072.09,0,0,Decor,702.0,0.0,17.0,481.0
SKU0083,2025-07-07,193,280704.99,0,0,Decor,543.0,0.0,17.0,481.0
SKU0083,2025-07-14,208,302521.44,0,0,Decor,343.0,791.0,17.0,481.0
SKU0083,2025-07-21,187,271978.41,0,0,Decor,948.0,0.0,17.0,481.0
SKU0083,2025-07-28,217,315611.31,0,0,Decor,631.0,0.0,17.0,481.0
SKU0083,2025-08-04,168,244344.24,0,0,Decor,462.0,869.0,17.0,481.0
SKU0083,2025-08-11,167,242889.81,0,1,Decor,288.0,869.0,17.0,481.0
SKU0083,2025-08-18,177,257434.11000000002,0,0,Decor,985.0,0.0,17.0,481.0
SKU0083,2025-08-25,201,292340.43,0,0,Decor,985.0,0.0,17.0,481.0
SKU0083,2025-09-01,187,271978.41000000003,0,0,Decor,711.0,0.0,17.0,481.0
SKU0083,2025-09-08,184,267615.12,0,0,Decor,516.0,0.0,17.0,481.0
SKU0083,2025-09-15,186,270523.98,0,0,Decor,332.0,864.0,17.0,481.0
SKU0083,2025-09-22,155,225436.65,0,0,Decor,162.0,864.0,17.0,481.0
SKU0083,2025-09-29,186,270523.98,0,1,Decor,807.0,0.0,17.0,481.0
SKU0083,2025-10-06,212,308339.16000000003,0,0,Decor,590.0,0.0,17.0,481.0
SKU0083,2025-10-13,305,389060.02,1,0,Decor,373.0,923.0,17.0,481.0
SKU0083,2025-10-20,189,253070.82,1,0,Decor,41.0,923.0,17.0,481.0
SKU0083,2025-10-27,188,273432.84,0,1,Decor,770.0,0.0,17.0,481.0
SKU0083,2025-11-03,206,299612.58,0,0,Decor,550.0,0.0,17.0,481.0
SKU0083,2025-11-10,162,235617.66,0,0,Decor,1512.0,0.0,17.0,481.0
SKU0083,2025-11-17,199,289431.57,0,0,Decor,1314.0,0.0,17.0,481.0
SKU0083,2025-11-24,303,381787.87,1,0,Decor,1314.0,0.0,17.0,481.0
SKU0083,2025-12-01,219,309357.26,1,0,Decor,952.0,0.0,17.0,481.0
SKU0083,2025-12-08,202,293794.86,0,0,Decor,738.0,0.0,17.0,481.0
SKU0083,2025-12-15,187,271978.41000000003,0,0,Decor,547.0,0.0,17.0,481.0
SKU0083,2025-12-22,204,296703.72000000003,0,1,Decor,356.0,773.0,17.0,481.0
SKU0084,2024-03-11,140,907989.6,0,0,Furnishings,252.0,0.0,9.0,189.0
SKU0084,2024-03-18,192,1245242.8800000001,0,0,Furnishings,458.0,0.0,9.0,189.0
SKU0084,2024-03-25,160,1037702.4,0,0,Furnishings,458.0,0.0,9.0,189.0
SKU0084,2024-04-01,191,1238757.24,0,0,Furnishings,224.0,0.0,9.0,189.0
SKU0084,2024-04-08,146,946903.4400000001,0,0,Furnishings,359.0,0.0,9.0,189.0
SKU0084,2024-04-15,165,1070130.6,0,0,Furnishings,204.0,0.0,9.0,189.0
SKU0084,2024-04-22,178,1154443.92,0,0,Furnishings,434.0,0.0,9.0,189.0
SKU0084,2024-04-29,170,1102558.8,0,0,Furnishings,208.0,0.0,9.0,189.0
SKU0084,2024-05-06,179,1160929.56,0,0,Furnishings,418.0,0.0,9.0,189.0
SKU0084,2024-05-13,187,1212814.68,0,0,Furnishings,253.0,0.0,9.0,189.0
SKU0084,2024-05-20,158,1024731.12,0,0,Furnishings,84.0,372.0,9.0,189.0
SKU0084,2024-05-27,135,875561.4,0,0,Furnishings,234.0,0.0,9.0,189.0
SKU0084,2024-06-03,157,1018245.48,0,0,Furnishings,80.0,300.0,9.0,189.0
SKU0084,2024-06-10,211,1277995.3599999999,1,0,Furnishings,195.0,0.0,9.0,189.0
SKU0084,2024-06-17,289,1632111.3,1,0,Furnishings,198.0,0.0,9.0,189.0
SKU0084,2024-06-24,177,1147958.28,0,0,Furnishings,198.0,0.0,9.0,189.0
SKU0084,2024-07-01,179,1160929.56,0,0,Furnishings,426.0,0.0,9.0,189.0
SKU0084,2024-07-08,160,1037702.3999999999,0,0,Furnishings,247.0,0.0,9.0,189.0
SKU0084,2024-07-15,171,1109044.44,0,0,Furnishings,78.0,438.0,9.0,189.0
SKU0084,2024-07-22,162,1050673.68,0,0,Furnishings,349.0,0.0,9.0,189.0
SKU0084,2024-07-29,141,914475.24,0,0,Furnishings,117.0,380.0,9.0,189.0
SKU0084,2024-08-05,140,907989.6000000001,0,0,Furnishings,362.0,0.0,9.0,189.0
SKU0084,2024-08-12,123,797733.72,0,1,Furnishings,231.0,0.0,9.0,189.0
SKU0084,2024-08-19,137,888532.68,0,0,Furnishings,393.0,0.0,9.0,189.0
SKU0084,2024-08-26,129,836647.56,0,0,Furnishings,227.0,0.0,9.0,189.0
SKU0084,2024-09-02,135,875561.4,0,0,Furnishings,436.0,0.0,9.0,189.0
SKU0084,2024-09-09,136,882047.04,0,0,Furnishings,300.0,0.0,9.0,189.0
SKU0084,2024-09-16,118,765305.52,0,0,Furnishings,182.0,334.0,9.0,189.0
SKU0084,2024-09-23,125,810705.0,0,0,Furnishings,182.0,334.0,9.0,189.0
SKU0084,2024-09-30,87,564250.68,0,1,Furnishings,371.0,0.0,9.0,189.0
SKU0084,2024-10-07,112,726391.68,0,0,Furnishings,277.0,0.0,9.0,189.0
SKU0084,2024-10-14,191,1068509.18,1,0,Furnishings,151.0,438.0,9.0,189.0
SKU0084,2024-10-21,74,479937.36000000004,1,0,Furnishings,1.0,438.0,9.0,189.0
SKU0084,2024-10-28,130,843133.2,0,1,Furnishings,259.0,0.0,9.0,189.0
SKU0084,2024-11-04,116,752334.24,0,0,Furnishings,163.0,420.0,9.0,189.0
SKU0084,2024-11-11,123,797733.72,0,0,Furnishings,446.0,0.0,9.0,189.0
SKU0084,2024-11-18,151,979331.64,0,0,Furnishings,302.0,0.0,9.0,189.0
SKU0084,2024-11-25,261,1438839.06,1,0,Furnishings,423.0,0.0,9.0,189.0
SKU0084,2024-12-02,157,1018245.48,0,0,Furnishings,266.0,0.0,9.0,189.0
SKU0084,2024-12-09,118,765305.52,0,0,Furnishings,148.0,442.0,9.0,189.0
SKU0084,2024-12-16,134,869075.76,0,0,Furnishings,457.0,0.0,9.0,189.0
SKU0084,2024-12-23,180,1167415.2,0,1,Furnishings,457.0,0.0,9.0,189.0
SKU0084,2024-12-30,234,1334744.72,1,0,Furnishings,171.0,295.0,9.0,189.0
SKU0084,2025-01-06,189,1146012.58,1,0,Furnishings,226.0,0.0,9.0,189.0
SKU0084,2025-01-13,136,882047.04,0,0,Furnishings,378.0,0.0,9.0,189.0
SKU0084,2025-01-20,188,1219300.32,0,1,Furnishings,213.0,0.0,9.0,189.0
SKU0084,2025-01-27,161,1044188.04,0,0,Furnishings,360.0,0.0,9.0,189.0
SKU0084,2025-02-03,193,1251728.52,0,0,Furnishings,173.0,386.0,9.0,189.0
SKU0084,2025-02-10,147,953389.0800000001,0,0,Furnishings,1.0,386.0,9.0,189.0
SKU0084,2025-02-17,144,933932.1599999999,0,0,Furnishings,264.0,0.0,9.0,189.0
SKU0084,2025-02-24,213,1381441.32,0,0,Furnishings,337.0,0.0,9.0,189.0
SKU0084,2025-03-03,250,1621410.0,0,0,Furnishings,476.0,0.0,9.0,189.0
SKU0084,2025-03-10,209,1355498.76,0,0,Furnishings,249.0,0.0,9.0,189.0
SKU0084,2025-03-17,204,1323070.56,0,0,Furnishings,57.0,346.0,9.0,189.0
SKU0084,2025-03-24,171,1109044.44,0,0,Furnishings,57.0,346.0,9.0,189.0
SKU0084,2025-03-31,205,1329556.2,0,0,Furnishings,129.0,384.0,9.0,189.0
SKU0084,2025-04-07,204,1323070.56,0,0,Furnishings,321.0,0.0,9.0,189.0
SKU0084,2025-04-14,172,1115530.08,0,0,Furnishings,126.0,467.0,9.0,189.0
SKU0084,2025-04-21,190,1232271.6,0,0,Furnishings,437.0,0.0,9.0,189.0
SKU0084,2025-04-28,199,1290642.36,0,0,Furnishings,161.0,286.0,9.0,189.0
SKU0084,2025-05-05,139,901503.96,0,0,Furnishings,0.0,286.0,9.0,189.0
SKU0084,2025-05-12,208,1349013.12,0,0,Furnishings,95.0,333.0,9.0,189.0
SKU0084,2025-05-19,216,1400898.24,0,0,Furnishings,225.0,0.0,9.0,189.0
SKU0084,2025-05-26,207,1342527.48,0,0,Furnishings,357.0,0.0,9.0,189.0
SKU0084,2025-06-02,209,1355498.76,0,0,Furnishings,148.0,421.0,9.0,189.0
SKU0084,2025-06-09,208,1289669.51,1,0,Furnishings,361.0,0.0,9.0,189.0
SKU0084,2025-06-16,341,1907102.44,1,0,Furnishings,20.0,344.0,9.0,189.0
SKU0084,2025-06-23,195,1264699.8,0,0,Furnishings,20.0,344.0,9.0,189.0
SKU0084,2025-06-30,194,1258214.16,0,0,Furnishings,112.0,322.0,9.0,189.0
SKU0084,2025-07-07,182,1180386.48,0,0,Furnishings,247.0,0.0,9.0,189.0
SKU0084,2025-07-14,115,745848.6,0,0,Furnishings,48.0,387.0,9.0,189.0
SKU0084,2025-07-21,232,1504668.48,0,0,Furnishings,299.0,0.0,9.0,189.0
SKU0084,2025-07-28,178,1154443.92,0,0,Furnishings,437.0,0.0,9.0,189.0
SKU0084,2025-08-04,170,1102558.8,0,0,Furnishings,254.0,0.0,9.0,189.0
SKU0084,2025-08-11,175,1134987.0,0,1,Furnishings,90.0,382.0,9.0,189.0
SKU0084,2025-08-18,162,1050673.6800000002,0,0,Furnishings,320.0,0.0,9.0,189.0
SKU0084,2025-08-25,194,1258214.16,0,0,Furnishings,320.0,0.0,9.0,189.0
SKU0084,2025-09-01,155,1005274.2,0,0,Furnishings,45.0,416.0,9.0,189.0
SKU0084,2025-09-08,129,836647.56,0,0,Furnishings,319.0,0.0,9.0,189.0
SKU0084,2025-09-15,148,959874.72,0,0,Furnishings,174.0,407.0,9.0,189.0
SKU0084,2025-09-22,137,888532.68,0,0,Furnishings,450.0,0.0,9.0,189.0
SKU0084,2025-09-29,157,1018245.48,0,1,Furnishings,252.0,0.0,9.0,189.0
SKU0084,2025-10-06,140,907989.6,0,0,Furnishings,108.0,384.0,9.0,189.0
SKU0084,2025-10-13,255,1446622.0,1,0,Furnishings,336.0,0.0,9.0,189.0
SKU0084,2025-10-20,161,944957.75,1,0,Furnishings,33.0,398.0,9.0,189.0
SKU0084,2025-10-27,144,933932.16,0,1,Furnishings,279.0,0.0,9.0,189.0
SKU0084,2025-11-03,150,972846.0,0,0,Furnishings,116.0,418.0,9.0,189.0
SKU0084,2025-11-10,131,849618.84,0,0,Furnishings,406.0,0.0,9.0,189.0
SKU0084,2025-11-17,209,1355498.76,0,0,Furnishings,205.0,0.0,9.0,189.0
SKU0084,2025-11-24,182,1024731.12,1,0,Furnishings,205.0,0.0,9.0,189.0
SKU0084,2025-12-01,150,972846.0,1,0,Furnishings,1.0,446.0,9.0,189.0
SKU0084,2025-12-08,213,1381441.32,0,0,Furnishings,273.0,0.0,9.0,189.0
SKU0084,2025-12-15,109,706934.76,0,0,Furnishings,66.0,371.0,9.0,189.0
SKU0084,2025-12-22,225,1459269.0,0,1,Furnishings,319.0,0.0,9.0,189.0
SKU0085,2024-01-15,84,24238.2,0,0,Decor,239.0,0.0,12.0,222.0
SKU0085,2024-01-22,157,45302.35,0,1,Decor,239.0,0.0,12.0,222.0
SKU0085,2024-01-29,186,53670.3,0,0,Decor,438.0,0.0,12.0,222.0
SKU0085,2024-02-05,197,56844.35,0,0,Decor,250.0,0.0,12.0,222.0
SKU0085,2024-02-12,211,60884.05,0,0,Decor,516.0,0.0,12.0,222.0
SKU0085,2024-02-19,189,54535.95,0,0,Decor,314.0,0.0,12.0,222.0
SKU0085,2024-02-26,195,56267.25,0,0,Decor,107.0,446.0,12.0,222.0
SKU0085,2024-03-04,132,38088.6,0,0,Decor,419.0,0.0,12.0,222.0
SKU0085,2024-03-11,186,53670.3,0,0,Decor,205.0,408.0,12.0,222.0
SKU0085,2024-03-18,194,55978.7,0,0,Decor,446.0,0.0,12.0,222.0
SKU0085,2024-03-25,198,57132.9,0,0,Decor,446.0,0.0,12.0,222.0
SKU0085,2024-04-01,202,58287.1,0,0,Decor,538.0,0.0,12.0,222.0
SKU0085,2024-04-08,213,61461.15,0,0,Decor,332.0,0.0,12.0,222.0
SKU0085,2024-04-15,191,55113.05,0,0,Decor,468.0,0.0,12.0,222.0
SKU0085,2024-04-22,212,61172.6,0,0,Decor,261.0,0.0,12.0,222.0
SKU0085,2024-04-29,87,25103.85,0,0,Decor,1.0,533.0,12.0,222.0
SKU0085,2024-05-06,177,51073.35,0,0,Decor,452.0,0.0,12.0,222.0
SKU0085,2024-05-13,198,57132.9,0,0,Decor,267.0,0.0,12.0,222.0
SKU0085,2024-05-20,200,57710.0,0,0,Decor,609.0,0.0,12.0,222.0
SKU0085,2024-05-27,209,60306.95,0,0,Decor,317.0,0.0,12.0,222.0
SKU0085,2024-06-03,181,52227.55,0,0,Decor,132.0,386.0,12.0,222.0
SKU0085,2024-06-10,228,62023.82,1,0,Decor,302.0,0.0,12.0,222.0
SKU0085,2024-06-17,265,65169.03,1,0,Decor,1.0,503.0,12.0,222.0
SKU0085,2024-06-24,192,55401.6,0,0,Decor,1.0,503.0,12.0,222.0
SKU0085,2024-07-01,168,48476.4,0,0,Decor,280.0,0.0,12.0,222.0
SKU0085,2024-07-08,168,48476.4,0,0,Decor,638.0,0.0,12.0,222.0
SKU0085,2024-07-15,166,47899.3,0,0,Decor,476.0,0.0,12.0,222.0
SKU0085,2024-07-22,147,42416.85,0,0,Decor,305.0,0.0,12.0,222.0
SKU0085,2024-07-29,118,34048.9,0,0,Decor,535.0,0.0,12.0,222.0
SKU0085,2024-08-05,109,31451.95,0,0,Decor,430.0,0.0,12.0,222.0
SKU0085,2024-08-12,126,36357.3,0,1,Decor,310.0,0.0,12.0,222.0
SKU0085,2024-08-19,144,41551.200000000004,0,0,Decor,720.0,0.0,12.0,222.0
SKU0085,2024-08-26,120,34626.0,0,0,Decor,538.0,0.0,12.0,222.0
SKU0085,2024-09-02,88,25392.4,0,0,Decor,450.0,0.0,12.0,222.0
SKU0085,2024-09-09,115,33183.25,0,0,Decor,335.0,0.0,12.0,222.0
SKU0085,2024-09-16,108,31163.4,0,0,Decor,227.0,0.0,12.0,222.0
SKU0085,2024-09-23,107,30874.85,0,0,Decor,227.0,0.0,12.0,222.0
SKU0085,2024-09-30,74,21352.7,0,1,Decor,620.0,0.0,12.0,222.0
SKU0085,2024-10-07,101,29143.550000000003,0,0,Decor,527.0,0.0,12.0,222.0
SKU0085,2024-10-14,170,42301.43,1,0,Decor,429.0,0.0,12.0,222.0
SKU0085,2024-10-21,102,28566.45,1,0,Decor,266.0,0.0,12.0,222.0
SKU0085,2024-10-28,82,23661.1,0,1,Decor,138.0,384.0,12.0,222.0
SKU0085,2024-11-04,96,27700.800000000003,0,0,Decor,425.0,0.0,12.0,222.0
SKU0085,2024-11-11,102,29432.1,0,0,Decor,322.0,0.0,12.0,222.0
SKU0085,2024-11-18,102,29432.1,0,0,Decor,219.0,428.0,12.0,222.0
SKU0085,2024-11-25,191,46846.11,1,0,Decor,432.0,0.0,12.0,222.0
SKU0085,2024-12-02,118,34048.9,0,0,Decor,314.0,0.0,12.0,222.0
SKU0085,2024-12-09,139,40108.45,0,0,Decor,175.0,369.0,12.0,222.0
SKU0085,2024-12-16,148,42705.4,0,0,Decor,396.0,0.0,12.0,222.0
SKU0085,2024-12-23,118,34048.9,0,1,Decor,396.0,0.0,12.0,222.0
SKU0085,2024-12-30,240,60552.22,1,0,Decor,210.0,535.0,12.0,222.0
SKU0085,2025-01-06,37,9074.9,1,0,Decor,1.0,535.0,12.0,222.0
SKU0085,2025-01-13,124,35780.2,0,0,Decor,487.0,0.0,12.0,222.0
SKU0085,2025-01-20,141,40685.55,0,1,Decor,339.0,0.0,12.0,222.0
SKU0085,2025-01-27,139,40108.45,0,0,Decor,155.0,444.0,12.0,222.0
SKU0085,2025-02-03,190,54824.5,0,0,Decor,411.0,0.0,12.0,222.0
SKU0085,2025-02-10,179,51650.45,0,0,Decor,234.0,0.0,12.0,222.0
SKU0085,2025-02-17,207,59729.85,0,0,Decor,453.0,0.0,12.0,222.0
SKU0085,2025-02-24,182,52516.1,0,0,Decor,272.0,0.0,12.0,222.0
SKU0085,2025-03-03,209,60306.95,0,0,Decor,65.0,548.0,12.0,222.0
SKU0085,2025-03-10,82,23661.1,0,0,Decor,526.0,0.0,12.0,222.0
SKU0085,2025-03-17,225,64923.75,0,0,Decor,304.0,0.0,12.0,222.0
SKU0085,2025-03-24,210,60595.5,0,0,Decor,304.0,0.0,12.0,222.0
SKU0085,2025-03-31,220,63481.0,0,0,Decor,495.0,0.0,12.0,222.0
SKU0085,2025-04-07,189,54535.95,0,0,Decor,296.0,0.0,12.0,222.0
SKU0085,2025-04-14,188,54247.4,0,0,Decor,104.0,489.0,12.0,222.0
SKU0085,2025-04-21,228,65789.4,0,0,Decor,382.0,0.0,12.0,222.0
SKU0085,2025-04-28,203,58575.65,0,0,Decor,541.0,0.0,12.0,222.0
SKU0085,2025-05-05,182,52516.100000000006,0,0,Decor,356.0,0.0,12.0,222.0
SKU0085,2025-05-12,234,67520.7,0,0,Decor,136.0,457.0,12.0,222.0
SKU0085,2025-05-19,50,14427.500000000002,0,0,Decor,0.0,457.0,12.0,222.0
SKU0085,2025-05-26,218,62903.9,0,0,Decor,239.0,0.0,12.0,222.0
SKU0085,2025-06-02,192,55401.600000000006,0,0,Decor,434.0,0.0,12.0,222.0
SKU0085,2025-06-09,204,56873.21,1,0,Decor,230.0,0.0,12.0,222.0
SKU0085,2025-06-16,368,91253.95,1,0,Decor,298.0,0.0,12.0,222.0
SKU0085,2025-06-23,196,56555.8,0,0,Decor,298.0,0.0,12.0,222.0
SKU0085,2025-06-30,143,41262.65,0,0,Decor,606.0,0.0,12.0,222.0
SKU0085,2025-07-07,135,38954.25,0,0,Decor,464.0,0.0,12.0,222.0
SKU0085,2025-07-14,163,47033.65,0,0,Decor,334.0,0.0,12.0,222.0
SKU0085,2025-07-21,163,47033.65,0,0,Decor,158.0,442.0,12.0,222.0
SKU0085,2025-07-28,130,37511.5,0,0,Decor,396.0,0.0,12.0,222.0
SKU0085,2025-08-04,95,27412.25,0,0,Decor,292.0,0.0,12.0,222.0
SKU0085,2025-08-11,133,38377.15,0,1,Decor,152.0,444.0,12.0,222.0
SKU0085,2025-08-18,112,32317.6,0,0,Decor,510.0,0.0,12.0,222.0
SKU0085,2025-08-25,124,35780.2,0,0,Decor,510.0,0.0,12.0,222.0
SKU0085,2025-09-01,121,34914.55,0,0,Decor,330.0,0.0,12.0,222.0
SKU0085,2025-09-08,114,32894.7,0,0,Decor,215.0,536.0,12.0,222.0
SKU0085,2025-09-15,84,24238.2,0,0,Decor,642.0,0.0,12.0,222.0
SKU0085,2025-09-22,104,30009.2,0,0,Decor,544.0,0.0,12.0,222.0
SKU0085,2025-09-29,81,23372.55,0,1,Decor,407.0,0.0,12.0,222.0
SKU0085,2025-10-06,85,24526.75,0,0,Decor,346.0,0.0,12.0,222.0
SKU0085,2025-10-13,146,37280.659999999996,1,0,Decor,238.0,0.0,12.0,222.0
SKU0085,2025-10-20,83,22261.629999999997,1,0,Decor,99.0,542.0,12.0,222.0
SKU0085,2025-10-27,90,25969.5,0,1,Decor,518.0,0.0,12.0,222.0
SKU0085,2025-11-03,109,31451.95,0,0,Decor,423.0,0.0,12.0,222.0
SKU0085,2025-11-10,113,32606.149999999998,0,0,Decor,311.0,0.0,12.0,222.0
SKU0085,2025-11-17,103,29720.65,0,0,Decor,668.0,0.0,12.0,222.0
SKU0085,2025-11-24,176,43859.62,1,0,Decor,668.0,0.0,12.0,222.0
SKU0085,2025-12-01,157,43917.31,1,0,Decor,452.0,0.0,12.0,222.0
SKU0085,2025-12-08,121,34914.55,0,0,Decor,311.0,0.0,12.0,222.0
SKU0085,2025-12-15,129,37222.95,0,0,Decor,542.0,0.0,12.0,222.0
SKU0085,2025-12-22,116,33471.8,0,1,Decor,416.0,0.0,12.0,222.0
SKU0086,2024-04-29,267,1713058.6500000001,0,0,Small Appliances,236.0,666.0,9.0,377.0
SKU0086,2024-05-06,244,1565491.8,0,0,Small Appliances,667.0,0.0,9.0,377.0
SKU0086,2024-05-13,277,1777218.1500000001,0,0,Small Appliances,375.0,778.0,9.0,377.0
SKU0086,2024-05-20,234,1501332.3,0,0,Small Appliances,894.0,0.0,9.0,377.0
SKU0086,2024-05-27,288,1847793.6,0,0,Small Appliances,518.0,0.0,9.0,377.0
SKU0086,2024-06-03,254,1629651.3,0,0,Small Appliances,268.0,794.0,9.0,377.0
SKU0086,2024-06-10,292,1770481.4,1,0,Small Appliances,789.0,0.0,9.0,377.0
SKU0086,2024-06-17,407,2260980.7800000003,1,0,Small Appliances,1009.0,0.0,9.0,377.0
SKU0086,2024-06-24,256,1642483.2,0,0,Small Appliances,1009.0,0.0,9.0,377.0
SKU0086,2024-07-01,243,1559075.85,0,0,Small Appliances,694.0,0.0,9.0,377.0
SKU0086,2024-07-08,223,1430756.85,0,0,Small Appliances,459.0,0.0,9.0,377.0
SKU0086,2024-07-15,273,1751554.35,0,0,Small Appliances,224.0,634.0,9.0,377.0
SKU0086,2024-07-22,217,1392261.15,0,0,Small Appliances,589.0,0.0,9.0,377.0
SKU0086,2024-07-29,246,1578323.7,0,0,Small Appliances,253.0,820.0,9.0,377.0
SKU0086,2024-08-05,274,1757970.3,0,0,Small Appliances,794.0,0.0,9.0,377.0
SKU0086,2024-08-12,193,1238278.35,0,1,Small Appliances,582.0,0.0,9.0,377.0
SKU0086,2024-08-19,258,1655315.1,0,0,Small Appliances,353.0,814.0,9.0,377.0
SKU0086,2024-08-26,283,1815713.8499999999,0,0,Small Appliances,786.0,0.0,9.0,377.0
SKU0086,2024-09-02,222,1424340.9,0,0,Small Appliances,564.0,0.0,9.0,377.0
SKU0086,2024-09-09,222,1424340.9000000001,0,0,Small Appliances,342.0,717.0,9.0,377.0
SKU0086,2024-09-16,230,1475668.5,0,0,Small Appliances,829.0,0.0,9.0,377.0
SKU0086,2024-09-23,224,1437172.8,0,0,Small Appliances,829.0,0.0,9.0,377.0
SKU0086,2024-09-30,200,1283190.0,0,1,Small Appliances,549.0,0.0,9.0,377.0
SKU0086,2024-10-07,256,1642483.2,0,0,Small Appliances,1159.0,0.0,9.0,377.0
SKU0086,2024-10-14,383,2128170.62,1,0,Small Appliances,871.0,0.0,9.0,377.0
SKU0086,2024-10-21,223,1382637.35,1,0,Small Appliances,520.0,0.0,9.0,377.0
SKU0086,2024-10-28,183,1174118.85,0,1,Small Appliances,253.0,756.0,9.0,377.0
SKU0086,2024-11-04,231,1482084.45,0,0,Small Appliances,756.0,0.0,9.0,377.0
SKU0086,2024-11-11,214,1373013.3,0,0,Small Appliances,548.0,0.0,9.0,377.0
SKU0086,2024-11-18,215,1379429.25,0,0,Small Appliances,1132.0,0.0,9.0,377.0
SKU0086,2024-11-25,422,2301401.27,1,0,Small Appliances,654.0,0.0,9.0,377.0
SKU0086,2024-12-02,254,1629651.3,0,0,Small Appliances,400.0,0.0,9.0,377.0
SKU0086,2024-12-09,217,1392261.15,0,0,Small Appliances,183.0,595.0,9.0,377.0
SKU0086,2024-12-16,215,1379429.25,0,0,Small Appliances,563.0,0.0,9.0,377.0
SKU0086,2024-12-23,240,1539828.0,0,1,Small Appliances,563.0,0.0,9.0,377.0
SKU0086,2024-12-30,319,1792616.43,1,0,Small Appliances,207.0,812.0,9.0,377.0
SKU0086,2025-01-06,210,1286718.77,1,0,Small Appliances,709.0,0.0,9.0,377.0
SKU0086,2025-01-13,256,1642483.2,0,0,Small Appliances,489.0,0.0,9.0,377.0
SKU0086,2025-01-20,252,1616819.4,0,1,Small Appliances,236.0,830.0,9.0,377.0
SKU0086,2025-01-27,232,1488500.4,0,0,Small Appliances,702.0,0.0,9.0,377.0
SKU0086,2025-02-03,268,1719474.6,0,0,Small Appliances,451.0,0.0,9.0,377.0
SKU0086,2025-02-10,271,1738722.45,0,0,Small Appliances,194.0,597.0,9.0,377.0
SKU0086,2025-02-17,241,1546243.95,0,0,Small Appliances,541.0,0.0,9.0,377.0
SKU0086,2025-02-24,270,1732306.5,0,0,Small Appliances,916.0,0.0,9.0,377.0
SKU0086,2025-03-03,265,1700226.75,0,0,Small Appliances,647.0,0.0,9.0,377.0
SKU0086,2025-03-10,251,1610403.45,0,0,Small Appliances,395.0,0.0,9.0,377.0
SKU0086,2025-03-17,255,1636067.25,0,0,Small Appliances,808.0,0.0,9.0,377.0
SKU0086,2025-03-24,227,1456420.6500000001,0,0,Small Appliances,808.0,0.0,9.0,377.0
SKU0086,2025-03-31,239,1533412.05,0,0,Small Appliances,473.0,0.0,9.0,377.0
SKU0086,2025-04-07,220,1411509.0,0,0,Small Appliances,886.0,0.0,9.0,377.0
SKU0086,2025-04-14,259,1661731.05,0,0,Small Appliances,690.0,0.0,9.0,377.0
SKU0086,2025-04-21,284,1822129.8,0,0,Small Appliances,425.0,0.0,9.0,377.0
SKU0086,2025-04-28,234,1501332.3,0,0,Small Appliances,858.0,0.0,9.0,377.0
SKU0086,2025-05-05,236,1514164.2,0,0,Small Appliances,610.0,0.0,9.0,377.0
SKU0086,2025-05-12,250,1603987.5,0,0,Small Appliances,385.0,0.0,9.0,377.0
SKU0086,2025-05-19,270,1732306.5,0,0,Small Appliances,801.0,0.0,9.0,377.0
SKU0086,2025-05-26,273,1751554.35,0,0,Small Appliances,434.0,0.0,9.0,377.0
SKU0086,2025-06-02,239,1533412.05,0,0,Small Appliances,929.0,0.0,9.0,377.0
SKU0086,2025-06-09,261,1629330.5,1,0,Small Appliances,668.0,0.0,9.0,377.0
SKU0086,2025-06-16,411,2273171.09,1,0,Small Appliances,257.0,890.0,9.0,377.0
SKU0086,2025-06-23,266,1706642.7,0,0,Small Appliances,257.0,890.0,9.0,377.0
SKU0086,2025-06-30,204,1308853.8,0,0,Small Appliances,833.0,0.0,9.0,377.0
SKU0086,2025-07-07,214,1373013.3,0,0,Small Appliances,610.0,0.0,9.0,377.0
SKU0086,2025-07-14,237,1520580.15,0,0,Small Appliances,379.0,0.0,9.0,377.0
SKU0086,2025-07-21,186,1193366.7,0,0,Small Appliances,179.0,821.0,9.0,377.0
SKU0086,2025-07-28,207,1328101.65,0,0,Small Appliances,693.0,0.0,9.0,377.0
SKU0086,2025-08-04,166,1065047.7,0,0,Small Appliances,512.0,0.0,9.0,377.0
SKU0086,2025-08-11,238,1526996.1,0,1,Small Appliances,315.0,745.0,9.0,377.0
SKU0086,2025-08-18,244,1565491.8,0,0,Small Appliances,821.0,0.0,9.0,377.0
SKU0086,2025-08-25,224,1437172.8,0,0,Small Appliances,821.0,0.0,9.0,377.0
SKU0086,2025-09-01,218,1398677.0999999999,0,0,Small Appliances,494.0,0.0,9.0,377.0
SKU0086,2025-09-08,232,1488500.4,0,0,Small Appliances,942.0,0.0,9.0,377.0
SKU0086,2025-09-15,191,1225446.45,0,0,Small Appliances,737.0,0.0,9.0,377.0
SKU0086,2025-09-22,242,1552659.9,0,0,Small Appliances,538.0,0.0,9.0,377.0
SKU0086,2025-09-29,194,1244694.3,0,1,Small Appliances,228.0,819.0,9.0,377.0
SKU0086,2025-10-06,230,1475668.5,0,0,Small Appliances,852.0,0.0,9.0,377.0
SKU0086,2025-10-13,316,1783954.8900000001,1,0,Small Appliances,594.0,0.0,9.0,377.0
SKU0086,2025-10-20,249,1486896.41,1,0,Small Appliances,920.0,0.0,9.0,377.0
SKU0086,2025-10-27,199,1276774.05,0,1,Small Appliances,661.0,0.0,9.0,377.0
SKU0086,2025-11-03,203,1302437.85,0,0,Small Appliances,454.0,0.0,9.0,377.0
SKU0086,2025-11-10,166,1065047.7,0,0,Small Appliances,283.0,895.0,9.0,377.0
SKU0086,2025-11-17,235,1507748.25,0,0,Small Appliances,960.0,0.0,9.0,377.0
SKU0086,2025-11-24,315,1753479.13,1,0,Small Appliances,960.0,0.0,9.0,377.0
SKU0086,2025-12-01,241,1483688.44,1,0,Small Appliances,544.0,0.0,9.0,377.0
SKU0086,2025-12-08,251,1610403.45,0,0,Small Appliances,314.0,832.0,9.0,377.0
SKU0086,2025-12-15,178,1142039.1,0,0,Small Appliances,915.0,0.0,9.0,377.0
SKU0086,2025-12-22,207,1328101.6500000001,0,1,Small Appliances,729.0,0.0,9.0,377.0
SKU0087,2025-01-20,27,224195.31,0,1,Small Appliances,98.0,0.0,16.0,81.0
SKU0087,2025-01-27,38,315534.14,0,0,Small Appliances,51.0,48.0,16.0,81.0
SKU0087,2025-02-03,41,340444.73,0,0,Small Appliances,59.0,45.0,16.0,81.0
SKU0087,2025-02-10,44,365355.32,0,0,Small Appliances,14.0,45.0,16.0,81.0
SKU0087,2025-02-17,13,107945.89,0,0,Small Appliances,45.0,43.0,16.0,81.0
SKU0087,2025-02-24,40,332141.2,0,0,Small Appliances,5.0,43.0,16.0,81.0
SKU0087,2025-03-03,0,0.0,0,0,Small Appliances,0.0,43.0,16.0,81.0
SKU0087,2025-03-10,37,307230.61,0,0,Small Appliances,13.0,48.0,16.0,81.0
SKU0087,2025-03-17,6,49821.18,0,0,Small Appliances,1.0,48.0,16.0,81.0
SKU0087,2025-03-24,20,166070.6,0,0,Small Appliances,1.0,48.0,16.0,81.0
SKU0087,2025-03-31,28,232498.84,0,0,Small Appliances,15.0,56.0,16.0,81.0
SKU0087,2025-04-07,10,83035.3,0,0,Small Appliances,1.0,56.0,16.0,81.0
SKU0087,2025-04-14,44,365355.32,0,0,Small Appliances,35.0,56.0,16.0,81.0
SKU0087,2025-04-21,2,16607.06,0,0,Small Appliances,1.0,56.0,16.0,81.0
SKU0087,2025-04-28,43,357051.79,0,0,Small Appliances,26.0,63.0,16.0,81.0
SKU0087,2025-05-05,14,116249.42,0,0,Small Appliances,0.0,63.0,16.0,81.0
SKU0087,2025-05-12,25,207588.25,0,0,Small Appliances,50.0,48.0,16.0,81.0
SKU0087,2025-05-19,37,307230.61,0,0,Small Appliances,15.0,48.0,16.0,81.0
SKU0087,2025-05-26,12,99642.36,0,0,Small Appliances,38.0,46.0,16.0,81.0
SKU0087,2025-06-02,30,249105.90000000002,0,0,Small Appliances,8.0,46.0,16.0,81.0
SKU0087,2025-06-09,12,93414.70999999999,1,0,Small Appliances,42.0,0.0,16.0,81.0
SKU0087,2025-06-16,41,289378.0,1,0,Small Appliances,1.0,33.0,16.0,81.0
SKU0087,2025-06-23,0,0.0,0,0,Small Appliances,1.0,33.0,16.0,81.0
SKU0087,2025-06-30,16,132856.48,0,0,Small Appliances,31.0,63.0,16.0,81.0
SKU0087,2025-07-07,18,149463.54,0,0,Small Appliances,11.0,63.0,16.0,81.0
SKU0087,2025-07-14,10,83035.3,0,0,Small Appliances,0.0,63.0,16.0,81.0
SKU0087,2025-07-21,19,157767.07,0,0,Small Appliances,46.0,50.0,16.0,81.0
SKU0087,2025-07-28,24,199284.72,0,0,Small Appliances,66.0,0.0,16.0,81.0
SKU0087,2025-08-04,13,107945.89,0,0,Small Appliances,48.0,45.0,16.0,81.0
SKU0087,2025-08-11,13,107945.89,0,1,Small Appliances,38.0,45.0,16.0,81.0
SKU0087,2025-08-18,15,124552.95000000001,0,0,Small Appliances,66.0,52.0,16.0,81.0
SKU0087,2025-08-25,13,107945.89,0,0,Small Appliances,66.0,52.0,16.0,81.0
SKU0087,2025-09-01,9,74731.77,0,0,Small Appliances,49.0,52.0,16.0,81.0
SKU0087,2025-09-08,12,99642.36,0,0,Small Appliances,92.0,0.0,16.0,81.0
SKU0087,2025-09-15,13,107945.89,0,0,Small Appliances,81.0,46.0,16.0,81.0
SKU0087,2025-09-22,8,66428.24,0,0,Small Appliances,115.0,0.0,16.0,81.0
SKU0087,2025-09-29,8,66428.24,0,1,Small Appliances,102.0,0.0,16.0,81.0
SKU0087,2025-10-06,7,58124.71000000001,0,0,Small Appliances,97.0,0.0,16.0,81.0
SKU0087,2025-10-13,8,57709.53,1,0,Small Appliances,89.0,0.0,16.0,81.0
SKU0087,2025-10-20,13,101718.24,1,0,Small Appliances,76.0,0.0,16.0,81.0
SKU0087,2025-10-27,8,66428.24,0,1,Small Appliances,64.0,47.0,16.0,81.0
SKU0087,2025-11-03,10,83035.3,0,0,Small Appliances,102.0,0.0,16.0,81.0
SKU0087,2025-11-10,4,33214.12,0,0,Small Appliances,96.0,0.0,16.0,81.0
SKU0087,2025-11-17,5,41517.65,0,0,Small Appliances,94.0,0.0,16.0,81.0
SKU0087,2025-11-24,10,70580.0,1,0,Small Appliances,94.0,0.0,16.0,81.0
SKU0087,2025-12-01,9,73486.24,1,0,Small Appliances,80.0,0.0,16.0,81.0
SKU0087,2025-12-08,3,24910.59,0,0,Small Appliances,111.0,0.0,16.0,81.0
SKU0087,2025-12-15,6,49821.18000000001,0,0,Small Appliances,109.0,0.0,16.0,81.0
SKU0087,2025-12-22,6,49821.18000000001,0,1,Small Appliances,103.0,0.0,16.0,81.0
SKU0088,2024-02-26,40,233929.6,0,0,Furnishings,1.0,585.0,26.0,791.0
SKU0088,2024-03-04,68,397680.32,0,0,Furnishings,1.0,585.0,26.0,791.0
SKU0088,2024-03-11,0,0.0,0,0,Furnishings,1.0,585.0,26.0,791.0
SKU0088,2024-03-18,0,0.0,0,0,Furnishings,1.0,585.0,26.0,791.0
SKU0088,2024-03-25,73,426921.52,0,0,Furnishings,1.0,585.0,26.0,791.0
SKU0088,2024-04-01,362,2117062.88,0,0,Furnishings,456.0,523.0,26.0,791.0
SKU0088,2024-04-08,150,877236.0,0,0,Furnishings,105.0,523.0,26.0,791.0
SKU0088,2024-04-15,0,0.0,0,0,Furnishings,1.0,523.0,26.0,791.0
SKU0088,2024-04-22,140,818753.6,0,0,Furnishings,1.0,523.0,26.0,791.0
SKU0088,2024-04-29,336,1965008.6400000001,0,0,Furnishings,239.0,463.0,26.0,791.0
SKU0088,2024-05-06,48,280715.52,0,0,Furnishings,0.0,463.0,26.0,791.0
SKU0088,2024-05-13,0,0.0,0,0,Furnishings,0.0,463.0,26.0,791.0
SKU0088,2024-05-20,306,1789561.44,0,0,Furnishings,357.0,406.0,26.0,791.0
SKU0088,2024-05-27,157,918173.6799999999,0,0,Furnishings,0.0,406.0,26.0,791.0
SKU0088,2024-06-03,0,0.0,0,0,Furnishings,0.0,406.0,26.0,791.0
SKU0088,2024-06-10,55,273405.22,1,0,Furnishings,406.0,522.0,26.0,791.0
SKU0088,2024-06-17,351,1744822.4,1,0,Furnishings,0.0,522.0,26.0,791.0
SKU0088,2024-06-24,0,0.0,0,0,Furnishings,0.0,522.0,26.0,791.0
SKU0088,2024-07-01,0,0.0,0,0,Furnishings,0.0,522.0,26.0,791.0
SKU0088,2024-07-08,41,239777.84,0,0,Furnishings,0.0,522.0,26.0,791.0
SKU0088,2024-07-15,276,1614114.24,0,0,Furnishings,454.0,487.0,26.0,791.0
SKU0088,2024-07-22,205,1198889.2,0,0,Furnishings,163.0,487.0,26.0,791.0
SKU0088,2024-07-29,0,0.0,0,0,Furnishings,0.0,487.0,26.0,791.0
SKU0088,2024-08-05,166,970807.84,0,0,Furnishings,428.0,487.0,26.0,791.0
SKU0088,2024-08-12,231,1350943.44,0,1,Furnishings,157.0,487.0,26.0,791.0
SKU0088,2024-08-19,90,526341.6,0,0,Furnishings,1.0,487.0,26.0,791.0
SKU0088,2024-08-26,0,0.0,0,0,Furnishings,487.0,0.0,26.0,791.0
SKU0088,2024-09-02,195,1140406.8,0,0,Furnishings,292.0,335.0,26.0,791.0
SKU0088,2024-09-09,238,1391881.12,0,0,Furnishings,54.0,335.0,26.0,791.0
SKU0088,2024-09-16,54,315804.96,0,0,Furnishings,0.0,335.0,26.0,791.0
SKU0088,2024-09-23,53,309956.72,0,0,Furnishings,0.0,335.0,26.0,791.0
SKU0088,2024-09-30,197,1152103.28,0,1,Furnishings,226.0,586.0,26.0,791.0
SKU0088,2024-10-07,84,491252.16000000003,0,0,Furnishings,49.0,586.0,26.0,791.0
SKU0088,2024-10-14,0,0.0,1,0,Furnishings,1.0,586.0,26.0,791.0
SKU0088,2024-10-21,112,655002.88,1,0,Furnishings,1.0,586.0,26.0,791.0
SKU0088,2024-10-28,216,1263219.84,0,1,Furnishings,309.0,395.0,26.0,791.0
SKU0088,2024-11-04,219,1280764.56,0,0,Furnishings,80.0,395.0,26.0,791.0
SKU0088,2024-11-11,40,233929.6,0,0,Furnishings,0.0,395.0,26.0,791.0
SKU0088,2024-11-18,193,1128710.3199999998,0,0,Furnishings,283.0,335.0,26.0,791.0
SKU0088,2024-11-25,202,1004142.81,1,0,Furnishings,1.0,335.0,26.0,791.0
SKU0088,2024-12-02,0,0.0,0,0,Furnishings,1.0,335.0,26.0,791.0
SKU0088,2024-12-09,37,216384.88,0,0,Furnishings,299.0,0.0,26.0,791.0
SKU0088,2024-12-16,263,1538087.12,0,0,Furnishings,36.0,576.0,26.0,791.0
SKU0088,2024-12-23,36,210536.64,0,1,Furnishings,36.0,576.0,26.0,791.0
SKU0088,2024-12-30,0,0.0,1,0,Furnishings,0.0,576.0,26.0,791.0
SKU0088,2025-01-06,114,666699.36,1,0,Furnishings,0.0,576.0,26.0,791.0
SKU0088,2025-01-13,367,2146304.08,0,0,Furnishings,280.0,425.0,26.0,791.0
SKU0088,2025-01-20,95,555582.8,0,1,Furnishings,0.0,425.0,26.0,791.0
SKU0088,2025-01-27,0,0.0,0,0,Furnishings,0.0,425.0,26.0,791.0
SKU0088,2025-02-03,268,1567328.32,0,0,Furnishings,204.0,621.0,26.0,791.0
SKU0088,2025-02-10,156,912325.44,0,0,Furnishings,1.0,621.0,26.0,791.0
SKU0088,2025-02-17,0,0.0,0,0,Furnishings,1.0,621.0,26.0,791.0
SKU0088,2025-02-24,0,0.0,0,0,Furnishings,1.0,621.0,26.0,791.0
SKU0088,2025-03-03,388,2269117.12,0,0,Furnishings,286.0,599.0,26.0,791.0
SKU0088,2025-03-10,234,1368488.1600000001,0,0,Furnishings,0.0,599.0,26.0,791.0
SKU0088,2025-03-17,0,0.0,0,0,Furnishings,0.0,599.0,26.0,791.0
SKU0088,2025-03-24,135,789512.3999999999,0,0,Furnishings,0.0,599.0,26.0,791.0
SKU0088,2025-03-31,443,2590770.32,0,0,Furnishings,314.0,590.0,26.0,791.0
SKU0088,2025-04-07,20,116964.8,0,0,Furnishings,1.0,590.0,26.0,791.0
SKU0088,2025-04-14,0,0.0,0,0,Furnishings,1.0,590.0,26.0,791.0
SKU0088,2025-04-21,218,1274916.32,0,0,Furnishings,1.0,590.0,26.0,791.0
SKU0088,2025-04-28,373,2181393.52,0,0,Furnishings,130.0,356.0,26.0,791.0
SKU0088,2025-05-05,0,0.0,0,0,Furnishings,0.0,356.0,26.0,791.0
SKU0088,2025-05-12,0,0.0,0,0,Furnishings,0.0,356.0,26.0,791.0
SKU0088,2025-05-19,353,2064428.72,0,0,Furnishings,157.0,324.0,26.0,791.0
SKU0088,2025-05-26,2,11696.48,0,0,Furnishings,1.0,324.0,26.0,791.0
SKU0088,2025-06-02,0,0.0,0,0,Furnishings,1.0,324.0,26.0,791.0
SKU0088,2025-06-09,85,422535.34,1,0,Furnishings,239.0,599.0,26.0,791.0
SKU0088,2025-06-16,239,1188069.96,1,0,Furnishings,0.0,599.0,26.0,791.0
SKU0088,2025-06-23,0,0.0,0,0,Furnishings,0.0,599.0,26.0,791.0
SKU0088,2025-06-30,0,0.0,0,0,Furnishings,0.0,599.0,26.0,791.0
SKU0088,2025-07-07,140,818753.6,0,0,Furnishings,0.0,599.0,26.0,791.0
SKU0088,2025-07-14,400,2339296.0,0,0,Furnishings,331.0,502.0,26.0,791.0
SKU0088,2025-07-21,59,345046.16,0,0,Furnishings,0.0,502.0,26.0,791.0
SKU0088,2025-07-28,0,0.0,0,0,Furnishings,0.0,502.0,26.0,791.0
SKU0088,2025-08-04,253,1479604.72,0,0,Furnishings,346.0,356.0,26.0,791.0
SKU0088,2025-08-11,248,1450363.52,0,1,Furnishings,48.0,356.0,26.0,791.0
SKU0088,2025-08-18,0,0.0,0,0,Furnishings,1.0,356.0,26.0,791.0
SKU0088,2025-08-25,0,0.0,0,0,Furnishings,1.0,356.0,26.0,791.0
SKU0088,2025-09-01,277,1619962.48,0,0,Furnishings,317.0,459.0,26.0,791.0
SKU0088,2025-09-08,80,467859.2,0,0,Furnishings,65.0,459.0,26.0,791.0
SKU0088,2025-09-15,0,0.0,0,0,Furnishings,0.0,459.0,26.0,791.0
SKU0088,2025-09-22,58,339197.92,0,0,Furnishings,0.0,459.0,26.0,791.0
SKU0088,2025-09-29,337,1970856.88,0,1,Furnishings,245.0,421.0,26.0,791.0
SKU0088,2025-10-06,63,368439.12,0,0,Furnishings,1.0,421.0,26.0,791.0
SKU0088,2025-10-13,0,0.0,1,0,Furnishings,1.0,421.0,26.0,791.0
SKU0088,2025-10-20,157,918173.6799999999,1,0,Furnishings,422.0,398.0,26.0,791.0
SKU0088,2025-10-27,245,1432818.8,0,1,Furnishings,29.0,398.0,26.0,791.0
SKU0088,2025-11-03,20,116964.8,0,0,Furnishings,0.0,398.0,26.0,791.0
SKU0088,2025-11-10,0,0.0,0,0,Furnishings,0.0,398.0,26.0,791.0
SKU0088,2025-11-17,177,1035138.48,0,0,Furnishings,258.0,496.0,26.0,791.0
SKU0088,2025-11-24,221,1145962.62,1,0,Furnishings,258.0,496.0,26.0,791.0
SKU0088,2025-12-01,0,0.0,1,0,Furnishings,0.0,496.0,26.0,791.0
SKU0088,2025-12-08,42,245626.08,0,0,Furnishings,0.0,496.0,26.0,791.0
SKU0088,2025-12-15,328,1918222.72,0,0,Furnishings,396.0,475.0,26.0,791.0
SKU0088,2025-12-22,126,736878.24,0,1,Furnishings,48.0,475.0,26.0,791.0
SKU0089,2024-03-18,297,1820007.09,0,0,Small Appliances,53.0,1073.0,18.0,561.0
SKU0089,2024-03-25,0,0.0,0,0,Small Appliances,53.0,1073.0,18.0,561.0
SKU0089,2024-04-01,120,735356.3999999999,0,0,Small Appliances,0.0,1073.0,18.0,561.0
SKU0089,2024-04-08,367,2248964.9899999998,0,0,Small Appliances,907.0,0.0,18.0,561.0
SKU0089,2024-04-15,330,2022230.1,0,0,Small Appliances,548.0,1025.0,18.0,561.0
SKU0089,2024-04-22,334,2046741.98,0,0,Small Appliances,221.0,1025.0,18.0,561.0
SKU0089,2024-04-29,354,2169301.38,0,0,Small Appliances,777.0,0.0,18.0,561.0
SKU0089,2024-05-06,328,2009974.16,0,0,Small Appliances,426.0,1220.0,18.0,561.0
SKU0089,2024-05-13,342,2095765.74,0,0,Small Appliances,1320.0,0.0,18.0,561.0
SKU0089,2024-05-20,320,1960950.4,0,0,Small Appliances,960.0,0.0,18.0,561.0
SKU0089,2024-05-27,280,1715831.6,0,0,Small Appliances,570.0,0.0,18.0,561.0
SKU0089,2024-06-03,289,1770983.33,0,0,Small Appliances,287.0,1050.0,18.0,561.0
SKU0089,2024-06-10,253,1548538.02,1,0,Small Appliances,0.0,1050.0,18.0,561.0
SKU0089,2024-06-17,479,2543720.35,1,0,Small Appliances,605.0,0.0,18.0,561.0
SKU0089,2024-06-24,235,1440072.95,0,0,Small Appliances,605.0,0.0,18.0,561.0
SKU0089,2024-07-01,271,1660679.87,0,0,Small Appliances,306.0,1263.0,18.0,561.0
SKU0089,2024-07-08,243,1489096.71,0,0,Small Appliances,1285.0,0.0,18.0,561.0
SKU0089,2024-07-15,255,1562632.35,0,0,Small Appliances,1035.0,0.0,18.0,561.0
SKU0089,2024-07-22,186,1139802.42,0,0,Small Appliances,794.0,0.0,18.0,561.0
SKU0089,2024-07-29,177,1084650.69,0,0,Small Appliances,495.0,1047.0,18.0,561.0
SKU0089,2024-08-05,174,1066266.78,0,0,Small Appliances,328.0,1047.0,18.0,561.0
SKU0089,2024-08-12,186,1139802.42,0,1,Small Appliances,1224.0,0.0,18.0,561.0
SKU0089,2024-08-19,132,808892.04,0,0,Small Appliances,1078.0,0.0,18.0,561.0
SKU0089,2024-08-26,165,1011115.0499999999,0,0,Small Appliances,858.0,0.0,18.0,561.0
SKU0089,2024-09-02,173,1060138.81,0,0,Small Appliances,685.0,0.0,18.0,561.0
SKU0089,2024-09-09,139,851787.83,0,0,Small Appliances,546.0,1233.0,18.0,561.0
SKU0089,2024-09-16,143,876299.71,0,0,Small Appliances,403.0,1233.0,18.0,561.0
SKU0089,2024-09-23,135,827275.95,0,0,Small Appliances,403.0,1233.0,18.0,561.0
SKU0089,2024-09-30,160,980475.2,0,1,Small Appliances,229.0,1233.0,18.0,561.0
SKU0089,2024-10-07,136,833403.92,0,0,Small Appliances,1302.0,0.0,18.0,561.0
SKU0089,2024-10-14,231,1216095.47,1,0,Small Appliances,1152.0,0.0,18.0,561.0
SKU0089,2024-10-21,148,874767.72,1,0,Small Appliances,919.0,0.0,18.0,561.0
SKU0089,2024-10-28,94,576029.1799999999,0,1,Small Appliances,753.0,0.0,18.0,561.0
SKU0089,2024-11-04,148,906939.56,0,0,Small Appliances,621.0,0.0,18.0,561.0
SKU0089,2024-11-11,133,815020.01,0,0,Small Appliances,473.0,1251.0,18.0,561.0
SKU0089,2024-11-18,164,1004987.0800000001,0,0,Small Appliances,329.0,1251.0,18.0,561.0
SKU0089,2024-11-25,252,1312611.17,1,0,Small Appliances,1285.0,0.0,18.0,561.0
SKU0089,2024-12-02,188,1152058.36,0,0,Small Appliances,1097.0,0.0,18.0,561.0
SKU0089,2024-12-09,164,1004987.0800000001,0,0,Small Appliances,933.0,0.0,18.0,561.0
SKU0089,2024-12-16,188,1152058.36,0,0,Small Appliances,745.0,0.0,18.0,561.0
SKU0089,2024-12-23,178,1090778.66,0,1,Small Appliances,745.0,0.0,18.0,561.0
SKU0089,2024-12-30,357,1949613.66,1,0,Small Appliances,1320.0,0.0,18.0,561.0
SKU0089,2025-01-06,362,2043677.99,1,0,Small Appliances,883.0,0.0,18.0,561.0
SKU0089,2025-01-13,238,1458456.8599999999,0,0,Small Appliances,635.0,0.0,18.0,561.0
SKU0089,2025-01-20,206,1262361.82,0,1,Small Appliances,407.0,1077.0,18.0,561.0
SKU0089,2025-01-27,239,1464584.83,0,0,Small Appliances,112.0,1077.0,18.0,561.0
SKU0089,2025-02-03,193,1182698.21,0,0,Small Appliances,993.0,0.0,18.0,561.0
SKU0089,2025-02-10,271,1660679.87,0,0,Small Appliances,727.0,0.0,18.0,561.0
SKU0089,2025-02-17,276,1691319.72,0,0,Small Appliances,424.0,1103.0,18.0,561.0
SKU0089,2025-02-24,291,1783239.27,0,0,Small Appliances,1263.0,0.0,18.0,561.0
SKU0089,2025-03-03,304,1862902.88,0,0,Small Appliances,979.0,0.0,18.0,561.0
SKU0089,2025-03-10,308,1887414.76,0,0,Small Appliances,655.0,0.0,18.0,561.0
SKU0089,2025-03-17,309,1893542.73,0,0,Small Appliances,341.0,906.0,18.0,561.0
SKU0089,2025-03-24,310,1899670.7,0,0,Small Appliances,341.0,906.0,18.0,561.0
SKU0089,2025-03-31,273,1672935.81,0,0,Small Appliances,847.0,0.0,18.0,561.0
SKU0089,2025-04-07,373,2285732.81,0,0,Small Appliances,511.0,1287.0,18.0,561.0
SKU0089,2025-04-14,345,2114149.65,0,0,Small Appliances,162.0,1287.0,18.0,561.0
SKU0089,2025-04-21,301,1844518.97,0,0,Small Appliances,1116.0,0.0,18.0,561.0
SKU0089,2025-04-28,355,2175429.35,0,0,Small Appliances,667.0,0.0,18.0,561.0
SKU0089,2025-05-05,350,2144789.5,0,0,Small Appliances,1448.0,0.0,18.0,561.0
SKU0089,2025-05-12,302,1850646.94,0,0,Small Appliances,1114.0,0.0,18.0,561.0
SKU0089,2025-05-19,317,1942566.49,0,0,Small Appliances,789.0,0.0,18.0,561.0
SKU0089,2025-05-26,327,2003846.19,0,0,Small Appliances,358.0,1060.0,18.0,561.0
SKU0089,2025-06-02,334,2046741.98,0,0,Small Appliances,24.0,1060.0,18.0,561.0
SKU0089,2025-06-09,189,1107630.58,1,0,Small Appliances,896.0,0.0,18.0,561.0
SKU0089,2025-06-16,457,2412581.79,1,0,Small Appliances,439.0,1158.0,18.0,561.0
SKU0089,2025-06-23,329,2016102.1300000001,0,0,Small Appliances,439.0,1158.0,18.0,561.0
SKU0089,2025-06-30,192,1176570.24,0,0,Small Appliances,1212.0,0.0,18.0,561.0
SKU0089,2025-07-07,229,1403305.13,0,0,Small Appliances,995.0,0.0,18.0,561.0
SKU0089,2025-07-14,251,1538120.47,0,0,Small Appliances,770.0,0.0,18.0,561.0
SKU0089,2025-07-21,244,1495224.68,0,0,Small Appliances,516.0,1208.0,18.0,561.0
SKU0089,2025-07-28,247,1513608.59,0,0,Small Appliances,156.0,1208.0,18.0,561.0
SKU0089,2025-08-04,171,1047882.87,0,0,Small Appliances,1161.0,0.0,18.0,561.0
SKU0089,2025-08-11,200,1225594.0,0,1,Small Appliances,988.0,0.0,18.0,561.0
SKU0089,2025-08-18,169,1035626.93,0,0,Small Appliances,810.0,0.0,18.0,561.0
SKU0089,2025-08-25,182,1115290.54,0,0,Small Appliances,810.0,0.0,18.0,561.0
SKU0089,2025-09-01,168,1029498.96,0,0,Small Appliances,576.0,0.0,18.0,561.0
SKU0089,2025-09-08,89,545389.33,0,0,Small Appliances,421.0,892.0,18.0,561.0
SKU0089,2025-09-15,165,1011115.05,0,0,Small Appliances,1199.0,0.0,18.0,561.0
SKU0089,2025-09-22,188,1152058.36,0,0,Small Appliances,1045.0,0.0,18.0,561.0
SKU0089,2025-09-29,140,857915.8,0,1,Small Appliances,790.0,0.0,18.0,561.0
SKU0089,2025-10-06,147,900811.59,0,0,Small Appliances,642.0,0.0,18.0,561.0
SKU0089,2025-10-13,247,1345395.81,1,0,Small Appliances,1391.0,0.0,18.0,561.0
SKU0089,2025-10-20,154,883959.67,1,0,Small Appliances,1152.0,0.0,18.0,561.0
SKU0089,2025-10-27,178,1090778.66,0,1,Small Appliances,934.0,0.0,18.0,561.0
SKU0089,2025-11-03,163,998859.11,0,0,Small Appliances,764.0,0.0,18.0,561.0
SKU0089,2025-11-10,120,735356.4,0,0,Small Appliances,653.0,0.0,18.0,561.0
SKU0089,2025-11-17,177,1084650.69,0,0,Small Appliances,1874.0,0.0,18.0,561.0
SKU0089,2025-11-24,245,1293614.47,1,0,Small Appliances,1874.0,0.0,18.0,561.0
SKU0089,2025-12-01,163,965768.0700000001,1,0,Small Appliances,1573.0,0.0,18.0,561.0
SKU0089,2025-12-08,185,1133674.45,0,0,Small Appliances,1420.0,0.0,18.0,561.0
SKU0089,2025-12-15,205,1256233.85,0,0,Small Appliances,1215.0,0.0,18.0,561.0
SKU0089,2025-12-22,176,1078522.72,0,1,Small Appliances,1042.0,0.0,18.0,561.0
SKU0090,2025-05-05,104,486732.48,0,0,Decor,84.0,591.0,26.0,241.0
SKU0090,2025-05-12,52,243366.24,0,0,Decor,0.0,591.0,26.0,241.0
SKU0090,2025-05-19,0,0.0,0,0,Decor,0.0,591.0,26.0,241.0
SKU0090,2025-05-26,12,56161.44,0,0,Decor,579.0,0.0,26.0,241.0
SKU0090,2025-06-02,87,407170.44,0,0,Decor,492.0,0.0,26.0,241.0
SKU0090,2025-06-09,104,480414.31999999995,1,0,Decor,388.0,0.0,26.0,241.0
SKU0090,2025-06-16,177,713952.31,1,0,Decor,211.0,542.0,26.0,241.0
SKU0090,2025-06-23,120,561614.4,0,0,Decor,211.0,542.0,26.0,241.0
SKU0090,2025-06-30,75,351009.0,0,0,Decor,616.0,0.0,26.0,241.0
SKU0090,2025-07-07,93,435251.16,0,0,Decor,535.0,0.0,26.0,241.0
SKU0090,2025-07-14,67,313568.04,0,0,Decor,448.0,0.0,26.0,241.0
SKU0090,2025-07-21,55,257406.59999999998,0,0,Decor,381.0,0.0,26.0,241.0
SKU0090,2025-07-28,90,421210.8,0,0,Decor,272.0,0.0,26.0,241.0
SKU0090,2025-08-04,75,351009.0,0,0,Decor,190.0,423.0,26.0,241.0
SKU0090,2025-08-11,58,271446.96,0,1,Decor,134.0,423.0,26.0,241.0
SKU0090,2025-08-18,59,276127.08,0,0,Decor,497.0,0.0,26.0,241.0
SKU0090,2025-08-25,67,313568.04000000004,0,0,Decor,497.0,0.0,26.0,241.0
SKU0090,2025-09-01,33,154443.96,0,0,Decor,410.0,0.0,26.0,241.0
SKU0090,2025-09-08,60,280807.2,0,0,Decor,380.0,0.0,26.0,241.0
SKU0090,2025-09-15,41,191884.91999999998,0,0,Decor,315.0,0.0,26.0,241.0
SKU0090,2025-09-22,54,252726.48,0,0,Decor,278.0,0.0,26.0,241.0
SKU0090,2025-09-29,62,290167.44,0,1,Decor,196.0,410.0,26.0,241.0
SKU0090,2025-10-06,55,257406.6,0,0,Decor,546.0,0.0,26.0,241.0
SKU0090,2025-10-13,68,279637.17,1,0,Decor,495.0,0.0,26.0,241.0
SKU0090,2025-10-20,56,239622.13999999998,1,0,Decor,412.0,0.0,26.0,241.0
SKU0090,2025-10-27,42,196565.04,0,1,Decor,361.0,0.0,26.0,241.0
SKU0090,2025-11-03,33,154443.96,0,0,Decor,323.0,0.0,26.0,241.0
SKU0090,2025-11-10,44,205925.28,0,0,Decor,289.0,0.0,26.0,241.0
SKU0090,2025-11-17,53,248046.36,0,0,Decor,235.0,556.0,26.0,241.0
SKU0090,2025-11-24,57,228857.88,1,0,Decor,235.0,556.0,26.0,241.0
SKU0090,2025-12-01,80,359667.22,1,0,Decor,705.0,0.0,26.0,241.0
SKU0090,2025-12-08,56,262086.72,0,0,Decor,639.0,0.0,26.0,241.0
SKU0090,2025-12-15,60,280807.2,0,0,Decor,583.0,0.0,26.0,241.0
SKU0090,2025-12-22,66,308887.92,0,1,Decor,521.0,0.0,26.0,241.0
SKU0091,2025-03-17,140,819154.0,0,0,Furnishings,103.0,163.0,20.0,354.0
SKU0091,2025-03-24,82,479790.2,0,0,Furnishings,103.0,163.0,20.0,354.0
SKU0091,2025-03-31,0,0.0,0,0,Furnishings,1.0,163.0,20.0,354.0
SKU0091,2025-04-07,145,848409.5,0,0,Furnishings,132.0,146.0,20.0,354.0
SKU0091,2025-04-14,18,105319.8,0,0,Furnishings,0.0,146.0,20.0,354.0
SKU0091,2025-04-21,0,0.0,0,0,Furnishings,0.0,146.0,20.0,354.0
SKU0091,2025-04-28,144,842558.4,0,0,Furnishings,52.0,200.0,20.0,354.0
SKU0091,2025-05-05,2,11702.2,0,0,Furnishings,1.0,200.0,20.0,354.0
SKU0091,2025-05-12,22,128724.2,0,0,Furnishings,1.0,200.0,20.0,354.0
SKU0091,2025-05-19,178,1041495.7999999999,0,0,Furnishings,61.0,273.0,20.0,354.0
SKU0091,2025-05-26,0,0.0,0,0,Furnishings,0.0,273.0,20.0,354.0
SKU0091,2025-06-02,47,275001.69999999995,0,0,Furnishings,226.0,238.0,20.0,354.0
SKU0091,2025-06-09,158,895510.86,1,0,Furnishings,68.0,238.0,20.0,354.0
SKU0091,2025-06-16,68,338193.57999999996,1,0,Furnishings,0.0,238.0,20.0,354.0
SKU0091,2025-06-23,55,321810.5,0,0,Furnishings,0.0,238.0,20.0,354.0
SKU0091,2025-06-30,135,789898.5,0,0,Furnishings,142.0,152.0,20.0,354.0
SKU0091,2025-07-07,48,280852.8,0,0,Furnishings,27.0,152.0,20.0,354.0
SKU0091,2025-07-14,68,397874.8,0,0,Furnishings,0.0,152.0,20.0,354.0
SKU0091,2025-07-21,83,485641.3,0,0,Furnishings,40.0,237.0,20.0,354.0
SKU0091,2025-07-28,0,0.0,0,0,Furnishings,1.0,237.0,20.0,354.0
SKU0091,2025-08-04,70,409577.0,0,0,Furnishings,192.0,217.0,20.0,354.0
SKU0091,2025-08-11,103,602663.3,0,1,Furnishings,96.0,217.0,20.0,354.0
SKU0091,2025-08-18,65,380321.5,0,0,Furnishings,0.0,217.0,20.0,354.0
SKU0091,2025-08-25,110,643621.0,0,0,Furnishings,0.0,217.0,20.0,354.0
SKU0091,2025-09-01,86,503194.6,0,0,Furnishings,91.0,258.0,20.0,354.0
SKU0091,2025-09-08,21,122873.1,0,0,Furnishings,1.0,258.0,20.0,354.0
SKU0091,2025-09-15,92,538301.2,0,0,Furnishings,249.0,166.0,20.0,354.0
SKU0091,2025-09-22,138,807451.7999999999,0,0,Furnishings,150.0,166.0,20.0,354.0
SKU0091,2025-09-29,40,234044.0,0,1,Furnishings,1.0,166.0,20.0,354.0
SKU0091,2025-10-06,75,438832.5,0,0,Furnishings,124.0,275.0,20.0,354.0
SKU0091,2025-10-13,79,412210.0,1,0,Furnishings,28.0,275.0,20.0,354.0
SKU0091,2025-10-20,33,193086.3,1,0,Furnishings,1.0,275.0,20.0,354.0
SKU0091,2025-10-27,70,409577.0,0,1,Furnishings,191.0,280.0,20.0,354.0
SKU0091,2025-11-03,113,661174.3,0,0,Furnishings,73.0,280.0,20.0,354.0
SKU0091,2025-11-10,98,573407.8,0,0,Furnishings,257.0,202.0,20.0,354.0
SKU0091,2025-11-17,105,614365.5,0,0,Furnishings,139.0,202.0,20.0,354.0
SKU0091,2025-11-24,137,687504.27,1,0,Furnishings,139.0,202.0,20.0,354.0
SKU0091,2025-12-01,56,327661.6,1,0,Furnishings,0.0,202.0,20.0,354.0
SKU0091,2025-12-08,112,655323.2,0,0,Furnishings,132.0,204.0,20.0,354.0
SKU0091,2025-12-15,34,198937.4,0,0,Furnishings,14.0,204.0,20.0,354.0
SKU0091,2025-12-22,84,491492.4,0,1,Furnishings,0.0,204.0,20.0,354.0
SKU0092,2025-05-05,128,697543.68,0,0,Furnishings,0.0,1520.0,26.0,682.0
SKU0092,2025-05-12,0,0.0,0,0,Furnishings,0.0,1520.0,26.0,682.0
SKU0092,2025-05-19,0,0.0,0,0,Furnishings,0.0,1520.0,26.0,682.0
SKU0092,2025-05-26,30,163486.8,0,0,Furnishings,1490.0,0.0,26.0,682.0
SKU0092,2025-06-02,219,1193453.64,0,0,Furnishings,1271.0,0.0,26.0,682.0
SKU0092,2025-06-09,262,1379556.1099999999,1,0,Furnishings,1009.0,0.0,26.0,682.0
SKU0092,2025-06-16,394,1847945.8,1,0,Furnishings,615.0,1129.0,26.0,682.0
SKU0092,2025-06-23,225,1226151.0,0,0,Furnishings,615.0,1129.0,26.0,682.0
SKU0092,2025-06-30,173,942773.88,0,0,Furnishings,1462.0,0.0,26.0,682.0
SKU0092,2025-07-07,175,953673.0,0,0,Furnishings,1294.0,0.0,26.0,682.0
SKU0092,2025-07-14,145,790186.2,0,0,Furnishings,1124.0,0.0,26.0,682.0
SKU0092,2025-07-21,166,904626.96,0,0,Furnishings,975.0,0.0,26.0,682.0
SKU0092,2025-07-28,165,899177.4,0,0,Furnishings,732.0,0.0,26.0,682.0
SKU0092,2025-08-04,129,702993.24,0,0,Furnishings,596.0,1522.0,26.0,682.0
SKU0092,2025-08-11,109,594002.04,0,1,Furnishings,478.0,1522.0,26.0,682.0
SKU0092,2025-08-18,108,588552.48,0,0,Furnishings,1907.0,0.0,26.0,682.0
SKU0092,2025-08-25,126,686644.56,0,0,Furnishings,1907.0,0.0,26.0,682.0
SKU0092,2025-09-01,86,468662.16000000003,0,0,Furnishings,1734.0,0.0,26.0,682.0
SKU0092,2025-09-08,102,555855.12,0,0,Furnishings,1639.0,0.0,26.0,682.0
SKU0092,2025-09-15,87,474111.72000000003,0,0,Furnishings,1542.0,0.0,26.0,682.0
SKU0092,2025-09-22,90,490460.39999999997,0,0,Furnishings,1457.0,0.0,26.0,682.0
SKU0092,2025-09-29,58,316074.48,0,1,Furnishings,1352.0,0.0,26.0,682.0
SKU0092,2025-10-06,63,343322.28,0,0,Furnishings,1302.0,0.0,26.0,682.0
SKU0092,2025-10-13,109,529424.75,1,0,Furnishings,1201.0,0.0,26.0,682.0
SKU0092,2025-10-20,80,408172.05,1,0,Furnishings,1105.0,0.0,26.0,682.0
SKU0092,2025-10-27,85,463212.60000000003,0,1,Furnishings,997.0,0.0,26.0,682.0
SKU0092,2025-11-03,59,321524.04,0,0,Furnishings,927.0,0.0,26.0,682.0
SKU0092,2025-11-10,55,299725.8,0,0,Furnishings,877.0,0.0,26.0,682.0
SKU0092,2025-11-17,84,457763.04,0,0,Furnishings,798.0,0.0,26.0,682.0
SKU0092,2025-11-24,110,516073.33,1,0,Furnishings,798.0,0.0,26.0,682.0
SKU0092,2025-12-01,65,337872.72000000003,1,0,Furnishings,658.0,1441.0,26.0,682.0
SKU0092,2025-12-08,62,337872.72000000003,0,0,Furnishings,613.0,1441.0,26.0,682.0
SKU0092,2025-12-15,105,572203.8,0,0,Furnishings,536.0,1441.0,26.0,682.0
SKU0092,2025-12-22,49,267028.44,0,1,Furnishings,439.0,1441.0,26.0,682.0
SKU0093,2024-03-11,218,1823936.24,0,0,Decor,184.0,1216.0,15.0,664.0
SKU0093,2024-03-18,105,878501.4,0,0,Decor,0.0,1216.0,15.0,664.0
SKU0093,2024-03-25,98,819934.6399999999,0,0,Decor,0.0,1216.0,15.0,664.0
SKU0093,2024-04-01,276,2309203.68,0,0,Decor,1090.0,0.0,15.0,664.0
SKU0093,2024-04-08,294,2459803.92,0,0,Decor,795.0,0.0,15.0,664.0
SKU0093,2024-04-15,308,2576937.44,0,0,Decor,1643.0,0.0,15.0,664.0
SKU0093,2024-04-22,307,2568570.76,0,0,Decor,1335.0,0.0,15.0,664.0
SKU0093,2024-04-29,281,2351037.08,0,0,Decor,947.0,0.0,15.0,664.0
SKU0093,2024-05-06,273,2284103.64,0,0,Decor,658.0,1575.0,15.0,664.0
SKU0093,2024-05-13,277,2317570.36,0,0,Decor,1960.0,0.0,15.0,664.0
SKU0093,2024-05-20,283,2367770.44,0,0,Decor,1680.0,0.0,15.0,664.0
SKU0093,2024-05-27,291,2434703.88,0,0,Decor,1273.0,0.0,15.0,664.0
SKU0093,2024-06-03,292,2443070.56,0,0,Decor,992.0,0.0,15.0,664.0
SKU0093,2024-06-10,338,2668552.58,1,0,Decor,687.0,0.0,15.0,664.0
SKU0093,2024-06-17,421,3074336.5700000003,1,0,Decor,227.0,1098.0,15.0,664.0
SKU0093,2024-06-24,275,2300837.0,0,0,Decor,227.0,1098.0,15.0,664.0
SKU0093,2024-07-01,267,2233903.56,0,0,Decor,977.0,0.0,15.0,664.0
SKU0093,2024-07-08,261,2183703.48,0,0,Decor,715.0,0.0,15.0,664.0
SKU0093,2024-07-15,253,2116770.04,0,0,Decor,1492.0,0.0,15.0,664.0
SKU0093,2024-07-22,243,2033103.24,0,0,Decor,1240.0,0.0,15.0,664.0
SKU0093,2024-07-29,247,2066569.96,0,0,Decor,844.0,0.0,15.0,664.0
SKU0093,2024-08-05,220,1840669.5999999999,0,0,Decor,638.0,1494.0,15.0,664.0
SKU0093,2024-08-12,240,2008003.2,0,1,Decor,1886.0,0.0,15.0,664.0
SKU0093,2024-08-19,223,1865769.6400000001,0,0,Decor,1674.0,0.0,15.0,664.0
SKU0093,2024-08-26,202,1690069.3599999999,0,0,Decor,1386.0,0.0,15.0,664.0
SKU0093,2024-09-02,217,1815569.56,0,0,Decor,1169.0,0.0,15.0,664.0
SKU0093,2024-09-09,193,1614769.24,0,0,Decor,976.0,0.0,15.0,664.0
SKU0093,2024-09-16,210,1757002.7999999998,0,0,Decor,766.0,0.0,15.0,664.0
SKU0093,2024-09-23,206,1723536.08,0,0,Decor,766.0,0.0,15.0,664.0
SKU0093,2024-09-30,205,1715169.4,0,1,Decor,503.0,1210.0,15.0,664.0
SKU0093,2024-10-07,209,1748636.12,0,0,Decor,281.0,1210.0,15.0,664.0
SKU0093,2024-10-14,319,2298745.34,1,0,Decor,1279.0,0.0,15.0,664.0
SKU0093,2024-10-21,208,1675009.34,1,0,Decor,947.0,0.0,15.0,664.0
SKU0093,2024-10-28,205,1715169.4,0,1,Decor,668.0,0.0,15.0,664.0
SKU0093,2024-11-04,209,1748636.1199999999,0,0,Decor,1682.0,0.0,15.0,664.0
SKU0093,2024-11-11,214,1790469.52,0,0,Decor,1455.0,0.0,15.0,664.0
SKU0093,2024-11-18,179,1497635.72,0,0,Decor,1288.0,0.0,15.0,664.0
SKU0093,2024-11-25,367,2609985.83,1,0,Decor,876.0,0.0,15.0,664.0
SKU0093,2024-12-02,219,1832302.92,0,0,Decor,657.0,1192.0,15.0,664.0
SKU0093,2024-12-09,222,1857402.96,0,0,Decor,435.0,1192.0,15.0,664.0
SKU0093,2024-12-16,199,1664969.32,0,0,Decor,236.0,1192.0,15.0,664.0
SKU0093,2024-12-23,232,1941069.76,0,1,Decor,236.0,1192.0,15.0,664.0
SKU0093,2024-12-30,363,2670644.2600000002,1,0,Decor,1039.0,0.0,15.0,664.0
SKU0093,2025-01-06,266,2072426.64,1,0,Decor,668.0,0.0,15.0,664.0
SKU0093,2025-01-13,233,1949436.44,0,0,Decor,445.0,1625.0,15.0,664.0
SKU0093,2025-01-20,246,2058203.28,0,1,Decor,1830.0,0.0,15.0,664.0
SKU0093,2025-01-27,251,2100036.68,0,0,Decor,1498.0,0.0,15.0,664.0
SKU0093,2025-02-03,294,2459803.92,0,0,Decor,1203.0,0.0,15.0,664.0
SKU0093,2025-02-10,277,2317570.36,0,0,Decor,911.0,0.0,15.0,664.0
SKU0093,2025-02-17,272,2275736.96,0,0,Decor,651.0,1336.0,15.0,664.0
SKU0093,2025-02-24,257,2150236.76,0,0,Decor,394.0,1336.0,15.0,664.0
SKU0093,2025-03-03,298,2493270.64,0,0,Decor,1433.0,0.0,15.0,664.0
SKU0093,2025-03-10,299,2501637.32,0,0,Decor,1142.0,0.0,15.0,664.0
SKU0093,2025-03-17,298,2493270.64,0,0,Decor,835.0,0.0,15.0,664.0
SKU0093,2025-03-24,300,2510004.0,0,0,Decor,835.0,0.0,15.0,664.0
SKU0093,2025-03-31,273,2284103.64,0,0,Decor,411.0,1127.0,15.0,664.0
SKU0093,2025-04-07,281,2351037.08,0,0,Decor,1272.0,0.0,15.0,664.0
SKU0093,2025-04-14,291,2434703.88,0,0,Decor,988.0,0.0,15.0,664.0
SKU0093,2025-04-21,285,2384503.8,0,0,Decor,708.0,0.0,15.0,664.0
SKU0093,2025-04-28,288,2409603.84,0,0,Decor,305.0,1500.0,15.0,664.0
SKU0093,2025-05-05,310,2593670.8,0,0,Decor,1504.0,0.0,15.0,664.0
SKU0093,2025-05-12,299,2501637.32,0,0,Decor,1194.0,0.0,15.0,664.0
SKU0093,2025-05-19,309,2585304.12,0,0,Decor,900.0,0.0,15.0,664.0
SKU0093,2025-05-26,300,2510004.0,0,0,Decor,494.0,1631.0,15.0,664.0
SKU0093,2025-06-02,278,2325937.04,0,0,Decor,1847.0,0.0,15.0,664.0
SKU0093,2025-06-09,280,2276155.29,1,0,Decor,1567.0,0.0,15.0,664.0
SKU0093,2025-06-16,449,3223263.4699999997,1,0,Decor,1118.0,0.0,15.0,664.0
SKU0093,2025-06-23,267,2233903.56,0,0,Decor,1118.0,0.0,15.0,664.0
SKU0093,2025-06-30,253,2116770.04,0,0,Decor,765.0,0.0,15.0,664.0
SKU0093,2025-07-07,247,2066569.96,0,0,Decor,1753.0,0.0,15.0,664.0
SKU0093,2025-07-14,246,2058203.28,0,0,Decor,1510.0,0.0,15.0,664.0
SKU0093,2025-07-21,260,2175336.8,0,0,Decor,1280.0,0.0,15.0,664.0
SKU0093,2025-07-28,228,1907603.04,0,0,Decor,906.0,0.0,15.0,664.0
SKU0093,2025-08-04,233,1949436.44,0,0,Decor,670.0,0.0,15.0,664.0
SKU0093,2025-08-11,196,1639869.28,0,1,Decor,456.0,1088.0,15.0,664.0
SKU0093,2025-08-18,232,1941069.76,0,0,Decor,1338.0,0.0,15.0,664.0
SKU0093,2025-08-25,215,1798836.2,0,0,Decor,1338.0,0.0,15.0,664.0
SKU0093,2025-09-01,181,1514369.08,0,0,Decor,1037.0,0.0,15.0,664.0
SKU0093,2025-09-08,205,1715169.4,0,0,Decor,852.0,0.0,15.0,664.0
SKU0093,2025-09-15,185,1547835.8,0,0,Decor,650.0,1552.0,15.0,664.0
SKU0093,2025-09-22,199,1664969.3199999998,0,0,Decor,2022.0,0.0,15.0,664.0
SKU0093,2025-09-29,207,1731902.76,0,1,Decor,1733.0,0.0,15.0,664.0
SKU0093,2025-10-06,159,1330302.1199999999,0,0,Decor,1556.0,0.0,15.0,664.0
SKU0093,2025-10-13,294,2181193.49,1,0,Decor,1339.0,0.0,15.0,664.0
SKU0093,2025-10-20,216,1692997.7,1,0,Decor,1069.0,0.0,15.0,664.0
SKU0093,2025-10-27,172,1439068.96,0,1,Decor,815.0,0.0,15.0,664.0
SKU0093,2025-11-03,192,1606402.56,0,0,Decor,625.0,1144.0,15.0,664.0
SKU0093,2025-11-10,184,1539469.1199999999,0,0,Decor,434.0,1144.0,15.0,664.0
SKU0093,2025-11-17,199,1664969.3199999998,0,0,Decor,1382.0,0.0,15.0,664.0
SKU0093,2025-11-24,294,2114678.3600000003,1,0,Decor,1382.0,0.0,15.0,664.0
SKU0093,2025-12-01,240,1950273.1099999999,1,0,Decor,1024.0,0.0,15.0,664.0
SKU0093,2025-12-08,226,1890869.68,0,0,Decor,801.0,0.0,15.0,664.0
SKU0093,2025-12-15,242,2024736.56,0,0,Decor,572.0,1001.0,15.0,664.0
SKU0093,2025-12-22,217,1815569.56,0,1,Decor,1332.0,0.0,15.0,664.0
SKU0094,2024-11-18,105,791918.4,0,0,Decor,262.0,0.0,23.0,708.0
SKU0094,2024-11-25,230,1474476.64,1,0,Decor,1.0,364.0,23.0,708.0
SKU0094,2024-12-02,0,0.0,0,0,Decor,1.0,364.0,23.0,708.0
SKU0094,2024-12-09,52,392188.16000000003,0,0,Decor,313.0,543.0,23.0,708.0
SKU0094,2024-12-16,176,1327406.08,0,0,Decor,137.0,543.0,23.0,708.0
SKU0094,2024-12-23,136,1025722.88,0,1,Decor,137.0,543.0,23.0,708.0
SKU0094,2024-12-30,0,0.0,1,0,Decor,1.0,543.0,23.0,708.0
SKU0094,2025-01-06,309,2177775.6,1,0,Decor,372.0,377.0,23.0,708.0
SKU0094,2025-01-13,234,1764846.72,0,0,Decor,120.0,377.0,23.0,708.0
SKU0094,2025-01-20,0,0.0,0,1,Decor,1.0,377.0,23.0,708.0
SKU0094,2025-01-27,176,1327406.08,0,0,Decor,234.0,552.0,23.0,708.0
SKU0094,2025-02-03,202,1523500.1600000001,0,0,Decor,0.0,552.0,23.0,708.0
SKU0094,2025-02-10,0,0.0,0,0,Decor,0.0,552.0,23.0,708.0
SKU0094,2025-02-17,110,829628.8,0,0,Decor,486.0,407.0,23.0,708.0
SKU0094,2025-02-24,314,2368213.12,0,0,Decor,157.0,407.0,23.0,708.0
SKU0094,2025-03-03,127,957844.16,0,0,Decor,1.0,407.0,23.0,708.0
SKU0094,2025-03-10,44,331851.52,0,0,Decor,408.0,0.0,23.0,708.0
SKU0094,2025-03-17,354,2669896.32,0,0,Decor,52.0,482.0,23.0,708.0
SKU0094,2025-03-24,9,67878.72,0,0,Decor,52.0,482.0,23.0,708.0
SKU0094,2025-03-31,0,0.0,0,0,Decor,1.0,482.0,23.0,708.0
SKU0094,2025-04-07,332,2503970.56,0,0,Decor,410.0,414.0,23.0,708.0
SKU0094,2025-04-14,150,1131312.0,0,0,Decor,31.0,414.0,23.0,708.0
SKU0094,2025-04-21,0,0.0,0,0,Decor,1.0,414.0,23.0,708.0
SKU0094,2025-04-28,175,1319864.0,0,0,Decor,360.0,530.0,23.0,708.0
SKU0094,2025-05-05,239,1802557.12,0,0,Decor,3.0,530.0,23.0,708.0
SKU0094,2025-05-12,0,0.0,0,0,Decor,0.0,530.0,23.0,708.0
SKU0094,2025-05-19,84,633534.72,0,0,Decor,0.0,530.0,23.0,708.0
SKU0094,2025-05-26,371,2798111.6799999997,0,0,Decor,75.0,527.0,23.0,708.0
SKU0094,2025-06-02,75,565656.0,0,0,Decor,0.0,527.0,23.0,708.0
SKU0094,2025-06-09,0,0.0,1,0,Decor,527.0,0.0,23.0,708.0
SKU0094,2025-06-16,527,3378474.75,1,0,Decor,0.0,425.0,23.0,708.0
SKU0094,2025-06-23,0,0.0,0,0,Decor,0.0,425.0,23.0,708.0
SKU0094,2025-06-30,0,0.0,0,0,Decor,0.0,425.0,23.0,708.0
SKU0094,2025-07-07,201,1515958.08,0,0,Decor,425.0,348.0,23.0,708.0
SKU0094,2025-07-14,223,1681883.84,0,0,Decor,141.0,348.0,23.0,708.0
SKU0094,2025-07-21,0,0.0,0,0,Decor,1.0,348.0,23.0,708.0
SKU0094,2025-07-28,75,565656.0,0,0,Decor,333.0,0.0,23.0,708.0
SKU0094,2025-08-04,234,1764846.72,0,0,Decor,92.0,339.0,23.0,708.0
SKU0094,2025-08-11,39,294141.12,0,1,Decor,0.0,339.0,23.0,708.0
SKU0094,2025-08-18,21,158383.68,0,0,Decor,0.0,339.0,23.0,708.0
SKU0094,2025-08-25,214,1614005.12,0,0,Decor,0.0,339.0,23.0,708.0
SKU0094,2025-09-01,104,784376.3200000001,0,0,Decor,81.0,293.0,23.0,708.0
SKU0094,2025-09-08,0,0.0,0,0,Decor,0.0,293.0,23.0,708.0
SKU0094,2025-09-15,159,1199190.72,0,0,Decor,293.0,0.0,23.0,708.0
SKU0094,2025-09-22,134,1010638.72,0,0,Decor,119.0,351.0,23.0,708.0
SKU0094,2025-09-29,0,0.0,0,1,Decor,0.0,351.0,23.0,708.0
SKU0094,2025-10-06,83,625992.64,0,0,Decor,352.0,345.0,23.0,708.0
SKU0094,2025-10-13,268,1782570.71,1,0,Decor,161.0,345.0,23.0,708.0
SKU0094,2025-10-20,0,0.0,1,0,Decor,1.0,345.0,23.0,708.0
SKU0094,2025-10-27,43,324309.44,0,1,Decor,320.0,0.0,23.0,708.0
SKU0094,2025-11-03,193,1455621.44,0,0,Decor,124.0,394.0,23.0,708.0
SKU0094,2025-11-10,109,822086.72,0,0,Decor,1.0,394.0,23.0,708.0
SKU0094,2025-11-17,0,0.0,0,0,Decor,1.0,394.0,23.0,708.0
SKU0094,2025-11-24,324,2103109.01,1,0,Decor,1.0,394.0,23.0,708.0
SKU0094,2025-12-01,71,469871.57999999996,1,0,Decor,13.0,329.0,23.0,708.0
SKU0094,2025-12-08,0,0.0,0,0,Decor,0.0,329.0,23.0,708.0
SKU0094,2025-12-15,206,1553668.48,0,0,Decor,0.0,329.0,23.0,708.0
SKU0094,2025-12-22,123,927675.8400000001,0,1,Decor,94.0,418.0,23.0,708.0
SKU0095,2024-08-19,7,8241.45,0,0,Decor,248.0,1053.0,14.0,334.0
SKU0095,2024-08-26,125,147168.75,0,0,Decor,248.0,1053.0,14.0,334.0
SKU0095,2024-09-02,147,173070.44999999998,0,0,Decor,1154.0,0.0,14.0,334.0
SKU0095,2024-09-09,126,148346.1,0,0,Decor,1028.0,0.0,14.0,334.0
SKU0095,2024-09-16,116,136572.6,0,0,Decor,912.0,0.0,14.0,334.0
SKU0095,2024-09-23,100,117735.0,0,0,Decor,912.0,0.0,14.0,334.0
SKU0095,2024-09-30,112,131863.2,0,1,Decor,774.0,0.0,14.0,334.0
SKU0095,2024-10-07,115,135395.25,0,0,Decor,661.0,0.0,14.0,334.0
SKU0095,2024-10-14,199,202504.19,1,0,Decor,538.0,0.0,14.0,334.0
SKU0095,2024-10-21,116,131451.13,1,0,Decor,342.0,0.0,14.0,334.0
SKU0095,2024-10-28,112,131863.2,0,1,Decor,191.0,1115.0,14.0,334.0
SKU0095,2024-11-04,146,171893.1,0,0,Decor,1150.0,0.0,14.0,334.0
SKU0095,2024-11-11,82,96542.7,0,0,Decor,1072.0,0.0,14.0,334.0
SKU0095,2024-11-18,122,143636.7,0,0,Decor,945.0,0.0,14.0,334.0
SKU0095,2024-11-25,224,224167.43,1,0,Decor,698.0,0.0,14.0,334.0
SKU0095,2024-12-02,168,197794.8,0,0,Decor,530.0,0.0,14.0,334.0
SKU0095,2024-12-09,106,124799.1,0,0,Decor,424.0,0.0,14.0,334.0
SKU0095,2024-12-16,173,203681.55,0,0,Decor,251.0,1261.0,14.0,334.0
SKU0095,2024-12-23,156,183666.6,0,1,Decor,251.0,1261.0,14.0,334.0
SKU0095,2024-12-30,220,227934.96,1,0,Decor,1279.0,0.0,14.0,334.0
SKU0095,2025-01-06,179,196440.85,1,0,Decor,1024.0,0.0,14.0,334.0
SKU0095,2025-01-13,114,134217.9,0,0,Decor,902.0,0.0,14.0,334.0
SKU0095,2025-01-20,172,202504.2,0,1,Decor,756.0,0.0,14.0,334.0
SKU0095,2025-01-27,148,174247.8,0,0,Decor,539.0,0.0,14.0,334.0
SKU0095,2025-02-03,141,166006.35,0,0,Decor,399.0,0.0,14.0,334.0
SKU0095,2025-02-10,152,178957.2,0,0,Decor,248.0,1566.0,14.0,334.0
SKU0095,2025-02-17,167,196617.44999999998,0,0,Decor,74.0,1566.0,14.0,334.0
SKU0095,2025-02-24,148,174247.8,0,0,Decor,1500.0,0.0,14.0,334.0
SKU0095,2025-03-03,133,156587.55,0,0,Decor,1359.0,0.0,14.0,334.0
SKU0095,2025-03-10,157,184843.95,0,0,Decor,1204.0,0.0,14.0,334.0
SKU0095,2025-03-17,137,161296.95,0,0,Decor,1069.0,0.0,14.0,334.0
SKU0095,2025-03-24,172,202504.2,0,0,Decor,1069.0,0.0,14.0,334.0
SKU0095,2025-03-31,154,181311.9,0,0,Decor,836.0,0.0,14.0,334.0
SKU0095,2025-04-07,135,158942.25,0,0,Decor,679.0,0.0,14.0,334.0
SKU0095,2025-04-14,168,197794.8,0,0,Decor,539.0,0.0,14.0,334.0
SKU0095,2025-04-21,172,202504.2,0,0,Decor,365.0,0.0,14.0,334.0
SKU0095,2025-04-28,184,216632.4,0,0,Decor,121.0,1241.0,14.0,334.0
SKU0095,2025-05-05,111,130685.85,0,0,Decor,1237.0,0.0,14.0,334.0
SKU0095,2025-05-12,141,166006.35,0,0,Decor,1104.0,0.0,14.0,334.0
SKU0095,2025-05-19,139,163651.65,0,0,Decor,972.0,0.0,14.0,334.0
SKU0095,2025-05-26,128,150700.8,0,0,Decor,791.0,0.0,14.0,334.0
SKU0095,2025-06-02,139,163651.65,0,0,Decor,652.0,0.0,14.0,334.0
SKU0095,2025-06-09,155,177191.17,1,0,Decor,497.0,0.0,14.0,334.0
SKU0095,2025-06-16,259,264138.47,1,0,Decor,238.0,1364.0,14.0,334.0
SKU0095,2025-06-23,145,170715.75,0,0,Decor,238.0,1364.0,14.0,334.0
SKU0095,2025-06-30,135,158942.25,0,0,Decor,1420.0,0.0,14.0,334.0
SKU0095,2025-07-07,115,135395.25,0,0,Decor,1287.0,0.0,14.0,334.0
SKU0095,2025-07-14,134,157764.9,0,0,Decor,1173.0,0.0,14.0,334.0
SKU0095,2025-07-21,165,194262.75,0,0,Decor,1028.0,0.0,14.0,334.0
SKU0095,2025-07-28,141,166006.35,0,0,Decor,800.0,0.0,14.0,334.0
SKU0095,2025-08-04,125,147168.75,0,0,Decor,675.0,0.0,14.0,334.0
SKU0095,2025-08-11,101,118912.34999999999,0,1,Decor,553.0,0.0,14.0,334.0
SKU0095,2025-08-18,129,151878.15,0,0,Decor,438.0,0.0,14.0,334.0
SKU0095,2025-08-25,128,150700.80000000002,0,0,Decor,438.0,0.0,14.0,334.0
SKU0095,2025-09-01,128,150700.8,0,0,Decor,278.0,1014.0,14.0,334.0
SKU0095,2025-09-08,127,149523.45,0,0,Decor,1156.0,0.0,14.0,334.0
SKU0095,2025-09-15,94,110670.9,0,0,Decor,1033.0,0.0,14.0,334.0
SKU0095,2025-09-22,87,102429.45,0,0,Decor,921.0,0.0,14.0,334.0
SKU0095,2025-09-29,117,137749.95,0,1,Decor,820.0,0.0,14.0,334.0
SKU0095,2025-10-06,98,115380.3,0,0,Decor,690.0,0.0,14.0,334.0
SKU0095,2025-10-13,147,151524.94,1,0,Decor,584.0,0.0,14.0,334.0
SKU0095,2025-10-20,141,154173.98,1,0,Decor,420.0,0.0,14.0,334.0
SKU0095,2025-10-27,130,153055.5,0,1,Decor,250.0,1533.0,14.0,334.0
SKU0095,2025-11-03,100,117735.0,0,0,Decor,1675.0,0.0,14.0,334.0
SKU0095,2025-11-10,106,124799.1,0,0,Decor,1571.0,0.0,14.0,334.0
SKU0095,2025-11-17,150,176602.5,0,0,Decor,1416.0,0.0,14.0,334.0
SKU0095,2025-11-24,231,235587.72999999998,1,0,Decor,1416.0,0.0,14.0,334.0
SKU0095,2025-12-01,131,147698.56,1,0,Decor,1138.0,0.0,14.0,334.0
SKU0095,2025-12-08,123,144814.05,0,0,Decor,1019.0,0.0,14.0,334.0
SKU0095,2025-12-15,113,133040.55,0,0,Decor,901.0,0.0,14.0,334.0
SKU0095,2025-12-22,111,130685.85,0,1,Decor,801.0,0.0,14.0,334.0
SKU0096,2024-07-29,95,629923.15,0,0,Furnishings,248.0,0.0,14.0,514.0
SKU0096,2024-08-05,158,1047661.66,0,0,Furnishings,83.0,329.0,14.0,514.0
SKU0096,2024-08-12,82,543723.14,0,1,Furnishings,330.0,382.0,14.0,514.0
SKU0096,2024-08-19,145,961461.65,0,0,Furnishings,188.0,382.0,14.0,514.0
SKU0096,2024-08-26,185,1226692.45,0,0,Furnishings,327.0,242.0,14.0,514.0
SKU0096,2024-09-02,128,848738.56,0,0,Furnishings,199.0,242.0,14.0,514.0
SKU0096,2024-09-09,131,868630.87,0,0,Furnishings,310.0,403.0,14.0,514.0
SKU0096,2024-09-16,150,994615.5,0,0,Furnishings,160.0,403.0,14.0,514.0
SKU0096,2024-09-23,176,1167015.52,0,0,Furnishings,160.0,403.0,14.0,514.0
SKU0096,2024-09-30,147,974723.1900000001,0,1,Furnishings,345.0,360.0,14.0,514.0
SKU0096,2024-10-07,136,901784.72,0,0,Furnishings,201.0,360.0,14.0,514.0
SKU0096,2024-10-14,235,1349361.69,1,0,Furnishings,396.0,251.0,14.0,514.0
SKU0096,2024-10-21,123,791713.94,1,0,Furnishings,184.0,251.0,14.0,514.0
SKU0096,2024-10-28,110,729384.7,0,1,Furnishings,279.0,226.0,14.0,514.0
SKU0096,2024-11-04,154,1021138.58,0,0,Furnishings,356.0,255.0,14.0,514.0
SKU0096,2024-11-11,153,1014507.8099999999,0,0,Furnishings,207.0,255.0,14.0,514.0
SKU0096,2024-11-18,152,1007877.04,0,0,Furnishings,293.0,235.0,14.0,514.0
SKU0096,2024-11-25,269,1516125.56,1,0,Furnishings,0.0,235.0,14.0,514.0
SKU0096,2024-12-02,70,464153.9,0,0,Furnishings,165.0,334.0,14.0,514.0
SKU0096,2024-12-09,146,968092.42,0,0,Furnishings,19.0,334.0,14.0,514.0
SKU0096,2024-12-16,80,530461.6000000001,0,0,Furnishings,273.0,335.0,14.0,514.0
SKU0096,2024-12-23,207,1372569.39,0,1,Furnishings,273.0,335.0,14.0,514.0
SKU0096,2024-12-30,198,1174640.9,1,0,Furnishings,0.0,335.0,14.0,514.0
SKU0096,2025-01-06,203,1214757.07,1,0,Furnishings,27.0,273.0,14.0,514.0
SKU0096,2025-01-13,101,669707.77,0,0,Furnishings,0.0,273.0,14.0,514.0
SKU0096,2025-01-20,171,1133861.67,0,1,Furnishings,64.0,237.0,14.0,514.0
SKU0096,2025-01-27,84,556984.6799999999,0,0,Furnishings,190.0,210.0,14.0,514.0
SKU0096,2025-02-03,154,1021138.5800000001,0,0,Furnishings,0.0,210.0,14.0,514.0
SKU0096,2025-02-10,91,603400.0700000001,0,0,Furnishings,154.0,262.0,14.0,514.0
SKU0096,2025-02-17,119,789061.63,0,0,Furnishings,1.0,262.0,14.0,514.0
SKU0096,2025-02-24,97,643184.69,0,0,Furnishings,202.0,0.0,14.0,514.0
SKU0096,2025-03-03,165,1094077.05,0,0,Furnishings,1.0,382.0,14.0,514.0
SKU0096,2025-03-10,114,755907.78,0,0,Furnishings,298.0,0.0,14.0,514.0
SKU0096,2025-03-17,268,1777046.36,0,0,Furnishings,11.0,247.0,14.0,514.0
SKU0096,2025-03-24,92,610030.84,0,0,Furnishings,11.0,247.0,14.0,514.0
SKU0096,2025-03-31,155,1027769.35,0,0,Furnishings,61.0,367.0,14.0,514.0
SKU0096,2025-04-07,104,689600.08,0,0,Furnishings,1.0,367.0,14.0,514.0
SKU0096,2025-04-14,263,1743892.51,0,0,Furnishings,167.0,391.0,14.0,514.0
SKU0096,2025-04-21,107,709492.39,0,0,Furnishings,1.0,391.0,14.0,514.0
SKU0096,2025-04-28,284,1883138.6800000002,0,0,Furnishings,70.0,397.0,14.0,514.0
SKU0096,2025-05-05,122,808953.94,0,0,Furnishings,398.0,0.0,14.0,514.0
SKU0096,2025-05-12,275,1823461.75,0,0,Furnishings,60.0,323.0,14.0,514.0
SKU0096,2025-05-19,125,828846.25,0,0,Furnishings,323.0,0.0,14.0,514.0
SKU0096,2025-05-26,198,1312892.46,0,0,Furnishings,0.0,405.0,14.0,514.0
SKU0096,2025-06-02,103,682969.31,0,0,Furnishings,302.0,231.0,14.0,514.0
SKU0096,2025-06-09,302,1961713.3,1,0,Furnishings,0.0,231.0,14.0,514.0
SKU0096,2025-06-16,143,838792.4,1,0,Furnishings,88.0,237.0,14.0,514.0
SKU0096,2025-06-23,87,576876.99,0,0,Furnishings,88.0,237.0,14.0,514.0
SKU0096,2025-06-30,72,477415.44,0,0,Furnishings,1.0,237.0,14.0,514.0
SKU0096,2025-07-07,165,1094077.05,0,0,Furnishings,90.0,271.0,14.0,514.0
SKU0096,2025-07-14,90,596769.3,0,0,Furnishings,1.0,271.0,14.0,514.0
SKU0096,2025-07-21,181,1200169.37,0,0,Furnishings,108.0,408.0,14.0,514.0
SKU0096,2025-07-28,57,377953.89,0,0,Furnishings,382.0,301.0,14.0,514.0
SKU0096,2025-08-04,223,1478661.71,0,0,Furnishings,181.0,301.0,14.0,514.0
SKU0096,2025-08-11,186,1233323.22,0,1,Furnishings,279.0,294.0,14.0,514.0
SKU0096,2025-08-18,196,1299630.92,0,0,Furnishings,90.0,294.0,14.0,514.0
SKU0096,2025-08-25,122,808953.94,0,0,Furnishings,90.0,294.0,14.0,514.0
SKU0096,2025-09-01,173,1147123.21,0,0,Furnishings,196.0,261.0,14.0,514.0
SKU0096,2025-09-08,120,795692.4,0,0,Furnishings,30.0,261.0,14.0,514.0
SKU0096,2025-09-15,171,1133861.67,0,0,Furnishings,156.0,408.0,14.0,514.0
SKU0096,2025-09-22,81,537092.37,0,0,Furnishings,0.0,408.0,14.0,514.0
SKU0096,2025-09-29,181,1200169.37,0,1,Furnishings,254.0,319.0,14.0,514.0
SKU0096,2025-10-06,178,1180277.06,0,0,Furnishings,81.0,319.0,14.0,514.0
SKU0096,2025-10-13,257,1503195.56,1,0,Furnishings,205.0,340.0,14.0,514.0
SKU0096,2025-10-20,109,677001.62,1,0,Furnishings,1.0,340.0,14.0,514.0
SKU0096,2025-10-27,209,1385830.93,0,1,Furnishings,99.0,381.0,14.0,514.0
SKU0096,2025-11-03,140,928307.8,0,0,Furnishings,331.0,349.0,14.0,514.0
SKU0096,2025-11-10,195,1293000.15,0,0,Furnishings,152.0,349.0,14.0,514.0
SKU0096,2025-11-17,179,1186907.83,0,0,Furnishings,306.0,0.0,14.0,514.0
SKU0096,2025-11-24,284,1624538.65,1,0,Furnishings,306.0,0.0,14.0,514.0
SKU0096,2025-12-01,81,537092.37,1,0,Furnishings,0.0,270.0,14.0,514.0
SKU0096,2025-12-08,188,1246584.76,0,0,Furnishings,153.0,291.0,14.0,514.0
SKU0096,2025-12-15,94,623292.38,0,0,Furnishings,1.0,291.0,14.0,514.0
SKU0096,2025-12-22,198,1312892.46,0,1,Furnishings,166.0,217.0,14.0,514.0
SKU0097,2024-04-15,154,826254.6599999999,0,0,Decor,65.0,1352.0,25.0,721.0
SKU0097,2024-04-22,119,638469.51,0,0,Decor,65.0,1352.0,25.0,721.0
SKU0097,2024-04-29,0,0.0,0,0,Decor,1.0,1352.0,25.0,721.0
SKU0097,2024-05-06,0,0.0,0,0,Decor,1.0,1352.0,25.0,721.0
SKU0097,2024-05-13,263,1411071.27,0,0,Decor,1244.0,0.0,25.0,721.0
SKU0097,2024-05-20,285,1529107.65,0,0,Decor,936.0,0.0,25.0,721.0
SKU0097,2024-05-27,237,1271573.73,0,0,Decor,573.0,1749.0,25.0,721.0
SKU0097,2024-06-03,234,1255477.8599999999,0,0,Decor,2106.0,0.0,25.0,721.0
SKU0097,2024-06-10,248,1286328.27,1,0,Decor,1871.0,0.0,25.0,721.0
SKU0097,2024-06-17,329,1529375.91,1,0,Decor,1526.0,0.0,25.0,721.0
SKU0097,2024-06-24,222,1191094.38,0,0,Decor,1526.0,0.0,25.0,721.0
SKU0097,2024-07-01,164,879907.5599999999,0,0,Decor,1265.0,0.0,25.0,721.0
SKU0097,2024-07-08,151,810158.79,0,0,Decor,1089.0,0.0,25.0,721.0
SKU0097,2024-07-15,173,928195.17,0,0,Decor,955.0,0.0,25.0,721.0
SKU0097,2024-07-22,145,777967.05,0,0,Decor,775.0,0.0,25.0,721.0
SKU0097,2024-07-29,141,756505.89,0,0,Decor,2326.0,0.0,25.0,721.0
SKU0097,2024-08-05,104,557990.16,0,0,Decor,2206.0,0.0,25.0,721.0
SKU0097,2024-08-12,122,654565.38,0,1,Decor,2096.0,0.0,25.0,721.0
SKU0097,2024-08-19,113,606277.77,0,0,Decor,1957.0,0.0,25.0,721.0
SKU0097,2024-08-26,107,574086.03,0,0,Decor,1833.0,0.0,25.0,721.0
SKU0097,2024-09-02,80,429223.2,0,0,Decor,1753.0,0.0,25.0,721.0
SKU0097,2024-09-09,97,520433.13,0,0,Decor,1656.0,0.0,25.0,721.0
SKU0097,2024-09-16,80,429223.2,0,0,Decor,1576.0,0.0,25.0,721.0
SKU0097,2024-09-23,86,461414.94,0,0,Decor,1576.0,0.0,25.0,721.0
SKU0097,2024-09-30,16,85844.64,0,1,Decor,1483.0,0.0,25.0,721.0
SKU0097,2024-10-07,55,295090.95,0,0,Decor,1457.0,0.0,25.0,721.0
SKU0097,2024-10-14,147,692122.41,1,0,Decor,1369.0,0.0,25.0,721.0
SKU0097,2024-10-21,71,360010.96,1,0,Decor,1234.0,0.0,25.0,721.0
SKU0097,2024-10-28,54,289725.66,0,1,Decor,1147.0,0.0,25.0,721.0
SKU0097,2024-11-04,55,295090.95,0,0,Decor,1094.0,0.0,25.0,721.0
SKU0097,2024-11-11,85,456049.65,0,0,Decor,1029.0,0.0,25.0,721.0
SKU0097,2024-11-18,80,429223.2,0,0,Decor,946.0,0.0,25.0,721.0
SKU0097,2024-11-25,114,519896.61,1,0,Decor,813.0,0.0,25.0,721.0
SKU0097,2024-12-02,88,472145.52,0,0,Decor,725.0,0.0,25.0,721.0
SKU0097,2024-12-09,69,370205.01,0,0,Decor,656.0,1609.0,25.0,721.0
SKU0097,2024-12-16,88,472145.52,0,0,Decor,568.0,1609.0,25.0,721.0
SKU0097,2024-12-23,53,284360.37,0,1,Decor,568.0,1609.0,25.0,721.0
SKU0097,2024-12-30,59,282750.77999999997,1,0,Decor,2093.0,0.0,25.0,721.0
SKU0097,2025-01-06,113,566038.1000000001,1,0,Decor,2008.0,0.0,25.0,721.0
SKU0097,2025-01-13,81,434588.49,0,0,Decor,1894.0,0.0,25.0,721.0
SKU0097,2025-01-20,61,327282.69,0,1,Decor,1820.0,0.0,25.0,721.0
SKU0097,2025-01-27,58,311186.82,0,0,Decor,1752.0,0.0,25.0,721.0
SKU0097,2025-02-03,99,531163.71,0,0,Decor,1663.0,0.0,25.0,721.0
SKU0097,2025-02-10,75,402396.75,0,0,Decor,1578.0,0.0,25.0,721.0
SKU0097,2025-02-17,53,284360.37,0,0,Decor,1526.0,0.0,25.0,721.0
SKU0097,2025-02-24,43,230707.47,0,0,Decor,1485.0,0.0,25.0,721.0
SKU0097,2025-03-03,100,536529.0,0,0,Decor,1394.0,0.0,25.0,721.0
SKU0097,2025-03-10,58,311186.82,0,0,Decor,1324.0,0.0,25.0,721.0
SKU0097,2025-03-17,41,219976.89,0,0,Decor,1283.0,0.0,25.0,721.0
SKU0097,2025-03-24,59,316552.11,0,0,Decor,1283.0,0.0,25.0,721.0
SKU0097,2025-03-31,39,209246.31,0,0,Decor,1216.0,0.0,25.0,721.0
SKU0097,2025-04-07,29,155593.41,0,0,Decor,1173.0,0.0,25.0,721.0
SKU0097,2025-04-14,14,75114.06,0,0,Decor,1151.0,0.0,25.0,721.0
SKU0097,2025-04-21,74,397031.46,0,0,Decor,1119.0,0.0,25.0,721.0
SKU0097,2025-04-28,21,112671.09,0,0,Decor,1054.0,0.0,25.0,721.0
SKU0097,2025-05-05,24,128766.96,0,0,Decor,1039.0,0.0,25.0,721.0
SKU0097,2025-05-12,36,193150.44,0,0,Decor,1009.0,0.0,25.0,721.0
SKU0097,2025-05-19,35,187785.15,0,0,Decor,962.0,0.0,25.0,721.0
SKU0097,2025-05-26,15,80479.34999999999,0,0,Decor,937.0,0.0,25.0,721.0
SKU0097,2025-06-02,7,37557.03,0,0,Decor,930.0,0.0,25.0,721.0
SKU0097,2025-06-09,12,64383.48,1,0,Decor,918.0,0.0,25.0,721.0
SKU0097,2025-06-16,31,142984.98,1,0,Decor,887.0,0.0,25.0,721.0
SKU0097,2025-06-23,21,112671.09,0,0,Decor,887.0,0.0,25.0,721.0
SKU0097,2025-06-30,27,144862.83000000002,0,0,Decor,857.0,0.0,25.0,721.0
SKU0097,2025-07-07,28,150228.12,0,0,Decor,835.0,0.0,25.0,721.0
SKU0097,2025-07-14,22,118036.38,0,0,Decor,811.0,0.0,25.0,721.0
SKU0097,2025-07-21,6,32191.739999999998,0,0,Decor,787.0,0.0,25.0,721.0
SKU0097,2025-07-28,16,85844.64,0,0,Decor,769.0,0.0,25.0,721.0
SKU0097,2025-08-04,15,80479.35,0,0,Decor,756.0,0.0,25.0,721.0
SKU0097,2025-08-11,35,187785.15000000002,0,1,Decor,726.0,0.0,25.0,721.0
SKU0097,2025-08-18,12,64383.479999999996,0,0,Decor,709.0,1323.0,25.0,721.0
SKU0097,2025-08-25,6,32191.74,0,0,Decor,709.0,1323.0,25.0,721.0
SKU0097,2025-09-01,43,230707.47,0,0,Decor,2009.0,0.0,25.0,721.0
SKU0097,2025-09-08,16,85844.64,0,0,Decor,1978.0,0.0,25.0,721.0
SKU0097,2025-09-15,27,144862.83,0,0,Decor,1963.0,0.0,25.0,721.0
SKU0097,2025-09-22,20,107305.8,0,0,Decor,1929.0,0.0,25.0,721.0
SKU0097,2025-09-29,28,150228.12,0,1,Decor,1889.0,0.0,25.0,721.0
SKU0097,2025-10-06,37,198515.73,0,0,Decor,1868.0,0.0,25.0,721.0
SKU0097,2025-10-13,0,0.0,1,0,Decor,1851.0,0.0,25.0,721.0
SKU0097,2025-10-20,32,159617.38,1,0,Decor,1836.0,0.0,25.0,721.0
SKU0097,2025-10-27,25,134132.25,0,1,Decor,1794.0,0.0,25.0,721.0
SKU0097,2025-11-03,14,75114.06,0,0,Decor,1780.0,0.0,25.0,721.0
SKU0097,2025-11-10,13,69748.77,0,0,Decor,1767.0,0.0,25.0,721.0
SKU0097,2025-11-17,21,112671.09,0,0,Decor,1754.0,0.0,25.0,721.0
SKU0097,2025-11-24,23,104891.43,1,0,Decor,1754.0,0.0,25.0,721.0
SKU0097,2025-12-01,49,258070.45,1,0,Decor,1717.0,0.0,25.0,721.0
SKU0097,2025-12-08,31,166323.99000000002,0,0,Decor,1666.0,0.0,25.0,721.0
SKU0097,2025-12-15,31,166323.99,0,0,Decor,1634.0,0.0,25.0,721.0
SKU0097,2025-12-22,53,284360.37,0,1,Decor,1601.0,0.0,25.0,721.0
SKU0098,2024-08-19,35,90555.15,0,0,Decor,0.0,2419.0,20.0,1006.0
SKU0098,2024-08-26,120,310474.8,0,0,Decor,0.0,2419.0,20.0,1006.0
SKU0098,2024-09-02,0,0.0,0,0,Decor,0.0,2419.0,20.0,1006.0
SKU0098,2024-09-09,24,62094.96,0,0,Decor,2395.0,0.0,20.0,1006.0
SKU0098,2024-09-16,202,522632.58,0,0,Decor,2193.0,0.0,20.0,1006.0
SKU0098,2024-09-23,244,631298.76,0,0,Decor,2193.0,0.0,20.0,1006.0
SKU0098,2024-09-30,168,434664.72,0,1,Decor,1883.0,0.0,20.0,1006.0
SKU0098,2024-10-07,149,385506.20999999996,0,0,Decor,1725.0,0.0,20.0,1006.0
SKU0098,2024-10-14,317,705295.25,1,0,Decor,1539.0,0.0,20.0,1006.0
SKU0098,2024-10-21,221,558984.0,1,0,Decor,1252.0,0.0,20.0,1006.0
SKU0098,2024-10-28,202,522632.57999999996,0,1,Decor,944.0,2212.0,20.0,1006.0
SKU0098,2024-11-04,182,470886.77999999997,0,0,Decor,735.0,2212.0,20.0,1006.0
SKU0098,2024-11-11,173,447601.17,0,0,Decor,2780.0,0.0,20.0,1006.0
SKU0098,2024-11-18,199,514870.71,0,0,Decor,2591.0,0.0,20.0,1006.0
SKU0098,2024-11-25,334,734531.63,1,0,Decor,2216.0,0.0,20.0,1006.0
SKU0098,2024-12-02,183,473474.07,0,0,Decor,2033.0,0.0,20.0,1006.0
SKU0098,2024-12-09,213,551092.77,0,0,Decor,1820.0,0.0,20.0,1006.0
SKU0098,2024-12-16,229,592489.41,0,0,Decor,1591.0,0.0,20.0,1006.0
SKU0098,2024-12-23,230,595076.7,0,1,Decor,1591.0,0.0,20.0,1006.0
SKU0098,2024-12-30,405,918229.22,1,0,Decor,1174.0,0.0,20.0,1006.0
SKU0098,2025-01-06,290,692488.1699999999,1,0,Decor,765.0,1789.0,20.0,1006.0
SKU0098,2025-01-13,269,695981.01,0,0,Decor,2307.0,0.0,20.0,1006.0
SKU0098,2025-01-20,277,716679.33,0,1,Decor,2035.0,0.0,20.0,1006.0
SKU0098,2025-01-27,273,706330.1699999999,0,0,Decor,1683.0,0.0,20.0,1006.0
SKU0098,2025-02-03,334,864154.86,0,0,Decor,1357.0,0.0,20.0,1006.0
SKU0098,2025-02-10,283,732203.07,0,0,Decor,1042.0,0.0,20.0,1006.0
SKU0098,2025-02-17,364,941773.56,0,0,Decor,2629.0,0.0,20.0,1006.0
SKU0098,2025-02-24,282,729615.78,0,0,Decor,2318.0,0.0,20.0,1006.0
SKU0098,2025-03-03,343,887440.47,0,0,Decor,2007.0,0.0,20.0,1006.0
SKU0098,2025-03-10,364,941773.5599999999,0,0,Decor,1642.0,0.0,20.0,1006.0
SKU0098,2025-03-17,319,825345.51,0,0,Decor,1324.0,0.0,20.0,1006.0
SKU0098,2025-03-24,342,884853.1799999999,0,0,Decor,1324.0,0.0,20.0,1006.0
SKU0098,2025-03-31,353,913313.37,0,0,Decor,803.0,2160.0,20.0,1006.0
SKU0098,2025-04-07,279,721853.91,0,0,Decor,2652.0,0.0,20.0,1006.0
SKU0098,2025-04-14,321,830520.09,0,0,Decor,2356.0,0.0,20.0,1006.0
SKU0098,2025-04-21,315,814996.35,0,0,Decor,2037.0,0.0,20.0,1006.0
SKU0098,2025-04-28,338,874504.02,0,0,Decor,1594.0,0.0,20.0,1006.0
SKU0098,2025-05-05,319,825345.51,0,0,Decor,1318.0,0.0,20.0,1006.0
SKU0098,2025-05-12,303,783948.87,0,0,Decor,975.0,2101.0,20.0,1006.0
SKU0098,2025-05-19,306,791710.74,0,0,Decor,664.0,2101.0,20.0,1006.0
SKU0098,2025-05-26,312,807234.48,0,0,Decor,2348.0,0.0,20.0,1006.0
SKU0098,2025-06-02,321,830520.09,0,0,Decor,2027.0,0.0,20.0,1006.0
SKU0098,2025-06-09,352,891321.4,1,0,Decor,1675.0,0.0,20.0,1006.0
SKU0098,2025-06-16,489,1082392.76,1,0,Decor,1186.0,0.0,20.0,1006.0
SKU0098,2025-06-23,280,724441.2,0,0,Decor,1186.0,0.0,20.0,1006.0
SKU0098,2025-06-30,283,732203.07,0,0,Decor,814.0,1945.0,20.0,1006.0
SKU0098,2025-07-07,231,597663.99,0,0,Decor,555.0,1945.0,20.0,1006.0
SKU0098,2025-07-14,214,553680.06,0,0,Decor,2249.0,0.0,20.0,1006.0
SKU0098,2025-07-21,211,545918.19,0,0,Decor,2057.0,0.0,20.0,1006.0
SKU0098,2025-07-28,234,605425.86,0,0,Decor,1726.0,0.0,20.0,1006.0
SKU0098,2025-08-04,175,452775.75,0,0,Decor,1520.0,0.0,20.0,1006.0
SKU0098,2025-08-11,191,494172.39,0,1,Decor,1342.0,0.0,20.0,1006.0
SKU0098,2025-08-18,151,390680.79000000004,0,0,Decor,1184.0,0.0,20.0,1006.0
SKU0098,2025-08-25,163,421728.27,0,0,Decor,1184.0,0.0,20.0,1006.0
SKU0098,2025-09-01,173,447601.17,0,0,Decor,986.0,1619.0,20.0,1006.0
SKU0098,2025-09-08,178,460537.62,0,0,Decor,819.0,1619.0,20.0,1006.0
SKU0098,2025-09-15,170,439839.3,0,0,Decor,2239.0,0.0,20.0,1006.0
SKU0098,2025-09-22,166,429490.14,0,0,Decor,2079.0,0.0,20.0,1006.0
SKU0098,2025-09-29,146,377744.33999999997,0,1,Decor,1858.0,0.0,20.0,1006.0
SKU0098,2025-10-06,153,395855.37,0,0,Decor,1706.0,0.0,20.0,1006.0
SKU0098,2025-10-13,224,496112.85,1,0,Decor,1565.0,0.0,20.0,1006.0
SKU0098,2025-10-20,198,479683.57,1,0,Decor,1278.0,0.0,20.0,1006.0
SKU0098,2025-10-27,164,424315.56,0,1,Decor,1070.0,0.0,20.0,1006.0
SKU0098,2025-11-03,73,188872.16999999998,0,0,Decor,3272.0,0.0,20.0,1006.0
SKU0098,2025-11-10,183,473474.07,0,0,Decor,3115.0,0.0,20.0,1006.0
SKU0098,2025-11-17,196,507108.83999999997,0,0,Decor,2921.0,0.0,20.0,1006.0
SKU0098,2025-11-24,267,590290.21,1,0,Decor,2921.0,0.0,20.0,1006.0
SKU0098,2025-12-01,176,433629.8,1,0,Decor,2568.0,0.0,20.0,1006.0
SKU0098,2025-12-08,213,551092.77,0,0,Decor,2409.0,0.0,20.0,1006.0
SKU0098,2025-12-15,192,496759.68,0,0,Decor,2211.0,0.0,20.0,1006.0
SKU0098,2025-12-22,199,514870.70999999996,0,1,Decor,2013.0,0.0,20.0,1006.0
SKU0099,2024-11-18,122,721603.1599999999,0,0,Decor,240.0,472.0,8.0,309.0
SKU0099,2024-11-25,280,1407717.65,1,0,Decor,408.0,0.0,8.0,309.0
SKU0099,2024-12-02,243,1437291.54,0,0,Decor,678.0,0.0,8.0,309.0
SKU0099,2024-12-09,197,1165211.66,0,0,Decor,481.0,0.0,8.0,309.0
SKU0099,2024-12-16,143,845813.54,0,0,Decor,338.0,0.0,8.0,309.0
SKU0099,2024-12-23,159,940450.02,0,1,Decor,338.0,0.0,8.0,309.0
SKU0099,2024-12-30,301,1556770.0899999999,1,0,Decor,550.0,0.0,8.0,309.0
SKU0099,2025-01-06,281,1554699.92,1,0,Decor,207.0,575.0,8.0,309.0
SKU0099,2025-01-13,252,1490524.56,0,0,Decor,523.0,0.0,8.0,309.0
SKU0099,2025-01-20,222,1313081.16,0,1,Decor,309.0,479.0,8.0,309.0
SKU0099,2025-01-27,233,1378143.7399999998,0,0,Decor,486.0,0.0,8.0,309.0
SKU0099,2025-02-03,270,1596990.6,0,0,Decor,759.0,0.0,8.0,309.0
SKU0099,2025-02-10,222,1313081.16,0,0,Decor,509.0,0.0,8.0,309.0
SKU0099,2025-02-17,308,1821752.24,0,0,Decor,213.0,668.0,8.0,309.0
SKU0099,2025-02-24,314,1857240.92,0,0,Decor,570.0,0.0,8.0,309.0
SKU0099,2025-03-03,349,2064258.22,0,0,Decor,242.0,520.0,8.0,309.0
SKU0099,2025-03-10,347,2052428.66,0,0,Decor,394.0,0.0,8.0,309.0
SKU0099,2025-03-17,326,1928218.28,0,0,Decor,583.0,0.0,8.0,309.0
SKU0099,2025-03-24,315,1863155.7,0,0,Decor,583.0,0.0,8.0,309.0
SKU0099,2025-03-31,348,2058343.44,0,0,Decor,121.0,639.0,8.0,309.0
SKU0099,2025-04-07,316,1869070.48,0,0,Decor,417.0,0.0,8.0,309.0
SKU0099,2025-04-14,352,2082002.56,0,0,Decor,856.0,0.0,8.0,309.0
SKU0099,2025-04-21,331,1957792.18,0,0,Decor,474.0,0.0,8.0,309.0
SKU0099,2025-04-28,346,2046513.88,0,0,Decor,675.0,0.0,8.0,309.0
SKU0099,2025-05-05,370,2188468.6,0,0,Decor,297.0,547.0,8.0,309.0
SKU0099,2025-05-12,346,2046513.8800000001,0,0,Decor,507.0,0.0,8.0,309.0
SKU0099,2025-05-19,324,1916388.72,0,0,Decor,628.0,0.0,8.0,309.0
SKU0099,2025-05-26,365,2158894.7,0,0,Decor,663.0,0.0,8.0,309.0
SKU0099,2025-06-02,323,1910473.94,0,0,Decor,340.0,0.0,8.0,309.0
SKU0099,2025-06-09,322,1846002.8399999999,1,0,Decor,750.0,0.0,8.0,309.0
SKU0099,2025-06-16,524,2686788.81,1,0,Decor,226.0,530.0,8.0,309.0
SKU0099,2025-06-23,303,1792178.34,0,0,Decor,226.0,530.0,8.0,309.0
SKU0099,2025-06-30,228,1348569.84,0,0,Decor,378.0,0.0,8.0,309.0
SKU0099,2025-07-07,199,1177041.22,0,0,Decor,158.0,714.0,8.0,309.0
SKU0099,2025-07-14,258,1526013.24,0,0,Decor,665.0,0.0,8.0,309.0
SKU0099,2025-07-21,297,1756689.6600000001,0,0,Decor,397.0,0.0,8.0,309.0
SKU0099,2025-07-28,201,1188870.78,0,0,Decor,1.0,579.0,8.0,309.0
SKU0099,2025-08-04,244,1443206.32,0,0,Decor,365.0,0.0,8.0,309.0
SKU0099,2025-08-11,215,1271677.7,0,1,Decor,186.0,746.0,8.0,309.0
SKU0099,2025-08-18,232,1372228.96,0,0,Decor,683.0,0.0,8.0,309.0
SKU0099,2025-08-25,218,1289422.04,0,0,Decor,683.0,0.0,8.0,309.0
SKU0099,2025-09-01,181,1070575.18,0,0,Decor,386.0,0.0,8.0,309.0
SKU0099,2025-09-08,185,1094234.3,0,0,Decor,185.0,482.0,8.0,309.0
SKU0099,2025-09-15,168,993683.04,0,0,Decor,472.0,0.0,8.0,309.0
SKU0099,2025-09-22,193,1141552.54,0,0,Decor,323.0,0.0,8.0,309.0
SKU0099,2025-09-29,169,999597.8200000001,0,1,Decor,821.0,0.0,8.0,309.0
SKU0099,2025-10-06,198,1171126.44,0,0,Decor,645.0,0.0,8.0,309.0
SKU0099,2025-10-13,244,1280845.6099999999,1,0,Decor,437.0,0.0,8.0,309.0
SKU0099,2025-10-20,226,1270199.01,1,0,Decor,899.0,0.0,8.0,309.0
SKU0099,2025-10-27,203,1200700.34,0,1,Decor,628.0,0.0,8.0,309.0
SKU0099,2025-11-03,129,763006.62,0,0,Decor,505.0,0.0,8.0,309.0
SKU0099,2025-11-10,149,881302.22,0,0,Decor,342.0,0.0,8.0,309.0
SKU0099,2025-11-17,190,1123808.2,0,0,Decor,800.0,0.0,8.0,309.0
SKU0099,2025-11-24,276,1405351.73,1,0,Decor,800.0,0.0,8.0,309.0
SKU0099,2025-12-01,281,1604384.0799999998,1,0,Decor,441.0,0.0,8.0,309.0
SKU0099,2025-12-08,217,1283507.26,0,0,Decor,819.0,0.0,8.0,309.0
SKU0099,2025-12-15,266,1573331.48,0,0,Decor,599.0,0.0,8.0,309.0
SKU0099,2025-12-22,308,1821752.24,0,1,Decor,334.0,0.0,8.0,309.0
SKU0100,2024-07-29,49,286184.99,0,0,Decor,0.0,363.0,14.0,690.0
SKU0100,2024-08-05,87,508124.37000000005,0,0,Decor,0.0,363.0,14.0,690.0
SKU0100,2024-08-12,38,221939.38,0,1,Decor,0.0,363.0,14.0,690.0
SKU0100,2024-08-19,256,1495170.56,0,0,Decor,115.0,0.0,14.0,690.0
SKU0100,2024-08-26,101,589891.51,0,0,Decor,493.0,353.0,14.0,690.0
SKU0100,2024-09-02,296,1728790.96,0,0,Decor,197.0,353.0,14.0,690.0
SKU0100,2024-09-09,230,1343317.3,0,0,Decor,320.0,476.0,14.0,690.0
SKU0100,2024-09-16,205,1197304.55,0,0,Decor,115.0,476.0,14.0,690.0
SKU0100,2024-09-23,143,835192.9299999999,0,0,Decor,115.0,476.0,14.0,690.0
SKU0100,2024-09-30,238,1390041.3800000001,0,1,Decor,350.0,289.0,14.0,690.0
SKU0100,2024-10-07,236,1378360.3599999999,0,0,Decor,116.0,289.0,14.0,690.0
SKU0100,2024-10-14,262,1340105.02,1,0,Decor,146.0,0.0,14.0,690.0
SKU0100,2024-10-21,38,221939.38,1,0,Decor,0.0,475.0,14.0,690.0
SKU0100,2024-10-28,242,1413403.4200000002,0,1,Decor,214.0,395.0,14.0,690.0
SKU0100,2024-11-04,242,1413403.42,0,0,Decor,0.0,395.0,14.0,690.0
SKU0100,2024-11-11,277,1617821.27,0,0,Decor,107.0,358.0,14.0,690.0
SKU0100,2024-11-18,103,601572.53,0,0,Decor,1.0,358.0,14.0,690.0
SKU0100,2024-11-25,326,1618405.33,1,0,Decor,1.0,520.0,14.0,690.0
SKU0100,2024-12-02,26,151853.26,0,0,Decor,494.0,0.0,14.0,690.0
SKU0100,2024-12-09,303,1769674.53,0,0,Decor,191.0,434.0,14.0,690.0
SKU0100,2024-12-16,214,1249869.14,0,0,Decor,411.0,0.0,14.0,690.0
SKU0100,2024-12-23,286,1670385.8599999999,0,1,Decor,411.0,0.0,14.0,690.0
SKU0100,2024-12-30,187,1013328.49,1,0,Decor,0.0,392.0,14.0,690.0
SKU0100,2025-01-06,329,1780479.47,1,0,Decor,123.0,527.0,14.0,690.0
SKU0100,2025-01-13,28,163534.28,0,0,Decor,1.0,527.0,14.0,690.0
SKU0100,2025-01-20,310,1810558.1,0,1,Decor,353.0,426.0,14.0,690.0
SKU0100,2025-01-27,229,1337476.79,0,0,Decor,426.0,483.0,14.0,690.0
SKU0100,2025-02-03,283,1652864.33,0,0,Decor,136.0,483.0,14.0,690.0
SKU0100,2025-02-10,120,700861.2,0,0,Decor,483.0,0.0,14.0,690.0
SKU0100,2025-02-17,289,1687907.39,0,0,Decor,195.0,277.0,14.0,690.0
SKU0100,2025-02-24,195,1138899.45,0,0,Decor,278.0,446.0,14.0,690.0
SKU0100,2025-03-03,259,1512692.09,0,0,Decor,9.0,446.0,14.0,690.0
SKU0100,2025-03-10,35,204417.85,0,0,Decor,447.0,0.0,14.0,690.0
SKU0100,2025-03-17,317,1851441.67,0,0,Decor,128.0,452.0,14.0,690.0
SKU0100,2025-03-24,139,811830.8899999999,0,0,Decor,128.0,452.0,14.0,690.0
SKU0100,2025-03-31,292,1705428.92,0,0,Decor,317.0,486.0,14.0,690.0
SKU0100,2025-04-07,148,864395.48,0,0,Decor,17.0,486.0,14.0,690.0
SKU0100,2025-04-14,333,1944889.83,0,0,Decor,357.0,477.0,14.0,690.0
SKU0100,2025-04-21,165,963684.15,0,0,Decor,11.0,477.0,14.0,690.0
SKU0100,2025-04-28,316,1845601.16,0,0,Decor,201.0,426.0,14.0,690.0
SKU0100,2025-05-05,146,852714.46,0,0,Decor,0.0,426.0,14.0,690.0
SKU0100,2025-05-12,325,1898165.75,0,0,Decor,152.0,352.0,14.0,690.0
SKU0100,2025-05-19,104,607413.04,0,0,Decor,0.0,352.0,14.0,690.0
SKU0100,2025-05-26,319,1863122.69,0,0,Decor,0.0,510.0,14.0,690.0
SKU0100,2025-06-02,23,134331.73,0,0,Decor,487.0,522.0,14.0,690.0
SKU0100,2025-06-09,338,1925908.17,1,0,Decor,149.0,522.0,14.0,690.0
SKU0100,2025-06-16,176,898270.4400000001,1,0,Decor,495.0,444.0,14.0,690.0
SKU0100,2025-06-23,343,2003294.93,0,0,Decor,495.0,444.0,14.0,690.0
SKU0100,2025-06-30,180,1051291.8,0,0,Decor,68.0,444.0,14.0,690.0
SKU0100,2025-07-07,304,1775515.04,0,0,Decor,317.0,420.0,14.0,690.0
SKU0100,2025-07-14,133,776787.8300000001,0,0,Decor,21.0,420.0,14.0,690.0
SKU0100,2025-07-21,291,1699588.41,0,0,Decor,300.0,332.0,14.0,690.0
SKU0100,2025-07-28,148,864395.48,0,0,Decor,0.0,332.0,14.0,690.0
SKU0100,2025-08-04,248,1448446.48,0,0,Decor,84.0,323.0,14.0,690.0
SKU0100,2025-08-11,69,402995.19,0,1,Decor,0.0,323.0,14.0,690.0
SKU0100,2025-08-18,252,1471808.52,0,0,Decor,85.0,334.0,14.0,690.0
SKU0100,2025-08-25,80,467240.80000000005,0,0,Decor,85.0,334.0,14.0,690.0
SKU0100,2025-09-01,289,1687907.3900000001,0,0,Decor,270.0,467.0,14.0,690.0
SKU0100,2025-09-08,47,274503.97,0,0,Decor,0.0,467.0,14.0,690.0
SKU0100,2025-09-15,259,1512692.09,0,0,Decor,395.0,475.0,14.0,690.0
SKU0100,2025-09-22,215,1255709.65,0,0,Decor,135.0,475.0,14.0,690.0
SKU0100,2025-09-29,275,1606140.25,0,1,Decor,288.0,378.0,14.0,690.0
SKU0100,2025-10-06,175,1022089.25,0,0,Decor,20.0,378.0,14.0,690.0
SKU0100,2025-10-13,360,1855530.03,1,0,Decor,177.0,308.0,14.0,690.0
SKU0100,2025-10-20,38,221939.38,1,0,Decor,0.0,308.0,14.0,690.0
SKU0100,2025-10-27,247,1442605.97,0,1,Decor,51.0,378.0,14.0,690.0
SKU0100,2025-11-03,41,239460.91,0,0,Decor,378.0,0.0,14.0,690.0
SKU0100,2025-11-10,222,1296593.22,0,0,Decor,144.0,320.0,14.0,690.0
SKU0100,2025-11-17,153,893598.03,0,0,Decor,320.0,0.0,14.0,690.0
SKU0100,2025-11-24,303,1529629.57,1,0,Decor,320.0,0.0,14.0,690.0
SKU0100,2025-12-01,20,116810.2,1,0,Decor,1.0,471.0,14.0,690.0
SKU0100,2025-12-08,261,1524373.11,0,0,Decor,417.0,392.0,14.0,690.0
SKU0100,2025-12-15,227,1325795.77,0,0,Decor,151.0,392.0,14.0,690.0
SKU0100,2025-12-22,227,1325795.77,0,1,Decor,323.0,458.0,14.0,690.0
SKU0101,2025-03-17,87,797149.6799999999,0,0,Decor,0.0,1115.0,16.0,263.0
SKU0101,2025-03-24,0,0.0,0,0,Decor,0.0,1115.0,16.0,263.0
SKU0101,2025-03-31,23,210740.72,0,0,Decor,0.0,1115.0,16.0,263.0
SKU0101,2025-04-07,153,1401883.92,0,0,Decor,1041.0,0.0,16.0,263.0
SKU0101,2025-04-14,163,1493510.32,0,0,Decor,883.0,0.0,16.0,263.0
SKU0101,2025-04-21,159,1456859.76,0,0,Decor,728.0,0.0,16.0,263.0
SKU0101,2025-04-28,155,1420209.2,0,0,Decor,508.0,0.0,16.0,263.0
SKU0101,2025-05-05,166,1520998.24,0,0,Decor,343.0,0.0,16.0,263.0
SKU0101,2025-05-12,143,1310257.52,0,0,Decor,192.0,1295.0,16.0,263.0
SKU0101,2025-05-19,162,1484347.68,0,0,Decor,1335.0,0.0,16.0,263.0
SKU0101,2025-05-26,142,1301094.8800000001,0,0,Decor,1144.0,0.0,16.0,263.0
SKU0101,2025-06-02,146,1337745.44,0,0,Decor,998.0,0.0,16.0,263.0
SKU0101,2025-06-09,153,1367524.02,1,0,Decor,845.0,0.0,16.0,263.0
SKU0101,2025-06-16,306,2409316.18,1,0,Decor,539.0,0.0,16.0,263.0
SKU0101,2025-06-23,151,1383558.6400000001,0,0,Decor,539.0,0.0,16.0,263.0
SKU0101,2025-06-30,144,1319420.16,0,0,Decor,332.0,0.0,16.0,263.0
SKU0101,2025-07-07,137,1255281.68,0,0,Decor,194.0,886.0,16.0,263.0
SKU0101,2025-07-14,129,1181980.56,0,0,Decor,946.0,0.0,16.0,263.0
SKU0101,2025-07-21,126,1154492.64,0,0,Decor,818.0,0.0,16.0,263.0
SKU0101,2025-07-28,141,1291932.24,0,0,Decor,611.0,0.0,16.0,263.0
SKU0101,2025-08-04,132,1209468.48,0,0,Decor,478.0,0.0,16.0,263.0
SKU0101,2025-08-11,127,1163655.28,0,1,Decor,370.0,0.0,16.0,263.0
SKU0101,2025-08-18,135,1236956.4,0,0,Decor,232.0,1017.0,16.0,263.0
SKU0101,2025-08-25,113,1035378.3200000001,0,0,Decor,232.0,1017.0,16.0,263.0
SKU0101,2025-09-01,111,1017053.04,0,0,Decor,1090.0,0.0,16.0,263.0
SKU0101,2025-09-08,110,1007890.3999999999,0,0,Decor,979.0,0.0,16.0,263.0
SKU0101,2025-09-15,94,861288.1599999999,0,0,Decor,876.0,0.0,16.0,263.0
SKU0101,2025-09-22,111,1017053.04,0,0,Decor,776.0,0.0,16.0,263.0
SKU0101,2025-09-29,99,907101.36,0,1,Decor,635.0,0.0,16.0,263.0
SKU0101,2025-10-06,99,907101.36,0,0,Decor,534.0,0.0,16.0,263.0
SKU0101,2025-10-13,166,1356070.72,1,0,Decor,394.0,0.0,16.0,263.0
SKU0101,2025-10-20,130,1110053.76,1,0,Decor,238.0,1284.0,16.0,263.0
SKU0101,2025-10-27,96,879613.44,0,1,Decor,1375.0,0.0,16.0,263.0
SKU0101,2025-11-03,107,980402.48,0,0,Decor,1277.0,0.0,16.0,263.0
SKU0101,2025-11-10,117,1072028.88,0,0,Decor,1164.0,0.0,16.0,263.0
SKU0101,2025-11-17,102,934589.28,0,0,Decor,1061.0,0.0,16.0,263.0
SKU0101,2025-11-24,193,1523747.03,1,0,Decor,1061.0,0.0,16.0,263.0
SKU0101,2025-12-01,130,1145788.13,1,0,Decor,823.0,0.0,16.0,263.0
SKU0101,2025-12-08,115,1053703.6,0,0,Decor,708.0,0.0,16.0,263.0
SKU0101,2025-12-15,128,1172817.92,0,0,Decor,594.0,0.0,16.0,263.0
SKU0101,2025-12-22,107,980402.48,0,1,Decor,459.0,0.0,16.0,263.0
SKU0102,2024-06-03,115,956464.2,0,0,Small Appliances,9.0,1526.0,22.0,750.0
SKU0102,2024-06-10,0,0.0,1,0,Small Appliances,1.0,1526.0,22.0,750.0
SKU0102,2024-06-17,0,0.0,1,0,Small Appliances,1.0,1526.0,22.0,750.0
SKU0102,2024-06-24,80,665366.3999999999,0,0,Small Appliances,1.0,1526.0,22.0,750.0
SKU0102,2024-07-01,211,1754903.88,0,0,Small Appliances,1418.0,0.0,22.0,750.0
SKU0102,2024-07-08,256,2129172.48,0,0,Small Appliances,1198.0,0.0,22.0,750.0
SKU0102,2024-07-15,223,1854708.84,0,0,Small Appliances,952.0,0.0,22.0,750.0
SKU0102,2024-07-22,227,1887977.16,0,0,Small Appliances,721.0,1872.0,22.0,750.0
SKU0102,2024-07-29,224,1863025.92,0,0,Small Appliances,384.0,1872.0,22.0,750.0
SKU0102,2024-08-05,203,1688367.24,0,0,Small Appliances,184.0,1872.0,22.0,750.0
SKU0102,2024-08-12,187,1555293.96,0,1,Small Appliances,1859.0,0.0,22.0,750.0
SKU0102,2024-08-19,191,1588562.28,0,0,Small Appliances,1664.0,0.0,22.0,750.0
SKU0102,2024-08-26,194,1613513.52,0,0,Small Appliances,1403.0,0.0,22.0,750.0
SKU0102,2024-09-02,163,1355684.04,0,0,Small Appliances,1240.0,0.0,22.0,750.0
SKU0102,2024-09-09,193,1605196.44,0,0,Small Appliances,1047.0,0.0,22.0,750.0
SKU0102,2024-09-16,177,1472123.16,0,0,Small Appliances,870.0,0.0,22.0,750.0
SKU0102,2024-09-23,192,1596879.3599999999,0,0,Small Appliances,870.0,0.0,22.0,750.0
SKU0102,2024-09-30,176,1463806.08,0,1,Small Appliances,626.0,1409.0,22.0,750.0
SKU0102,2024-10-07,196,1630147.6800000002,0,0,Small Appliances,446.0,1409.0,22.0,750.0
SKU0102,2024-10-14,267,1913760.1099999999,1,0,Small Appliances,235.0,1409.0,22.0,750.0
SKU0102,2024-10-21,206,1658425.75,1,0,Small Appliances,1376.0,0.0,22.0,750.0
SKU0102,2024-10-28,212,1763220.96,0,1,Small Appliances,1102.0,0.0,22.0,750.0
SKU0102,2024-11-04,194,1613513.52,0,0,Small Appliances,894.0,0.0,22.0,750.0
SKU0102,2024-11-11,206,1713318.48,0,0,Small Appliances,691.0,1237.0,22.0,750.0
SKU0102,2024-11-18,209,1738269.7200000002,0,0,Small Appliances,482.0,1237.0,22.0,750.0
SKU0102,2024-11-25,337,2382427.57,1,0,Small Appliances,1322.0,0.0,22.0,750.0
SKU0102,2024-12-02,210,1746586.8,0,0,Small Appliances,1112.0,0.0,22.0,750.0
SKU0102,2024-12-09,222,1846391.76,0,0,Small Appliances,890.0,0.0,22.0,750.0
SKU0102,2024-12-16,204,1696684.32,0,0,Small Appliances,2294.0,0.0,22.0,750.0
SKU0102,2024-12-23,198,1646781.8399999999,0,1,Small Appliances,2294.0,0.0,22.0,750.0
SKU0102,2024-12-30,385,2795370.59,1,0,Small Appliances,1985.0,0.0,22.0,750.0
SKU0102,2025-01-06,293,2273473.81,1,0,Small Appliances,1543.0,0.0,22.0,750.0
SKU0102,2025-01-13,226,1879660.08,0,0,Small Appliances,1314.0,0.0,22.0,750.0
SKU0102,2025-01-20,225,1871343.0,0,1,Small Appliances,1083.0,0.0,22.0,750.0
SKU0102,2025-01-27,232,1929562.56,0,0,Small Appliances,764.0,0.0,22.0,750.0
SKU0102,2025-02-03,270,2245611.6,0,0,Small Appliances,1885.0,0.0,22.0,750.0
SKU0102,2025-02-10,254,2112538.32,0,0,Small Appliances,1637.0,0.0,22.0,750.0
SKU0102,2025-02-17,267,2220660.36,0,0,Small Appliances,1367.0,0.0,22.0,750.0
SKU0102,2025-02-24,282,2345416.56,0,0,Small Appliances,1103.0,0.0,22.0,750.0
SKU0102,2025-03-03,294,2445221.52,0,0,Small Appliances,794.0,0.0,22.0,750.0
SKU0102,2025-03-10,271,2253928.68,0,0,Small Appliances,530.0,1627.0,22.0,750.0
SKU0102,2025-03-17,292,2428587.36,0,0,Small Appliances,1864.0,0.0,22.0,750.0
SKU0102,2025-03-24,296,2461855.68,0,0,Small Appliances,1864.0,0.0,22.0,750.0
SKU0102,2025-03-31,282,2345416.56,0,0,Small Appliances,1442.0,0.0,22.0,750.0
SKU0102,2025-04-07,272,2262245.76,0,0,Small Appliances,1167.0,0.0,22.0,750.0
SKU0102,2025-04-14,271,2253928.68,0,0,Small Appliances,895.0,0.0,22.0,750.0
SKU0102,2025-04-21,300,2495124.0,0,0,Small Appliances,623.0,1801.0,22.0,750.0
SKU0102,2025-04-28,282,2345416.56,0,0,Small Appliances,219.0,1801.0,22.0,750.0
SKU0102,2025-05-05,281,2337099.48,0,0,Small Appliances,1749.0,0.0,22.0,750.0
SKU0102,2025-05-12,293,2436904.44,0,0,Small Appliances,1446.0,0.0,22.0,750.0
SKU0102,2025-05-19,273,2270562.84,0,0,Small Appliances,1181.0,0.0,22.0,750.0
SKU0102,2025-05-26,286,2378684.88,0,0,Small Appliances,789.0,0.0,22.0,750.0
SKU0102,2025-06-02,274,2278879.92,0,0,Small Appliances,515.0,1205.0,22.0,750.0
SKU0102,2025-06-09,293,2358308.0300000003,1,0,Small Appliances,1427.0,0.0,22.0,750.0
SKU0102,2025-06-16,427,3047378.1,1,0,Small Appliances,1000.0,0.0,22.0,750.0
SKU0102,2025-06-23,270,2245611.6,0,0,Small Appliances,1000.0,0.0,22.0,750.0
SKU0102,2025-06-30,218,1813123.44,0,0,Small Appliances,667.0,1285.0,22.0,750.0
SKU0102,2025-07-07,254,2112538.32,0,0,Small Appliances,1718.0,0.0,22.0,750.0
SKU0102,2025-07-14,192,1596879.3599999999,0,0,Small Appliances,1479.0,0.0,22.0,750.0
SKU0102,2025-07-21,243,2021050.44,0,0,Small Appliances,1287.0,0.0,22.0,750.0
SKU0102,2025-07-28,222,1846391.7599999998,0,0,Small Appliances,958.0,0.0,22.0,750.0
SKU0102,2025-08-04,208,1729952.64,0,0,Small Appliances,731.0,1252.0,22.0,750.0
SKU0102,2025-08-11,199,1655098.92,0,1,Small Appliances,527.0,1252.0,22.0,750.0
SKU0102,2025-08-18,194,1613513.52,0,0,Small Appliances,1595.0,0.0,22.0,750.0
SKU0102,2025-08-25,199,1655098.92,0,0,Small Appliances,1595.0,0.0,22.0,750.0
SKU0102,2025-09-01,172,1430537.76,0,0,Small Appliances,1310.0,0.0,22.0,750.0
SKU0102,2025-09-08,197,1638464.76,0,0,Small Appliances,1138.0,0.0,22.0,750.0
SKU0102,2025-09-15,187,1555293.96,0,0,Small Appliances,935.0,0.0,22.0,750.0
SKU0102,2025-09-22,185,1538659.8,0,0,Small Appliances,759.0,0.0,22.0,750.0
SKU0102,2025-09-29,173,1438854.84,0,1,Small Appliances,522.0,1677.0,22.0,750.0
SKU0102,2025-10-06,205,1705001.4,0,0,Small Appliances,2010.0,0.0,22.0,750.0
SKU0102,2025-10-13,252,1856372.25,1,0,Small Appliances,1778.0,0.0,22.0,750.0
SKU0102,2025-10-20,218,1698347.74,1,0,Small Appliances,1525.0,0.0,22.0,750.0
SKU0102,2025-10-27,201,1671733.08,0,1,Small Appliances,1247.0,0.0,22.0,750.0
SKU0102,2025-11-03,208,1729952.6400000001,0,0,Small Appliances,1045.0,0.0,22.0,750.0
SKU0102,2025-11-10,185,1538659.8,0,0,Small Appliances,858.0,0.0,22.0,750.0
SKU0102,2025-11-17,209,1738269.72,0,0,Small Appliances,645.0,1278.0,22.0,750.0
SKU0102,2025-11-24,309,2214422.5500000003,1,0,Small Appliances,645.0,1278.0,22.0,750.0
SKU0102,2025-12-01,212,1708328.23,1,0,Small Appliances,270.0,1278.0,22.0,750.0
SKU0102,2025-12-08,205,1705001.4,0,0,Small Appliances,1341.0,0.0,22.0,750.0
SKU0102,2025-12-15,208,1729952.6400000001,0,0,Small Appliances,1145.0,0.0,22.0,750.0
SKU0102,2025-12-22,173,1438854.84,0,1,Small Appliances,928.0,0.0,22.0,750.0
SKU0103,2025-02-24,314,238219.24,0,0,Furnishings,103.0,2177.0,27.0,1177.0
SKU0103,2025-03-03,74,56140.84,0,0,Furnishings,0.0,2177.0,27.0,1177.0
SKU0103,2025-03-10,0,0.0,0,0,Furnishings,0.0,2177.0,27.0,1177.0
SKU0103,2025-03-17,0,0.0,0,0,Furnishings,0.0,2177.0,27.0,1177.0
SKU0103,2025-03-24,314,238219.24,0,0,Furnishings,0.0,2177.0,27.0,1177.0
SKU0103,2025-03-31,338,256427.08,0,0,Furnishings,1769.0,0.0,27.0,1177.0
SKU0103,2025-04-07,340,257944.4,0,0,Furnishings,1411.0,0.0,27.0,1177.0
SKU0103,2025-04-14,338,256427.08000000002,0,0,Furnishings,1067.0,2455.0,27.0,1177.0
SKU0103,2025-04-21,336,254909.76,0,0,Furnishings,3191.0,0.0,27.0,1177.0
SKU0103,2025-04-28,298,226080.68,0,0,Furnishings,2762.0,0.0,27.0,1177.0
SKU0103,2025-05-05,355,269324.3,0,0,Furnishings,2445.0,0.0,27.0,1177.0
SKU0103,2025-05-12,285,216218.1,0,0,Furnishings,2111.0,0.0,27.0,1177.0
SKU0103,2025-05-19,345,261737.7,0,0,Furnishings,1794.0,0.0,27.0,1177.0
SKU0103,2025-05-26,319,242012.54,0,0,Furnishings,1364.0,0.0,27.0,1177.0
SKU0103,2025-06-02,251,190423.66,0,0,Furnishings,1113.0,2343.0,27.0,1177.0
SKU0103,2025-06-09,318,232946.48,1,0,Furnishings,3138.0,0.0,27.0,1177.0
SKU0103,2025-06-16,443,288745.99,1,0,Furnishings,2695.0,0.0,27.0,1177.0
SKU0103,2025-06-23,271,205596.86000000002,0,0,Furnishings,2695.0,0.0,27.0,1177.0
SKU0103,2025-06-30,261,198010.26,0,0,Furnishings,2339.0,0.0,27.0,1177.0
SKU0103,2025-07-07,283,214700.78,0,0,Furnishings,2065.0,0.0,27.0,1177.0
SKU0103,2025-07-14,182,138076.12,0,0,Furnishings,1827.0,0.0,27.0,1177.0
SKU0103,2025-07-21,273,207114.18,0,0,Furnishings,1596.0,0.0,27.0,1177.0
SKU0103,2025-07-28,226,171457.16,0,0,Furnishings,1246.0,0.0,27.0,1177.0
SKU0103,2025-08-04,222,168422.52,0,0,Furnishings,3595.0,0.0,27.0,1177.0
SKU0103,2025-08-11,206,156283.96,0,1,Furnishings,3395.0,0.0,27.0,1177.0
SKU0103,2025-08-18,222,168422.52,0,0,Furnishings,3152.0,0.0,27.0,1177.0
SKU0103,2025-08-25,194,147180.04,0,0,Furnishings,3152.0,0.0,27.0,1177.0
SKU0103,2025-09-01,127,96349.81999999999,0,0,Furnishings,2909.0,0.0,27.0,1177.0
SKU0103,2025-09-08,141,106971.06,0,0,Furnishings,2764.0,0.0,27.0,1177.0
SKU0103,2025-09-15,218,165387.88,0,0,Furnishings,2623.0,0.0,27.0,1177.0
SKU0103,2025-09-22,196,148697.36,0,0,Furnishings,2382.0,0.0,27.0,1177.0
SKU0103,2025-09-29,135,102419.1,0,1,Furnishings,2154.0,0.0,27.0,1177.0
SKU0103,2025-10-06,138,104695.08,0,0,Furnishings,2021.0,0.0,27.0,1177.0
SKU0103,2025-10-13,242,158559.95,1,0,Furnishings,1887.0,0.0,27.0,1177.0
SKU0103,2025-10-20,217,153590.72,1,0,Furnishings,1579.0,0.0,27.0,1177.0
SKU0103,2025-10-27,155,117592.3,0,1,Furnishings,1369.0,0.0,27.0,1177.0
SKU0103,2025-11-03,160,121385.59999999999,0,0,Furnishings,1193.0,0.0,27.0,1177.0
SKU0103,2025-11-10,176,133524.16,0,0,Furnishings,1040.0,2846.0,27.0,1177.0
SKU0103,2025-11-17,165,125178.9,0,0,Furnishings,3711.0,0.0,27.0,1177.0
SKU0103,2025-11-24,331,215724.96,1,0,Furnishings,3711.0,0.0,27.0,1177.0
SKU0103,2025-12-01,208,151656.13,1,0,Furnishings,3306.0,0.0,27.0,1177.0
SKU0103,2025-12-08,208,157801.28,0,0,Furnishings,3103.0,0.0,27.0,1177.0
SKU0103,2025-12-15,124,94073.84,0,0,Furnishings,2924.0,0.0,27.0,1177.0
SKU0103,2025-12-22,198,150214.68,0,1,Furnishings,2812.0,0.0,27.0,1177.0
SKU0104,2024-06-03,211,1153895.7,0,0,Furnishings,80.0,3609.0,29.0,1175.0
SKU0104,2024-06-10,51,278903.7,1,0,Furnishings,0.0,3609.0,29.0,1175.0
SKU0104,2024-06-17,0,0.0,1,0,Furnishings,0.0,3609.0,29.0,1175.0
SKU0104,2024-06-24,0,0.0,0,0,Furnishings,0.0,3609.0,29.0,1175.0
SKU0104,2024-07-01,63,344528.1,0,0,Furnishings,0.0,3609.0,29.0,1175.0
SKU0104,2024-07-08,287,1569516.9000000001,0,0,Furnishings,3489.0,0.0,29.0,1175.0
SKU0104,2024-07-15,292,1596860.4000000001,0,0,Furnishings,3212.0,0.0,29.0,1175.0
SKU0104,2024-07-22,280,1531236.0,0,0,Furnishings,2933.0,0.0,29.0,1175.0
SKU0104,2024-07-29,254,1389049.8,0,0,Furnishings,2528.0,0.0,29.0,1175.0
SKU0104,2024-08-05,206,1126552.2,0,0,Furnishings,2302.0,0.0,29.0,1175.0
SKU0104,2024-08-12,224,1224988.8,0,1,Furnishings,2104.0,0.0,29.0,1175.0
SKU0104,2024-08-19,238,1301550.5999999999,0,0,Furnishings,1853.0,0.0,29.0,1175.0
SKU0104,2024-08-26,215,1175770.5,0,0,Furnishings,1550.0,0.0,29.0,1175.0
SKU0104,2024-09-02,173,946085.1,0,0,Furnishings,1377.0,0.0,29.0,1175.0
SKU0104,2024-09-09,212,1159364.4000000001,0,0,Furnishings,1165.0,5676.0,29.0,1175.0
SKU0104,2024-09-16,231,1263269.7,0,0,Furnishings,934.0,5676.0,29.0,1175.0
SKU0104,2024-09-23,222,1214051.4,0,0,Furnishings,934.0,5676.0,29.0,1175.0
SKU0104,2024-09-30,240,1312488.0,0,1,Furnishings,6327.0,0.0,29.0,1175.0
SKU0104,2024-10-07,196,1071865.2,0,0,Furnishings,6087.0,0.0,29.0,1175.0
SKU0104,2024-10-14,355,1681351.7999999998,1,0,Furnishings,5828.0,0.0,29.0,1175.0
SKU0104,2024-10-21,235,1236746.5,1,0,Furnishings,5492.0,0.0,29.0,1175.0
SKU0104,2024-10-28,203,1110146.1,0,1,Furnishings,5214.0,0.0,29.0,1175.0
SKU0104,2024-11-04,188,1028115.6,0,0,Furnishings,5032.0,0.0,29.0,1175.0
SKU0104,2024-11-11,255,1394518.5,0,0,Furnishings,4766.0,0.0,29.0,1175.0
SKU0104,2024-11-18,241,1317956.7,0,0,Furnishings,4546.0,0.0,29.0,1175.0
SKU0104,2024-11-25,428,1989513.05,1,0,Furnishings,4047.0,0.0,29.0,1175.0
SKU0104,2024-12-02,247,1350768.9,0,0,Furnishings,3800.0,0.0,29.0,1175.0
SKU0104,2024-12-09,249,1361706.3,0,0,Furnishings,3551.0,0.0,29.0,1175.0
SKU0104,2024-12-16,266,1454674.2,0,0,Furnishings,3285.0,0.0,29.0,1175.0
SKU0104,2024-12-23,266,1454674.2,0,1,Furnishings,3285.0,0.0,29.0,1175.0
SKU0104,2024-12-30,507,2433024.61,1,0,Furnishings,2818.0,0.0,29.0,1175.0
SKU0104,2025-01-06,382,1959435.21,1,0,Furnishings,2311.0,0.0,29.0,1175.0
SKU0104,2025-01-13,247,1350768.9,0,0,Furnishings,1991.0,0.0,29.0,1175.0
SKU0104,2025-01-20,298,1629672.5999999999,0,1,Furnishings,1727.0,0.0,29.0,1175.0
SKU0104,2025-01-27,336,1837483.2,0,0,Furnishings,1311.0,0.0,29.0,1175.0
SKU0104,2025-02-03,369,2017950.3,0,0,Furnishings,931.0,4441.0,29.0,1175.0
SKU0104,2025-02-10,343,1875764.1,0,0,Furnishings,574.0,4441.0,29.0,1175.0
SKU0104,2025-02-17,329,1799202.3,0,0,Furnishings,4686.0,0.0,29.0,1175.0
SKU0104,2025-02-24,365,1996075.5,0,0,Furnishings,4333.0,0.0,29.0,1175.0
SKU0104,2025-03-03,369,2017950.2999999998,0,0,Furnishings,3968.0,0.0,29.0,1175.0
SKU0104,2025-03-10,375,2050762.5,0,0,Furnishings,3602.0,0.0,29.0,1175.0
SKU0104,2025-03-17,363,1985138.1,0,0,Furnishings,3220.0,0.0,29.0,1175.0
SKU0104,2025-03-24,377,2061699.9,0,0,Furnishings,3220.0,0.0,29.0,1175.0
SKU0104,2025-03-31,410,2242167.0,0,0,Furnishings,2698.0,0.0,29.0,1175.0
SKU0104,2025-04-07,410,2242167.0,0,0,Furnishings,2267.0,0.0,29.0,1175.0
SKU0104,2025-04-14,411,2247635.7,0,0,Furnishings,1854.0,0.0,29.0,1175.0
SKU0104,2025-04-21,366,2001544.2,0,0,Furnishings,1439.0,0.0,29.0,1175.0
SKU0104,2025-04-28,399,2182011.3,0,0,Furnishings,968.0,4641.0,29.0,1175.0
SKU0104,2025-05-05,389,2127324.3,0,0,Furnishings,547.0,4641.0,29.0,1175.0
SKU0104,2025-05-12,404,2209354.8,0,0,Furnishings,170.0,4641.0,29.0,1175.0
SKU0104,2025-05-19,377,2061699.9,0,0,Furnishings,4431.0,0.0,29.0,1175.0
SKU0104,2025-05-26,354,1935919.7999999998,0,0,Furnishings,3921.0,0.0,29.0,1175.0
SKU0104,2025-06-02,358,1957794.6,0,0,Furnishings,3563.0,0.0,29.0,1175.0
SKU0104,2025-06-09,427,2250643.48,1,0,Furnishings,3136.0,0.0,29.0,1175.0
SKU0104,2025-06-16,636,2993292.9299999997,1,0,Furnishings,2500.0,0.0,29.0,1175.0
SKU0104,2025-06-23,355,1941388.5,0,0,Furnishings,2500.0,0.0,29.0,1175.0
SKU0104,2025-06-30,371,2028887.7,0,0,Furnishings,2031.0,0.0,29.0,1175.0
SKU0104,2025-07-07,379,2072637.3,0,0,Furnishings,1663.0,0.0,29.0,1175.0
SKU0104,2025-07-14,367,2007012.9,0,0,Furnishings,1301.0,0.0,29.0,1175.0
SKU0104,2025-07-21,328,1793733.6,0,0,Furnishings,904.0,5703.0,29.0,1175.0
SKU0104,2025-07-28,311,1700765.7,0,0,Furnishings,457.0,5703.0,29.0,1175.0
SKU0104,2025-08-04,317,1733577.9,0,0,Furnishings,144.0,5703.0,29.0,1175.0
SKU0104,2025-08-11,157,858585.8999999999,0,1,Furnishings,5674.0,0.0,29.0,1175.0
SKU0104,2025-08-18,244,1334362.8,0,0,Furnishings,5430.0,0.0,29.0,1175.0
SKU0104,2025-08-25,344,1881232.8,0,0,Furnishings,5430.0,0.0,29.0,1175.0
SKU0104,2025-09-01,279,1525767.3,0,0,Furnishings,4988.0,0.0,29.0,1175.0
SKU0104,2025-09-08,255,1394518.5,0,0,Furnishings,4718.0,0.0,29.0,1175.0
SKU0104,2025-09-15,277,1514829.9,0,0,Furnishings,4476.0,0.0,29.0,1175.0
SKU0104,2025-09-22,304,1662484.8,0,0,Furnishings,4173.0,0.0,29.0,1175.0
SKU0104,2025-09-29,262,1432799.4,0,1,Furnishings,3801.0,0.0,29.0,1175.0
SKU0104,2025-10-06,253,1383581.1,0,0,Furnishings,3514.0,0.0,29.0,1175.0
SKU0104,2025-10-13,378,1822717.7,1,0,Furnishings,3243.0,0.0,29.0,1175.0
SKU0104,2025-10-20,351,1791546.11,1,0,Furnishings,2823.0,0.0,29.0,1175.0
SKU0104,2025-10-27,284,1553110.8,0,1,Furnishings,2421.0,0.0,29.0,1175.0
SKU0104,2025-11-03,202,1104677.4,0,0,Furnishings,2190.0,0.0,29.0,1175.0
SKU0104,2025-11-10,279,1525767.3,0,0,Furnishings,1928.0,0.0,29.0,1175.0
SKU0104,2025-11-17,282,1542173.4,0,0,Furnishings,1665.0,0.0,29.0,1175.0
SKU0104,2025-11-24,477,2243534.16,1,0,Furnishings,1665.0,0.0,29.0,1175.0
SKU0104,2025-12-01,366,1915412.17,1,0,Furnishings,1042.0,3764.0,29.0,1175.0
SKU0104,2025-12-08,285,1558579.5,0,0,Furnishings,4489.0,0.0,29.0,1175.0
SKU0104,2025-12-15,311,1700765.7,0,0,Furnishings,4217.0,0.0,29.0,1175.0
SKU0104,2025-12-22,288,1574985.6,0,1,Furnishings,3911.0,0.0,29.0,1175.0
SKU0105,2024-07-01,23,43679.3,0,0,Small Appliances,335.0,890.0,28.0,436.0
SKU0105,2024-07-08,88,167120.8,0,0,Small Appliances,335.0,890.0,28.0,436.0
SKU0105,2024-07-15,84,159524.4,0,0,Small Appliances,243.0,890.0,28.0,436.0
SKU0105,2024-07-22,100,189910.0,0,0,Small Appliances,158.0,890.0,28.0,436.0
SKU0105,2024-07-29,82,155726.2,0,0,Small Appliances,1.0,890.0,28.0,436.0
SKU0105,2024-08-05,66,125340.6,0,0,Small Appliances,838.0,0.0,28.0,436.0
SKU0105,2024-08-12,64,121542.4,0,1,Small Appliances,771.0,0.0,28.0,436.0
SKU0105,2024-08-19,66,125340.6,0,0,Small Appliances,707.0,0.0,28.0,436.0
SKU0105,2024-08-26,73,138634.3,0,0,Small Appliances,614.0,0.0,28.0,436.0
SKU0105,2024-09-02,45,85459.5,0,0,Small Appliances,569.0,0.0,28.0,436.0
SKU0105,2024-09-09,74,140533.4,0,0,Small Appliances,495.0,0.0,28.0,436.0
SKU0105,2024-09-16,54,102551.4,0,0,Small Appliances,441.0,0.0,28.0,436.0
SKU0105,2024-09-23,48,91156.8,0,0,Small Appliances,441.0,0.0,28.0,436.0
SKU0105,2024-09-30,45,85459.5,0,1,Small Appliances,1425.0,0.0,28.0,436.0
SKU0105,2024-10-07,52,98753.2,0,0,Small Appliances,1379.0,0.0,28.0,436.0
SKU0105,2024-10-14,86,141387.97,1,0,Small Appliances,1314.0,0.0,28.0,436.0
SKU0105,2024-10-21,62,113471.22,1,0,Small Appliances,1235.0,0.0,28.0,436.0
SKU0105,2024-10-28,31,58872.1,0,1,Small Appliances,1165.0,0.0,28.0,436.0
SKU0105,2024-11-04,71,134836.1,0,0,Small Appliances,1109.0,0.0,28.0,436.0
SKU0105,2024-11-11,55,104450.5,0,0,Small Appliances,1050.0,0.0,28.0,436.0
SKU0105,2024-11-18,42,79762.2,0,0,Small Appliances,1001.0,0.0,28.0,436.0
SKU0105,2024-11-25,107,172723.12,1,0,Small Appliances,889.0,0.0,28.0,436.0
SKU0105,2024-12-02,68,129138.8,0,0,Small Appliances,821.0,0.0,28.0,436.0
SKU0105,2024-12-09,65,123441.5,0,0,Small Appliances,756.0,0.0,28.0,436.0
SKU0105,2024-12-16,73,138634.3,0,0,Small Appliances,683.0,0.0,28.0,436.0
SKU0105,2024-12-23,77,146230.7,0,1,Small Appliances,683.0,0.0,28.0,436.0
SKU0105,2024-12-30,135,224188.74,1,0,Small Appliances,543.0,0.0,28.0,436.0
SKU0105,2025-01-06,124,218681.36,1,0,Small Appliances,392.0,713.0,28.0,436.0
SKU0105,2025-01-13,95,180414.5,0,0,Small Appliances,296.0,713.0,28.0,436.0
SKU0105,2025-01-20,97,184212.7,0,1,Small Appliances,916.0,0.0,28.0,436.0
SKU0105,2025-01-27,100,189910.0,0,0,Small Appliances,779.0,0.0,28.0,436.0
SKU0105,2025-02-03,118,224093.8,0,0,Small Appliances,662.0,0.0,28.0,436.0
SKU0105,2025-02-10,119,225992.9,0,0,Small Appliances,543.0,0.0,28.0,436.0
SKU0105,2025-02-17,113,214598.30000000002,0,0,Small Appliances,429.0,883.0,28.0,436.0
SKU0105,2025-02-24,102,193708.2,0,0,Small Appliances,327.0,883.0,28.0,436.0
SKU0105,2025-03-03,129,244983.9,0,0,Small Appliances,198.0,883.0,28.0,436.0
SKU0105,2025-03-10,146,277268.6,0,0,Small Appliances,936.0,0.0,28.0,436.0
SKU0105,2025-03-17,131,248782.1,0,0,Small Appliances,806.0,0.0,28.0,436.0
SKU0105,2025-03-24,132,250681.2,0,0,Small Appliances,806.0,0.0,28.0,436.0
SKU0105,2025-03-31,140,265874.0,0,0,Small Appliances,619.0,0.0,28.0,436.0
SKU0105,2025-04-07,139,263974.9,0,0,Small Appliances,477.0,0.0,28.0,436.0
SKU0105,2025-04-14,128,243084.80000000002,0,0,Small Appliances,1074.0,0.0,28.0,436.0
SKU0105,2025-04-21,120,227892.0,0,0,Small Appliances,956.0,0.0,28.0,436.0
SKU0105,2025-04-28,137,260176.69999999998,0,0,Small Appliances,773.0,0.0,28.0,436.0
SKU0105,2025-05-05,130,246883.0,0,0,Small Appliances,646.0,0.0,28.0,436.0
SKU0105,2025-05-12,142,269672.2,0,0,Small Appliances,511.0,0.0,28.0,436.0
SKU0105,2025-05-19,125,237387.5,0,0,Small Appliances,370.0,836.0,28.0,436.0
SKU0105,2025-05-26,130,246883.0,0,0,Small Appliances,207.0,836.0,28.0,436.0
SKU0105,2025-06-02,112,212699.2,0,0,Small Appliances,931.0,0.0,28.0,436.0
SKU0105,2025-06-09,127,235488.4,1,0,Small Appliances,804.0,0.0,28.0,436.0
SKU0105,2025-06-16,210,342122.84,1,0,Small Appliances,594.0,0.0,28.0,436.0
SKU0105,2025-06-23,109,207001.9,0,0,Small Appliances,594.0,0.0,28.0,436.0
SKU0105,2025-06-30,93,176616.3,0,0,Small Appliances,452.0,0.0,28.0,436.0
SKU0105,2025-07-07,88,167120.8,0,0,Small Appliances,1412.0,0.0,28.0,436.0
SKU0105,2025-07-14,83,157625.3,0,0,Small Appliances,1332.0,0.0,28.0,436.0
SKU0105,2025-07-21,96,182313.6,0,0,Small Appliances,1230.0,0.0,28.0,436.0
SKU0105,2025-07-28,93,176616.30000000002,0,0,Small Appliances,1096.0,0.0,28.0,436.0
SKU0105,2025-08-04,81,153827.1,0,0,Small Appliances,1008.0,0.0,28.0,436.0
SKU0105,2025-08-11,72,136735.2,0,1,Small Appliances,939.0,0.0,28.0,436.0
SKU0105,2025-08-18,71,134836.1,0,0,Small Appliances,867.0,0.0,28.0,436.0
SKU0105,2025-08-25,73,138634.30000000002,0,0,Small Appliances,867.0,0.0,28.0,436.0
SKU0105,2025-09-01,55,104450.5,0,0,Small Appliances,778.0,0.0,28.0,436.0
SKU0105,2025-09-08,43,81661.3,0,0,Small Appliances,717.0,0.0,28.0,436.0
SKU0105,2025-09-15,44,83560.4,0,0,Small Appliances,678.0,0.0,28.0,436.0
SKU0105,2025-09-22,55,104450.5,0,0,Small Appliances,633.0,0.0,28.0,436.0
SKU0105,2025-09-29,56,106349.6,0,1,Small Appliances,556.0,0.0,28.0,436.0
SKU0105,2025-10-06,41,77863.1,0,0,Small Appliances,510.0,0.0,28.0,436.0
SKU0105,2025-10-13,73,121257.52,1,0,Small Appliances,462.0,0.0,28.0,436.0
SKU0105,2025-10-20,63,110242.76000000001,1,0,Small Appliances,376.0,771.0,28.0,436.0
SKU0105,2025-10-27,57,108248.7,0,1,Small Appliances,1073.0,0.0,28.0,436.0
SKU0105,2025-11-03,50,94955.0,0,0,Small Appliances,1027.0,0.0,28.0,436.0
SKU0105,2025-11-10,69,131037.9,0,0,Small Appliances,952.0,0.0,28.0,436.0
SKU0105,2025-11-17,66,125340.6,0,0,Small Appliances,890.0,0.0,28.0,436.0
SKU0105,2025-11-24,89,145945.82,1,0,Small Appliances,890.0,0.0,28.0,436.0
SKU0105,2025-12-01,74,135690.69,1,0,Small Appliances,776.0,0.0,28.0,436.0
SKU0105,2025-12-08,72,136735.2,0,0,Small Appliances,710.0,0.0,28.0,436.0
SKU0105,2025-12-15,71,134836.1,0,0,Small Appliances,638.0,0.0,28.0,436.0
SKU0105,2025-12-22,57,108248.7,0,1,Small Appliances,568.0,0.0,28.0,436.0
SKU0106,2025-04-21,35,396183.2,0,0,Furnishings,0.0,584.0,25.0,259.0
SKU0106,2025-04-28,42,475419.84,0,0,Furnishings,0.0,584.0,25.0,259.0
SKU0106,2025-05-05,0,0.0,0,0,Furnishings,0.0,584.0,25.0,259.0
SKU0106,2025-05-12,0,0.0,0,0,Furnishings,0.0,584.0,25.0,259.0
SKU0106,2025-05-19,67,758407.84,0,0,Furnishings,541.0,0.0,25.0,259.0
SKU0106,2025-05-26,82,928200.64,0,0,Furnishings,435.0,0.0,25.0,259.0
SKU0106,2025-06-02,85,962159.2,0,0,Furnishings,350.0,0.0,25.0,259.0
SKU0106,2025-06-09,87,962725.18,1,0,Furnishings,263.0,0.0,25.0,259.0
SKU0106,2025-06-16,142,1378151.55,1,0,Furnishings,121.0,541.0,25.0,259.0
SKU0106,2025-06-23,77,871603.0399999999,0,0,Furnishings,121.0,541.0,25.0,259.0
SKU0106,2025-06-30,44,498058.88,0,0,Furnishings,16.0,541.0,25.0,259.0
SKU0106,2025-07-07,54,611254.08,0,0,Furnishings,541.0,0.0,25.0,259.0
SKU0106,2025-07-14,69,781046.88,0,0,Furnishings,471.0,0.0,25.0,259.0
SKU0106,2025-07-21,70,792366.4,0,0,Furnishings,393.0,0.0,25.0,259.0
SKU0106,2025-07-28,72,815005.44,0,0,Furnishings,287.0,0.0,25.0,259.0
SKU0106,2025-08-04,71,803685.92,0,0,Furnishings,223.0,401.0,25.0,259.0
SKU0106,2025-08-11,70,792366.4,0,1,Furnishings,153.0,401.0,25.0,259.0
SKU0106,2025-08-18,70,792366.4,0,0,Furnishings,77.0,401.0,25.0,259.0
SKU0106,2025-08-25,55,622573.6,0,0,Furnishings,77.0,401.0,25.0,259.0
SKU0106,2025-09-01,73,826324.96,0,0,Furnishings,407.0,0.0,25.0,259.0
SKU0106,2025-09-08,67,758407.84,0,0,Furnishings,329.0,0.0,25.0,259.0
SKU0106,2025-09-15,61,690490.72,0,0,Furnishings,264.0,0.0,25.0,259.0
SKU0106,2025-09-22,69,781046.88,0,0,Furnishings,611.0,0.0,25.0,259.0
SKU0106,2025-09-29,75,848964.0,0,1,Furnishings,518.0,0.0,25.0,259.0
SKU0106,2025-10-06,55,622573.6,0,0,Furnishings,447.0,0.0,25.0,259.0
SKU0106,2025-10-13,92,922540.87,1,0,Furnishings,384.0,0.0,25.0,259.0
SKU0106,2025-10-20,81,857453.64,1,0,Furnishings,282.0,0.0,25.0,259.0
SKU0106,2025-10-27,63,713129.76,0,1,Furnishings,195.0,403.0,25.0,259.0
SKU0106,2025-11-03,72,815005.44,0,0,Furnishings,127.0,403.0,25.0,259.0
SKU0106,2025-11-10,69,781046.88,0,0,Furnishings,457.0,0.0,25.0,259.0
SKU0106,2025-11-17,74,837644.48,0,0,Furnishings,385.0,0.0,25.0,259.0
SKU0106,2025-11-24,114,1112142.85,1,0,Furnishings,385.0,0.0,25.0,259.0
SKU0106,2025-12-01,82,892544.15,1,0,Furnishings,240.0,438.0,25.0,259.0
SKU0106,2025-12-08,77,871603.0399999999,0,0,Furnishings,606.0,0.0,25.0,259.0
SKU0106,2025-12-15,73,826324.96,0,0,Furnishings,532.0,0.0,25.0,259.0
SKU0106,2025-12-22,72,815005.44,0,1,Furnishings,460.0,0.0,25.0,259.0
SKU0107,2024-12-16,41,178441.84,0,0,Decor,326.0,0.0,14.0,149.0
SKU0107,2024-12-23,50,217612.0,0,1,Decor,326.0,0.0,14.0,149.0
SKU0107,2024-12-30,109,416944.59,1,0,Decor,230.0,0.0,14.0,149.0
SKU0107,2025-01-06,78,315972.62,1,0,Decor,117.0,292.0,14.0,149.0
SKU0107,2025-01-13,72,313361.28,0,0,Decor,339.0,0.0,14.0,149.0
SKU0107,2025-01-20,74,322065.76,0,1,Decor,273.0,0.0,14.0,149.0
SKU0107,2025-01-27,65,282895.6,0,0,Decor,178.0,0.0,14.0,149.0
SKU0107,2025-02-03,80,348179.2,0,0,Decor,97.0,266.0,14.0,149.0
SKU0107,2025-02-10,72,313361.28,0,0,Decor,292.0,0.0,14.0,149.0
SKU0107,2025-02-17,72,313361.27999999997,0,0,Decor,224.0,0.0,14.0,149.0
SKU0107,2025-02-24,71,309009.04000000004,0,0,Decor,152.0,0.0,14.0,149.0
SKU0107,2025-03-03,80,348179.19999999995,0,0,Decor,73.0,234.0,14.0,149.0
SKU0107,2025-03-10,73,317713.52,0,0,Decor,230.0,0.0,14.0,149.0
SKU0107,2025-03-17,70,304656.8,0,0,Decor,155.0,0.0,14.0,149.0
SKU0107,2025-03-24,91,396053.84,0,0,Decor,155.0,0.0,14.0,149.0
SKU0107,2025-03-31,81,352531.44,0,0,Decor,288.0,0.0,14.0,149.0
SKU0107,2025-04-07,85,369940.4,0,0,Decor,204.0,0.0,14.0,149.0
SKU0107,2025-04-14,92,400406.08,0,0,Decor,118.0,320.0,14.0,149.0
SKU0107,2025-04-21,90,391701.6,0,0,Decor,28.0,320.0,14.0,149.0
SKU0107,2025-04-28,82,356883.68,0,0,Decor,228.0,0.0,14.0,149.0
SKU0107,2025-05-05,87,378644.88,0,0,Decor,143.0,331.0,14.0,149.0
SKU0107,2025-05-12,99,430871.76,0,0,Decor,44.0,331.0,14.0,149.0
SKU0107,2025-05-19,54,235020.96000000002,0,0,Decor,319.0,0.0,14.0,149.0
SKU0107,2025-05-26,78,339474.72000000003,0,0,Decor,214.0,0.0,14.0,149.0
SKU0107,2025-06-02,72,313361.27999999997,0,0,Decor,142.0,235.0,14.0,149.0
SKU0107,2025-06-09,73,309879.49,1,0,Decor,69.0,235.0,14.0,149.0
SKU0107,2025-06-16,135,506600.73,1,0,Decor,168.0,0.0,14.0,149.0
SKU0107,2025-06-23,71,309009.04000000004,0,0,Decor,168.0,0.0,14.0,149.0
SKU0107,2025-06-30,73,317713.52,0,0,Decor,68.0,272.0,14.0,149.0
SKU0107,2025-07-07,68,295952.32,0,0,Decor,273.0,0.0,14.0,149.0
SKU0107,2025-07-14,67,291600.08,0,0,Decor,207.0,0.0,14.0,149.0
SKU0107,2025-07-21,75,326418.0,0,0,Decor,135.0,339.0,14.0,149.0
SKU0107,2025-07-28,71,309009.04,0,0,Decor,373.0,0.0,14.0,149.0
SKU0107,2025-08-04,47,204555.28,0,0,Decor,318.0,0.0,14.0,149.0
SKU0107,2025-08-11,49,213259.76,0,1,Decor,267.0,0.0,14.0,149.0
SKU0107,2025-08-18,57,248077.68,0,0,Decor,211.0,0.0,14.0,149.0
SKU0107,2025-08-25,57,248077.68,0,0,Decor,211.0,0.0,14.0,149.0
SKU0107,2025-09-01,47,204555.28,0,0,Decor,134.0,289.0,14.0,149.0
SKU0107,2025-09-08,46,200203.03999999998,0,0,Decor,93.0,289.0,14.0,149.0
SKU0107,2025-09-15,49,213259.76,0,0,Decor,332.0,0.0,14.0,149.0
SKU0107,2025-09-22,57,248077.68,0,0,Decor,286.0,0.0,14.0,149.0
SKU0107,2025-09-29,40,174089.6,0,1,Decor,209.0,0.0,14.0,149.0
SKU0107,2025-10-06,39,169737.36,0,0,Decor,174.0,0.0,14.0,149.0
SKU0107,2025-10-13,57,214783.04,1,0,Decor,133.0,225.0,14.0,149.0
SKU0107,2025-10-20,56,226751.71,1,0,Decor,290.0,0.0,14.0,149.0
SKU0107,2025-10-27,40,174089.6,0,1,Decor,234.0,0.0,14.0,149.0
SKU0107,2025-11-03,44,191498.56,0,0,Decor,188.0,0.0,14.0,149.0
SKU0107,2025-11-10,46,200203.03999999998,0,0,Decor,143.0,276.0,14.0,149.0
SKU0107,2025-11-17,44,191498.56,0,0,Decor,372.0,0.0,14.0,149.0
SKU0107,2025-11-24,75,280066.65,1,0,Decor,372.0,0.0,14.0,149.0
SKU0107,2025-12-01,55,231539.16999999998,1,0,Decor,283.0,0.0,14.0,149.0
SKU0107,2025-12-08,58,252429.92,0,0,Decor,231.0,0.0,14.0,149.0
SKU0107,2025-12-15,59,256782.16,0,0,Decor,174.0,0.0,14.0,149.0
SKU0107,2025-12-22,56,243725.44,0,1,Decor,111.0,330.0,14.0,149.0
SKU0108,2024-09-16,21,32579.190000000002,0,0,Furnishings,197.0,0.0,19.0,167.0
SKU0108,2024-09-23,32,49644.479999999996,0,0,Furnishings,197.0,0.0,19.0,167.0
SKU0108,2024-09-30,30,46541.7,0,1,Furnishings,156.0,254.0,19.0,167.0
SKU0108,2024-10-07,39,60504.21,0,0,Furnishings,378.0,0.0,19.0,167.0
SKU0108,2024-10-14,59,78733.04000000001,1,0,Furnishings,338.0,0.0,19.0,167.0
SKU0108,2024-10-21,39,58409.83,1,0,Furnishings,277.0,0.0,19.0,167.0
SKU0108,2024-10-28,40,62055.6,0,1,Furnishings,219.0,0.0,19.0,167.0
SKU0108,2024-11-04,48,74466.72,0,0,Furnishings,176.0,0.0,19.0,167.0
SKU0108,2024-11-11,40,62055.6,0,0,Furnishings,410.0,0.0,19.0,167.0
SKU0108,2024-11-18,35,54298.65,0,0,Furnishings,369.0,0.0,19.0,167.0
SKU0108,2024-11-25,75,98901.13,1,0,Furnishings,287.0,0.0,19.0,167.0
SKU0108,2024-12-02,60,93083.4,0,0,Furnishings,227.0,0.0,19.0,167.0
SKU0108,2024-12-09,58,89980.62,0,0,Furnishings,169.0,0.0,19.0,167.0
SKU0108,2024-12-16,56,86877.84,0,0,Furnishings,113.0,364.0,19.0,167.0
SKU0108,2024-12-23,58,89980.62,0,1,Furnishings,113.0,364.0,19.0,167.0
SKU0108,2024-12-30,109,147692.34,1,0,Furnishings,378.0,0.0,19.0,167.0
SKU0108,2025-01-06,97,139780.24,1,0,Furnishings,251.0,0.0,19.0,167.0
SKU0108,2025-01-13,67,103943.13,0,0,Furnishings,175.0,0.0,19.0,167.0
SKU0108,2025-01-20,76,117905.64,0,1,Furnishings,107.0,355.0,19.0,167.0
SKU0108,2025-01-27,76,117905.64,0,0,Furnishings,359.0,0.0,19.0,167.0
SKU0108,2025-02-03,88,136522.32,0,0,Furnishings,272.0,0.0,19.0,167.0
SKU0108,2025-02-10,89,138073.71000000002,0,0,Furnishings,182.0,0.0,19.0,167.0
SKU0108,2025-02-17,82,127213.98,0,0,Furnishings,378.0,0.0,19.0,167.0
SKU0108,2025-02-24,82,127213.98000000001,0,0,Furnishings,298.0,0.0,19.0,167.0
SKU0108,2025-03-03,105,162895.95,0,0,Furnishings,193.0,0.0,19.0,167.0
SKU0108,2025-03-10,104,161344.56,0,0,Furnishings,90.0,312.0,19.0,167.0
SKU0108,2025-03-17,77,119457.03,0,0,Furnishings,0.0,312.0,19.0,167.0
SKU0108,2025-03-24,24,37233.36,0,0,Furnishings,0.0,312.0,19.0,167.0
SKU0108,2025-03-31,114,176858.46,0,0,Furnishings,252.0,0.0,19.0,167.0
SKU0108,2025-04-07,117,181512.63,0,0,Furnishings,136.0,309.0,19.0,167.0
SKU0108,2025-04-14,117,181512.63,0,0,Furnishings,19.0,309.0,19.0,167.0
SKU0108,2025-04-21,114,176858.46,0,0,Furnishings,214.0,0.0,19.0,167.0
SKU0108,2025-04-28,106,164447.34,0,0,Furnishings,68.0,337.0,19.0,167.0
SKU0108,2025-05-05,108,167550.12,0,0,Furnishings,295.0,0.0,19.0,167.0
SKU0108,2025-05-12,105,162895.95,0,0,Furnishings,192.0,0.0,19.0,167.0
SKU0108,2025-05-19,106,164447.34,0,0,Furnishings,84.0,387.0,19.0,167.0
SKU0108,2025-05-26,102,158241.78,0,0,Furnishings,331.0,0.0,19.0,167.0
SKU0108,2025-06-02,96,148933.44,0,0,Furnishings,235.0,0.0,19.0,167.0
SKU0108,2025-06-09,107,160413.73,1,0,Furnishings,128.0,394.0,19.0,167.0
SKU0108,2025-06-16,128,168791.24,1,0,Furnishings,0.0,394.0,19.0,167.0
SKU0108,2025-06-23,0,0.0,0,0,Furnishings,0.0,394.0,19.0,167.0
SKU0108,2025-06-30,50,77569.5,0,0,Furnishings,394.0,0.0,19.0,167.0
SKU0108,2025-07-07,86,133419.54,0,0,Furnishings,315.0,0.0,19.0,167.0
SKU0108,2025-07-14,79,122559.81,0,0,Furnishings,233.0,0.0,19.0,167.0
SKU0108,2025-07-21,79,122559.81,0,0,Furnishings,156.0,367.0,19.0,167.0
SKU0108,2025-07-28,76,117905.64,0,0,Furnishings,40.0,367.0,19.0,167.0
SKU0108,2025-08-04,39,60504.21,0,0,Furnishings,368.0,0.0,19.0,167.0
SKU0108,2025-08-11,57,88429.23,0,1,Furnishings,309.0,0.0,19.0,167.0
SKU0108,2025-08-18,61,94634.79000000001,0,0,Furnishings,250.0,0.0,19.0,167.0
SKU0108,2025-08-25,56,86877.84,0,0,Furnishings,250.0,0.0,19.0,167.0
SKU0108,2025-09-01,51,79120.89,0,0,Furnishings,172.0,0.0,19.0,167.0
SKU0108,2025-09-08,48,74466.72,0,0,Furnishings,120.0,256.0,19.0,167.0
SKU0108,2025-09-15,49,76018.11,0,0,Furnishings,331.0,0.0,19.0,167.0
SKU0108,2025-09-22,45,69812.55,0,0,Furnishings,280.0,0.0,19.0,167.0
SKU0108,2025-09-29,48,74466.72,0,1,Furnishings,216.0,0.0,19.0,167.0
SKU0108,2025-10-06,41,63606.990000000005,0,0,Furnishings,177.0,0.0,19.0,167.0
SKU0108,2025-10-13,64,86722.7,1,0,Furnishings,130.0,306.0,19.0,167.0
SKU0108,2025-10-20,46,66709.77,1,0,Furnishings,64.0,306.0,19.0,167.0
SKU0108,2025-10-27,43,66709.77,0,1,Furnishings,314.0,0.0,19.0,167.0
SKU0108,2025-11-03,45,69812.55,0,0,Furnishings,269.0,0.0,19.0,167.0
SKU0108,2025-11-10,50,77569.5,0,0,Furnishings,218.0,0.0,19.0,167.0
SKU0108,2025-11-17,45,69812.55,0,0,Furnishings,174.0,0.0,19.0,167.0
SKU0108,2025-11-24,71,95488.05,1,0,Furnishings,174.0,0.0,19.0,167.0
SKU0108,2025-12-01,70,104408.55,1,0,Furnishings,439.0,0.0,19.0,167.0
SKU0108,2025-12-08,76,117905.64,0,0,Furnishings,376.0,0.0,19.0,167.0
SKU0108,2025-12-15,68,105494.52,0,0,Furnishings,302.0,0.0,19.0,167.0
SKU0108,2025-12-22,67,103943.13,0,1,Furnishings,235.0,0.0,19.0,167.0
SKU0109,2024-09-30,13,137744.49,0,0,Small Appliances,261.0,0.0,16.0,234.0
SKU0109,2024-10-07,77,815871.21,0,0,Small Appliances,261.0,0.0,16.0,234.0
SKU0109,2024-10-14,101,930305.1,1,0,Small Appliances,181.0,402.0,16.0,234.0
SKU0109,2024-10-21,58,593890.67,1,0,Small Appliances,493.0,0.0,16.0,234.0
SKU0109,2024-10-28,68,720509.64,0,1,Small Appliances,407.0,0.0,16.0,234.0
SKU0109,2024-11-04,75,794679.75,0,0,Small Appliances,331.0,0.0,16.0,234.0
SKU0109,2024-11-11,79,837062.6699999999,0,0,Small Appliances,253.0,0.0,16.0,234.0
SKU0109,2024-11-18,75,794679.75,0,0,Small Appliances,688.0,0.0,16.0,234.0
SKU0109,2024-11-25,112,1008713.49,1,0,Small Appliances,557.0,0.0,16.0,234.0
SKU0109,2024-12-02,72,762892.56,0,0,Small Appliances,485.0,0.0,16.0,234.0
SKU0109,2024-12-09,87,921828.51,0,0,Small Appliances,398.0,0.0,16.0,234.0
SKU0109,2024-12-16,77,815871.21,0,0,Small Appliances,321.0,0.0,16.0,234.0
SKU0109,2024-12-23,56,593360.88,0,1,Small Appliances,321.0,0.0,16.0,234.0
SKU0109,2024-12-30,121,1115200.59,1,0,Small Appliances,215.0,433.0,16.0,234.0
SKU0109,2025-01-06,109,1077055.95,1,0,Small Appliances,513.0,0.0,16.0,234.0
SKU0109,2025-01-13,77,815871.21,0,0,Small Appliances,429.0,0.0,16.0,234.0
SKU0109,2025-01-20,70,741701.1,0,1,Small Appliances,351.0,0.0,16.0,234.0
SKU0109,2025-01-27,84,890041.3200000001,0,0,Small Appliances,243.0,0.0,16.0,234.0
SKU0109,2025-02-03,80,847658.4,0,0,Small Appliances,167.0,546.0,16.0,234.0
SKU0109,2025-02-10,102,1080764.46,0,0,Small Appliances,607.0,0.0,16.0,234.0
SKU0109,2025-02-17,80,847658.4,0,0,Small Appliances,529.0,0.0,16.0,234.0
SKU0109,2025-02-24,72,762892.56,0,0,Small Appliances,454.0,0.0,16.0,234.0
SKU0109,2025-03-03,105,1112551.65,0,0,Small Appliances,359.0,0.0,16.0,234.0
SKU0109,2025-03-10,117,1239700.41,0,0,Small Appliances,238.0,0.0,16.0,234.0
SKU0109,2025-03-17,86,911232.78,0,0,Small Appliances,145.0,473.0,16.0,234.0
SKU0109,2025-03-24,107,1133743.1099999999,0,0,Small Appliances,145.0,473.0,16.0,234.0
SKU0109,2025-03-31,99,1048977.27,0,0,Small Appliances,478.0,0.0,16.0,234.0
SKU0109,2025-04-07,111,1176126.03,0,0,Small Appliances,376.0,0.0,16.0,234.0
SKU0109,2025-04-14,92,974807.16,0,0,Small Appliances,270.0,0.0,16.0,234.0
SKU0109,2025-04-21,91,964211.43,0,0,Small Appliances,179.0,525.0,16.0,234.0
SKU0109,2025-04-28,97,1027785.81,0,0,Small Appliances,566.0,0.0,16.0,234.0
SKU0109,2025-05-05,89,943019.97,0,0,Small Appliances,480.0,0.0,16.0,234.0
SKU0109,2025-05-12,82,868849.86,0,0,Small Appliances,394.0,0.0,16.0,234.0
SKU0109,2025-05-19,100,1059573.0,0,0,Small Appliances,308.0,0.0,16.0,234.0
SKU0109,2025-05-26,96,1017190.08,0,0,Small Appliances,592.0,0.0,16.0,234.0
SKU0109,2025-06-02,76,805275.48,0,0,Small Appliances,516.0,0.0,16.0,234.0
SKU0109,2025-06-09,101,1039970.9,1,0,Small Appliances,415.0,0.0,16.0,234.0
SKU0109,2025-06-16,139,1270957.81,1,0,Small Appliances,276.0,0.0,16.0,234.0
SKU0109,2025-06-23,91,964211.43,0,0,Small Appliances,276.0,0.0,16.0,234.0
SKU0109,2025-06-30,79,837062.6699999999,0,0,Small Appliances,158.0,498.0,16.0,234.0
SKU0109,2025-07-07,80,847658.4,0,0,Small Appliances,584.0,0.0,16.0,234.0
SKU0109,2025-07-14,85,900637.05,0,0,Small Appliances,500.0,0.0,16.0,234.0
SKU0109,2025-07-21,74,784084.02,0,0,Small Appliances,415.0,0.0,16.0,234.0
SKU0109,2025-07-28,80,847658.4,0,0,Small Appliances,305.0,0.0,16.0,234.0
SKU0109,2025-08-04,72,762892.56,0,0,Small Appliances,233.0,543.0,16.0,234.0
SKU0109,2025-08-11,68,720509.64,0,1,Small Appliances,166.0,543.0,16.0,234.0
SKU0109,2025-08-18,66,699318.1799999999,0,0,Small Appliances,631.0,0.0,16.0,234.0
SKU0109,2025-08-25,77,815871.21,0,0,Small Appliances,631.0,0.0,16.0,234.0
SKU0109,2025-09-01,57,603956.61,0,0,Small Appliances,540.0,0.0,16.0,234.0
SKU0109,2025-09-08,70,741701.1,0,0,Small Appliances,480.0,0.0,16.0,234.0
SKU0109,2025-09-15,52,550977.96,0,0,Small Appliances,415.0,0.0,16.0,234.0
SKU0109,2025-09-22,75,794679.75,0,0,Small Appliances,350.0,0.0,16.0,234.0
SKU0109,2025-09-29,67,709913.91,0,1,Small Appliances,250.0,0.0,16.0,234.0
SKU0109,2025-10-06,60,635743.8,0,0,Small Appliances,614.0,0.0,16.0,234.0
SKU0109,2025-10-13,95,887392.39,1,0,Small Appliances,541.0,0.0,16.0,234.0
SKU0109,2025-10-20,93,921828.51,1,0,Small Appliances,437.0,0.0,16.0,234.0
SKU0109,2025-10-27,67,709913.91,0,1,Small Appliances,335.0,0.0,16.0,234.0
SKU0109,2025-11-03,69,731105.37,0,0,Small Appliances,262.0,0.0,16.0,234.0
SKU0109,2025-11-10,74,784084.02,0,0,Small Appliances,191.0,358.0,16.0,234.0
SKU0109,2025-11-17,69,731105.37,0,0,Small Appliances,123.0,358.0,16.0,234.0
SKU0109,2025-11-24,129,1172947.31,1,0,Small Appliances,123.0,358.0,16.0,234.0
SKU0109,2025-12-01,79,798918.04,1,0,Small Appliances,321.0,0.0,16.0,234.0
SKU0109,2025-12-08,68,720509.64,0,0,Small Appliances,254.0,0.0,16.0,234.0
SKU0109,2025-12-15,81,858254.1299999999,0,0,Small Appliances,185.0,379.0,16.0,234.0
SKU0109,2025-12-22,73,773488.29,0,1,Small Appliances,107.0,379.0,16.0,234.0
SKU0110,2024-07-15,150,187306.5,0,0,Decor,123.0,294.0,8.0,133.0
SKU0110,2024-07-22,98,122373.58,0,0,Decor,0.0,294.0,8.0,133.0
SKU0110,2024-07-29,132,164829.72,0,0,Decor,112.0,267.0,8.0,133.0
SKU0110,2024-08-05,101,126119.71,0,0,Decor,268.0,0.0,8.0,133.0
SKU0110,2024-08-12,101,126119.71,0,1,Decor,173.0,0.0,8.0,133.0
SKU0110,2024-08-19,118,147347.78,0,0,Decor,69.0,241.0,8.0,133.0
SKU0110,2024-08-26,86,107389.06,0,0,Decor,169.0,0.0,8.0,133.0
SKU0110,2024-09-02,91,113632.61,0,0,Decor,78.0,302.0,8.0,133.0
SKU0110,2024-09-09,84,104891.64,0,0,Decor,296.0,0.0,8.0,133.0
SKU0110,2024-09-16,84,104891.64,0,0,Decor,212.0,0.0,8.0,133.0
SKU0110,2024-09-23,85,106140.34999999999,0,0,Decor,212.0,0.0,8.0,133.0
SKU0110,2024-09-30,80,99896.8,0,1,Decor,104.0,321.0,8.0,133.0
SKU0110,2024-10-07,84,104891.64,0,0,Decor,337.0,0.0,8.0,133.0
SKU0110,2024-10-14,126,135422.6,1,0,Decor,259.0,0.0,8.0,133.0
SKU0110,2024-10-21,93,112571.20999999999,1,0,Decor,126.0,322.0,8.0,133.0
SKU0110,2024-10-28,72,89907.12,0,1,Decor,337.0,0.0,8.0,133.0
SKU0110,2024-11-04,90,112383.9,0,0,Decor,246.0,0.0,8.0,133.0
SKU0110,2024-11-11,67,83663.57,0,0,Decor,176.0,0.0,8.0,133.0
SKU0110,2024-11-18,73,91155.83,0,0,Decor,101.0,310.0,8.0,133.0
SKU0110,2024-11-25,149,158149.12,1,0,Decor,246.0,0.0,8.0,133.0
SKU0110,2024-12-02,99,123622.29000000001,0,0,Decor,147.0,0.0,8.0,133.0
SKU0110,2024-12-09,86,107389.06,0,0,Decor,300.0,0.0,8.0,133.0
SKU0110,2024-12-16,96,119876.16,0,0,Decor,204.0,0.0,8.0,133.0
SKU0110,2024-12-23,89,111135.19,0,1,Decor,204.0,0.0,8.0,133.0
SKU0110,2024-12-30,180,195735.29,1,0,Decor,337.0,0.0,8.0,133.0
SKU0110,2025-01-06,144,167077.4,1,0,Decor,128.0,262.0,8.0,133.0
SKU0110,2025-01-13,110,137358.1,0,0,Decor,282.0,0.0,8.0,133.0
SKU0110,2025-01-20,119,148596.49,0,1,Decor,159.0,0.0,8.0,133.0
SKU0110,2025-01-27,126,157337.46000000002,0,0,Decor,246.0,0.0,8.0,133.0
SKU0110,2025-02-03,156,194798.76,0,0,Decor,331.0,0.0,8.0,133.0
SKU0110,2025-02-10,137,171073.27,0,0,Decor,182.0,0.0,8.0,133.0
SKU0110,2025-02-17,127,158586.17,0,0,Decor,57.0,283.0,8.0,133.0
SKU0110,2025-02-24,123,153591.33,0,0,Decor,217.0,0.0,8.0,133.0
SKU0110,2025-03-03,154,192301.34,0,0,Decor,72.0,281.0,8.0,133.0
SKU0110,2025-03-10,135,168575.85,0,0,Decor,216.0,0.0,8.0,133.0
SKU0110,2025-03-17,165,206037.15,0,0,Decor,378.0,0.0,8.0,133.0
SKU0110,2025-03-24,168,209783.28,0,0,Decor,378.0,0.0,8.0,133.0
SKU0110,2025-03-31,165,206037.15,0,0,Decor,127.0,261.0,8.0,133.0
SKU0110,2025-04-07,151,188555.21,0,0,Decor,247.0,0.0,8.0,133.0
SKU0110,2025-04-14,129,161083.59,0,0,Decor,75.0,271.0,8.0,133.0
SKU0110,2025-04-21,130,162332.3,0,0,Decor,249.0,0.0,8.0,133.0
SKU0110,2025-04-28,161,201042.31,0,0,Decor,338.0,0.0,8.0,133.0
SKU0110,2025-05-05,147,183560.37,0,0,Decor,180.0,0.0,8.0,133.0
SKU0110,2025-05-12,140,174819.4,0,0,Decor,308.0,0.0,8.0,133.0
SKU0110,2025-05-19,146,182311.66,0,0,Decor,177.0,0.0,8.0,133.0
SKU0110,2025-05-26,125,156088.75,0,0,Decor,274.0,0.0,8.0,133.0
SKU0110,2025-06-02,120,149845.2,0,0,Decor,154.0,0.0,8.0,133.0
SKU0110,2025-06-09,141,169512.38,1,0,Decor,13.0,326.0,8.0,133.0
SKU0110,2025-06-16,204,220085.14,1,0,Decor,135.0,0.0,8.0,133.0
SKU0110,2025-06-23,127,158586.16999999998,0,0,Decor,135.0,0.0,8.0,133.0
SKU0110,2025-06-30,86,107389.06,0,0,Decor,270.0,0.0,8.0,133.0
SKU0110,2025-07-07,108,134860.68,0,0,Decor,172.0,0.0,8.0,133.0
SKU0110,2025-07-14,102,127368.42,0,0,Decor,70.0,285.0,8.0,133.0
SKU0110,2025-07-21,93,116130.03,0,0,Decor,250.0,0.0,8.0,133.0
SKU0110,2025-07-28,86,107389.06,0,0,Decor,123.0,270.0,8.0,133.0
SKU0110,2025-08-04,94,117378.74,0,0,Decor,298.0,0.0,8.0,133.0
SKU0110,2025-08-11,77,96150.67,0,1,Decor,218.0,0.0,8.0,133.0
SKU0110,2025-08-18,82,102394.22,0,0,Decor,136.0,0.0,8.0,133.0
SKU0110,2025-08-25,83,103642.93,0,0,Decor,136.0,0.0,8.0,133.0
SKU0110,2025-09-01,65,81166.15,0,0,Decor,345.0,0.0,8.0,133.0
SKU0110,2025-09-08,78,97399.38,0,0,Decor,280.0,0.0,8.0,133.0
SKU0110,2025-09-15,57,71176.47,0,0,Decor,196.0,0.0,8.0,133.0
SKU0110,2025-09-22,58,72425.18000000001,0,0,Decor,149.0,0.0,8.0,133.0
SKU0110,2025-09-29,58,72425.18,0,1,Decor,278.0,0.0,8.0,133.0
SKU0110,2025-10-06,63,78668.73,0,0,Decor,221.0,0.0,8.0,133.0
SKU0110,2025-10-13,95,104766.77,1,0,Decor,149.0,0.0,8.0,133.0
SKU0110,2025-10-20,88,103143.45,1,0,Decor,331.0,0.0,8.0,133.0
SKU0110,2025-10-27,65,81166.15,0,1,Decor,241.0,0.0,8.0,133.0
SKU0110,2025-11-03,67,83663.56999999999,0,0,Decor,166.0,0.0,8.0,133.0
SKU0110,2025-11-10,67,83663.56999999999,0,0,Decor,362.0,0.0,8.0,133.0
SKU0110,2025-11-17,74,92404.54,0,0,Decor,293.0,0.0,8.0,133.0
SKU0110,2025-11-24,123,132238.4,1,0,Decor,293.0,0.0,8.0,133.0
SKU0110,2025-12-01,95,114506.71,1,0,Decor,134.0,0.0,8.0,133.0
SKU0110,2025-12-08,67,83663.57,0,0,Decor,58.0,328.0,8.0,133.0
SKU0110,2025-12-15,72,89907.12,0,0,Decor,310.0,0.0,8.0,133.0
SKU0110,2025-12-22,90,112383.9,0,1,Decor,236.0,0.0,8.0,133.0
SKU0111,2024-03-11,16,40307.68,0,0,Decor,160.0,0.0,7.0,77.0
SKU0111,2024-03-18,105,264519.15,0,0,Decor,160.0,0.0,7.0,77.0
SKU0111,2024-03-25,102,256961.46,0,0,Decor,160.0,0.0,7.0,77.0
SKU0111,2024-04-01,119,299788.37,0,0,Decor,198.0,0.0,7.0,77.0
SKU0111,2024-04-08,93,234288.38999999998,0,0,Decor,77.0,0.0,7.0,77.0
SKU0111,2024-04-15,109,274596.07,0,0,Decor,102.0,0.0,7.0,77.0
SKU0111,2024-04-22,110,277115.3,0,0,Decor,162.0,0.0,7.0,77.0
SKU0111,2024-04-29,72,181384.56,0,0,Decor,8.0,132.0,7.0,77.0
SKU0111,2024-05-06,113,284672.99,0,0,Decor,75.0,127.0,7.0,77.0
SKU0111,2024-05-13,104,261999.92,0,0,Decor,76.0,173.0,7.0,77.0
SKU0111,2024-05-20,117,294749.91000000003,0,0,Decor,152.0,0.0,7.0,77.0
SKU0111,2024-05-27,98,246884.53999999998,0,0,Decor,126.0,0.0,7.0,77.0
SKU0111,2024-06-03,99,249403.77,0,0,Decor,192.0,0.0,7.0,77.0
SKU0111,2024-06-10,120,287570.1,1,0,Decor,91.0,0.0,7.0,77.0
SKU0111,2024-06-17,73,161230.72,1,0,Decor,124.0,0.0,7.0,77.0
SKU0111,2024-06-24,81,204057.63,0,0,Decor,124.0,0.0,7.0,77.0
SKU0111,2024-07-01,86,216653.78,0,0,Decor,165.0,0.0,7.0,77.0
SKU0111,2024-07-08,87,219173.01,0,0,Decor,83.0,0.0,7.0,77.0
SKU0111,2024-07-15,79,199019.16999999998,0,0,Decor,148.0,0.0,7.0,77.0
SKU0111,2024-07-22,88,221692.24,0,0,Decor,69.0,153.0,7.0,77.0
SKU0111,2024-07-29,98,246884.54,0,0,Decor,80.0,0.0,7.0,77.0
SKU0111,2024-08-05,75,188942.25,0,0,Decor,147.0,0.0,7.0,77.0
SKU0111,2024-08-12,82,206576.86,0,1,Decor,74.0,121.0,7.0,77.0
SKU0111,2024-08-19,58,146115.34000000003,0,0,Decor,114.0,0.0,7.0,77.0
SKU0111,2024-08-26,67,168788.41,0,0,Decor,194.0,0.0,7.0,77.0
SKU0111,2024-09-02,83,209096.09,0,0,Decor,111.0,0.0,7.0,77.0
SKU0111,2024-09-09,66,166269.18,0,0,Decor,192.0,0.0,7.0,77.0
SKU0111,2024-09-16,59,148634.57,0,0,Decor,133.0,0.0,7.0,77.0
SKU0111,2024-09-23,66,166269.18,0,0,Decor,133.0,0.0,7.0,77.0
SKU0111,2024-09-30,74,186423.02,0,1,Decor,46.0,170.0,7.0,77.0
SKU0111,2024-10-07,75,188942.25,0,0,Decor,142.0,0.0,7.0,77.0
SKU0111,2024-10-14,102,221440.32,1,0,Decor,63.0,184.0,7.0,77.0
SKU0111,2024-10-21,63,153798.99,1,0,Decor,143.0,0.0,7.0,77.0
SKU0111,2024-10-28,64,161230.72,0,1,Decor,59.0,121.0,7.0,77.0
SKU0111,2024-11-04,65,163749.95,0,0,Decor,113.0,0.0,7.0,77.0
SKU0111,2024-11-11,78,196499.93999999997,0,0,Decor,37.0,167.0,7.0,77.0
SKU0111,2024-11-18,73,183903.78999999998,0,0,Decor,128.0,0.0,7.0,77.0
SKU0111,2024-11-25,126,269809.55,1,0,Decor,104.0,0.0,7.0,77.0
SKU0111,2024-12-02,64,161230.72,0,0,Decor,216.0,0.0,7.0,77.0
SKU0111,2024-12-09,79,199019.17,0,0,Decor,137.0,0.0,7.0,77.0
SKU0111,2024-12-16,44,110846.12,0,0,Decor,93.0,0.0,7.0,77.0
SKU0111,2024-12-23,92,231769.16,0,1,Decor,93.0,0.0,7.0,77.0
SKU0111,2024-12-30,144,318178.75,1,0,Decor,108.0,0.0,7.0,77.0
SKU0111,2025-01-06,110,258598.96,1,0,Decor,102.0,0.0,7.0,77.0
SKU0111,2025-01-13,89,224211.47,0,0,Decor,167.0,0.0,7.0,77.0
SKU0111,2025-01-20,99,249403.77,0,1,Decor,69.0,167.0,7.0,77.0
SKU0111,2025-01-27,101,254442.23,0,0,Decor,101.0,0.0,7.0,77.0
SKU0111,2025-02-03,95,239326.84999999998,0,0,Decor,179.0,0.0,7.0,77.0
SKU0111,2025-02-10,88,221692.24,0,0,Decor,84.0,0.0,7.0,77.0
SKU0111,2025-02-17,90,226730.7,0,0,Decor,153.0,0.0,7.0,77.0
SKU0111,2025-02-24,96,241846.08000000002,0,0,Decor,234.0,0.0,7.0,77.0
SKU0111,2025-03-03,105,264519.15,0,0,Decor,132.0,0.0,7.0,77.0
SKU0111,2025-03-10,122,307346.06,0,0,Decor,189.0,0.0,7.0,77.0
SKU0111,2025-03-17,123,309865.29,0,0,Decor,69.0,124.0,7.0,77.0
SKU0111,2025-03-24,63,158711.49,0,0,Decor,69.0,124.0,7.0,77.0
SKU0111,2025-03-31,103,259480.69,0,0,Decor,76.0,181.0,7.0,77.0
SKU0111,2025-04-07,116,292230.68,0,0,Decor,147.0,0.0,7.0,77.0
SKU0111,2025-04-14,85,214134.55,0,0,Decor,37.0,143.0,7.0,77.0
SKU0111,2025-04-21,134,337576.82,0,0,Decor,93.0,0.0,7.0,77.0
SKU0111,2025-04-28,121,304826.83,0,0,Decor,78.0,0.0,7.0,77.0
SKU0111,2025-05-05,132,332538.36,0,0,Decor,87.0,0.0,7.0,77.0
SKU0111,2025-05-12,121,304826.82999999996,0,0,Decor,129.0,0.0,7.0,77.0
SKU0111,2025-05-19,89,224211.47,0,0,Decor,1.0,189.0,7.0,77.0
SKU0111,2025-05-26,114,287192.22,0,0,Decor,66.0,127.0,7.0,77.0
SKU0111,2025-06-02,73,183903.79,0,0,Decor,120.0,0.0,7.0,77.0
SKU0111,2025-06-09,126,309865.29000000004,1,0,Decor,153.0,0.0,7.0,77.0
SKU0111,2025-06-16,168,365414.31,1,0,Decor,153.0,0.0,7.0,77.0
SKU0111,2025-06-23,111,279634.53,0,0,Decor,153.0,0.0,7.0,77.0
SKU0111,2025-06-30,101,254442.23,0,0,Decor,173.0,0.0,7.0,77.0
SKU0111,2025-07-07,90,226730.69999999998,0,0,Decor,86.0,0.0,7.0,77.0
SKU0111,2025-07-14,80,201538.4,0,0,Decor,115.0,0.0,7.0,77.0
SKU0111,2025-07-21,81,204057.63,0,0,Decor,30.0,176.0,7.0,77.0
SKU0111,2025-07-28,79,199019.17,0,0,Decor,100.0,0.0,7.0,77.0
SKU0111,2025-08-04,81,204057.63,0,0,Decor,12.0,167.0,7.0,77.0
SKU0111,2025-08-11,64,161230.72,0,1,Decor,118.0,0.0,7.0,77.0
SKU0111,2025-08-18,78,196499.94,0,0,Decor,35.0,142.0,7.0,77.0
SKU0111,2025-08-25,87,219173.01,0,0,Decor,35.0,142.0,7.0,77.0
SKU0111,2025-09-01,81,204057.63,0,0,Decor,66.0,188.0,7.0,77.0
SKU0111,2025-09-08,85,214134.55,0,0,Decor,172.0,0.0,7.0,77.0
SKU0111,2025-09-15,65,163749.95,0,0,Decor,83.0,0.0,7.0,77.0
SKU0111,2025-09-22,75,188942.25,0,0,Decor,175.0,0.0,7.0,77.0
SKU0111,2025-09-29,79,199019.16999999998,0,1,Decor,68.0,140.0,7.0,77.0
SKU0111,2025-10-06,55,138557.65,0,0,Decor,141.0,0.0,7.0,77.0
SKU0111,2025-10-13,123,273210.49,1,0,Decor,55.0,170.0,7.0,77.0
SKU0111,2025-10-20,84,193854.74,1,0,Decor,106.0,0.0,7.0,77.0
SKU0111,2025-10-27,69,173826.87,0,1,Decor,164.0,0.0,7.0,77.0
SKU0111,2025-11-03,62,156192.26,0,0,Decor,89.0,0.0,7.0,77.0
SKU0111,2025-11-10,67,168788.41,0,0,Decor,173.0,0.0,7.0,77.0
SKU0111,2025-11-17,70,176346.09999999998,0,0,Decor,111.0,0.0,7.0,77.0
SKU0111,2025-11-24,112,242853.77,1,0,Decor,111.0,0.0,7.0,77.0
SKU0111,2025-12-01,79,190327.83,1,0,Decor,110.0,0.0,7.0,77.0
SKU0111,2025-12-08,87,219173.00999999998,0,0,Decor,192.0,0.0,7.0,77.0
SKU0111,2025-12-15,72,181384.56,0,0,Decor,109.0,0.0,7.0,77.0
SKU0111,2025-12-22,71,178865.33,0,1,Decor,212.0,0.0,7.0,77.0
SKU0112,2024-05-20,52,273413.4,0,0,Furnishings,0.0,2240.0,12.0,564.0
SKU0112,2024-05-27,45,236607.75,0,0,Furnishings,0.0,2240.0,12.0,564.0
SKU0112,2024-06-03,50,262897.5,0,0,Furnishings,2209.0,0.0,12.0,564.0
SKU0112,2024-06-10,327,1601834.46,1,0,Furnishings,1927.0,0.0,12.0,564.0
SKU0112,2024-06-17,510,2366866.19,1,0,Furnishings,1400.0,0.0,12.0,564.0
SKU0112,2024-06-24,265,1393356.75,0,0,Furnishings,1400.0,0.0,12.0,564.0
SKU0112,2024-07-01,264,1388098.8,0,0,Furnishings,1045.0,0.0,12.0,564.0
SKU0112,2024-07-08,232,1219844.4,0,0,Furnishings,773.0,0.0,12.0,564.0
SKU0112,2024-07-15,294,1545837.2999999998,0,0,Furnishings,550.0,2192.0,12.0,564.0
SKU0112,2024-07-22,281,1477483.95,0,0,Furnishings,246.0,2192.0,12.0,564.0
SKU0112,2024-07-29,203,1067363.85,0,0,Furnishings,2089.0,0.0,12.0,564.0
SKU0112,2024-08-05,188,988494.6,0,0,Furnishings,1904.0,0.0,12.0,564.0
SKU0112,2024-08-12,202,1062105.9,0,1,Furnishings,1718.0,0.0,12.0,564.0
SKU0112,2024-08-19,253,1330261.35,0,0,Furnishings,1472.0,0.0,12.0,564.0
SKU0112,2024-08-26,259,1361809.05,0,0,Furnishings,1105.0,0.0,12.0,564.0
SKU0112,2024-09-02,183,962204.8500000001,0,0,Furnishings,922.0,0.0,12.0,564.0
SKU0112,2024-09-09,190,999010.5,0,0,Furnishings,732.0,0.0,12.0,564.0
SKU0112,2024-09-16,224,1177780.8,0,0,Furnishings,508.0,1743.0,12.0,564.0
SKU0112,2024-09-23,219,1151491.05,0,0,Furnishings,508.0,1743.0,12.0,564.0
SKU0112,2024-09-30,209,1098911.55,0,1,Furnishings,1972.0,0.0,12.0,564.0
SKU0112,2024-10-07,248,1303971.6,0,0,Furnishings,1767.0,0.0,12.0,564.0
SKU0112,2024-10-14,325,1457240.83,1,0,Furnishings,1522.0,0.0,12.0,564.0
SKU0112,2024-10-21,229,1160692.46,1,0,Furnishings,1157.0,0.0,12.0,564.0
SKU0112,2024-10-28,229,1204070.55,0,1,Furnishings,863.0,0.0,12.0,564.0
SKU0112,2024-11-04,220,1156749.0,0,0,Furnishings,661.0,0.0,12.0,564.0
SKU0112,2024-11-11,243,1277681.85,0,0,Furnishings,398.0,2112.0,12.0,564.0
SKU0112,2024-11-18,213,1119943.35,0,0,Furnishings,2267.0,0.0,12.0,564.0
SKU0112,2024-11-25,354,1582117.15,1,0,Furnishings,1874.0,0.0,12.0,564.0
SKU0112,2024-12-02,224,1177780.8,0,0,Furnishings,1650.0,0.0,12.0,564.0
SKU0112,2024-12-09,247,1298713.65,0,0,Furnishings,1403.0,0.0,12.0,564.0
SKU0112,2024-12-16,206,1083137.7,0,0,Furnishings,1197.0,0.0,12.0,564.0
SKU0112,2024-12-23,267,1403872.6500000001,0,1,Furnishings,1197.0,0.0,12.0,564.0
SKU0112,2024-12-30,381,1756418.1900000002,1,0,Furnishings,803.0,0.0,12.0,564.0
SKU0112,2025-01-06,315,1545048.61,1,0,Furnishings,368.0,2470.0,12.0,564.0
SKU0112,2025-01-13,270,1419646.5,0,0,Furnishings,2554.0,0.0,12.0,564.0
SKU0112,2025-01-20,269,1414388.55,0,1,Furnishings,2312.0,0.0,12.0,564.0
SKU0112,2025-01-27,264,1388098.8,0,0,Furnishings,1951.0,0.0,12.0,564.0
SKU0112,2025-02-03,256,1346035.2,0,0,Furnishings,1661.0,0.0,12.0,564.0
SKU0112,2025-02-10,290,1524805.5,0,0,Furnishings,1390.0,0.0,12.0,564.0
SKU0112,2025-02-17,276,1451194.2,0,0,Furnishings,1116.0,0.0,12.0,564.0
SKU0112,2025-02-24,335,1761413.25,0,0,Furnishings,776.0,0.0,12.0,564.0
SKU0112,2025-03-03,330,1735123.5,0,0,Furnishings,440.0,1716.0,12.0,564.0
SKU0112,2025-03-10,301,1582642.95,0,0,Furnishings,1882.0,0.0,12.0,564.0
SKU0112,2025-03-17,275,1445936.25,0,0,Furnishings,1584.0,0.0,12.0,564.0
SKU0112,2025-03-24,291,1530063.45,0,0,Furnishings,1584.0,0.0,12.0,564.0
SKU0112,2025-03-31,331,1740381.45,0,0,Furnishings,1154.0,0.0,12.0,564.0
SKU0112,2025-04-07,334,1756155.3,0,0,Furnishings,825.0,0.0,12.0,564.0
SKU0112,2025-04-14,315,1656254.25,0,0,Furnishings,2922.0,0.0,12.0,564.0
SKU0112,2025-04-21,336,1766671.2,0,0,Furnishings,2594.0,0.0,12.0,564.0
SKU0112,2025-04-28,323,1698317.85,0,0,Furnishings,2172.0,0.0,12.0,564.0
SKU0112,2025-05-05,325,1708833.75,0,0,Furnishings,1853.0,0.0,12.0,564.0
SKU0112,2025-05-12,277,1456452.15,0,0,Furnishings,1551.0,0.0,12.0,564.0
SKU0112,2025-05-19,343,1803476.85,0,0,Furnishings,1234.0,0.0,12.0,564.0
SKU0112,2025-05-26,291,1530063.45,0,0,Furnishings,811.0,0.0,12.0,564.0
SKU0112,2025-06-02,291,1530063.45,0,0,Furnishings,520.0,1716.0,12.0,564.0
SKU0112,2025-06-09,337,1704890.29,1,0,Furnishings,1899.0,0.0,12.0,564.0
SKU0112,2025-06-16,496,2234102.95,1,0,Furnishings,1403.0,0.0,12.0,564.0
SKU0112,2025-06-23,293,1540579.35,0,0,Furnishings,1403.0,0.0,12.0,564.0
SKU0112,2025-06-30,269,1414388.55,0,0,Furnishings,1025.0,0.0,12.0,564.0
SKU0112,2025-07-07,213,1119943.35,0,0,Furnishings,776.0,0.0,12.0,564.0
SKU0112,2025-07-14,276,1451194.2,0,0,Furnishings,550.0,1863.0,12.0,564.0
SKU0112,2025-07-21,257,1351293.15,0,0,Furnishings,2147.0,0.0,12.0,564.0
SKU0112,2025-07-28,279,1466968.05,0,0,Furnishings,1740.0,0.0,12.0,564.0
SKU0112,2025-08-04,220,1156749.0,0,0,Furnishings,1507.0,0.0,12.0,564.0
SKU0112,2025-08-11,190,999010.5,0,1,Furnishings,1340.0,0.0,12.0,564.0
SKU0112,2025-08-18,269,1414388.55,0,0,Furnishings,1060.0,0.0,12.0,564.0
SKU0112,2025-08-25,226,1188296.7,0,0,Furnishings,1060.0,0.0,12.0,564.0
SKU0112,2025-09-01,221,1162006.95,0,0,Furnishings,764.0,0.0,12.0,564.0
SKU0112,2025-09-08,201,1056847.95,0,0,Furnishings,515.0,2402.0,12.0,564.0
SKU0112,2025-09-15,213,1119943.3499999999,0,0,Furnishings,306.0,2402.0,12.0,564.0
SKU0112,2025-09-22,179,941173.05,0,0,Furnishings,2512.0,0.0,12.0,564.0
SKU0112,2025-09-29,180,946431.0,0,1,Furnishings,2283.0,0.0,12.0,564.0
SKU0112,2025-10-06,224,1177780.8,0,0,Furnishings,2074.0,0.0,12.0,564.0
SKU0112,2025-10-13,257,1203807.6400000001,1,0,Furnishings,1829.0,0.0,12.0,564.0
SKU0112,2025-10-20,232,1146496.0,1,0,Furnishings,1567.0,0.0,12.0,564.0
SKU0112,2025-10-27,182,956946.8999999999,0,1,Furnishings,1315.0,0.0,12.0,564.0
SKU0112,2025-11-03,179,941173.05,0,0,Furnishings,1117.0,0.0,12.0,564.0
SKU0112,2025-11-10,180,946431.0,0,0,Furnishings,945.0,0.0,12.0,564.0
SKU0112,2025-11-17,167,878077.65,0,0,Furnishings,793.0,0.0,12.0,564.0
SKU0112,2025-11-24,341,1535847.2,1,0,Furnishings,793.0,0.0,12.0,564.0
SKU0112,2025-12-01,247,1245871.25,1,0,Furnishings,3095.0,0.0,12.0,564.0
SKU0112,2025-12-08,207,1088395.65,0,0,Furnishings,2895.0,0.0,12.0,564.0
SKU0112,2025-12-15,218,1146233.1,0,0,Furnishings,2673.0,0.0,12.0,564.0
SKU0112,2025-12-22,270,1419646.5,0,1,Furnishings,2447.0,0.0,12.0,564.0
SKU0113,2024-04-29,112,1011783.36,0,0,Furnishings,143.0,308.0,11.0,172.0
SKU0113,2024-05-06,60,542026.8,0,0,Furnishings,0.0,308.0,11.0,172.0
SKU0113,2024-05-13,162,1463472.36,0,0,Furnishings,213.0,0.0,11.0,172.0
SKU0113,2024-05-20,151,1364100.78,0,0,Furnishings,77.0,330.0,11.0,172.0
SKU0113,2024-05-27,178,1608012.84,0,0,Furnishings,172.0,0.0,11.0,172.0
SKU0113,2024-06-03,160,1445404.8,0,0,Furnishings,340.0,0.0,11.0,172.0
SKU0113,2024-06-10,151,1294992.37,1,0,Furnishings,203.0,0.0,11.0,172.0
SKU0113,2024-06-17,174,1336095.93,1,0,Furnishings,0.0,382.0,11.0,172.0
SKU0113,2024-06-24,90,813040.2000000001,0,0,Furnishings,0.0,382.0,11.0,172.0
SKU0113,2024-07-01,118,1065986.04,0,0,Furnishings,268.0,0.0,11.0,172.0
SKU0113,2024-07-08,106,957580.68,0,0,Furnishings,154.0,368.0,11.0,172.0
SKU0113,2024-07-15,132,1192458.96,0,0,Furnishings,49.0,368.0,11.0,172.0
SKU0113,2024-07-22,101,912411.78,0,0,Furnishings,300.0,0.0,11.0,172.0
SKU0113,2024-07-29,95,858209.1,0,0,Furnishings,147.0,410.0,11.0,172.0
SKU0113,2024-08-05,119,1075019.82,0,0,Furnishings,452.0,0.0,11.0,172.0
SKU0113,2024-08-12,74,668499.72,0,1,Furnishings,355.0,0.0,11.0,172.0
SKU0113,2024-08-19,102,921445.56,0,0,Furnishings,251.0,0.0,11.0,172.0
SKU0113,2024-08-26,65,587195.7000000001,0,0,Furnishings,544.0,0.0,11.0,172.0
SKU0113,2024-09-02,79,713668.62,0,0,Furnishings,465.0,0.0,11.0,172.0
SKU0113,2024-09-09,42,379418.76,0,0,Furnishings,423.0,0.0,11.0,172.0
SKU0113,2024-09-16,47,424587.66,0,0,Furnishings,376.0,0.0,11.0,172.0
SKU0113,2024-09-23,70,632364.6,0,0,Furnishings,376.0,0.0,11.0,172.0
SKU0113,2024-09-30,57,514925.46,0,1,Furnishings,290.0,0.0,11.0,172.0
SKU0113,2024-10-07,64,578161.92,0,0,Furnishings,224.0,0.0,11.0,172.0
SKU0113,2024-10-14,114,898409.4199999999,1,0,Furnishings,149.0,300.0,11.0,172.0
SKU0113,2024-10-21,62,532993.02,1,0,Furnishings,44.0,300.0,11.0,172.0
SKU0113,2024-10-28,56,505891.68,0,1,Furnishings,267.0,0.0,11.0,172.0
SKU0113,2024-11-04,76,686567.28,0,0,Furnishings,194.0,0.0,11.0,172.0
SKU0113,2024-11-11,42,379418.76,0,0,Furnishings,463.0,0.0,11.0,172.0
SKU0113,2024-11-18,61,551060.58,0,0,Furnishings,421.0,0.0,11.0,172.0
SKU0113,2024-11-25,124,952160.4099999999,1,0,Furnishings,274.0,0.0,11.0,172.0
SKU0113,2024-12-02,77,695601.06,0,0,Furnishings,197.0,0.0,11.0,172.0
SKU0113,2024-12-09,68,614297.04,0,0,Furnishings,129.0,360.0,11.0,172.0
SKU0113,2024-12-16,73,659465.9400000001,0,0,Furnishings,416.0,0.0,11.0,172.0
SKU0113,2024-12-23,66,596229.48,0,1,Furnishings,416.0,0.0,11.0,172.0
SKU0113,2024-12-30,150,1185683.6300000001,1,0,Furnishings,290.0,0.0,11.0,172.0
SKU0113,2025-01-06,158,1344678.15,1,0,Furnishings,111.0,401.0,11.0,172.0
SKU0113,2025-01-13,111,1002749.5800000001,0,0,Furnishings,387.0,0.0,11.0,172.0
SKU0113,2025-01-20,139,1255695.42,0,1,Furnishings,262.0,0.0,11.0,172.0
SKU0113,2025-01-27,127,1147290.06,0,0,Furnishings,433.0,0.0,11.0,172.0
SKU0113,2025-02-03,147,1327965.66,0,0,Furnishings,285.0,0.0,11.0,172.0
SKU0113,2025-02-10,132,1192458.96,0,0,Furnishings,151.0,375.0,11.0,172.0
SKU0113,2025-02-17,140,1264729.2,0,0,Furnishings,388.0,0.0,11.0,172.0
SKU0113,2025-02-24,160,1445404.8,0,0,Furnishings,237.0,0.0,11.0,172.0
SKU0113,2025-03-03,121,1093087.3800000001,0,0,Furnishings,108.0,297.0,11.0,172.0
SKU0113,2025-03-10,99,894344.22,0,0,Furnishings,1.0,297.0,11.0,172.0
SKU0113,2025-03-17,137,1237627.86,0,0,Furnishings,176.0,0.0,11.0,172.0
SKU0113,2025-03-24,174,1571877.72,0,0,Furnishings,176.0,0.0,11.0,172.0
SKU0113,2025-03-31,156,1409269.68,0,0,Furnishings,364.0,0.0,11.0,172.0
SKU0113,2025-04-07,159,1436371.02,0,0,Furnishings,201.0,0.0,11.0,172.0
SKU0113,2025-04-14,132,1192458.96,0,0,Furnishings,40.0,283.0,11.0,172.0
SKU0113,2025-04-21,158,1427337.24,0,0,Furnishings,200.0,0.0,11.0,172.0
SKU0113,2025-04-28,174,1571877.72,0,0,Furnishings,331.0,0.0,11.0,172.0
SKU0113,2025-05-05,148,1336999.44,0,0,Furnishings,181.0,0.0,11.0,172.0
SKU0113,2025-05-12,122,1102121.1600000001,0,0,Furnishings,429.0,0.0,11.0,172.0
SKU0113,2025-05-19,163,1472506.14,0,0,Furnishings,270.0,0.0,11.0,172.0
SKU0113,2025-05-26,149,1346033.22,0,0,Furnishings,455.0,0.0,11.0,172.0
SKU0113,2025-06-02,142,1282796.76,0,0,Furnishings,313.0,0.0,11.0,172.0
SKU0113,2025-06-09,126,1107089.74,1,0,Furnishings,187.0,0.0,11.0,172.0
SKU0113,2025-06-16,187,1435919.34,1,0,Furnishings,0.0,304.0,11.0,172.0
SKU0113,2025-06-23,95,858209.1,0,0,Furnishings,0.0,304.0,11.0,172.0
SKU0113,2025-06-30,97,876276.66,0,0,Furnishings,187.0,0.0,11.0,172.0
SKU0113,2025-07-07,118,1065986.04,0,0,Furnishings,447.0,0.0,11.0,172.0
SKU0113,2025-07-14,101,912411.78,0,0,Furnishings,317.0,0.0,11.0,172.0
SKU0113,2025-07-21,110,993715.8,0,0,Furnishings,249.0,0.0,11.0,172.0
SKU0113,2025-07-28,122,1102121.16,0,0,Furnishings,47.0,348.0,11.0,172.0
SKU0113,2025-08-04,74,668499.72,0,0,Furnishings,318.0,0.0,11.0,172.0
SKU0113,2025-08-11,87,785938.86,0,1,Furnishings,237.0,0.0,11.0,172.0
SKU0113,2025-08-18,86,776905.08,0,0,Furnishings,140.0,329.0,11.0,172.0
SKU0113,2025-08-25,100,903378.0,0,0,Furnishings,140.0,329.0,11.0,172.0
SKU0113,2025-09-01,67,605263.26,0,0,Furnishings,356.0,0.0,11.0,172.0
SKU0113,2025-09-08,80,722702.4,0,0,Furnishings,285.0,0.0,11.0,172.0
SKU0113,2025-09-15,69,623330.82,0,0,Furnishings,216.0,0.0,11.0,172.0
SKU0113,2025-09-22,69,623330.8200000001,0,0,Furnishings,140.0,425.0,11.0,172.0
SKU0113,2025-09-29,66,596229.48,0,1,Furnishings,462.0,0.0,11.0,172.0
SKU0113,2025-10-06,68,614297.04,0,0,Furnishings,400.0,0.0,11.0,172.0
SKU0113,2025-10-13,121,973841.49,1,0,Furnishings,320.0,0.0,11.0,172.0
SKU0113,2025-10-20,80,668499.72,1,0,Furnishings,210.0,0.0,11.0,172.0
SKU0113,2025-10-27,62,560094.36,0,1,Furnishings,117.0,357.0,11.0,172.0
SKU0113,2025-11-03,76,686567.28,0,0,Furnishings,399.0,0.0,11.0,172.0
SKU0113,2025-11-10,66,596229.48,0,0,Furnishings,336.0,0.0,11.0,172.0
SKU0113,2025-11-17,72,650432.16,0,0,Furnishings,256.0,0.0,11.0,172.0
SKU0113,2025-11-24,89,696956.12,1,0,Furnishings,256.0,0.0,11.0,172.0
SKU0113,2025-12-01,81,708700.04,1,0,Furnishings,147.0,336.0,11.0,172.0
SKU0113,2025-12-08,99,894344.22,0,0,Furnishings,408.0,0.0,11.0,172.0
SKU0113,2025-12-15,113,1020817.14,0,0,Furnishings,295.0,0.0,11.0,172.0
SKU0113,2025-12-22,84,758837.52,0,1,Furnishings,191.0,0.0,11.0,172.0
SKU0114,2025-01-13,46,37794.52,0,0,Decor,71.0,446.0,21.0,250.0
SKU0114,2025-01-20,76,62443.12,0,1,Decor,71.0,446.0,21.0,250.0
SKU0114,2025-01-27,28,23005.36,0,0,Decor,1.0,446.0,21.0,250.0
SKU0114,2025-02-03,38,31221.56,0,0,Decor,419.0,0.0,21.0,250.0
SKU0114,2025-02-10,83,68194.46,0,0,Decor,332.0,0.0,21.0,250.0
SKU0114,2025-02-17,89,73124.18000000001,0,0,Decor,242.0,436.0,21.0,250.0
SKU0114,2025-02-24,114,93664.68000000001,0,0,Decor,571.0,0.0,21.0,250.0
SKU0114,2025-03-03,100,82162.0,0,0,Decor,465.0,0.0,21.0,250.0
SKU0114,2025-03-10,127,104345.74,0,0,Decor,351.0,0.0,21.0,250.0
SKU0114,2025-03-17,108,88734.95999999999,0,0,Decor,235.0,464.0,21.0,250.0
SKU0114,2025-03-24,118,96951.16,0,0,Decor,235.0,464.0,21.0,250.0
SKU0114,2025-03-31,105,86270.1,0,0,Decor,72.0,464.0,21.0,250.0
SKU0114,2025-04-07,34,27935.08,0,0,Decor,1.0,464.0,21.0,250.0
SKU0114,2025-04-14,111,91199.82,0,0,Decor,398.0,0.0,21.0,250.0
SKU0114,2025-04-21,126,103524.12000000001,0,0,Decor,280.0,0.0,21.0,250.0
SKU0114,2025-04-28,125,102702.5,0,0,Decor,630.0,0.0,21.0,250.0
SKU0114,2025-05-05,112,92021.44,0,0,Decor,510.0,0.0,21.0,250.0
SKU0114,2025-05-12,116,95307.92,0,0,Decor,400.0,0.0,21.0,250.0
SKU0114,2025-05-19,125,102702.5,0,0,Decor,280.0,0.0,21.0,250.0
SKU0114,2025-05-26,114,93664.68,0,0,Decor,121.0,502.0,21.0,250.0
SKU0114,2025-06-02,110,90378.2,0,0,Decor,11.0,502.0,21.0,250.0
SKU0114,2025-06-09,51,39561.0,1,0,Decor,463.0,0.0,21.0,250.0
SKU0114,2025-06-16,190,134663.51,1,0,Decor,273.0,0.0,21.0,250.0
SKU0114,2025-06-23,101,82983.62,0,0,Decor,273.0,0.0,21.0,250.0
SKU0114,2025-06-30,86,70659.32,0,0,Decor,139.0,425.0,21.0,250.0
SKU0114,2025-07-07,91,74767.42,0,0,Decor,483.0,0.0,21.0,250.0
SKU0114,2025-07-14,82,67372.84,0,0,Decor,389.0,0.0,21.0,250.0
SKU0114,2025-07-21,86,70659.32,0,0,Decor,309.0,0.0,21.0,250.0
SKU0114,2025-07-28,81,66551.22,0,0,Decor,185.0,418.0,21.0,250.0
SKU0114,2025-08-04,60,49297.2,0,0,Decor,122.0,418.0,21.0,250.0
SKU0114,2025-08-11,78,64086.36,0,1,Decor,469.0,0.0,21.0,250.0
SKU0114,2025-08-18,80,65729.6,0,0,Decor,384.0,0.0,21.0,250.0
SKU0114,2025-08-25,84,69016.08,0,0,Decor,384.0,0.0,21.0,250.0
SKU0114,2025-09-01,47,38616.14,0,0,Decor,275.0,0.0,21.0,250.0
SKU0114,2025-09-08,65,53405.3,0,0,Decor,234.0,481.0,21.0,250.0
SKU0114,2025-09-15,44,36151.28,0,0,Decor,169.0,481.0,21.0,250.0
SKU0114,2025-09-22,56,46010.72,0,0,Decor,126.0,481.0,21.0,250.0
SKU0114,2025-09-29,45,36972.9,0,1,Decor,530.0,0.0,21.0,250.0
SKU0114,2025-10-06,62,50940.44,0,0,Decor,475.0,0.0,21.0,250.0
SKU0114,2025-10-13,92,67085.27,1,0,Decor,410.0,0.0,21.0,250.0
SKU0114,2025-10-20,84,63470.14,1,0,Decor,300.0,0.0,21.0,250.0
SKU0114,2025-10-27,56,46010.72,0,1,Decor,221.0,551.0,21.0,250.0
SKU0114,2025-11-03,53,43545.86,0,0,Decor,718.0,0.0,21.0,250.0
SKU0114,2025-11-10,48,39437.76,0,0,Decor,669.0,0.0,21.0,250.0
SKU0114,2025-11-17,81,66551.22,0,0,Decor,592.0,0.0,21.0,250.0
SKU0114,2025-11-24,111,78505.78,1,0,Decor,592.0,0.0,21.0,250.0
SKU0114,2025-12-01,62,50077.74,1,0,Decor,468.0,0.0,21.0,250.0
SKU0114,2025-12-08,87,71480.94,0,0,Decor,400.0,0.0,21.0,250.0
SKU0114,2025-12-15,72,59156.64,0,0,Decor,312.0,0.0,21.0,250.0
SKU0114,2025-12-22,77,63264.74,0,1,Decor,247.0,475.0,21.0,250.0
SKU0115,2025-02-24,34,192890.5,0,0,Furnishings,38.0,248.0,22.0,160.0
SKU0115,2025-03-03,30,170197.5,0,0,Furnishings,1.0,248.0,22.0,160.0
SKU0115,2025-03-10,0,0.0,0,0,Furnishings,1.0,248.0,22.0,160.0
SKU0115,2025-03-17,14,79425.5,0,0,Furnishings,240.0,0.0,22.0,160.0
SKU0115,2025-03-24,48,272316.0,0,0,Furnishings,240.0,0.0,22.0,160.0
SKU0115,2025-03-31,57,323375.25,0,0,Furnishings,169.0,0.0,22.0,160.0
SKU0115,2025-04-07,51,289335.75,0,0,Furnishings,113.0,310.0,22.0,160.0
SKU0115,2025-04-14,57,323375.25,0,0,Furnishings,369.0,0.0,22.0,160.0
SKU0115,2025-04-21,57,323375.25,0,0,Furnishings,310.0,0.0,22.0,160.0
SKU0115,2025-04-28,53,300682.25,0,0,Furnishings,237.0,0.0,22.0,160.0
SKU0115,2025-05-05,58,329048.5,0,0,Furnishings,185.0,0.0,22.0,160.0
SKU0115,2025-05-12,53,300682.25,0,0,Furnishings,127.0,302.0,22.0,160.0
SKU0115,2025-05-19,53,300682.25,0,0,Furnishings,78.0,302.0,22.0,160.0
SKU0115,2025-05-26,57,323375.25,0,0,Furnishings,303.0,0.0,22.0,160.0
SKU0115,2025-06-02,52,295009.0,0,0,Furnishings,251.0,0.0,22.0,160.0
SKU0115,2025-06-09,58,319687.64,1,0,Furnishings,193.0,0.0,22.0,160.0
SKU0115,2025-06-16,89,436840.25,1,0,Furnishings,104.0,261.0,22.0,160.0
SKU0115,2025-06-23,53,300682.25,0,0,Furnishings,104.0,261.0,22.0,160.0
SKU0115,2025-06-30,50,283662.5,0,0,Furnishings,36.0,261.0,22.0,160.0
SKU0115,2025-07-07,36,204237.0,0,0,Furnishings,262.0,0.0,22.0,160.0
SKU0115,2025-07-14,49,277989.25,0,0,Furnishings,210.0,0.0,22.0,160.0
SKU0115,2025-07-21,48,272316.0,0,0,Furnishings,164.0,0.0,22.0,160.0
SKU0115,2025-07-28,49,277989.25,0,0,Furnishings,355.0,0.0,22.0,160.0
SKU0115,2025-08-04,47,266642.75,0,0,Furnishings,304.0,0.0,22.0,160.0
SKU0115,2025-08-11,47,266642.75,0,1,Furnishings,260.0,0.0,22.0,160.0
SKU0115,2025-08-18,47,266642.75,0,0,Furnishings,216.0,0.0,22.0,160.0
SKU0115,2025-08-25,48,272316.0,0,0,Furnishings,216.0,0.0,22.0,160.0
SKU0115,2025-09-01,50,283662.5,0,0,Furnishings,149.0,320.0,22.0,160.0
SKU0115,2025-09-08,47,266642.75,0,0,Furnishings,98.0,320.0,22.0,160.0
SKU0115,2025-09-15,50,283662.5,0,0,Furnishings,369.0,0.0,22.0,160.0
SKU0115,2025-09-22,52,295009.0,0,0,Furnishings,321.0,0.0,22.0,160.0
SKU0115,2025-09-29,51,289335.75,0,1,Furnishings,252.0,0.0,22.0,160.0
SKU0115,2025-10-06,46,260969.5,0,0,Furnishings,202.0,0.0,22.0,160.0
SKU0115,2025-10-13,74,371314.21,1,0,Furnishings,146.0,395.0,22.0,160.0
SKU0115,2025-10-20,47,249623.0,1,0,Furnishings,76.0,395.0,22.0,160.0
SKU0115,2025-10-27,41,232603.25,0,1,Furnishings,416.0,0.0,22.0,160.0
SKU0115,2025-11-03,51,289335.75,0,0,Furnishings,367.0,0.0,22.0,160.0
SKU0115,2025-11-10,50,283662.5,0,0,Furnishings,317.0,0.0,22.0,160.0
SKU0115,2025-11-17,48,272316.0,0,0,Furnishings,270.0,0.0,22.0,160.0
SKU0115,2025-11-24,84,411026.97,1,0,Furnishings,270.0,0.0,22.0,160.0
SKU0115,2025-12-01,57,312312.41000000003,1,0,Furnishings,167.0,0.0,22.0,160.0
SKU0115,2025-12-08,47,266642.75,0,0,Furnishings,114.0,280.0,22.0,160.0
SKU0115,2025-12-15,57,323375.25,0,0,Furnishings,348.0,0.0,22.0,160.0
SKU0115,2025-12-22,44,249623.0,0,1,Furnishings,295.0,0.0,22.0,160.0
SKU0116,2025-03-24,9,63768.06,0,0,Decor,73.0,0.0,9.0,61.0
SKU0116,2025-03-31,67,474717.78,0,0,Decor,73.0,0.0,9.0,61.0
SKU0116,2025-04-07,66,467632.44,0,0,Decor,109.0,0.0,9.0,61.0
SKU0116,2025-04-14,73,517229.81999999995,0,0,Decor,48.0,126.0,9.0,61.0
SKU0116,2025-04-21,81,573912.54,0,0,Decor,97.0,0.0,9.0,61.0
SKU0116,2025-04-28,40,283413.6,0,0,Decor,0.0,126.0,9.0,61.0
SKU0116,2025-05-05,58,410949.72,0,0,Decor,93.0,0.0,9.0,61.0
SKU0116,2025-05-12,66,467632.44,0,0,Decor,137.0,0.0,9.0,61.0
SKU0116,2025-05-19,69,488888.45999999996,0,0,Decor,69.0,0.0,9.0,61.0
SKU0116,2025-05-26,43,304669.62,0,0,Decor,114.0,0.0,9.0,61.0
SKU0116,2025-06-02,66,467632.44,0,0,Decor,48.0,138.0,9.0,61.0
SKU0116,2025-06-09,58,400321.70999999996,1,0,Decor,128.0,0.0,9.0,61.0
SKU0116,2025-06-16,95,580643.62,1,0,Decor,33.0,119.0,9.0,61.0
SKU0116,2025-06-23,41,290498.94,0,0,Decor,33.0,119.0,9.0,61.0
SKU0116,2025-06-30,48,340096.31999999995,0,0,Decor,97.0,0.0,9.0,61.0
SKU0116,2025-07-07,45,318840.3,0,0,Decor,46.0,120.0,9.0,61.0
SKU0116,2025-07-14,38,269242.92,0,0,Decor,5.0,120.0,9.0,61.0
SKU0116,2025-07-21,48,340096.32,0,0,Decor,87.0,0.0,9.0,61.0
SKU0116,2025-07-28,40,283413.6,0,0,Decor,20.0,134.0,9.0,61.0
SKU0116,2025-08-04,33,233816.22,0,0,Decor,122.0,0.0,9.0,61.0
SKU0116,2025-08-11,21,148792.14,0,1,Decor,94.0,0.0,9.0,61.0
SKU0116,2025-08-18,37,262157.58,0,0,Decor,62.0,0.0,9.0,61.0
SKU0116,2025-08-25,38,269242.92,0,0,Decor,62.0,0.0,9.0,61.0
SKU0116,2025-09-01,28,198389.52,0,0,Decor,126.0,0.0,9.0,61.0
SKU0116,2025-09-08,24,170048.16,0,0,Decor,97.0,0.0,9.0,61.0
SKU0116,2025-09-15,25,177133.5,0,0,Decor,73.0,0.0,9.0,61.0
SKU0116,2025-09-22,33,233816.22,0,0,Decor,47.0,139.0,9.0,61.0
SKU0116,2025-09-29,24,170048.16,0,1,Decor,145.0,0.0,9.0,61.0
SKU0116,2025-10-06,23,162962.82,0,0,Decor,118.0,0.0,9.0,61.0
SKU0116,2025-10-13,33,204057.78,1,0,Decor,97.0,0.0,9.0,61.0
SKU0116,2025-10-20,31,204766.32,1,0,Decor,59.0,123.0,9.0,61.0
SKU0116,2025-10-27,17,120450.78,0,1,Decor,156.0,0.0,9.0,61.0
SKU0116,2025-11-03,14,99194.76000000001,0,0,Decor,142.0,0.0,9.0,61.0
SKU0116,2025-11-10,27,191304.18,0,0,Decor,114.0,0.0,9.0,61.0
SKU0116,2025-11-17,20,141706.8,0,0,Decor,93.0,0.0,9.0,61.0
SKU0116,2025-11-24,48,292270.27,1,0,Decor,93.0,0.0,9.0,61.0
SKU0116,2025-12-01,38,260740.51,1,0,Decor,35.0,144.0,9.0,61.0
SKU0116,2025-12-08,39,276328.26,0,0,Decor,144.0,0.0,9.0,61.0
SKU0116,2025-12-15,35,247986.9,0,0,Decor,106.0,0.0,9.0,61.0
SKU0116,2025-12-22,38,269242.92,0,1,Decor,69.0,0.0,9.0,61.0
SKU0117,2024-09-16,2,2521.6,0,0,Decor,138.0,0.0,10.0,24.0
SKU0117,2024-09-23,11,13868.8,0,0,Decor,138.0,0.0,10.0,24.0
SKU0117,2024-09-30,16,20172.8,0,1,Decor,123.0,0.0,10.0,24.0
SKU0117,2024-10-07,15,18912.0,0,0,Decor,106.0,0.0,10.0,24.0
SKU0117,2024-10-14,23,25026.879999999997,1,0,Decor,91.0,0.0,10.0,24.0
SKU0117,2024-10-21,14,17083.84,1,0,Decor,68.0,0.0,10.0,24.0
SKU0117,2024-10-28,11,13868.8,0,1,Decor,51.0,0.0,10.0,24.0
SKU0117,2024-11-04,12,15129.599999999999,0,0,Decor,39.0,0.0,10.0,24.0
SKU0117,2024-11-11,15,18912.0,0,0,Decor,24.0,0.0,10.0,24.0
SKU0117,2024-11-18,13,16390.4,0,0,Decor,60.0,0.0,10.0,24.0
SKU0117,2024-11-25,25,26792.0,1,0,Decor,31.0,0.0,10.0,24.0
SKU0117,2024-12-02,15,18912.0,0,0,Decor,16.0,50.0,10.0,24.0
SKU0117,2024-12-09,15,18912.0,0,0,Decor,50.0,0.0,10.0,24.0
SKU0117,2024-12-16,13,16390.4,0,0,Decor,37.0,0.0,10.0,24.0
SKU0117,2024-12-23,12,15129.599999999999,0,1,Decor,37.0,0.0,10.0,24.0
SKU0117,2024-12-30,23,25405.12,1,0,Decor,74.0,0.0,10.0,24.0
SKU0117,2025-01-06,18,21181.44,1,0,Decor,49.0,0.0,10.0,24.0
SKU0117,2025-01-13,15,18912.0,0,0,Decor,35.0,0.0,10.0,24.0
SKU0117,2025-01-20,17,21433.6,0,1,Decor,19.0,50.0,10.0,24.0
SKU0117,2025-01-27,16,20172.8,0,0,Decor,47.0,0.0,10.0,24.0
SKU0117,2025-02-03,19,23955.2,0,0,Decor,27.0,0.0,10.0,24.0
SKU0117,2025-02-10,18,22694.4,0,0,Decor,10.0,59.0,10.0,24.0
SKU0117,2025-02-17,17,21433.6,0,0,Decor,52.0,0.0,10.0,24.0
SKU0117,2025-02-24,18,22694.4,0,0,Decor,33.0,0.0,10.0,24.0
SKU0117,2025-03-03,18,22694.4,0,0,Decor,15.0,58.0,10.0,24.0
SKU0117,2025-03-10,20,25216.0,0,0,Decor,53.0,0.0,10.0,24.0
SKU0117,2025-03-17,20,25216.0,0,0,Decor,34.0,0.0,10.0,24.0
SKU0117,2025-03-24,20,25216.0,0,0,Decor,34.0,0.0,10.0,24.0
SKU0117,2025-03-31,21,26476.8,0,0,Decor,54.0,0.0,10.0,24.0
SKU0117,2025-04-07,20,25216.0,0,0,Decor,33.0,0.0,10.0,24.0
SKU0117,2025-04-14,18,22694.4,0,0,Decor,12.0,47.0,10.0,24.0
SKU0117,2025-04-21,19,23955.2,0,0,Decor,41.0,0.0,10.0,24.0
SKU0117,2025-04-28,19,23955.2,0,0,Decor,57.0,0.0,10.0,24.0
SKU0117,2025-05-05,20,25216.0,0,0,Decor,37.0,0.0,10.0,24.0
SKU0117,2025-05-12,20,25216.0,0,0,Decor,17.0,46.0,10.0,24.0
SKU0117,2025-05-19,20,25216.0,0,0,Decor,43.0,0.0,10.0,24.0
SKU0117,2025-05-26,20,25216.0,0,0,Decor,71.0,0.0,10.0,24.0
SKU0117,2025-06-02,18,22694.4,0,0,Decor,53.0,0.0,10.0,24.0
SKU0117,2025-06-09,22,26792.0,1,0,Decor,31.0,0.0,10.0,24.0
SKU0117,2025-06-16,35,37887.04,1,0,Decor,44.0,0.0,10.0,24.0
SKU0117,2025-06-23,21,26476.8,0,0,Decor,44.0,0.0,10.0,24.0
SKU0117,2025-06-30,20,25216.0,0,0,Decor,17.0,59.0,10.0,24.0
SKU0117,2025-07-07,11,13868.8,0,0,Decor,0.0,59.0,10.0,24.0
SKU0117,2025-07-14,18,22694.4,0,0,Decor,45.0,0.0,10.0,24.0
SKU0117,2025-07-21,17,21433.6,0,0,Decor,27.0,0.0,10.0,24.0
SKU0117,2025-07-28,19,23955.2,0,0,Decor,50.0,0.0,10.0,24.0
SKU0117,2025-08-04,19,23955.2,0,0,Decor,30.0,0.0,10.0,24.0
SKU0117,2025-08-11,18,22694.4,0,1,Decor,13.0,51.0,10.0,24.0
SKU0117,2025-08-18,19,23955.2,0,0,Decor,43.0,0.0,10.0,24.0
SKU0117,2025-08-25,19,23955.2,0,0,Decor,43.0,0.0,10.0,24.0
SKU0117,2025-09-01,17,21433.6,0,0,Decor,18.0,50.0,10.0,24.0
SKU0117,2025-09-08,17,21433.6,0,0,Decor,50.0,0.0,10.0,24.0
SKU0117,2025-09-15,17,21433.6,0,0,Decor,34.0,0.0,10.0,24.0
SKU0117,2025-09-22,18,22694.4,0,0,Decor,16.0,43.0,10.0,24.0
SKU0117,2025-09-29,17,21433.6,0,1,Decor,38.0,0.0,10.0,24.0
SKU0117,2025-10-06,16,20172.8,0,0,Decor,21.0,51.0,10.0,24.0
SKU0117,2025-10-13,17,18975.04,1,0,Decor,3.0,51.0,10.0,24.0
SKU0117,2025-10-20,20,23324.8,1,0,Decor,33.0,0.0,10.0,24.0
SKU0117,2025-10-27,19,23955.2,0,1,Decor,10.0,58.0,10.0,24.0
SKU0117,2025-11-03,12,15129.599999999999,0,0,Decor,54.0,0.0,10.0,24.0
SKU0117,2025-11-10,17,21433.6,0,0,Decor,38.0,0.0,10.0,24.0
SKU0117,2025-11-17,19,23955.2,0,0,Decor,19.0,45.0,10.0,24.0
SKU0117,2025-11-24,30,32717.76,1,0,Decor,19.0,45.0,10.0,24.0
SKU0117,2025-12-01,23,27863.68,1,0,Decor,25.0,0.0,10.0,24.0
SKU0117,2025-12-08,20,25216.0,0,0,Decor,54.0,0.0,10.0,24.0
SKU0117,2025-12-15,20,25216.0,0,0,Decor,34.0,0.0,10.0,24.0
SKU0117,2025-12-22,21,26476.8,0,1,Decor,14.0,53.0,10.0,24.0
SKU0118,2024-03-25,83,246661.89,0,0,Decor,185.0,1885.0,28.0,1214.0
SKU0118,2024-04-01,226,671633.58,0,0,Decor,185.0,1885.0,28.0,1214.0
SKU0118,2024-04-08,0,0.0,0,0,Decor,0.0,1885.0,28.0,1214.0
SKU0118,2024-04-15,0,0.0,0,0,Decor,0.0,1885.0,28.0,1214.0
SKU0118,2024-04-22,44,130760.52,0,0,Decor,0.0,1885.0,28.0,1214.0
SKU0118,2024-04-29,270,802394.1,0,0,Decor,1705.0,0.0,28.0,1214.0
SKU0118,2024-05-06,236,701351.88,0,0,Decor,1458.0,0.0,28.0,1214.0
SKU0118,2024-05-13,196,582478.6799999999,0,0,Decor,1232.0,0.0,28.0,1214.0
SKU0118,2024-05-20,249,739985.67,0,0,Decor,1005.0,2396.0,28.0,1214.0
SKU0118,2024-05-27,240,713239.2,0,0,Decor,3063.0,0.0,28.0,1214.0
SKU0118,2024-06-03,212,630027.96,0,0,Decor,2852.0,0.0,28.0,1214.0
SKU0118,2024-06-10,243,682480.76,1,0,Decor,2645.0,0.0,28.0,1214.0
SKU0118,2024-06-17,373,967182.07,1,0,Decor,2248.0,0.0,28.0,1214.0
SKU0118,2024-06-24,190,564647.7,0,0,Decor,2248.0,0.0,28.0,1214.0
SKU0118,2024-07-01,181,537901.23,0,0,Decor,1983.0,0.0,28.0,1214.0
SKU0118,2024-07-08,138,410112.54000000004,0,0,Decor,1818.0,0.0,28.0,1214.0
SKU0118,2024-07-15,191,567619.53,0,0,Decor,1678.0,0.0,28.0,1214.0
SKU0118,2024-07-22,188,558704.04,0,0,Decor,1503.0,0.0,28.0,1214.0
SKU0118,2024-07-29,164,487380.12,0,0,Decor,1216.0,0.0,28.0,1214.0
SKU0118,2024-08-05,170,505211.1,0,0,Decor,1048.0,2221.0,28.0,1214.0
SKU0118,2024-08-12,163,484408.29,0,1,Decor,880.0,2221.0,28.0,1214.0
SKU0118,2024-08-19,145,430915.35,0,0,Decor,2969.0,0.0,28.0,1214.0
SKU0118,2024-08-26,157,466577.31,0,0,Decor,2752.0,0.0,28.0,1214.0
SKU0118,2024-09-02,106,315013.98,0,0,Decor,2646.0,0.0,28.0,1214.0
SKU0118,2024-09-09,138,410112.54000000004,0,0,Decor,2508.0,0.0,28.0,1214.0
SKU0118,2024-09-16,110,326901.3,0,0,Decor,2398.0,0.0,28.0,1214.0
SKU0118,2024-09-23,131,389309.73,0,0,Decor,2398.0,0.0,28.0,1214.0
SKU0118,2024-09-30,99,294211.17,0,1,Decor,2234.0,0.0,28.0,1214.0
SKU0118,2024-10-07,156,463605.48,0,0,Decor,2118.0,0.0,28.0,1214.0
SKU0118,2024-10-14,186,478316.20999999996,1,0,Decor,1951.0,0.0,28.0,1214.0
SKU0118,2024-10-21,95,277420.33,1,0,Decor,1809.0,0.0,28.0,1214.0
SKU0118,2024-10-28,90,267464.7,0,1,Decor,1664.0,0.0,28.0,1214.0
SKU0118,2024-11-04,87,258549.21,0,0,Decor,1555.0,0.0,28.0,1214.0
SKU0118,2024-11-11,51,151563.33,0,0,Decor,1515.0,0.0,28.0,1214.0
SKU0118,2024-11-18,112,332844.96,0,0,Decor,1411.0,0.0,28.0,1214.0
SKU0118,2024-11-25,96,242501.34,1,0,Decor,1295.0,0.0,28.0,1214.0
SKU0118,2024-12-02,73,216943.59,0,0,Decor,1222.0,0.0,28.0,1214.0
SKU0118,2024-12-09,87,258549.21,0,0,Decor,1135.0,2202.0,28.0,1214.0
SKU0118,2024-12-16,101,300154.83,0,0,Decor,1034.0,2202.0,28.0,1214.0
SKU0118,2024-12-23,78,231802.74,0,1,Decor,1034.0,2202.0,28.0,1214.0
SKU0118,2024-12-30,96,253199.92,1,0,Decor,913.0,2202.0,28.0,1214.0
SKU0118,2025-01-06,95,270287.94,1,0,Decor,3018.0,0.0,28.0,1214.0
SKU0118,2025-01-13,63,187225.29,0,0,Decor,2933.0,0.0,28.0,1214.0
SKU0118,2025-01-20,44,130760.52,0,1,Decor,2875.0,0.0,28.0,1214.0
SKU0118,2025-01-27,16,47549.28,0,0,Decor,2846.0,0.0,28.0,1214.0
SKU0118,2025-02-03,126,374450.58,0,0,Decor,2727.0,0.0,28.0,1214.0
SKU0118,2025-02-10,80,237746.4,0,0,Decor,2649.0,0.0,28.0,1214.0
SKU0118,2025-02-17,58,172366.14,0,0,Decor,2580.0,0.0,28.0,1214.0
SKU0118,2025-02-24,43,127788.68999999999,0,0,Decor,2537.0,0.0,28.0,1214.0
SKU0118,2025-03-03,41,121845.03,0,0,Decor,2496.0,0.0,28.0,1214.0
SKU0118,2025-03-10,93,276380.19,0,0,Decor,2422.0,0.0,28.0,1214.0
SKU0118,2025-03-17,68,202084.44,0,0,Decor,2340.0,0.0,28.0,1214.0
SKU0118,2025-03-24,36,106985.88,0,0,Decor,2340.0,0.0,28.0,1214.0
SKU0118,2025-03-31,50,148591.5,0,0,Decor,2256.0,0.0,28.0,1214.0
SKU0118,2025-04-07,42,124816.86,0,0,Decor,2237.0,0.0,28.0,1214.0
SKU0118,2025-04-14,45,133732.35,0,0,Decor,2199.0,0.0,28.0,1214.0
SKU0118,2025-04-21,28,83211.24,0,0,Decor,2155.0,0.0,28.0,1214.0
SKU0118,2025-04-28,43,127788.69,0,0,Decor,2105.0,0.0,28.0,1214.0
SKU0118,2025-05-05,29,86183.07,0,0,Decor,2071.0,0.0,28.0,1214.0
SKU0118,2025-05-12,10,29718.300000000003,0,0,Decor,2052.0,0.0,28.0,1214.0
SKU0118,2025-05-19,23,68352.09,0,0,Decor,2049.0,0.0,28.0,1214.0
SKU0118,2025-05-26,36,106985.88,0,0,Decor,1993.0,0.0,28.0,1214.0
SKU0118,2025-06-02,7,20802.809999999998,0,0,Decor,1986.0,0.0,28.0,1214.0
SKU0118,2025-06-09,34,101042.22,1,0,Decor,1952.0,0.0,28.0,1214.0
SKU0118,2025-06-16,40,105054.19,1,0,Decor,1912.0,0.0,28.0,1214.0
SKU0118,2025-06-23,25,74295.75,0,0,Decor,1912.0,0.0,28.0,1214.0
SKU0118,2025-06-30,9,26746.47,0,0,Decor,1880.0,0.0,28.0,1214.0
SKU0118,2025-07-07,30,89154.9,0,0,Decor,1865.0,0.0,28.0,1214.0
SKU0118,2025-07-14,28,83211.23999999999,0,0,Decor,1840.0,0.0,28.0,1214.0
SKU0118,2025-07-21,26,77267.58,0,0,Decor,1820.0,0.0,28.0,1214.0
SKU0118,2025-07-28,21,62408.43,0,0,Decor,1780.0,0.0,28.0,1214.0
SKU0118,2025-08-04,17,50521.11,0,0,Decor,1758.0,0.0,28.0,1214.0
SKU0118,2025-08-11,15,44577.45,0,1,Decor,1741.0,0.0,28.0,1214.0
SKU0118,2025-08-18,7,20802.809999999998,0,0,Decor,1739.0,0.0,28.0,1214.0
SKU0118,2025-08-25,14,41605.619999999995,0,0,Decor,1739.0,0.0,28.0,1214.0
SKU0118,2025-09-01,33,98070.39,0,0,Decor,1720.0,0.0,28.0,1214.0
SKU0118,2025-09-08,39,115901.37000000001,0,0,Decor,1677.0,0.0,28.0,1214.0
SKU0118,2025-09-15,20,59436.6,0,0,Decor,1639.0,0.0,28.0,1214.0
SKU0118,2025-09-22,32,95098.56,0,0,Decor,1622.0,0.0,28.0,1214.0
SKU0118,2025-09-29,37,109957.71,0,1,Decor,1573.0,0.0,28.0,1214.0
SKU0118,2025-10-06,28,83211.24,0,0,Decor,1547.0,0.0,28.0,1214.0
SKU0118,2025-10-13,19,48440.83,1,0,Decor,1525.0,0.0,28.0,1214.0
SKU0118,2025-10-20,48,132840.8,1,0,Decor,1481.0,0.0,28.0,1214.0
SKU0118,2025-10-27,16,47549.28,0,1,Decor,1456.0,0.0,28.0,1214.0
SKU0118,2025-11-03,18,53492.94,0,0,Decor,1430.0,0.0,28.0,1214.0
SKU0118,2025-11-10,31,92126.73,0,0,Decor,1406.0,0.0,28.0,1214.0
SKU0118,2025-11-17,7,20802.809999999998,0,0,Decor,1392.0,0.0,28.0,1214.0
SKU0118,2025-11-24,21,54830.26,1,0,Decor,1392.0,0.0,28.0,1214.0
SKU0118,2025-12-01,39,115901.37,1,0,Decor,1371.0,0.0,28.0,1214.0
SKU0118,2025-12-08,22,65380.26,0,0,Decor,1332.0,0.0,28.0,1214.0
SKU0118,2025-12-15,17,50521.11,0,0,Decor,1310.0,0.0,28.0,1214.0
SKU0118,2025-12-22,39,115901.37,0,1,Decor,1293.0,0.0,28.0,1214.0
SKU0119,2024-08-12,234,807049.62,0,1,Small Appliances,182.0,759.0,20.0,981.0
SKU0119,2024-08-19,92,317301.56,0,0,Small Appliances,0.0,759.0,20.0,981.0
SKU0119,2024-08-26,0,0.0,0,0,Small Appliances,759.0,0.0,20.0,981.0
SKU0119,2024-09-02,220,758764.6,0,0,Small Appliances,539.0,424.0,20.0,981.0
SKU0119,2024-09-09,228,786356.04,0,0,Small Appliances,311.0,424.0,20.0,981.0
SKU0119,2024-09-16,230,793253.9,0,0,Small Appliances,505.0,566.0,20.0,981.0
SKU0119,2024-09-23,250,862232.5,0,0,Small Appliances,505.0,566.0,20.0,981.0
SKU0119,2024-09-30,236,813947.48,0,1,Small Appliances,182.0,566.0,20.0,981.0
SKU0119,2024-10-07,86,296607.98,0,0,Small Appliances,0.0,566.0,20.0,981.0
SKU0119,2024-10-14,398,1180741.2,1,0,Small Appliances,421.0,580.0,20.0,981.0
SKU0119,2024-10-21,100,308679.23,1,0,Small Appliances,1.0,580.0,20.0,981.0
SKU0119,2024-10-28,98,337995.14,0,1,Small Appliances,547.0,632.0,20.0,981.0
SKU0119,2024-11-04,222,765662.46,0,0,Small Appliances,328.0,632.0,20.0,981.0
SKU0119,2024-11-11,227,782907.11,0,0,Small Appliances,90.0,632.0,20.0,981.0
SKU0119,2024-11-18,167,575971.31,0,0,Small Appliances,573.0,526.0,20.0,981.0
SKU0119,2024-11-25,446,1307489.35,1,0,Small Appliances,53.0,526.0,20.0,981.0
SKU0119,2024-12-02,52,179344.36,0,0,Small Appliances,1.0,526.0,20.0,981.0
SKU0119,2024-12-09,209,720826.37,0,0,Small Appliances,317.0,643.0,20.0,981.0
SKU0119,2024-12-16,257,886375.01,0,0,Small Appliances,60.0,643.0,20.0,981.0
SKU0119,2024-12-23,60,206935.8,0,1,Small Appliances,60.0,643.0,20.0,981.0
SKU0119,2024-12-30,445,1327320.71,1,0,Small Appliances,501.0,0.0,20.0,981.0
SKU0119,2025-01-06,198,594423.09,1,0,Small Appliances,1.0,577.0,20.0,981.0
SKU0119,2025-01-13,0,0.0,0,0,Small Appliances,1.0,577.0,20.0,981.0
SKU0119,2025-01-20,296,1020883.28,0,1,Small Appliances,445.0,408.0,20.0,981.0
SKU0119,2025-01-27,281,969149.33,0,0,Small Appliances,0.0,408.0,20.0,981.0
SKU0119,2025-02-03,59,203486.87,0,0,Small Appliances,409.0,439.0,20.0,981.0
SKU0119,2025-02-10,349,1203676.57,0,0,Small Appliances,50.0,439.0,20.0,981.0
SKU0119,2025-02-17,0,0.0,0,0,Small Appliances,1.0,439.0,20.0,981.0
SKU0119,2025-02-24,104,358688.72,0,0,Small Appliances,396.0,721.0,20.0,981.0
SKU0119,2025-03-03,335,1155391.55,0,0,Small Appliances,4.0,721.0,20.0,981.0
SKU0119,2025-03-10,0,0.0,0,0,Small Appliances,1.0,721.0,20.0,981.0
SKU0119,2025-03-17,141,486299.13,0,0,Small Appliances,626.0,736.0,20.0,981.0
SKU0119,2025-03-24,405,1396816.65,0,0,Small Appliances,626.0,736.0,20.0,981.0
SKU0119,2025-03-31,175,603562.75,0,0,Small Appliances,67.0,736.0,20.0,981.0
SKU0119,2025-04-07,193,665643.49,0,0,Small Appliances,0.0,736.0,20.0,981.0
SKU0119,2025-04-14,382,1317491.26,0,0,Small Appliances,431.0,696.0,20.0,981.0
SKU0119,2025-04-21,160,551828.8,0,0,Small Appliances,44.0,696.0,20.0,981.0
SKU0119,2025-04-28,270,931211.1000000001,0,0,Small Appliances,583.0,458.0,20.0,981.0
SKU0119,2025-05-05,390,1345082.7,0,0,Small Appliances,197.0,458.0,20.0,981.0
SKU0119,2025-05-12,37,127610.41,0,0,Small Appliances,0.0,458.0,20.0,981.0
SKU0119,2025-05-19,335,1155391.55,0,0,Small Appliances,270.0,639.0,20.0,981.0
SKU0119,2025-05-26,123,424218.39,0,0,Small Appliances,0.0,639.0,20.0,981.0
SKU0119,2025-06-02,0,0.0,0,0,Small Appliances,640.0,767.0,20.0,981.0
SKU0119,2025-06-09,408,1361120.22,1,0,Small Appliances,232.0,767.0,20.0,981.0
SKU0119,2025-06-16,231,677197.4,1,0,Small Appliances,1.0,767.0,20.0,981.0
SKU0119,2025-06-23,47,162099.71,0,0,Small Appliances,1.0,767.0,20.0,981.0
SKU0119,2025-06-30,338,1165738.3399999999,0,0,Small Appliances,617.0,584.0,20.0,981.0
SKU0119,2025-07-07,348,1200227.6400000001,0,0,Small Appliances,277.0,584.0,20.0,981.0
SKU0119,2025-07-14,135,465605.55,0,0,Small Appliances,1.0,584.0,20.0,981.0
SKU0119,2025-07-21,350,1207125.5,0,0,Small Appliances,381.0,660.0,20.0,981.0
SKU0119,2025-07-28,133,458707.69,0,0,Small Appliances,0.0,660.0,20.0,981.0
SKU0119,2025-08-04,137,472503.41000000003,0,0,Small Appliances,616.0,432.0,20.0,981.0
SKU0119,2025-08-11,336,1158840.48,0,1,Small Appliances,273.0,432.0,20.0,981.0
SKU0119,2025-08-18,187,644949.91,0,0,Small Appliances,0.0,432.0,20.0,981.0
SKU0119,2025-08-25,165,569073.45,0,0,Small Appliances,0.0,432.0,20.0,981.0
SKU0119,2025-09-01,266,917415.38,0,0,Small Appliances,231.0,546.0,20.0,981.0
SKU0119,2025-09-08,0,0.0,0,0,Small Appliances,1.0,546.0,20.0,981.0
SKU0119,2025-09-15,220,758764.6,0,0,Small Appliances,1.0,546.0,20.0,981.0
SKU0119,2025-09-22,324,1117453.32,0,0,Small Appliances,285.0,486.0,20.0,981.0
SKU0119,2025-09-29,3,10346.79,0,1,Small Appliances,0.0,486.0,20.0,981.0
SKU0119,2025-10-06,253,872579.29,0,0,Small Appliances,388.0,472.0,20.0,981.0
SKU0119,2025-10-13,233,734277.19,1,0,Small Appliances,50.0,472.0,20.0,981.0
SKU0119,2025-10-20,0,0.0,1,0,Small Appliances,0.0,472.0,20.0,981.0
SKU0119,2025-10-27,324,1117453.32,0,1,Small Appliances,191.0,518.0,20.0,981.0
SKU0119,2025-11-03,148,510441.64,0,0,Small Appliances,0.0,518.0,20.0,981.0
SKU0119,2025-11-10,44,151752.92,0,0,Small Appliances,518.0,0.0,20.0,981.0
SKU0119,2025-11-17,317,1093310.81,0,0,Small Appliances,196.0,403.0,20.0,981.0
SKU0119,2025-11-24,157,479401.27,1,0,Small Appliances,196.0,403.0,20.0,981.0
SKU0119,2025-12-01,96,331097.28,1,0,Small Appliances,0.0,403.0,20.0,981.0
SKU0119,2025-12-08,306,1055372.58,0,0,Small Appliances,259.0,663.0,20.0,981.0
SKU0119,2025-12-15,0,0.0,0,0,Small Appliances,1.0,663.0,20.0,981.0
SKU0119,2025-12-22,156,538033.0800000001,0,1,Small Appliances,1.0,663.0,20.0,981.0
SKU0120,2024-12-16,48,387640.8,0,0,Furnishings,22.0,502.0,16.0,237.0
SKU0120,2024-12-23,22,177668.7,0,1,Furnishings,22.0,502.0,16.0,237.0
SKU0120,2024-12-30,48,329494.68,1,0,Furnishings,0.0,502.0,16.0,237.0
SKU0120,2025-01-06,113,848368.05,1,0,Furnishings,382.0,0.0,16.0,237.0
SKU0120,2025-01-13,95,767205.75,0,0,Furnishings,298.0,0.0,16.0,237.0
SKU0120,2025-01-20,85,686447.25,0,1,Furnishings,201.0,574.0,16.0,237.0
SKU0120,2025-01-27,96,775281.6,0,0,Furnishings,79.0,574.0,16.0,237.0
SKU0120,2025-02-03,98,791433.3,0,0,Furnishings,556.0,0.0,16.0,237.0
SKU0120,2025-02-10,110,888343.5,0,0,Furnishings,444.0,0.0,16.0,237.0
SKU0120,2025-02-17,89,718750.65,0,0,Furnishings,353.0,0.0,16.0,237.0
SKU0120,2025-02-24,100,807585.0,0,0,Furnishings,252.0,0.0,16.0,237.0
SKU0120,2025-03-03,116,936798.6,0,0,Furnishings,581.0,0.0,16.0,237.0
SKU0120,2025-03-10,129,1041784.6499999999,0,0,Furnishings,456.0,0.0,16.0,237.0
SKU0120,2025-03-17,117,944874.45,0,0,Furnishings,333.0,0.0,16.0,237.0
SKU0120,2025-03-24,103,831812.55,0,0,Furnishings,333.0,0.0,16.0,237.0
SKU0120,2025-03-31,122,985253.7000000001,0,0,Furnishings,182.0,535.0,16.0,237.0
SKU0120,2025-04-07,126,1017557.1,0,0,Furnishings,588.0,0.0,16.0,237.0
SKU0120,2025-04-14,117,944874.45,0,0,Furnishings,468.0,0.0,16.0,237.0
SKU0120,2025-04-21,114,920646.9,0,0,Furnishings,351.0,0.0,16.0,237.0
SKU0120,2025-04-28,128,1033708.8,0,0,Furnishings,190.0,529.0,16.0,237.0
SKU0120,2025-05-05,122,985253.7,0,0,Furnishings,68.0,529.0,16.0,237.0
SKU0120,2025-05-12,121,977177.85,0,0,Furnishings,478.0,0.0,16.0,237.0
SKU0120,2025-05-19,122,985253.7,0,0,Furnishings,358.0,0.0,16.0,237.0
SKU0120,2025-05-26,129,1041784.65,0,0,Furnishings,181.0,540.0,16.0,237.0
SKU0120,2025-06-02,112,904495.2,0,0,Furnishings,69.0,540.0,16.0,237.0
SKU0120,2025-06-09,117,920646.8999999999,1,0,Furnishings,491.0,0.0,16.0,237.0
SKU0120,2025-06-16,190,1319997.6700000002,1,0,Furnishings,301.0,0.0,16.0,237.0
SKU0120,2025-06-23,114,920646.9,0,0,Furnishings,301.0,0.0,16.0,237.0
SKU0120,2025-06-30,95,767205.75,0,0,Furnishings,642.0,0.0,16.0,237.0
SKU0120,2025-07-07,106,856040.1,0,0,Furnishings,543.0,0.0,16.0,237.0
SKU0120,2025-07-14,99,799509.15,0,0,Furnishings,441.0,0.0,16.0,237.0
SKU0120,2025-07-21,107,864115.95,0,0,Furnishings,336.0,0.0,16.0,237.0
SKU0120,2025-07-28,99,799509.15,0,0,Furnishings,188.0,479.0,16.0,237.0
SKU0120,2025-08-04,93,751054.05,0,0,Furnishings,91.0,479.0,16.0,237.0
SKU0120,2025-08-11,96,775281.6,0,1,Furnishings,476.0,0.0,16.0,237.0
SKU0120,2025-08-18,107,864115.95,0,0,Furnishings,377.0,0.0,16.0,237.0
SKU0120,2025-08-25,98,791433.3,0,0,Furnishings,377.0,0.0,16.0,237.0
SKU0120,2025-09-01,78,629916.3,0,0,Furnishings,241.0,0.0,16.0,237.0
SKU0120,2025-09-08,91,734902.35,0,0,Furnishings,157.0,365.0,16.0,237.0
SKU0120,2025-09-15,81,654143.85,0,0,Furnishings,433.0,0.0,16.0,237.0
SKU0120,2025-09-22,101,815660.85,0,0,Furnishings,347.0,0.0,16.0,237.0
SKU0120,2025-09-29,87,702598.95,0,1,Furnishings,769.0,0.0,16.0,237.0
SKU0120,2025-10-06,84,678371.4,0,0,Furnishings,688.0,0.0,16.0,237.0
SKU0120,2025-10-13,132,933972.06,1,0,Furnishings,590.0,0.0,16.0,237.0
SKU0120,2025-10-20,120,907321.74,1,0,Furnishings,441.0,0.0,16.0,237.0
SKU0120,2025-10-27,83,670295.55,0,1,Furnishings,314.0,0.0,16.0,237.0
SKU0120,2025-11-03,92,742978.2,0,0,Furnishings,222.0,421.0,16.0,237.0
SKU0120,2025-11-10,96,775281.6,0,0,Furnishings,127.0,421.0,16.0,237.0
SKU0120,2025-11-17,103,831812.55,0,0,Furnishings,447.0,0.0,16.0,237.0
SKU0120,2025-11-24,141,984849.9,1,0,Furnishings,447.0,0.0,16.0,237.0
SKU0120,2025-12-01,120,933972.05,1,0,Furnishings,264.0,0.0,16.0,237.0
SKU0120,2025-12-08,104,839888.4,0,0,Furnishings,645.0,0.0,16.0,237.0
SKU0120,2025-12-15,101,815660.85,0,0,Furnishings,539.0,0.0,16.0,237.0
SKU0120,2025-12-22,103,831812.55,0,1,Furnishings,438.0,0.0,16.0,237.0
SKU0121,2025-01-13,154,1548508.5,0,0,Decor,192.0,1207.0,22.0,790.0
SKU0121,2025-01-20,79,794364.75,0,1,Decor,1.0,1207.0,22.0,790.0
SKU0121,2025-01-27,0,0.0,0,0,Decor,1.0,1207.0,22.0,790.0
SKU0121,2025-02-03,108,1085967.0,0,0,Decor,1141.0,0.0,22.0,790.0
SKU0121,2025-02-10,286,2875801.5,0,0,Decor,846.0,0.0,22.0,790.0
SKU0121,2025-02-17,323,3247845.75,0,0,Decor,535.0,1340.0,22.0,790.0
SKU0121,2025-02-24,305,3066851.25,0,0,Decor,1556.0,0.0,22.0,790.0
SKU0121,2025-03-03,329,3308177.25,0,0,Decor,1236.0,0.0,22.0,790.0
SKU0121,2025-03-10,343,3448950.75,0,0,Decor,894.0,0.0,22.0,790.0
SKU0121,2025-03-17,349,3509282.25,0,0,Decor,2343.0,0.0,22.0,790.0
SKU0121,2025-03-24,346,3479116.5,0,0,Decor,2343.0,0.0,22.0,790.0
SKU0121,2025-03-31,361,3629945.25,0,0,Decor,1845.0,0.0,22.0,790.0
SKU0121,2025-04-07,367,3690276.75,0,0,Decor,1476.0,0.0,22.0,790.0
SKU0121,2025-04-14,365,3670166.25,0,0,Decor,1100.0,0.0,22.0,790.0
SKU0121,2025-04-21,358,3599779.5,0,0,Decor,757.0,1349.0,22.0,790.0
SKU0121,2025-04-28,376,3780774.0,0,0,Decor,267.0,1349.0,22.0,790.0
SKU0121,2025-05-05,344,3459006.0,0,0,Decor,1258.0,0.0,22.0,790.0
SKU0121,2025-05-12,393,3951713.25,0,0,Decor,887.0,0.0,22.0,790.0
SKU0121,2025-05-19,389,3911492.25,0,0,Decor,498.0,1646.0,22.0,790.0
SKU0121,2025-05-26,386,3881326.5,0,0,Decor,1610.0,0.0,22.0,790.0
SKU0121,2025-06-02,334,3358453.5,0,0,Decor,1276.0,0.0,22.0,790.0
SKU0121,2025-06-09,371,3591735.3,1,0,Decor,905.0,0.0,22.0,790.0
SKU0121,2025-06-16,561,4849144.3,1,0,Decor,1690.0,0.0,22.0,790.0
SKU0121,2025-06-23,342,3438895.5,0,0,Decor,1690.0,0.0,22.0,790.0
SKU0121,2025-06-30,289,2905967.25,0,0,Decor,1251.0,0.0,22.0,790.0
SKU0121,2025-07-07,278,2795359.5,0,0,Decor,993.0,0.0,22.0,790.0
SKU0121,2025-07-14,293,2946188.25,0,0,Decor,696.0,1438.0,22.0,790.0
SKU0121,2025-07-21,293,2946188.25,0,0,Decor,397.0,1438.0,22.0,790.0
SKU0121,2025-07-28,248,2493702.0,0,0,Decor,1438.0,0.0,22.0,790.0
SKU0121,2025-08-04,274,2755138.5,0,0,Decor,1177.0,0.0,22.0,790.0
SKU0121,2025-08-11,233,2342873.25,0,1,Decor,934.0,0.0,22.0,790.0
SKU0121,2025-08-18,240,2413260.0,0,0,Decor,707.0,1207.0,22.0,790.0
SKU0121,2025-08-25,228,2292597.0,0,0,Decor,707.0,1207.0,22.0,790.0
SKU0121,2025-09-01,208,2091492.0,0,0,Decor,1581.0,0.0,22.0,790.0
SKU0121,2025-09-08,221,2222210.25,0,0,Decor,1386.0,0.0,22.0,790.0
SKU0121,2025-09-15,213,2141768.25,0,0,Decor,1168.0,0.0,22.0,790.0
SKU0121,2025-09-22,206,2071381.5,0,0,Decor,940.0,0.0,22.0,790.0
SKU0121,2025-09-29,205,2061326.25,0,1,Decor,664.0,1682.0,22.0,790.0
SKU0121,2025-10-06,174,1749613.5,0,0,Decor,2158.0,0.0,22.0,790.0
SKU0121,2025-10-13,282,2488674.38,1,0,Decor,1972.0,0.0,22.0,790.0
SKU0121,2025-10-20,242,2259917.44,1,0,Decor,1650.0,0.0,22.0,790.0
SKU0121,2025-10-27,223,2242320.75,0,1,Decor,1355.0,0.0,22.0,790.0
SKU0121,2025-11-03,252,2533923.0,0,0,Decor,1105.0,0.0,22.0,790.0
SKU0121,2025-11-10,238,2393149.5,0,0,Decor,856.0,0.0,22.0,790.0
SKU0121,2025-11-17,204,2051271.0,0,0,Decor,2372.0,0.0,22.0,790.0
SKU0121,2025-11-24,390,3387613.56,1,0,Decor,2372.0,0.0,22.0,790.0
SKU0121,2025-12-01,306,2948702.06,1,0,Decor,1871.0,0.0,22.0,790.0
SKU0121,2025-12-08,244,2453481.0,0,0,Decor,1613.0,0.0,22.0,790.0
SKU0121,2025-12-15,302,3036685.5,0,0,Decor,1362.0,0.0,22.0,790.0
SKU0121,2025-12-22,268,2694807.0,0,1,Decor,1068.0,0.0,22.0,790.0
SKU0122,2025-03-03,17,27237.91,0,0,Small Appliances,144.0,263.0,8.0,168.0
SKU0122,2025-03-10,162,259561.26,0,0,Small Appliances,144.0,263.0,8.0,168.0
SKU0122,2025-03-17,156,249947.88,0,0,Small Appliances,254.0,0.0,8.0,168.0
SKU0122,2025-03-24,151,241936.72999999998,0,0,Small Appliances,254.0,0.0,8.0,168.0
SKU0122,2025-03-31,158,253152.34,0,0,Small Appliances,35.0,358.0,8.0,168.0
SKU0122,2025-04-07,163,261163.49,0,0,Small Appliances,235.0,0.0,8.0,168.0
SKU0122,2025-04-14,166,265970.18,0,0,Small Appliances,69.0,390.0,8.0,168.0
SKU0122,2025-04-21,171,273981.32999999996,0,0,Small Appliances,289.0,0.0,8.0,168.0
SKU0122,2025-04-28,167,267572.41,0,0,Small Appliances,71.0,375.0,8.0,168.0
SKU0122,2025-05-05,171,273981.33,0,0,Small Appliances,275.0,0.0,8.0,168.0
SKU0122,2025-05-12,153,245141.19,0,0,Small Appliances,112.0,407.0,8.0,168.0
SKU0122,2025-05-19,160,256356.8,0,0,Small Appliances,367.0,0.0,8.0,168.0
SKU0122,2025-05-26,158,253152.34,0,0,Small Appliances,143.0,342.0,8.0,168.0
SKU0122,2025-06-02,139,222709.97,0,0,Small Appliances,346.0,0.0,8.0,168.0
SKU0122,2025-06-09,165,255715.90999999997,1,0,Small Appliances,181.0,0.0,8.0,168.0
SKU0122,2025-06-16,201,278547.69,1,0,Small Appliances,259.0,0.0,8.0,168.0
SKU0122,2025-06-23,152,243538.96,0,0,Small Appliances,259.0,0.0,8.0,168.0
SKU0122,2025-06-30,125,200278.75,0,0,Small Appliances,419.0,0.0,8.0,168.0
SKU0122,2025-07-07,125,200278.75,0,0,Small Appliances,296.0,0.0,8.0,168.0
SKU0122,2025-07-14,121,193869.83000000002,0,0,Small Appliances,179.0,0.0,8.0,168.0
SKU0122,2025-07-21,115,184256.44999999998,0,0,Small Appliances,59.0,329.0,8.0,168.0
SKU0122,2025-07-28,111,177847.53,0,0,Small Appliances,221.0,0.0,8.0,168.0
SKU0122,2025-08-04,104,166631.92,0,0,Small Appliances,498.0,0.0,8.0,168.0
SKU0122,2025-08-11,99,158620.77000000002,0,1,Small Appliances,405.0,0.0,8.0,168.0
SKU0122,2025-08-18,105,168234.15,0,0,Small Appliances,293.0,0.0,8.0,168.0
SKU0122,2025-08-25,99,158620.77,0,0,Small Appliances,293.0,0.0,8.0,168.0
SKU0122,2025-09-01,81,129780.63,0,0,Small Appliances,156.0,398.0,8.0,168.0
SKU0122,2025-09-08,80,128178.4,0,0,Small Appliances,78.0,398.0,8.0,168.0
SKU0122,2025-09-15,87,139394.01,0,0,Small Appliances,393.0,0.0,8.0,168.0
SKU0122,2025-09-22,86,137791.78,0,0,Small Appliances,307.0,0.0,8.0,168.0
SKU0122,2025-09-29,87,139394.01,0,1,Small Appliances,193.0,0.0,8.0,168.0
SKU0122,2025-10-06,94,150609.62,0,0,Small Appliances,105.0,289.0,8.0,168.0
SKU0122,2025-10-13,133,187380.89,1,0,Small Appliances,293.0,0.0,8.0,168.0
SKU0122,2025-10-20,106,159261.66,1,0,Small Appliances,154.0,388.0,8.0,168.0
SKU0122,2025-10-27,80,128178.4,0,1,Small Appliances,424.0,0.0,8.0,168.0
SKU0122,2025-11-03,94,150609.62,0,0,Small Appliances,327.0,0.0,8.0,168.0
SKU0122,2025-11-10,95,152211.85,0,0,Small Appliances,229.0,0.0,8.0,168.0
SKU0122,2025-11-17,106,169836.38,0,0,Small Appliances,125.0,389.0,8.0,168.0
SKU0122,2025-11-24,157,217662.96000000002,1,0,Small Appliances,125.0,389.0,8.0,168.0
SKU0122,2025-12-01,116,180571.32,1,0,Small Appliances,324.0,0.0,8.0,168.0
SKU0122,2025-12-08,111,177847.53,0,0,Small Appliances,215.0,0.0,8.0,168.0
SKU0122,2025-12-15,127,203483.21,0,0,Small Appliances,447.0,0.0,8.0,168.0
SKU0122,2025-12-22,107,171438.61000000002,0,1,Small Appliances,323.0,0.0,8.0,168.0
SKU0123,2024-11-18,1,12151.51,0,0,Decor,0.0,515.0,17.0,287.0
SKU0123,2024-11-25,91,939919.29,1,0,Decor,0.0,515.0,17.0,287.0
SKU0123,2024-12-02,0,0.0,0,0,Decor,0.0,515.0,17.0,287.0
SKU0123,2024-12-09,79,959969.29,0,0,Decor,436.0,0.0,17.0,287.0
SKU0123,2024-12-16,100,1215151.0,0,0,Decor,336.0,0.0,17.0,287.0
SKU0123,2024-12-23,113,1373120.63,0,1,Decor,336.0,0.0,17.0,287.0
SKU0123,2024-12-30,182,1936343.1199999999,1,0,Decor,601.0,0.0,17.0,287.0
SKU0123,2025-01-06,145,1610682.65,1,0,Decor,394.0,0.0,17.0,287.0
SKU0123,2025-01-13,126,1531090.26,0,0,Decor,283.0,431.0,17.0,287.0
SKU0123,2025-01-20,111,1348817.61,0,1,Decor,148.0,431.0,17.0,287.0
SKU0123,2025-01-27,117,1421726.67,0,0,Decor,416.0,0.0,17.0,287.0
SKU0123,2025-02-03,141,1713362.91,0,0,Decor,278.0,664.0,17.0,287.0
SKU0123,2025-02-10,138,1676908.38,0,0,Decor,136.0,664.0,17.0,287.0
SKU0123,2025-02-17,143,1737665.9300000002,0,0,Decor,654.0,0.0,17.0,287.0
SKU0123,2025-02-24,149,1810574.99,0,0,Decor,516.0,0.0,17.0,287.0
SKU0123,2025-03-03,132,1603999.3199999998,0,0,Decor,374.0,0.0,17.0,287.0
SKU0123,2025-03-10,150,1822726.5,0,0,Decor,235.0,478.0,17.0,287.0
SKU0123,2025-03-17,164,1992847.6400000001,0,0,Decor,558.0,0.0,17.0,287.0
SKU0123,2025-03-24,146,1774120.46,0,0,Decor,558.0,0.0,17.0,287.0
SKU0123,2025-03-31,176,2138665.76,0,0,Decor,324.0,0.0,17.0,287.0
SKU0123,2025-04-07,164,1992847.64,0,0,Decor,774.0,0.0,17.0,287.0
SKU0123,2025-04-14,151,1834878.01,0,0,Decor,611.0,0.0,17.0,287.0
SKU0123,2025-04-21,155,1883484.05,0,0,Decor,456.0,0.0,17.0,287.0
SKU0123,2025-04-28,184,2235877.84,0,0,Decor,246.0,591.0,17.0,287.0
SKU0123,2025-05-05,170,2065756.7000000002,0,0,Decor,59.0,591.0,17.0,287.0
SKU0123,2025-05-12,124,1506787.24,0,0,Decor,518.0,0.0,17.0,287.0
SKU0123,2025-05-19,165,2004999.15,0,0,Decor,358.0,0.0,17.0,287.0
SKU0123,2025-05-26,161,1956393.1099999999,0,0,Decor,785.0,0.0,17.0,287.0
SKU0123,2025-06-02,161,1956393.1099999999,0,0,Decor,624.0,0.0,17.0,287.0
SKU0123,2025-06-09,151,1771082.58,1,0,Decor,473.0,0.0,17.0,287.0
SKU0123,2025-06-16,255,2666648.87,1,0,Decor,218.0,599.0,17.0,287.0
SKU0123,2025-06-23,148,1798423.48,0,0,Decor,218.0,599.0,17.0,287.0
SKU0123,2025-06-30,130,1579696.3,0,0,Decor,21.0,599.0,17.0,287.0
SKU0123,2025-07-07,143,1737665.93,0,0,Decor,488.0,0.0,17.0,287.0
SKU0123,2025-07-14,137,1664756.8699999999,0,0,Decor,357.0,0.0,17.0,287.0
SKU0123,2025-07-21,160,1944241.6,0,0,Decor,208.0,550.0,17.0,287.0
SKU0123,2025-07-28,98,1190847.98,0,0,Decor,8.0,550.0,17.0,287.0
SKU0123,2025-08-04,93,1130090.43,0,0,Decor,493.0,0.0,17.0,287.0
SKU0123,2025-08-11,87,1057181.3699999999,0,1,Decor,378.0,0.0,17.0,287.0
SKU0123,2025-08-18,128,1555393.28,0,0,Decor,790.0,0.0,17.0,287.0
SKU0123,2025-08-25,86,1045029.86,0,0,Decor,790.0,0.0,17.0,287.0
SKU0123,2025-09-01,85,1032878.3500000001,0,0,Decor,660.0,0.0,17.0,287.0
SKU0123,2025-09-08,102,1239454.02,0,0,Decor,594.0,0.0,17.0,287.0
SKU0123,2025-09-15,97,1178696.47,0,0,Decor,482.0,0.0,17.0,287.0
SKU0123,2025-09-22,84,1020726.8400000001,0,0,Decor,387.0,0.0,17.0,287.0
SKU0123,2025-09-29,110,1336666.0999999999,0,1,Decor,256.0,619.0,17.0,287.0
SKU0123,2025-10-06,104,1263757.04,0,0,Decor,162.0,619.0,17.0,287.0
SKU0123,2025-10-13,145,1579696.3,1,0,Decor,643.0,0.0,17.0,287.0
SKU0123,2025-10-20,115,1291705.51,1,0,Decor,492.0,0.0,17.0,287.0
SKU0123,2025-10-27,83,1008575.3300000001,0,1,Decor,387.0,0.0,17.0,287.0
SKU0123,2025-11-03,108,1312363.08,0,0,Decor,282.0,550.0,17.0,287.0
SKU0123,2025-11-10,106,1288060.06,0,0,Decor,721.0,0.0,17.0,287.0
SKU0123,2025-11-17,94,1142241.94,0,0,Decor,632.0,0.0,17.0,287.0
SKU0123,2025-11-24,196,2060896.09,1,0,Decor,632.0,0.0,17.0,287.0
SKU0123,2025-12-01,134,1575443.27,1,0,Decor,389.0,0.0,17.0,287.0
SKU0123,2025-12-08,108,1312363.08,0,0,Decor,268.0,555.0,17.0,287.0
SKU0123,2025-12-15,107,1300211.5699999998,0,0,Decor,158.0,555.0,17.0,287.0
SKU0123,2025-12-22,94,1142241.94,0,1,Decor,607.0,0.0,17.0,287.0
SKU0124,2025-01-06,152,440483.84,0,0,Decor,39.0,1065.0,13.0,459.0
SKU0124,2025-01-13,139,402810.88,0,0,Decor,39.0,1065.0,13.0,459.0
SKU0124,2025-01-20,112,324567.04000000004,0,1,Decor,1066.0,0.0,13.0,459.0
SKU0124,2025-01-27,154,446279.68,0,0,Decor,817.0,0.0,13.0,459.0
SKU0124,2025-02-03,236,683909.12,0,0,Decor,594.0,0.0,13.0,459.0
SKU0124,2025-02-10,236,683909.12,0,0,Decor,360.0,788.0,13.0,459.0
SKU0124,2025-02-17,191,553502.72,0,0,Decor,957.0,0.0,13.0,459.0
SKU0124,2025-02-24,276,799825.9199999999,0,0,Decor,676.0,0.0,13.0,459.0
SKU0124,2025-03-03,254,736071.68,0,0,Decor,417.0,837.0,13.0,459.0
SKU0124,2025-03-10,270,782438.4,0,0,Decor,1002.0,0.0,13.0,459.0
SKU0124,2025-03-17,259,750561.28,0,0,Decor,734.0,0.0,13.0,459.0
SKU0124,2025-03-24,250,724480.0,0,0,Decor,734.0,0.0,13.0,459.0
SKU0124,2025-03-31,266,770846.72,0,0,Decor,357.0,859.0,13.0,459.0
SKU0124,2025-04-07,238,689704.96,0,0,Decor,137.0,859.0,13.0,459.0
SKU0124,2025-04-14,268,776642.56,0,0,Decor,740.0,0.0,13.0,459.0
SKU0124,2025-04-21,239,692602.88,0,0,Decor,454.0,1053.0,13.0,459.0
SKU0124,2025-04-28,254,736071.68,0,0,Decor,1198.0,0.0,13.0,459.0
SKU0124,2025-05-05,306,886763.52,0,0,Decor,914.0,0.0,13.0,459.0
SKU0124,2025-05-12,259,750561.28,0,0,Decor,651.0,0.0,13.0,459.0
SKU0124,2025-05-19,265,767948.8,0,0,Decor,361.0,1111.0,13.0,459.0
SKU0124,2025-05-26,225,652032.0,0,0,Decor,1157.0,0.0,13.0,459.0
SKU0124,2025-06-02,240,695500.8,0,0,Decor,917.0,0.0,13.0,459.0
SKU0124,2025-06-09,279,775048.7,1,0,Decor,638.0,0.0,13.0,459.0
SKU0124,2025-06-16,431,1080344.57,1,0,Decor,207.0,1108.0,13.0,459.0
SKU0124,2025-06-23,216,625950.72,0,0,Decor,207.0,1108.0,13.0,459.0
SKU0124,2025-06-30,212,614359.04,0,0,Decor,1052.0,0.0,13.0,459.0
SKU0124,2025-07-07,220,637542.4,0,0,Decor,811.0,0.0,13.0,459.0
SKU0124,2025-07-14,269,779540.48,0,0,Decor,578.0,0.0,13.0,459.0
SKU0124,2025-07-21,285,825907.2,0,0,Decor,305.0,1017.0,13.0,459.0
SKU0124,2025-07-28,224,649134.08,0,0,Decor,942.0,0.0,13.0,459.0
SKU0124,2025-08-04,228,660725.76,0,0,Decor,770.0,0.0,13.0,459.0
SKU0124,2025-08-11,250,724480.0,0,1,Decor,487.0,0.0,13.0,459.0
SKU0124,2025-08-18,205,594073.6,0,0,Decor,1083.0,0.0,13.0,459.0
SKU0124,2025-08-25,232,672317.44,0,0,Decor,1083.0,0.0,13.0,459.0
SKU0124,2025-09-01,209,605665.28,0,0,Decor,774.0,0.0,13.0,459.0
SKU0124,2025-09-08,218,631746.5599999999,0,0,Decor,564.0,0.0,13.0,459.0
SKU0124,2025-09-15,200,579584.0,0,0,Decor,1168.0,0.0,13.0,459.0
SKU0124,2025-09-22,237,686807.04,0,0,Decor,960.0,0.0,13.0,459.0
SKU0124,2025-09-29,238,689704.96,0,1,Decor,652.0,0.0,13.0,459.0
SKU0124,2025-10-06,171,495544.32,0,0,Decor,437.0,998.0,13.0,459.0
SKU0124,2025-10-13,354,901542.91,1,0,Decor,1206.0,0.0,13.0,459.0
SKU0124,2025-10-20,277,754908.16,1,0,Decor,850.0,0.0,13.0,459.0
SKU0124,2025-10-27,202,585379.84,0,1,Decor,530.0,0.0,13.0,459.0
SKU0124,2025-11-03,203,588277.76,0,0,Decor,332.0,1106.0,13.0,459.0
SKU0124,2025-11-10,199,576686.08,0,0,Decor,144.0,1106.0,13.0,459.0
SKU0124,2025-11-17,202,585379.84,0,0,Decor,1039.0,0.0,13.0,459.0
SKU0124,2025-11-24,389,975150.08,1,0,Decor,1039.0,0.0,13.0,459.0
SKU0124,2025-12-01,271,756646.91,1,0,Decor,561.0,0.0,13.0,459.0
SKU0124,2025-12-08,202,585379.84,0,0,Decor,324.0,1096.0,13.0,459.0
SKU0124,2025-12-15,238,689704.96,0,0,Decor,1209.0,0.0,13.0,459.0
SKU0124,2025-12-22,237,686807.04,0,1,Decor,980.0,0.0,13.0,459.0
SKU0125,2024-08-26,3,28725.36,0,0,Small Appliances,164.0,0.0,9.0,44.0
SKU0125,2024-09-02,24,229802.88,0,0,Small Appliances,140.0,0.0,9.0,44.0
SKU0125,2024-09-09,22,210652.64,0,0,Small Appliances,118.0,0.0,9.0,44.0
SKU0125,2024-09-16,22,210652.64,0,0,Small Appliances,96.0,0.0,9.0,44.0
SKU0125,2024-09-23,20,191502.4,0,0,Small Appliances,96.0,0.0,9.0,44.0
SKU0125,2024-09-30,26,248953.12,0,1,Small Appliances,67.0,0.0,9.0,44.0
SKU0125,2024-10-07,22,210652.64,0,0,Small Appliances,43.0,0.0,9.0,44.0
SKU0125,2024-10-14,35,290604.89,1,0,Small Appliances,16.0,21.0,9.0,44.0
SKU0125,2024-10-21,18,163734.55000000002,1,0,Small Appliances,6.0,18.0,9.0,44.0
SKU0125,2024-10-28,13,124476.56,0,1,Small Appliances,1.0,35.0,9.0,44.0
SKU0125,2024-11-04,24,229802.88,0,0,Small Appliances,16.0,32.0,9.0,44.0
SKU0125,2024-11-11,23,220227.76,0,0,Small Appliances,29.0,33.0,9.0,44.0
SKU0125,2024-11-18,24,229802.88,0,0,Small Appliances,36.0,27.0,9.0,44.0
SKU0125,2024-11-25,39,317415.24,1,0,Small Appliances,19.0,30.0,9.0,44.0
SKU0125,2024-12-02,18,172352.16,0,0,Small Appliances,1.0,30.0,9.0,44.0
SKU0125,2024-12-09,21,201077.52000000002,0,0,Small Appliances,9.0,27.0,9.0,44.0
SKU0125,2024-12-16,20,191502.40000000002,0,0,Small Appliances,16.0,32.0,9.0,44.0
SKU0125,2024-12-23,23,220227.76,0,1,Small Appliances,16.0,32.0,9.0,44.0
SKU0125,2024-12-30,25,212088.91,1,0,Small Appliances,8.0,34.0,9.0,44.0
SKU0125,2025-01-06,34,301137.53,1,0,Small Appliances,12.0,27.0,9.0,44.0
SKU0125,2025-01-13,24,229802.88,0,0,Small Appliances,19.0,23.0,9.0,44.0
SKU0125,2025-01-20,17,162777.04,0,1,Small Appliances,0.0,23.0,9.0,44.0
SKU0125,2025-01-27,12,114901.44,0,0,Small Appliances,29.0,27.0,9.0,44.0
SKU0125,2025-02-03,25,239378.0,0,0,Small Appliances,0.0,27.0,9.0,44.0
SKU0125,2025-02-10,27,258528.24,0,0,Small Appliances,4.0,29.0,9.0,44.0
SKU0125,2025-02-17,18,172352.16,0,0,Small Appliances,15.0,32.0,9.0,44.0
SKU0125,2025-02-24,19,181927.28,0,0,Small Appliances,28.0,0.0,9.0,44.0
SKU0125,2025-03-03,23,220227.76,0,0,Small Appliances,1.0,33.0,9.0,44.0
SKU0125,2025-03-10,33,315978.96,0,0,Small Appliances,2.0,22.0,9.0,44.0
SKU0125,2025-03-17,23,220227.76,0,0,Small Appliances,4.0,32.0,9.0,44.0
SKU0125,2025-03-24,14,134051.68,0,0,Small Appliances,4.0,32.0,9.0,44.0
SKU0125,2025-03-31,22,210652.64,0,0,Small Appliances,6.0,33.0,9.0,44.0
SKU0125,2025-04-07,28,268103.36,0,0,Small Appliances,20.0,29.0,9.0,44.0
SKU0125,2025-04-14,29,277678.48,0,0,Small Appliances,24.0,29.0,9.0,44.0
SKU0125,2025-04-21,16,153201.92,0,0,Small Appliances,0.0,29.0,9.0,44.0
SKU0125,2025-04-28,19,181927.28,0,0,Small Appliances,1.0,31.0,9.0,44.0
SKU0125,2025-05-05,25,239378.0,0,0,Small Appliances,1.0,30.0,9.0,44.0
SKU0125,2025-05-12,29,277678.48,0,0,Small Appliances,3.0,23.0,9.0,44.0
SKU0125,2025-05-19,20,191502.4,0,0,Small Appliances,14.0,28.0,9.0,44.0
SKU0125,2025-05-26,19,181927.28,0,0,Small Appliances,13.0,0.0,9.0,44.0
SKU0125,2025-06-02,16,153201.92,0,0,Small Appliances,16.0,22.0,9.0,44.0
SKU0125,2025-06-09,16,153201.92,1,0,Small Appliances,0.0,22.0,9.0,44.0
SKU0125,2025-06-16,22,179054.74,1,0,Small Appliances,0.0,31.0,9.0,44.0
SKU0125,2025-06-23,19,181927.28,0,0,Small Appliances,0.0,31.0,9.0,44.0
SKU0125,2025-06-30,20,191502.40000000002,0,0,Small Appliances,3.0,28.0,9.0,44.0
SKU0125,2025-07-07,20,191502.4,0,0,Small Appliances,11.0,20.0,9.0,44.0
SKU0125,2025-07-14,19,181927.28,0,0,Small Appliances,10.0,0.0,9.0,44.0
SKU0125,2025-07-21,24,229802.88,0,0,Small Appliances,35.0,29.0,9.0,44.0
SKU0125,2025-07-28,23,220227.76,0,0,Small Appliances,23.0,24.0,9.0,44.0
SKU0125,2025-08-04,21,201077.52000000002,0,0,Small Appliances,0.0,24.0,9.0,44.0
SKU0125,2025-08-11,20,191502.4,0,1,Small Appliances,0.0,33.0,9.0,44.0
SKU0125,2025-08-18,24,229802.88,0,0,Small Appliances,15.0,26.0,9.0,44.0
SKU0125,2025-08-25,24,229802.88,0,0,Small Appliances,15.0,26.0,9.0,44.0
SKU0125,2025-09-01,19,181927.28,0,0,Small Appliances,7.0,32.0,9.0,44.0
SKU0125,2025-09-08,23,220227.76,0,0,Small Appliances,19.0,23.0,9.0,44.0
SKU0125,2025-09-15,23,220227.76,0,0,Small Appliances,20.0,20.0,9.0,44.0
SKU0125,2025-09-22,19,181927.28000000003,0,0,Small Appliances,1.0,20.0,9.0,44.0
SKU0125,2025-09-29,12,114901.44,0,1,Small Appliances,0.0,34.0,9.0,44.0
SKU0125,2025-10-06,27,258528.24,0,0,Small Appliances,11.0,21.0,9.0,44.0
SKU0125,2025-10-13,16,146020.58000000002,1,0,Small Appliances,1.0,25.0,9.0,44.0
SKU0125,2025-10-20,25,222142.78,1,0,Small Appliances,8.0,32.0,9.0,44.0
SKU0125,2025-10-27,18,172352.16,0,1,Small Appliances,18.0,19.0,9.0,44.0
SKU0125,2025-11-03,23,220227.76,0,0,Small Appliances,17.0,30.0,9.0,44.0
SKU0125,2025-11-10,10,95751.2,0,0,Small Appliances,1.0,30.0,9.0,44.0
SKU0125,2025-11-17,30,287253.60000000003,0,0,Small Appliances,1.0,19.0,9.0,44.0
SKU0125,2025-11-24,19,154638.18,1,0,Small Appliances,1.0,19.0,9.0,44.0
SKU0125,2025-12-01,13,124476.56,1,0,Small Appliances,0.0,27.0,9.0,44.0
SKU0125,2025-12-08,18,172352.16,0,0,Small Appliances,9.0,20.0,9.0,44.0
SKU0125,2025-12-15,15,143626.80000000002,0,0,Small Appliances,12.0,29.0,9.0,44.0
SKU0125,2025-12-22,29,277678.48,0,1,Small Appliances,30.0,0.0,9.0,44.0
SKU0126,2025-01-27,15,17643.75,0,0,Decor,376.0,0.0,19.0,83.0
SKU0126,2025-02-03,43,50578.75,0,0,Decor,331.0,0.0,19.0,83.0
SKU0126,2025-02-10,38,44697.5,0,0,Decor,294.0,0.0,19.0,83.0
SKU0126,2025-02-17,41,48226.25,0,0,Decor,253.0,0.0,19.0,83.0
SKU0126,2025-02-24,42,49402.5,0,0,Decor,213.0,0.0,19.0,83.0
SKU0126,2025-03-03,42,49402.5,0,0,Decor,171.0,0.0,19.0,83.0
SKU0126,2025-03-10,43,50578.75,0,0,Decor,126.0,0.0,19.0,83.0
SKU0126,2025-03-17,42,49402.5,0,0,Decor,84.0,0.0,19.0,83.0
SKU0126,2025-03-24,39,45873.75,0,0,Decor,84.0,0.0,19.0,83.0
SKU0126,2025-03-31,48,56460.0,0,0,Decor,79.0,0.0,19.0,83.0
SKU0126,2025-04-07,46,54107.5,0,0,Decor,32.0,63.0,19.0,83.0
SKU0126,2025-04-14,21,24701.25,0,0,Decor,1.0,63.0,19.0,83.0
SKU0126,2025-04-21,42,49402.5,0,0,Decor,30.0,36.0,19.0,83.0
SKU0126,2025-04-28,0,0.0,0,0,Decor,1.0,36.0,19.0,83.0
SKU0126,2025-05-05,35,41168.75,0,0,Decor,22.0,39.0,19.0,83.0
SKU0126,2025-05-12,1,1176.25,0,0,Decor,1.0,39.0,19.0,83.0
SKU0126,2025-05-19,0,0.0,0,0,Decor,1.0,39.0,19.0,83.0
SKU0126,2025-05-26,39,45873.75,0,0,Decor,1.0,64.0,19.0,83.0
SKU0126,2025-06-02,0,0.0,0,0,Decor,1.0,64.0,19.0,83.0
SKU0126,2025-06-09,14,14703.12,1,0,Decor,51.0,60.0,19.0,83.0
SKU0126,2025-06-16,50,49990.619999999995,1,0,Decor,1.0,60.0,19.0,83.0
SKU0126,2025-06-23,0,0.0,0,0,Decor,1.0,60.0,19.0,83.0
SKU0126,2025-06-30,16,18820.0,0,0,Decor,1.0,60.0,19.0,83.0
SKU0126,2025-07-07,35,41168.75,0,0,Decor,34.0,62.0,19.0,83.0
SKU0126,2025-07-14,9,10586.25,0,0,Decor,0.0,62.0,19.0,83.0
SKU0126,2025-07-21,34,39992.5,0,0,Decor,57.0,40.0,19.0,83.0
SKU0126,2025-07-28,28,32935.0,0,0,Decor,1.0,40.0,19.0,83.0
SKU0126,2025-08-04,5,5881.25,0,0,Decor,1.0,40.0,19.0,83.0
SKU0126,2025-08-11,28,32935.0,0,1,Decor,14.0,45.0,19.0,83.0
SKU0126,2025-08-18,7,8233.75,0,0,Decor,0.0,45.0,19.0,83.0
SKU0126,2025-08-25,16,18820.0,0,0,Decor,0.0,45.0,19.0,83.0
SKU0126,2025-09-01,23,27053.75,0,0,Decor,27.0,60.0,19.0,83.0
SKU0126,2025-09-08,6,7057.5,0,0,Decor,0.0,60.0,19.0,83.0
SKU0126,2025-09-15,19,22348.75,0,0,Decor,0.0,60.0,19.0,83.0
SKU0126,2025-09-22,27,31758.75,0,0,Decor,36.0,54.0,19.0,83.0
SKU0126,2025-09-29,13,15291.25,0,1,Decor,2.0,54.0,19.0,83.0
SKU0126,2025-10-06,21,24701.25,0,0,Decor,44.0,51.0,19.0,83.0
SKU0126,2025-10-13,33,34405.32,1,0,Decor,18.0,51.0,19.0,83.0
SKU0126,2025-10-20,7,8233.75,1,0,Decor,0.0,51.0,19.0,83.0
SKU0126,2025-10-27,27,31758.75,0,1,Decor,18.0,40.0,19.0,83.0
SKU0126,2025-11-03,17,19996.25,0,0,Decor,0.0,40.0,19.0,83.0
SKU0126,2025-11-10,16,18820.0,0,0,Decor,29.0,35.0,19.0,83.0
SKU0126,2025-11-17,24,28230.0,0,0,Decor,0.0,35.0,19.0,83.0
SKU0126,2025-11-24,0,0.0,1,0,Decor,0.0,35.0,19.0,83.0
SKU0126,2025-12-01,27,31758.75,1,0,Decor,35.0,34.0,19.0,83.0
SKU0126,2025-12-08,7,8233.75,0,0,Decor,4.0,34.0,19.0,83.0
SKU0126,2025-12-15,3,3528.75,0,0,Decor,1.0,34.0,19.0,83.0
SKU0126,2025-12-22,31,36463.75,0,1,Decor,28.0,48.0,19.0,83.0
SKU0127,2025-02-10,108,68722.56,0,0,Small Appliances,143.0,2750.0,27.0,1121.0
SKU0127,2025-02-17,93,59177.759999999995,0,0,Small Appliances,1.0,2750.0,27.0,1121.0
SKU0127,2025-02-24,0,0.0,0,0,Small Appliances,1.0,2750.0,27.0,1121.0
SKU0127,2025-03-03,0,0.0,0,0,Small Appliances,1.0,2750.0,27.0,1121.0
SKU0127,2025-03-10,46,29270.719999999998,0,0,Small Appliances,2736.0,0.0,27.0,1121.0
SKU0127,2025-03-17,405,257709.6,0,0,Small Appliances,2346.0,0.0,27.0,1121.0
SKU0127,2025-03-24,407,258982.24,0,0,Small Appliances,2346.0,0.0,27.0,1121.0
SKU0127,2025-03-31,436,277435.52,0,0,Small Appliances,1750.0,0.0,27.0,1121.0
SKU0127,2025-04-07,442,281253.44,0,0,Small Appliances,1347.0,0.0,27.0,1121.0
SKU0127,2025-04-14,382,243074.24,0,0,Small Appliances,908.0,2493.0,27.0,1121.0
SKU0127,2025-04-21,443,281889.76,0,0,Small Appliances,494.0,2493.0,27.0,1121.0
SKU0127,2025-04-28,189,120264.48000000001,0,0,Small Appliances,1.0,2493.0,27.0,1121.0
SKU0127,2025-05-05,179,113901.28,0,0,Small Appliances,2430.0,0.0,27.0,1121.0
SKU0127,2025-05-12,380,241801.6,0,0,Small Appliances,2098.0,0.0,27.0,1121.0
SKU0127,2025-05-19,424,269799.68,0,0,Small Appliances,1682.0,0.0,27.0,1121.0
SKU0127,2025-05-26,409,260254.88,0,0,Small Appliances,1101.0,2621.0,27.0,1121.0
SKU0127,2025-06-02,346,220166.72,0,0,Small Appliances,3376.0,0.0,27.0,1121.0
SKU0127,2025-06-09,399,244728.67,1,0,Small Appliances,2977.0,0.0,27.0,1121.0
SKU0127,2025-06-16,573,314596.60000000003,1,0,Small Appliances,2404.0,0.0,27.0,1121.0
SKU0127,2025-06-23,373,237347.36,0,0,Small Appliances,2404.0,0.0,27.0,1121.0
SKU0127,2025-06-30,311,197895.52,0,0,Small Appliances,1923.0,0.0,27.0,1121.0
SKU0127,2025-07-07,314,199804.47999999998,0,0,Small Appliances,1629.0,0.0,27.0,1121.0
SKU0127,2025-07-14,366,232893.12,0,0,Small Appliances,1292.0,0.0,27.0,1121.0
SKU0127,2025-07-21,239,152080.48,0,0,Small Appliances,937.0,2788.0,27.0,1121.0
SKU0127,2025-07-28,263,167352.16,0,0,Small Appliances,3363.0,0.0,27.0,1121.0
SKU0127,2025-08-04,168,106901.76,0,0,Small Appliances,3187.0,0.0,27.0,1121.0
SKU0127,2025-08-11,204,129809.28,0,1,Small Appliances,3018.0,0.0,27.0,1121.0
SKU0127,2025-08-18,225,143172.0,0,0,Small Appliances,2770.0,0.0,27.0,1121.0
SKU0127,2025-08-25,246,156534.72,0,0,Small Appliances,2770.0,0.0,27.0,1121.0
SKU0127,2025-09-01,183,116446.56,0,0,Small Appliances,2437.0,0.0,27.0,1121.0
SKU0127,2025-09-08,169,107538.08,0,0,Small Appliances,2282.0,0.0,27.0,1121.0
SKU0127,2025-09-15,178,113264.95999999999,0,0,Small Appliances,2097.0,0.0,27.0,1121.0
SKU0127,2025-09-22,212,134899.84,0,0,Small Appliances,1927.0,0.0,27.0,1121.0
SKU0127,2025-09-29,194,123446.08,0,1,Small Appliances,1667.0,0.0,27.0,1121.0
SKU0127,2025-10-06,164,104356.48,0,0,Small Appliances,1478.0,0.0,27.0,1121.0
SKU0127,2025-10-13,277,154307.61,1,0,Small Appliances,1277.0,0.0,27.0,1121.0
SKU0127,2025-10-20,207,122268.89000000001,1,0,Small Appliances,984.0,2137.0,27.0,1121.0
SKU0127,2025-10-27,147,93539.04000000001,0,1,Small Appliances,775.0,2137.0,27.0,1121.0
SKU0127,2025-11-03,143,90993.76,0,0,Small Appliances,633.0,2137.0,27.0,1121.0
SKU0127,2025-11-10,215,136808.8,0,0,Small Appliances,2565.0,0.0,27.0,1121.0
SKU0127,2025-11-17,224,142535.68,0,0,Small Appliances,2324.0,0.0,27.0,1121.0
SKU0127,2025-11-24,367,201840.71,1,0,Small Appliances,2324.0,0.0,27.0,1121.0
SKU0127,2025-12-01,232,142376.6,1,0,Small Appliances,1885.0,0.0,27.0,1121.0
SKU0127,2025-12-08,210,133627.2,0,0,Small Appliances,1683.0,0.0,27.0,1121.0
SKU0127,2025-12-15,237,150807.84,0,0,Small Appliances,1452.0,0.0,27.0,1121.0
SKU0127,2025-12-22,291,185169.12,0,1,Small Appliances,1231.0,0.0,27.0,1121.0
SKU0128,2024-12-02,200,1644852.0,0,0,Furnishings,185.0,1312.0,19.0,545.0
SKU0128,2024-12-09,185,1521488.1,0,0,Furnishings,0.0,1312.0,19.0,545.0
SKU0128,2024-12-16,0,0.0,0,0,Furnishings,1312.0,0.0,19.0,545.0
SKU0128,2024-12-23,191,1570833.6600000001,0,1,Furnishings,1312.0,0.0,19.0,545.0
SKU0128,2024-12-30,383,2757594.38,1,0,Furnishings,980.0,0.0,19.0,545.0
SKU0128,2025-01-06,282,2179840.04,1,0,Furnishings,576.0,0.0,19.0,545.0
SKU0128,2025-01-13,222,1825785.72,0,0,Furnishings,355.0,1167.0,19.0,545.0
SKU0128,2025-01-20,233,1916252.58,0,1,Furnishings,101.0,1167.0,19.0,545.0
SKU0128,2025-01-27,145,1192517.7,0,0,Furnishings,1052.0,0.0,19.0,545.0
SKU0128,2025-02-03,277,2278120.02,0,0,Furnishings,781.0,0.0,19.0,545.0
SKU0128,2025-02-10,272,2236998.72,0,0,Furnishings,519.0,1286.0,19.0,545.0
SKU0128,2025-02-17,288,2368586.88,0,0,Furnishings,1512.0,0.0,19.0,545.0
SKU0128,2025-02-24,285,2343914.1,0,0,Furnishings,1212.0,0.0,19.0,545.0
SKU0128,2025-03-03,357,2936060.82,0,0,Furnishings,857.0,0.0,19.0,545.0
SKU0128,2025-03-10,359,2952509.34,0,0,Furnishings,502.0,1346.0,19.0,545.0
SKU0128,2025-03-17,381,3133443.06,0,0,Furnishings,151.0,1346.0,19.0,545.0
SKU0128,2025-03-24,217,1784664.42,0,0,Furnishings,151.0,1346.0,19.0,545.0
SKU0128,2025-03-31,366,3010079.16,0,0,Furnishings,1090.0,0.0,19.0,545.0
SKU0128,2025-04-07,351,2886715.26,0,0,Furnishings,747.0,0.0,19.0,545.0
SKU0128,2025-04-14,325,2672884.5,0,0,Furnishings,1512.0,0.0,19.0,545.0
SKU0128,2025-04-21,325,2672884.5,0,0,Furnishings,1223.0,0.0,19.0,545.0
SKU0128,2025-04-28,300,2467278.0,0,0,Furnishings,783.0,0.0,19.0,545.0
SKU0128,2025-05-05,326,2681108.7600000002,0,0,Furnishings,469.0,941.0,19.0,545.0
SKU0128,2025-05-12,325,2672884.5,0,0,Furnishings,155.0,941.0,19.0,545.0
SKU0128,2025-05-19,119,978686.94,0,0,Furnishings,1.0,941.0,19.0,545.0
SKU0128,2025-05-26,321,2639987.46,0,0,Furnishings,523.0,1331.0,19.0,545.0
SKU0128,2025-06-02,315,2590641.9,0,0,Furnishings,208.0,1331.0,19.0,545.0
SKU0128,2025-06-09,314,2528137.52,1,0,Furnishings,1224.0,0.0,19.0,545.0
SKU0128,2025-06-16,507,3596057.68,1,0,Furnishings,717.0,0.0,19.0,545.0
SKU0128,2025-06-23,311,2557744.86,0,0,Furnishings,717.0,0.0,19.0,545.0
SKU0128,2025-06-30,246,2023167.96,0,0,Furnishings,1209.0,0.0,19.0,545.0
SKU0128,2025-07-07,251,2064289.26,0,0,Furnishings,974.0,0.0,19.0,545.0
SKU0128,2025-07-14,304,2500175.04,0,0,Furnishings,703.0,0.0,19.0,545.0
SKU0128,2025-07-21,239,1965598.14,0,0,Furnishings,404.0,1103.0,19.0,545.0
SKU0128,2025-07-28,240,1973822.4,0,0,Furnishings,22.0,1103.0,19.0,545.0
SKU0128,2025-08-04,95,781304.7000000001,0,0,Furnishings,1074.0,0.0,19.0,545.0
SKU0128,2025-08-11,222,1825785.72,0,1,Furnishings,849.0,0.0,19.0,545.0
SKU0128,2025-08-18,181,1488591.06,0,0,Furnishings,664.0,0.0,19.0,545.0
SKU0128,2025-08-25,252,2072513.52,0,0,Furnishings,664.0,0.0,19.0,545.0
SKU0128,2025-09-01,172,1414572.72,0,0,Furnishings,329.0,841.0,19.0,545.0
SKU0128,2025-09-08,159,1307657.34,0,0,Furnishings,160.0,841.0,19.0,545.0
SKU0128,2025-09-15,231,1899804.06,0,0,Furnishings,823.0,0.0,19.0,545.0
SKU0128,2025-09-22,233,1916252.58,0,0,Furnishings,589.0,0.0,19.0,545.0
SKU0128,2025-09-29,141,1159620.6600000001,0,1,Furnishings,327.0,1344.0,19.0,545.0
SKU0128,2025-10-06,148,1217190.48,0,0,Furnishings,1510.0,0.0,19.0,545.0
SKU0128,2025-10-13,295,2137485.18,1,0,Furnishings,1327.0,0.0,19.0,545.0
SKU0128,2025-10-20,280,2159690.67,1,0,Furnishings,1006.0,0.0,19.0,545.0
SKU0128,2025-10-27,180,1480366.8,0,1,Furnishings,740.0,0.0,19.0,545.0
SKU0128,2025-11-03,199,1636627.74,0,0,Furnishings,519.0,946.0,19.0,545.0
SKU0128,2025-11-10,182,1496815.3199999998,0,0,Furnishings,1296.0,0.0,19.0,545.0
SKU0128,2025-11-17,137,1126723.6199999999,0,0,Furnishings,1138.0,0.0,19.0,545.0
SKU0128,2025-11-24,349,2479203.19,1,0,Furnishings,1138.0,0.0,19.0,545.0
SKU0128,2025-12-01,272,2166681.3,1,0,Furnishings,721.0,0.0,19.0,545.0
SKU0128,2025-12-08,201,1653076.26,0,0,Furnishings,469.0,1228.0,19.0,545.0
SKU0128,2025-12-15,220,1809337.2,0,0,Furnishings,276.0,1228.0,19.0,545.0
SKU0128,2025-12-22,191,1570833.6600000001,0,1,Furnishings,1283.0,0.0,19.0,545.0
SKU0129,2025-02-03,61,41659.34,0,0,Decor,159.0,0.0,10.0,83.0
SKU0129,2025-02-10,86,58732.840000000004,0,0,Decor,73.0,177.0,10.0,83.0
SKU0129,2025-02-17,66,45074.04,0,0,Decor,1.0,177.0,10.0,83.0
SKU0129,2025-02-24,57,38927.58,0,0,Decor,129.0,0.0,10.0,83.0
SKU0129,2025-03-03,76,51903.44,0,0,Decor,52.0,134.0,10.0,83.0
SKU0129,2025-03-10,45,30732.300000000003,0,0,Decor,0.0,134.0,10.0,83.0
SKU0129,2025-03-17,76,51903.44,0,0,Decor,65.0,143.0,10.0,83.0
SKU0129,2025-03-24,80,54635.2,0,0,Decor,65.0,143.0,10.0,83.0
SKU0129,2025-03-31,80,54635.2,0,0,Decor,96.0,0.0,10.0,83.0
SKU0129,2025-04-07,85,58049.9,0,0,Decor,140.0,0.0,10.0,83.0
SKU0129,2025-04-14,70,47805.8,0,0,Decor,212.0,0.0,10.0,83.0
SKU0129,2025-04-21,78,53269.32,0,0,Decor,146.0,0.0,10.0,83.0
SKU0129,2025-04-28,82,56001.08,0,0,Decor,35.0,153.0,10.0,83.0
SKU0129,2025-05-05,75,51220.5,0,0,Decor,107.0,0.0,10.0,83.0
SKU0129,2025-05-12,83,56684.02,0,0,Decor,207.0,0.0,10.0,83.0
SKU0129,2025-05-19,78,53269.32,0,0,Decor,127.0,0.0,10.0,83.0
SKU0129,2025-05-26,89,60781.66,0,0,Decor,16.0,178.0,10.0,83.0
SKU0129,2025-06-02,62,42342.28,0,0,Decor,132.0,0.0,10.0,83.0
SKU0129,2025-06-09,95,62932.92,1,0,Decor,196.0,0.0,10.0,83.0
SKU0129,2025-06-16,145,85299.20999999999,1,0,Decor,51.0,163.0,10.0,83.0
SKU0129,2025-06-23,78,53269.32,0,0,Decor,51.0,163.0,10.0,83.0
SKU0129,2025-06-30,76,51903.44,0,0,Decor,105.0,0.0,10.0,83.0
SKU0129,2025-07-07,86,58732.84,0,0,Decor,197.0,0.0,10.0,83.0
SKU0129,2025-07-14,85,58049.9,0,0,Decor,111.0,0.0,10.0,83.0
SKU0129,2025-07-21,73,49854.62,0,0,Decor,29.0,156.0,10.0,83.0
SKU0129,2025-07-28,79,53952.26,0,0,Decor,74.0,145.0,10.0,83.0
SKU0129,2025-08-04,66,45074.04,0,0,Decor,149.0,0.0,10.0,83.0
SKU0129,2025-08-11,79,53952.26,0,1,Decor,80.0,196.0,10.0,83.0
SKU0129,2025-08-18,70,47805.8,0,0,Decor,1.0,196.0,10.0,83.0
SKU0129,2025-08-25,75,51220.5,0,0,Decor,1.0,196.0,10.0,83.0
SKU0129,2025-09-01,75,51220.5,0,0,Decor,99.0,0.0,10.0,83.0
SKU0129,2025-09-08,51,34829.94,0,0,Decor,28.0,170.0,10.0,83.0
SKU0129,2025-09-15,64,43708.16,0,0,Decor,150.0,0.0,10.0,83.0
SKU0129,2025-09-22,78,53269.32,0,0,Decor,79.0,162.0,10.0,83.0
SKU0129,2025-09-29,36,24585.84,0,1,Decor,1.0,162.0,10.0,83.0
SKU0129,2025-10-06,79,53952.26,0,0,Decor,98.0,0.0,10.0,83.0
SKU0129,2025-10-13,113,67542.77,1,0,Decor,214.0,0.0,10.0,83.0
SKU0129,2025-10-20,96,60952.39,1,0,Decor,91.0,0.0,10.0,83.0
SKU0129,2025-10-27,62,42342.28,0,1,Decor,154.0,0.0,10.0,83.0
SKU0129,2025-11-03,88,60098.72,0,0,Decor,72.0,128.0,10.0,83.0
SKU0129,2025-11-10,75,51220.5,0,0,Decor,121.0,0.0,10.0,83.0
SKU0129,2025-11-17,66,45074.04,0,0,Decor,241.0,0.0,10.0,83.0
SKU0129,2025-11-24,119,70206.23999999999,1,0,Decor,241.0,0.0,10.0,83.0
SKU0129,2025-12-01,91,59893.84,1,0,Decor,94.0,0.0,10.0,83.0
SKU0129,2025-12-08,52,35512.88,0,0,Decor,12.0,143.0,10.0,83.0
SKU0129,2025-12-15,85,58049.9,0,0,Decor,101.0,0.0,10.0,83.0
SKU0129,2025-12-22,84,57366.96,0,1,Decor,171.0,0.0,10.0,83.0
SKU0130,2024-01-08,22,126789.96,0,0,Small Appliances,338.0,0.0,26.0,92.0
SKU0130,2024-01-15,25,144079.5,0,0,Small Appliances,314.0,0.0,26.0,92.0
SKU0130,2024-01-22,22,126789.96,0,1,Small Appliances,290.0,0.0,26.0,92.0
SKU0130,2024-01-29,23,132553.14,0,0,Small Appliances,256.0,0.0,26.0,92.0
SKU0130,2024-02-05,25,144079.5,0,0,Small Appliances,232.0,0.0,26.0,92.0
SKU0130,2024-02-12,23,132553.14,0,0,Small Appliances,208.0,0.0,26.0,92.0
SKU0130,2024-02-19,24,138316.32,0,0,Small Appliances,184.0,0.0,26.0,92.0
SKU0130,2024-02-26,27,155605.86000000002,0,0,Small Appliances,156.0,0.0,26.0,92.0
SKU0130,2024-03-04,28,161369.04,0,0,Small Appliances,127.0,0.0,26.0,92.0
SKU0130,2024-03-11,30,172895.40000000002,0,0,Small Appliances,100.0,0.0,26.0,92.0
SKU0130,2024-03-18,28,161369.04,0,0,Small Appliances,274.0,0.0,26.0,92.0
SKU0130,2024-03-25,32,184421.76,0,0,Small Appliances,274.0,0.0,26.0,92.0
SKU0130,2024-04-01,29,167132.22,0,0,Small Appliances,229.0,0.0,26.0,92.0
SKU0130,2024-04-08,35,201711.30000000002,0,0,Small Appliances,199.0,0.0,26.0,92.0
SKU0130,2024-04-15,27,155605.86000000002,0,0,Small Appliances,165.0,0.0,26.0,92.0
SKU0130,2024-04-22,29,167132.22,0,0,Small Appliances,137.0,0.0,26.0,92.0
SKU0130,2024-04-29,33,190184.94,0,0,Small Appliances,97.0,0.0,26.0,92.0
SKU0130,2024-05-06,31,178658.58000000002,0,0,Small Appliances,65.0,182.0,26.0,92.0
SKU0130,2024-05-13,30,172895.40000000002,0,0,Small Appliances,215.0,0.0,26.0,92.0
SKU0130,2024-05-20,30,172895.40000000002,0,0,Small Appliances,186.0,0.0,26.0,92.0
SKU0130,2024-05-27,23,132553.14,0,0,Small Appliances,153.0,0.0,26.0,92.0
SKU0130,2024-06-03,25,144079.5,0,0,Small Appliances,126.0,0.0,26.0,92.0
SKU0130,2024-06-10,39,214390.30000000002,1,0,Small Appliances,90.0,153.0,26.0,92.0
SKU0130,2024-06-17,42,212661.35,1,0,Small Appliances,47.0,153.0,26.0,92.0
SKU0130,2024-06-24,27,155605.86000000002,0,0,Small Appliances,47.0,153.0,26.0,92.0
SKU0130,2024-07-01,27,155605.86000000002,0,0,Small Appliances,10.0,153.0,26.0,92.0
SKU0130,2024-07-08,26,149842.68,0,0,Small Appliances,138.0,0.0,26.0,92.0
SKU0130,2024-07-15,27,155605.86000000002,0,0,Small Appliances,113.0,0.0,26.0,92.0
SKU0130,2024-07-22,24,138316.32,0,0,Small Appliances,86.0,228.0,26.0,92.0
SKU0130,2024-07-29,29,167132.22,0,0,Small Appliances,276.0,0.0,26.0,92.0
SKU0130,2024-08-05,18,103737.24,0,0,Small Appliances,252.0,0.0,26.0,92.0
SKU0130,2024-08-12,19,109500.42000000001,0,1,Small Appliances,234.0,0.0,26.0,92.0
SKU0130,2024-08-19,23,132553.14,0,0,Small Appliances,213.0,0.0,26.0,92.0
SKU0130,2024-08-26,18,103737.24,0,0,Small Appliances,186.0,0.0,26.0,92.0
SKU0130,2024-09-02,23,132553.14,0,0,Small Appliances,163.0,0.0,26.0,92.0
SKU0130,2024-09-09,17,97974.06,0,0,Small Appliances,146.0,0.0,26.0,92.0
SKU0130,2024-09-16,18,103737.24,0,0,Small Appliances,128.0,0.0,26.0,92.0
SKU0130,2024-09-23,22,126789.96,0,0,Small Appliances,128.0,0.0,26.0,92.0
SKU0130,2024-09-30,12,69158.16,0,1,Small Appliances,104.0,0.0,26.0,92.0
SKU0130,2024-10-07,21,121026.78,0,0,Small Appliances,88.0,189.0,26.0,92.0
SKU0130,2024-10-14,36,178946.75,1,0,Small Appliances,254.0,0.0,26.0,92.0
SKU0130,2024-10-21,26,142926.86000000002,1,0,Small Appliances,214.0,0.0,26.0,92.0
SKU0130,2024-10-28,18,103737.24,0,1,Small Appliances,187.0,0.0,26.0,92.0
SKU0130,2024-11-04,26,149842.68,0,0,Small Appliances,160.0,0.0,26.0,92.0
SKU0130,2024-11-11,24,138316.32,0,0,Small Appliances,139.0,0.0,26.0,92.0
SKU0130,2024-11-18,23,132553.14,0,0,Small Appliances,115.0,0.0,26.0,92.0
SKU0130,2024-11-25,36,176353.32,1,0,Small Appliances,73.0,196.0,26.0,92.0
SKU0130,2024-12-02,23,132553.14,0,0,Small Appliances,246.0,0.0,26.0,92.0
SKU0130,2024-12-09,29,167132.22,0,0,Small Appliances,217.0,0.0,26.0,92.0
SKU0130,2024-12-16,23,132553.14,0,0,Small Appliances,194.0,0.0,26.0,92.0
SKU0130,2024-12-23,26,149842.68,0,1,Small Appliances,194.0,0.0,26.0,92.0
SKU0130,2024-12-30,40,200270.51,1,0,Small Appliances,153.0,0.0,26.0,92.0
SKU0130,2025-01-06,34,182116.49,1,0,Small Appliances,109.0,0.0,26.0,92.0
SKU0130,2025-01-13,27,155605.86000000002,0,0,Small Appliances,82.0,207.0,26.0,92.0
SKU0130,2025-01-20,25,144079.5,0,1,Small Appliances,55.0,207.0,26.0,92.0
SKU0130,2025-01-27,35,201711.30000000002,0,0,Small Appliances,219.0,0.0,26.0,92.0
SKU0130,2025-02-03,33,190184.94,0,0,Small Appliances,185.0,0.0,26.0,92.0
SKU0130,2025-02-10,37,213237.66,0,0,Small Appliances,148.0,0.0,26.0,92.0
SKU0130,2025-02-17,31,178658.58000000002,0,0,Small Appliances,117.0,0.0,26.0,92.0
SKU0130,2025-02-24,30,172895.40000000002,0,0,Small Appliances,88.0,141.0,26.0,92.0
SKU0130,2025-03-03,39,224764.02000000002,0,0,Small Appliances,50.0,141.0,26.0,92.0
SKU0130,2025-03-10,30,172895.40000000002,0,0,Small Appliances,17.0,141.0,26.0,92.0
SKU0130,2025-03-17,25,144079.5,0,0,Small Appliances,134.0,0.0,26.0,92.0
SKU0130,2025-03-24,43,247816.74000000002,0,0,Small Appliances,134.0,0.0,26.0,92.0
SKU0130,2025-03-31,40,230527.2,0,0,Small Appliances,76.0,179.0,26.0,92.0
SKU0130,2025-04-07,43,247816.74000000002,0,0,Small Appliances,35.0,179.0,26.0,92.0
SKU0130,2025-04-14,34,195948.12,0,0,Small Appliances,179.0,0.0,26.0,92.0
SKU0130,2025-04-21,37,213237.66,0,0,Small Appliances,138.0,0.0,26.0,92.0
SKU0130,2025-04-28,38,219000.84000000003,0,0,Small Appliances,89.0,194.0,26.0,92.0
SKU0130,2025-05-05,42,242053.56,0,0,Small Appliances,49.0,194.0,26.0,92.0
SKU0130,2025-05-12,36,207474.48,0,0,Small Appliances,204.0,0.0,26.0,92.0
SKU0130,2025-05-19,38,219000.84000000003,0,0,Small Appliances,170.0,0.0,26.0,92.0
SKU0130,2025-05-26,38,219000.84000000003,0,0,Small Appliances,114.0,0.0,26.0,92.0
SKU0130,2025-06-02,37,213237.66,0,0,Small Appliances,217.0,0.0,26.0,92.0
SKU0130,2025-06-09,41,231103.52000000002,1,0,Small Appliances,176.0,0.0,26.0,92.0
SKU0130,2025-06-16,56,277785.27,1,0,Small Appliances,120.0,0.0,26.0,92.0
SKU0130,2025-06-23,38,219000.84000000003,0,0,Small Appliances,120.0,0.0,26.0,92.0
SKU0130,2025-06-30,33,190184.94,0,0,Small Appliances,70.0,139.0,26.0,92.0
SKU0130,2025-07-07,35,201711.30000000002,0,0,Small Appliances,176.0,0.0,26.0,92.0
SKU0130,2025-07-14,32,184421.76,0,0,Small Appliances,142.0,0.0,26.0,92.0
SKU0130,2025-07-21,33,190184.94,0,0,Small Appliances,109.0,0.0,26.0,92.0
SKU0130,2025-07-28,31,178658.58000000002,0,0,Small Appliances,289.0,0.0,26.0,92.0
SKU0130,2025-08-04,31,178658.58000000002,0,0,Small Appliances,257.0,0.0,26.0,92.0
SKU0130,2025-08-11,31,178658.58000000002,0,1,Small Appliances,227.0,0.0,26.0,92.0
SKU0130,2025-08-18,27,155605.86000000002,0,0,Small Appliances,199.0,0.0,26.0,92.0
SKU0130,2025-08-25,28,161369.04,0,0,Small Appliances,199.0,0.0,26.0,92.0
SKU0130,2025-09-01,27,155605.86000000002,0,0,Small Appliances,161.0,0.0,26.0,92.0
SKU0130,2025-09-08,30,172895.40000000002,0,0,Small Appliances,134.0,0.0,26.0,92.0
SKU0130,2025-09-15,26,149842.68,0,0,Small Appliances,104.0,0.0,26.0,92.0
SKU0130,2025-09-22,35,201711.30000000002,0,0,Small Appliances,75.0,188.0,26.0,92.0
SKU0130,2025-09-29,27,155605.86000000002,0,1,Small Appliances,31.0,188.0,26.0,92.0
SKU0130,2025-10-06,18,103737.24,0,0,Small Appliances,5.0,188.0,26.0,92.0
SKU0130,2025-10-13,32,156758.5,1,0,Small Appliances,182.0,0.0,26.0,92.0
SKU0130,2025-10-20,32,172319.08000000002,1,0,Small Appliances,139.0,0.0,26.0,92.0
SKU0130,2025-10-27,24,138316.32,0,1,Small Appliances,104.0,0.0,26.0,92.0
SKU0130,2025-11-03,28,161369.04,0,0,Small Appliances,75.0,220.0,26.0,92.0
SKU0130,2025-11-10,26,149842.68,0,0,Small Appliances,269.0,0.0,26.0,92.0
SKU0130,2025-11-17,28,161369.04,0,0,Small Appliances,244.0,0.0,26.0,92.0
SKU0130,2025-11-24,53,263089.13,1,0,Small Appliances,244.0,0.0,26.0,92.0
SKU0130,2025-12-01,37,205457.37,1,0,Small Appliances,177.0,0.0,26.0,92.0
SKU0130,2025-12-08,34,195948.12,0,0,Small Appliances,144.0,0.0,26.0,92.0
SKU0130,2025-12-15,31,178658.58000000002,0,0,Small Appliances,110.0,0.0,26.0,92.0
SKU0130,2025-12-22,31,178658.58000000002,0,1,Small Appliances,80.0,188.0,26.0,92.0
SKU0131,2025-03-17,42,243196.8,0,0,Decor,0.0,973.0,16.0,557.0
SKU0131,2025-03-24,59,341633.6,0,0,Decor,0.0,973.0,16.0,557.0
SKU0131,2025-03-31,0,0.0,0,0,Decor,0.0,973.0,16.0,557.0
SKU0131,2025-04-07,218,1262307.2,0,0,Decor,974.0,0.0,16.0,557.0
SKU0131,2025-04-14,364,2107705.6,0,0,Decor,638.0,0.0,16.0,557.0
SKU0131,2025-04-21,357,2067172.8,0,0,Decor,277.0,952.0,16.0,557.0
SKU0131,2025-04-28,376,2177190.4,0,0,Decor,747.0,0.0,16.0,557.0
SKU0131,2025-05-05,377,2182980.8,0,0,Decor,362.0,1310.0,16.0,557.0
SKU0131,2025-05-12,322,1864508.8,0,0,Decor,1346.0,0.0,16.0,557.0
SKU0131,2025-05-19,363,2101915.2,0,0,Decor,1015.0,0.0,16.0,557.0
SKU0131,2025-05-26,328,1899251.2,0,0,Decor,531.0,980.0,16.0,557.0
SKU0131,2025-06-02,314,1818185.6,0,0,Decor,217.0,980.0,16.0,557.0
SKU0131,2025-06-09,326,1839899.6,1,0,Decor,871.0,0.0,16.0,557.0
SKU0131,2025-06-16,530,2640711.92,1,0,Decor,341.0,1169.0,16.0,557.0
SKU0131,2025-06-23,293,1696587.2,0,0,Decor,341.0,1169.0,16.0,557.0
SKU0131,2025-06-30,246,1424438.4,0,0,Decor,1112.0,0.0,16.0,557.0
SKU0131,2025-07-07,280,1621312.0,0,0,Decor,900.0,0.0,16.0,557.0
SKU0131,2025-07-14,270,1563408.0,0,0,Decor,631.0,0.0,16.0,557.0
SKU0131,2025-07-21,282,1632892.8,0,0,Decor,360.0,967.0,16.0,557.0
SKU0131,2025-07-28,204,1181241.5999999999,0,0,Decor,930.0,0.0,16.0,557.0
SKU0131,2025-08-04,199,1152289.6,0,0,Decor,738.0,0.0,16.0,557.0
SKU0131,2025-08-11,199,1152289.6,0,1,Decor,527.0,1061.0,16.0,557.0
SKU0131,2025-08-18,190,1100176.0,0,0,Decor,359.0,1061.0,16.0,557.0
SKU0131,2025-08-25,210,1215984.0,0,0,Decor,359.0,1061.0,16.0,557.0
SKU0131,2025-09-01,105,607992.0,0,0,Decor,1159.0,0.0,16.0,557.0
SKU0131,2025-09-08,131,758542.4,0,0,Decor,1040.0,0.0,16.0,557.0
SKU0131,2025-09-15,166,961206.4,0,0,Decor,911.0,0.0,16.0,557.0
SKU0131,2025-09-22,117,677476.8,0,0,Decor,743.0,0.0,16.0,557.0
SKU0131,2025-09-29,151,874350.4,0,1,Decor,580.0,0.0,16.0,557.0
SKU0131,2025-10-06,110,636944.0,0,0,Decor,433.0,1164.0,16.0,557.0
SKU0131,2025-10-13,220,1105387.3599999999,1,0,Decor,313.0,1164.0,16.0,557.0
SKU0131,2025-10-20,198,1047483.36,1,0,Decor,1181.0,0.0,16.0,557.0
SKU0131,2025-10-27,154,891721.6000000001,0,1,Decor,1014.0,0.0,16.0,557.0
SKU0131,2025-11-03,186,1077014.4,0,0,Decor,794.0,0.0,16.0,557.0
SKU0131,2025-11-10,168,972787.2,0,0,Decor,636.0,0.0,16.0,557.0
SKU0131,2025-11-17,200,1158080.0,0,0,Decor,455.0,1337.0,16.0,557.0
SKU0131,2025-11-24,306,1528665.6,1,0,Decor,455.0,1337.0,16.0,557.0
SKU0131,2025-12-01,202,1120152.8800000001,1,0,Decor,59.0,1337.0,16.0,557.0
SKU0131,2025-12-08,260,1505504.0,0,0,Decor,1226.0,0.0,16.0,557.0
SKU0131,2025-12-15,186,1077014.4000000001,0,0,Decor,966.0,0.0,16.0,557.0
SKU0131,2025-12-22,201,1163870.4,0,1,Decor,781.0,0.0,16.0,557.0
SKU0132,2025-02-24,32,107138.56,0,0,Furnishings,15.0,538.0,10.0,322.0
SKU0132,2025-03-03,265,887241.2,0,0,Furnishings,15.0,538.0,10.0,322.0
SKU0132,2025-03-10,143,478775.44,0,0,Furnishings,424.0,0.0,10.0,322.0
SKU0132,2025-03-17,277,927418.16,0,0,Furnishings,735.0,0.0,10.0,322.0
SKU0132,2025-03-24,283,947506.64,0,0,Furnishings,735.0,0.0,10.0,322.0
SKU0132,2025-03-31,288,964247.04,0,0,Furnishings,329.0,0.0,10.0,322.0
SKU0132,2025-04-07,198,662919.84,0,0,Furnishings,54.0,631.0,10.0,322.0
SKU0132,2025-04-14,274,917373.92,0,0,Furnishings,484.0,0.0,10.0,322.0
SKU0132,2025-04-21,281,940810.48,0,0,Furnishings,964.0,0.0,10.0,322.0
SKU0132,2025-04-28,278,930766.24,0,0,Furnishings,582.0,0.0,10.0,322.0
SKU0132,2025-05-05,298,997727.84,0,0,Furnishings,303.0,704.0,10.0,322.0
SKU0132,2025-05-12,283,947506.64,0,0,Furnishings,729.0,0.0,10.0,322.0
SKU0132,2025-05-19,278,930766.24,0,0,Furnishings,438.0,0.0,10.0,322.0
SKU0132,2025-05-26,270,903981.6,0,0,Furnishings,767.0,0.0,10.0,322.0
SKU0132,2025-06-02,241,806887.28,0,0,Furnishings,526.0,0.0,10.0,322.0
SKU0132,2025-06-09,291,942651.9199999999,1,0,Furnishings,235.0,504.0,10.0,322.0
SKU0132,2025-06-16,324,935118.74,1,0,Furnishings,415.0,0.0,10.0,322.0
SKU0132,2025-06-23,256,857108.48,0,0,Furnishings,415.0,0.0,10.0,322.0
SKU0132,2025-06-30,228,763362.24,0,0,Furnishings,831.0,0.0,10.0,322.0
SKU0132,2025-07-07,216,723185.28,0,0,Furnishings,603.0,0.0,10.0,322.0
SKU0132,2025-07-14,214,716489.12,0,0,Furnishings,387.0,0.0,10.0,322.0
SKU0132,2025-07-21,226,756666.0800000001,0,0,Furnishings,849.0,0.0,10.0,322.0
SKU0132,2025-07-28,194,649527.52,0,0,Furnishings,541.0,0.0,10.0,322.0
SKU0132,2025-08-04,174,582565.9199999999,0,0,Furnishings,374.0,0.0,10.0,322.0
SKU0132,2025-08-11,154,515604.32,0,1,Furnishings,213.0,589.0,10.0,322.0
SKU0132,2025-08-18,184,616046.72,0,0,Furnishings,632.0,0.0,10.0,322.0
SKU0132,2025-08-25,179,599306.32,0,0,Furnishings,632.0,0.0,10.0,322.0
SKU0132,2025-09-01,138,462035.04000000004,0,0,Furnishings,376.0,0.0,10.0,322.0
SKU0132,2025-09-08,134,448642.72000000003,0,0,Furnishings,936.0,0.0,10.0,322.0
SKU0132,2025-09-15,150,502212.0,0,0,Furnishings,798.0,0.0,10.0,322.0
SKU0132,2025-09-22,144,482123.52,0,0,Furnishings,649.0,0.0,10.0,322.0
SKU0132,2025-09-29,142,475427.36,0,1,Furnishings,444.0,0.0,10.0,322.0
SKU0132,2025-10-06,127,425206.16000000003,0,0,Furnishings,324.0,0.0,10.0,322.0
SKU0132,2025-10-13,212,623914.71,1,0,Furnishings,172.0,586.0,10.0,322.0
SKU0132,2025-10-20,174,540380.11,1,0,Furnishings,518.0,0.0,10.0,322.0
SKU0132,2025-10-27,160,535692.8,0,1,Furnishings,313.0,497.0,10.0,322.0
SKU0132,2025-11-03,147,492167.76,0,0,Furnishings,653.0,0.0,10.0,322.0
SKU0132,2025-11-10,146,488819.68,0,0,Furnishings,516.0,0.0,10.0,322.0
SKU0132,2025-11-17,148,495515.83999999997,0,0,Furnishings,368.0,0.0,10.0,322.0
SKU0132,2025-11-24,262,759679.35,1,0,Furnishings,368.0,0.0,10.0,322.0
SKU0132,2025-12-01,187,607509.12,1,0,Furnishings,845.0,0.0,10.0,322.0
SKU0132,2025-12-08,192,642831.36,0,0,Furnishings,667.0,0.0,10.0,322.0
SKU0132,2025-12-15,191,639483.28,0,0,Furnishings,481.0,0.0,10.0,322.0
SKU0132,2025-12-22,161,539040.88,0,1,Furnishings,285.0,710.0,10.0,322.0
SKU0133,2025-03-17,80,131516.8,0,0,Furnishings,198.0,0.0,12.0,171.0
SKU0133,2025-03-24,132,217002.72,0,0,Furnishings,198.0,0.0,12.0,171.0
SKU0133,2025-03-31,111,182479.56,0,0,Furnishings,359.0,0.0,12.0,171.0
SKU0133,2025-04-07,138,226866.48,0,0,Furnishings,252.0,0.0,12.0,171.0
SKU0133,2025-04-14,135,221934.6,0,0,Furnishings,108.0,339.0,12.0,171.0
SKU0133,2025-04-21,53,87129.88,0,0,Furnishings,1.0,339.0,12.0,171.0
SKU0133,2025-04-28,128,210426.88,0,0,Furnishings,219.0,0.0,12.0,171.0
SKU0133,2025-05-05,120,197275.2,0,0,Furnishings,370.0,0.0,12.0,171.0
SKU0133,2025-05-12,140,230154.40000000002,0,0,Furnishings,235.0,0.0,12.0,171.0
SKU0133,2025-05-19,114,187411.44,0,0,Furnishings,104.0,384.0,12.0,171.0
SKU0133,2025-05-26,95,156176.2,0,0,Furnishings,357.0,0.0,12.0,171.0
SKU0133,2025-06-02,110,180835.6,0,0,Furnishings,247.0,0.0,12.0,171.0
SKU0133,2025-06-09,102,161519.07,1,0,Furnishings,145.0,426.0,12.0,171.0
SKU0133,2025-06-16,144,201220.7,1,0,Furnishings,1.0,426.0,12.0,171.0
SKU0133,2025-06-23,94,154532.24,0,0,Furnishings,1.0,426.0,12.0,171.0
SKU0133,2025-06-30,95,156176.2,0,0,Furnishings,301.0,0.0,12.0,171.0
SKU0133,2025-07-07,92,151244.32,0,0,Furnishings,212.0,0.0,12.0,171.0
SKU0133,2025-07-14,109,179191.64,0,0,Furnishings,114.0,283.0,12.0,171.0
SKU0133,2025-07-21,86,141380.56,0,0,Furnishings,296.0,0.0,12.0,171.0
SKU0133,2025-07-28,112,184123.52000000002,0,0,Furnishings,140.0,377.0,12.0,171.0
SKU0133,2025-08-04,77,126584.92,0,0,Furnishings,64.0,377.0,12.0,171.0
SKU0133,2025-08-11,95,156176.2,0,1,Furnishings,352.0,0.0,12.0,171.0
SKU0133,2025-08-18,90,147956.4,0,0,Furnishings,258.0,0.0,12.0,171.0
SKU0133,2025-08-25,115,189055.4,0,0,Furnishings,258.0,0.0,12.0,171.0
SKU0133,2025-09-01,87,143024.52,0,0,Furnishings,104.0,257.0,12.0,171.0
SKU0133,2025-09-08,72,118365.12,0,0,Furnishings,278.0,0.0,12.0,171.0
SKU0133,2025-09-15,87,143024.52,0,0,Furnishings,201.0,0.0,12.0,171.0
SKU0133,2025-09-22,74,121653.04,0,0,Furnishings,111.0,340.0,12.0,171.0
SKU0133,2025-09-29,87,143024.52000000002,0,1,Furnishings,360.0,0.0,12.0,171.0
SKU0133,2025-10-06,62,101925.52,0,0,Furnishings,280.0,0.0,12.0,171.0
SKU0133,2025-10-13,109,157491.37,1,0,Furnishings,210.0,0.0,12.0,171.0
SKU0133,2025-10-20,95,146065.85,1,0,Furnishings,424.0,0.0,12.0,171.0
SKU0133,2025-10-27,73,120009.08,0,1,Furnishings,321.0,0.0,12.0,171.0
SKU0133,2025-11-03,56,92061.76000000001,0,0,Furnishings,264.0,0.0,12.0,171.0
SKU0133,2025-11-10,80,131516.8,0,0,Furnishings,190.0,0.0,12.0,171.0
SKU0133,2025-11-17,70,115077.2,0,0,Furnishings,112.0,302.0,12.0,171.0
SKU0133,2025-11-24,133,186096.28,1,0,Furnishings,112.0,302.0,12.0,171.0
SKU0133,2025-12-01,95,151984.1,1,0,Furnishings,259.0,0.0,12.0,171.0
SKU0133,2025-12-08,86,141380.56,0,0,Furnishings,166.0,346.0,12.0,171.0
SKU0133,2025-12-15,85,139736.6,0,0,Furnishings,77.0,346.0,12.0,171.0
SKU0133,2025-12-22,82,134804.72,0,1,Furnishings,350.0,0.0,12.0,171.0
SKU0134,2025-02-03,111,975652.26,0,0,Decor,115.0,1746.0,19.0,873.0
SKU0134,2025-02-10,87,764700.4199999999,0,0,Decor,0.0,1746.0,19.0,873.0
SKU0134,2025-02-17,0,0.0,0,0,Decor,0.0,1746.0,19.0,873.0
SKU0134,2025-02-24,173,1520611.1800000002,0,0,Decor,1611.0,0.0,19.0,873.0
SKU0134,2025-03-03,351,3085170.66,0,0,Decor,1267.0,0.0,19.0,873.0
SKU0134,2025-03-10,350,3076381.0,0,0,Decor,912.0,0.0,19.0,873.0
SKU0134,2025-03-17,277,2434735.82,0,0,Decor,2800.0,0.0,19.0,873.0
SKU0134,2025-03-24,332,2918167.12,0,0,Decor,2800.0,0.0,19.0,873.0
SKU0134,2025-03-31,354,3111539.64,0,0,Decor,2315.0,0.0,19.0,873.0
SKU0134,2025-04-07,318,2795111.88,0,0,Decor,1962.0,0.0,19.0,873.0
SKU0134,2025-04-14,334,2935746.44,0,0,Decor,1667.0,0.0,19.0,873.0
SKU0134,2025-04-21,346,3041222.3600000003,0,0,Decor,1313.0,0.0,19.0,873.0
SKU0134,2025-04-28,349,3067591.34,0,0,Decor,864.0,1871.0,19.0,873.0
SKU0134,2025-05-05,367,3225805.22,0,0,Decor,489.0,1871.0,19.0,873.0
SKU0134,2025-05-12,306,2689635.96,0,0,Decor,2043.0,0.0,19.0,873.0
SKU0134,2025-05-19,367,3225805.22,0,0,Decor,1693.0,0.0,19.0,873.0
SKU0134,2025-05-26,334,2935746.44,0,0,Decor,1223.0,0.0,19.0,873.0
SKU0134,2025-06-02,266,2338049.56,0,0,Decor,957.0,0.0,19.0,873.0
SKU0134,2025-06-09,346,2960796.9699999997,1,0,Decor,611.0,1817.0,19.0,873.0
SKU0134,2025-06-16,495,3761535.0,1,0,Decor,1933.0,0.0,19.0,873.0
SKU0134,2025-06-23,309,2716004.94,0,0,Decor,1933.0,0.0,19.0,873.0
SKU0134,2025-06-30,229,2012832.14,0,0,Decor,1564.0,0.0,19.0,873.0
SKU0134,2025-07-07,235,2065570.1,0,0,Decor,1325.0,0.0,19.0,873.0
SKU0134,2025-07-14,237,2083149.42,0,0,Decor,1077.0,0.0,19.0,873.0
SKU0134,2025-07-21,280,2461104.8,0,0,Decor,837.0,1477.0,19.0,873.0
SKU0134,2025-07-28,227,1995252.82,0,0,Decor,1951.0,0.0,19.0,873.0
SKU0134,2025-08-04,237,2083149.4200000002,0,0,Decor,1712.0,0.0,19.0,873.0
SKU0134,2025-08-11,196,1722773.3599999999,0,1,Decor,1517.0,0.0,19.0,873.0
SKU0134,2025-08-18,223,1960094.18,0,0,Decor,1322.0,0.0,19.0,873.0
SKU0134,2025-08-25,172,1511821.52,0,0,Decor,1322.0,0.0,19.0,873.0
SKU0134,2025-09-01,184,1617297.44,0,0,Decor,1027.0,0.0,19.0,873.0
SKU0134,2025-09-08,187,1643666.4200000002,0,0,Decor,860.0,1971.0,19.0,873.0
SKU0134,2025-09-15,175,1538190.5,0,0,Decor,669.0,1971.0,19.0,873.0
SKU0134,2025-09-22,204,1793090.6400000001,0,0,Decor,483.0,1971.0,19.0,873.0
SKU0134,2025-09-29,190,1670035.4,0,1,Decor,2191.0,0.0,19.0,873.0
SKU0134,2025-10-06,164,1441504.24,0,0,Decor,2021.0,0.0,19.0,873.0
SKU0134,2025-10-13,256,2002284.54,1,0,Decor,1830.0,0.0,19.0,873.0
SKU0134,2025-10-20,244,1991736.9600000002,1,0,Decor,1533.0,0.0,19.0,873.0
SKU0134,2025-10-27,170,1494242.2000000002,0,1,Decor,1291.0,0.0,19.0,873.0
SKU0134,2025-11-03,172,1511821.52,0,0,Decor,1105.0,0.0,19.0,873.0
SKU0134,2025-11-10,184,1617297.44,0,0,Decor,927.0,0.0,19.0,873.0
SKU0134,2025-11-17,211,1854618.26,0,0,Decor,2417.0,0.0,19.0,873.0
SKU0134,2025-11-24,356,2695349.23,1,0,Decor,2417.0,0.0,19.0,873.0
SKU0134,2025-12-01,254,2154785.15,1,0,Decor,1970.0,0.0,19.0,873.0
SKU0134,2025-12-08,243,2135887.38,0,0,Decor,1734.0,0.0,19.0,873.0
SKU0134,2025-12-15,205,1801880.3,0,0,Decor,1495.0,0.0,19.0,873.0
SKU0134,2025-12-22,226,1986463.16,0,1,Decor,1295.0,0.0,19.0,873.0
SKU0135,2024-10-14,91,865764.94,1,0,Furnishings,27.0,735.0,14.0,348.0
SKU0135,2024-10-21,0,0.0,1,0,Furnishings,1.0,735.0,14.0,348.0
SKU0135,2024-10-28,150,1643857.5,0,1,Furnishings,622.0,0.0,14.0,348.0
SKU0135,2024-11-04,162,1775366.1,0,0,Furnishings,445.0,0.0,14.0,348.0
SKU0135,2024-11-11,144,1578103.2,0,0,Furnishings,311.0,641.0,14.0,348.0
SKU0135,2024-11-18,201,2202769.05,0,0,Furnishings,139.0,641.0,14.0,348.0
SKU0135,2024-11-25,267,2487156.4,1,0,Furnishings,453.0,0.0,14.0,348.0
SKU0135,2024-12-02,192,2104137.6,0,0,Furnishings,261.0,864.0,14.0,348.0
SKU0135,2024-12-09,224,2454827.2,0,0,Furnishings,901.0,0.0,14.0,348.0
SKU0135,2024-12-16,159,1742488.95,0,0,Furnishings,742.0,0.0,14.0,348.0
SKU0135,2024-12-23,177,1939751.85,0,1,Furnishings,742.0,0.0,14.0,348.0
SKU0135,2024-12-30,328,3154014.58,1,0,Furnishings,431.0,0.0,14.0,348.0
SKU0135,2025-01-06,273,2786338.46,1,0,Furnishings,645.0,0.0,14.0,348.0
SKU0135,2025-01-13,230,2520581.5,0,0,Furnishings,436.0,0.0,14.0,348.0
SKU0135,2025-01-20,211,2312359.55,0,1,Furnishings,819.0,0.0,14.0,348.0
SKU0135,2025-01-27,206,2257564.3,0,0,Furnishings,541.0,0.0,14.0,348.0
SKU0135,2025-02-03,253,2772639.65,0,0,Furnishings,289.0,790.0,14.0,348.0
SKU0135,2025-02-10,245,2684967.25,0,0,Furnishings,39.0,790.0,14.0,348.0
SKU0135,2025-02-17,228,2498663.4,0,0,Furnishings,597.0,0.0,14.0,348.0
SKU0135,2025-02-24,223,2443868.15,0,0,Furnishings,381.0,0.0,14.0,348.0
SKU0135,2025-03-03,313,3430182.65,0,0,Furnishings,80.0,820.0,14.0,348.0
SKU0135,2025-03-10,44,482198.19999999995,0,0,Furnishings,0.0,820.0,14.0,348.0
SKU0135,2025-03-17,240,2630172.0,0,0,Furnishings,620.0,0.0,14.0,348.0
SKU0135,2025-03-24,283,3101411.15,0,0,Furnishings,620.0,0.0,14.0,348.0
SKU0135,2025-03-31,250,2739762.5,0,0,Furnishings,1003.0,0.0,14.0,348.0
SKU0135,2025-04-07,268,2937025.4,0,0,Furnishings,760.0,0.0,14.0,348.0
SKU0135,2025-04-14,285,3123329.25,0,0,Furnishings,460.0,0.0,14.0,348.0
SKU0135,2025-04-21,277,3035656.85,0,0,Furnishings,201.0,578.0,14.0,348.0
SKU0135,2025-04-28,224,2454827.2,0,0,Furnishings,405.0,0.0,14.0,348.0
SKU0135,2025-05-05,280,3068534.0,0,0,Furnishings,176.0,685.0,14.0,348.0
SKU0135,2025-05-12,301,3298674.0500000003,0,0,Furnishings,553.0,0.0,14.0,348.0
SKU0135,2025-05-19,253,2772639.65,0,0,Furnishings,280.0,606.0,14.0,348.0
SKU0135,2025-05-26,286,3134288.3,0,0,Furnishings,528.0,0.0,14.0,348.0
SKU0135,2025-06-02,264,2893189.2,0,0,Furnishings,264.0,730.0,14.0,348.0
SKU0135,2025-06-09,306,3284427.2800000003,1,0,Furnishings,688.0,0.0,14.0,348.0
SKU0135,2025-06-16,454,4260330.68,1,0,Furnishings,234.0,827.0,14.0,348.0
SKU0135,2025-06-23,274,3002779.6999999997,0,0,Furnishings,234.0,827.0,14.0,348.0
SKU0135,2025-06-30,263,2882230.15,0,0,Furnishings,709.0,0.0,14.0,348.0
SKU0135,2025-07-07,223,2443868.15,0,0,Furnishings,440.0,0.0,14.0,348.0
SKU0135,2025-07-14,203,2224687.15,0,0,Furnishings,231.0,571.0,14.0,348.0
SKU0135,2025-07-21,235,2575376.75,0,0,Furnishings,611.0,0.0,14.0,348.0
SKU0135,2025-07-28,201,2202769.05,0,0,Furnishings,266.0,808.0,14.0,348.0
SKU0135,2025-08-04,246,2695926.3,0,0,Furnishings,855.0,0.0,14.0,348.0
SKU0135,2025-08-11,187,2049342.35,0,1,Furnishings,641.0,0.0,14.0,348.0
SKU0135,2025-08-18,155,1698652.75,0,0,Furnishings,476.0,0.0,14.0,348.0
SKU0135,2025-08-25,182,1994547.0999999999,0,0,Furnishings,476.0,0.0,14.0,348.0
SKU0135,2025-09-01,152,1665775.6,0,0,Furnishings,1098.0,0.0,14.0,348.0
SKU0135,2025-09-08,176,1928792.8,0,0,Furnishings,964.0,0.0,14.0,348.0
SKU0135,2025-09-15,173,1895915.65,0,0,Furnishings,781.0,0.0,14.0,348.0
SKU0135,2025-09-22,169,1852079.4500000002,0,0,Furnishings,594.0,0.0,14.0,348.0
SKU0135,2025-09-29,169,1852079.45,0,1,Furnishings,364.0,0.0,14.0,348.0
SKU0135,2025-10-06,169,1852079.45,0,0,Furnishings,202.0,761.0,14.0,348.0
SKU0135,2025-10-13,228,2184686.61,1,0,Furnishings,783.0,0.0,14.0,348.0
SKU0135,2025-10-20,170,1762763.19,1,0,Furnishings,549.0,0.0,14.0,348.0
SKU0135,2025-10-27,152,1665775.6,0,1,Furnishings,357.0,0.0,14.0,348.0
SKU0135,2025-11-03,210,2301400.5,0,0,Furnishings,144.0,757.0,14.0,348.0
SKU0135,2025-11-10,173,1895915.65,0,0,Furnishings,717.0,0.0,14.0,348.0
SKU0135,2025-11-17,193,2115096.65,0,0,Furnishings,535.0,0.0,14.0,348.0
SKU0135,2025-11-24,287,2688254.9499999997,1,0,Furnishings,535.0,0.0,14.0,348.0
SKU0135,2025-12-01,223,2348524.41,1,0,Furnishings,170.0,613.0,14.0,348.0
SKU0135,2025-12-08,191,2093178.55,0,0,Furnishings,614.0,0.0,14.0,348.0
SKU0135,2025-12-15,197,2158932.85,0,0,Furnishings,414.0,0.0,14.0,348.0
SKU0135,2025-12-22,156,1709611.8,0,1,Furnishings,1011.0,0.0,14.0,348.0
SKU0136,2025-03-31,14,56997.78,0,0,Furnishings,318.0,0.0,8.0,21.0
SKU0136,2025-04-07,21,85496.67,0,0,Furnishings,318.0,0.0,8.0,21.0
SKU0136,2025-04-14,23,93639.20999999999,0,0,Furnishings,296.0,0.0,8.0,21.0
SKU0136,2025-04-21,21,85496.67,0,0,Furnishings,275.0,0.0,8.0,21.0
SKU0136,2025-04-28,24,97710.48,0,0,Furnishings,246.0,0.0,8.0,21.0
SKU0136,2025-05-05,22,89567.94,0,0,Furnishings,224.0,0.0,8.0,21.0
SKU0136,2025-05-12,24,97710.48,0,0,Furnishings,199.0,0.0,8.0,21.0
SKU0136,2025-05-19,25,101781.75,0,0,Furnishings,174.0,0.0,8.0,21.0
SKU0136,2025-05-26,21,85496.67,0,0,Furnishings,144.0,0.0,8.0,21.0
SKU0136,2025-06-02,17,69211.59,0,0,Furnishings,124.0,0.0,8.0,21.0
SKU0136,2025-06-09,23,90585.76,1,0,Furnishings,101.0,0.0,8.0,21.0
SKU0136,2025-06-16,34,119491.79000000001,1,0,Furnishings,67.0,0.0,8.0,21.0
SKU0136,2025-06-23,21,85496.67,0,0,Furnishings,67.0,0.0,8.0,21.0
SKU0136,2025-06-30,17,69211.59,0,0,Furnishings,41.0,0.0,8.0,21.0
SKU0136,2025-07-07,16,65140.32,0,0,Furnishings,24.0,0.0,8.0,21.0
SKU0136,2025-07-14,19,77354.13,0,0,Furnishings,40.0,0.0,8.0,21.0
SKU0136,2025-07-21,15,61069.05,0,0,Furnishings,23.0,0.0,8.0,21.0
SKU0136,2025-07-28,17,69211.59,0,0,Furnishings,44.0,0.0,8.0,21.0
SKU0136,2025-08-04,16,65140.32,0,0,Furnishings,28.0,0.0,8.0,21.0
SKU0136,2025-08-11,15,61069.05,0,1,Furnishings,13.0,49.0,8.0,21.0
SKU0136,2025-08-18,15,61069.05,0,0,Furnishings,46.0,0.0,8.0,21.0
SKU0136,2025-08-25,15,61069.05,0,0,Furnishings,46.0,0.0,8.0,21.0
SKU0136,2025-09-01,14,56997.78,0,0,Furnishings,25.0,0.0,8.0,21.0
SKU0136,2025-09-08,14,56997.78,0,0,Furnishings,10.0,43.0,8.0,21.0
SKU0136,2025-09-15,13,52926.51,0,0,Furnishings,41.0,0.0,8.0,21.0
SKU0136,2025-09-22,11,44783.97,0,0,Furnishings,29.0,0.0,8.0,21.0
SKU0136,2025-09-29,11,44783.97,0,1,Furnishings,13.0,46.0,8.0,21.0
SKU0136,2025-10-06,11,44783.97,0,0,Furnishings,48.0,0.0,8.0,21.0
SKU0136,2025-10-13,18,64733.2,1,0,Furnishings,34.0,0.0,8.0,21.0
SKU0136,2025-10-20,17,64326.07,1,0,Furnishings,14.0,36.0,8.0,21.0
SKU0136,2025-10-27,13,52926.51,0,1,Furnishings,32.0,0.0,8.0,21.0
SKU0136,2025-11-03,14,56997.78,0,0,Furnishings,18.0,34.0,8.0,21.0
SKU0136,2025-11-10,14,56997.78,0,0,Furnishings,38.0,0.0,8.0,21.0
SKU0136,2025-11-17,14,56997.78,0,0,Furnishings,24.0,0.0,8.0,21.0
SKU0136,2025-11-24,21,73893.56,1,0,Furnishings,24.0,0.0,8.0,21.0
SKU0136,2025-12-01,18,70840.1,1,0,Furnishings,48.0,0.0,8.0,21.0
SKU0136,2025-12-08,16,65140.32,0,0,Furnishings,32.0,0.0,8.0,21.0
SKU0136,2025-12-15,17,69211.59,0,0,Furnishings,47.0,0.0,8.0,21.0
SKU0136,2025-12-22,16,65140.32,0,1,Furnishings,31.0,0.0,8.0,21.0
SKU0137,2024-04-08,32,15563.84,0,0,Furnishings,266.0,0.0,23.0,112.0
SKU0137,2024-04-15,44,21400.28,0,0,Furnishings,266.0,0.0,23.0,112.0
SKU0137,2024-04-22,47,22859.39,0,0,Furnishings,223.0,0.0,23.0,112.0
SKU0137,2024-04-29,42,20427.54,0,0,Furnishings,162.0,0.0,23.0,112.0
SKU0137,2024-05-06,47,22859.39,0,0,Furnishings,117.0,0.0,23.0,112.0
SKU0137,2024-05-13,47,22859.39,0,0,Furnishings,75.0,268.0,23.0,112.0
SKU0137,2024-05-20,46,22373.02,0,0,Furnishings,24.0,268.0,23.0,112.0
SKU0137,2024-05-27,43,20913.91,0,0,Furnishings,231.0,0.0,23.0,112.0
SKU0137,2024-06-03,41,19941.17,0,0,Furnishings,190.0,0.0,23.0,112.0
SKU0137,2024-06-10,50,23078.26,1,0,Furnishings,144.0,0.0,23.0,112.0
SKU0137,2024-06-17,64,27115.13,1,0,Furnishings,77.0,210.0,23.0,112.0
SKU0137,2024-06-24,40,19454.8,0,0,Furnishings,77.0,210.0,23.0,112.0
SKU0137,2024-07-01,30,14591.1,0,0,Furnishings,27.0,210.0,23.0,112.0
SKU0137,2024-07-08,9,4377.33,0,0,Furnishings,1.0,210.0,23.0,112.0
SKU0137,2024-07-15,34,16536.579999999998,0,0,Furnishings,196.0,0.0,23.0,112.0
SKU0137,2024-07-22,36,17509.32,0,0,Furnishings,160.0,0.0,23.0,112.0
SKU0137,2024-07-29,32,15563.84,0,0,Furnishings,109.0,212.0,23.0,112.0
SKU0137,2024-08-05,25,12159.25,0,0,Furnishings,297.0,0.0,23.0,112.0
SKU0137,2024-08-12,25,12159.25,0,1,Furnishings,267.0,0.0,23.0,112.0
SKU0137,2024-08-19,22,10700.14,0,0,Furnishings,246.0,0.0,23.0,112.0
SKU0137,2024-08-26,28,13618.359999999999,0,0,Furnishings,212.0,0.0,23.0,112.0
SKU0137,2024-09-02,17,8268.29,0,0,Furnishings,195.0,0.0,23.0,112.0
SKU0137,2024-09-09,22,10700.14,0,0,Furnishings,173.0,0.0,23.0,112.0
SKU0137,2024-09-16,18,8754.66,0,0,Furnishings,155.0,0.0,23.0,112.0
SKU0137,2024-09-23,21,10213.77,0,0,Furnishings,155.0,0.0,23.0,112.0
SKU0137,2024-09-30,16,7781.92,0,1,Furnishings,128.0,0.0,23.0,112.0
SKU0137,2024-10-07,23,11186.509999999998,0,0,Furnishings,111.0,261.0,23.0,112.0
SKU0137,2024-10-14,36,15101.79,1,0,Furnishings,345.0,0.0,23.0,112.0
SKU0137,2024-10-21,25,11794.47,1,0,Furnishings,312.0,0.0,23.0,112.0
SKU0137,2024-10-28,16,7781.919999999999,0,1,Furnishings,282.0,0.0,23.0,112.0
SKU0137,2024-11-04,20,9727.4,0,0,Furnishings,262.0,0.0,23.0,112.0
SKU0137,2024-11-11,21,10213.77,0,0,Furnishings,243.0,0.0,23.0,112.0
SKU0137,2024-11-18,15,7295.549999999999,0,0,Furnishings,226.0,0.0,23.0,112.0
SKU0137,2024-11-25,44,18190.24,1,0,Furnishings,179.0,0.0,23.0,112.0
SKU0137,2024-12-02,33,16050.21,0,0,Furnishings,146.0,0.0,23.0,112.0
SKU0137,2024-12-09,32,15563.84,0,0,Furnishings,114.0,0.0,23.0,112.0
SKU0137,2024-12-16,27,13131.99,0,0,Furnishings,275.0,0.0,23.0,112.0
SKU0137,2024-12-23,34,16536.579999999998,0,1,Furnishings,275.0,0.0,23.0,112.0
SKU0137,2024-12-30,56,23588.940000000002,1,0,Furnishings,220.0,0.0,23.0,112.0
SKU0137,2025-01-06,50,22494.61,1,0,Furnishings,153.0,0.0,23.0,112.0
SKU0137,2025-01-13,38,18482.06,0,0,Furnishings,116.0,0.0,23.0,112.0
SKU0137,2025-01-20,41,19941.17,0,1,Furnishings,78.0,253.0,23.0,112.0
SKU0137,2025-01-27,37,17995.69,0,0,Furnishings,24.0,253.0,23.0,112.0
SKU0137,2025-02-03,48,23345.76,0,0,Furnishings,227.0,0.0,23.0,112.0
SKU0137,2025-02-10,48,23345.76,0,0,Furnishings,181.0,0.0,23.0,112.0
SKU0137,2025-02-17,47,22859.39,0,0,Furnishings,134.0,0.0,23.0,112.0
SKU0137,2025-02-24,58,28209.46,0,0,Furnishings,251.0,0.0,23.0,112.0
SKU0137,2025-03-03,55,26750.35,0,0,Furnishings,196.0,0.0,23.0,112.0
SKU0137,2025-03-10,56,27236.719999999998,0,0,Furnishings,140.0,0.0,23.0,112.0
SKU0137,2025-03-17,54,26263.98,0,0,Furnishings,342.0,0.0,23.0,112.0
SKU0137,2025-03-24,54,26263.98,0,0,Furnishings,342.0,0.0,23.0,112.0
SKU0137,2025-03-31,67,32586.79,0,0,Furnishings,262.0,0.0,23.0,112.0
SKU0137,2025-04-07,62,30154.94,0,0,Furnishings,197.0,0.0,23.0,112.0
SKU0137,2025-04-14,63,30641.31,0,0,Furnishings,135.0,0.0,23.0,112.0
SKU0137,2025-04-21,59,28695.829999999998,0,0,Furnishings,71.0,217.0,23.0,112.0
SKU0137,2025-04-28,32,15563.84,0,0,Furnishings,0.0,217.0,23.0,112.0
SKU0137,2025-05-05,38,18482.06,0,0,Furnishings,199.0,0.0,23.0,112.0
SKU0137,2025-05-12,61,29668.57,0,0,Furnishings,137.0,0.0,23.0,112.0
SKU0137,2025-05-19,58,28209.46,0,0,Furnishings,81.0,206.0,23.0,112.0
SKU0137,2025-05-26,63,30641.309999999998,0,0,Furnishings,204.0,0.0,23.0,112.0
SKU0137,2025-06-02,55,26750.35,0,0,Furnishings,149.0,0.0,23.0,112.0
SKU0137,2025-06-09,60,28379.690000000002,1,0,Furnishings,89.0,232.0,23.0,112.0
SKU0137,2025-06-16,83,34678.19,1,0,Furnishings,238.0,0.0,23.0,112.0
SKU0137,2025-06-23,56,27236.72,0,0,Furnishings,238.0,0.0,23.0,112.0
SKU0137,2025-06-30,50,24318.5,0,0,Furnishings,164.0,0.0,23.0,112.0
SKU0137,2025-07-07,43,20913.91,0,0,Furnishings,121.0,0.0,23.0,112.0
SKU0137,2025-07-14,43,20913.91,0,0,Furnishings,245.0,0.0,23.0,112.0
SKU0137,2025-07-21,47,22859.39,0,0,Furnishings,202.0,0.0,23.0,112.0
SKU0137,2025-07-28,46,22373.019999999997,0,0,Furnishings,132.0,0.0,23.0,112.0
SKU0137,2025-08-04,38,18482.06,0,0,Furnishings,92.0,223.0,23.0,112.0
SKU0137,2025-08-11,28,13618.359999999999,0,1,Furnishings,61.0,223.0,23.0,112.0
SKU0137,2025-08-18,32,15563.84,0,0,Furnishings,35.0,223.0,23.0,112.0
SKU0137,2025-08-25,34,16536.579999999998,0,0,Furnishings,35.0,223.0,23.0,112.0
SKU0137,2025-09-01,26,12645.619999999999,0,0,Furnishings,212.0,0.0,23.0,112.0
SKU0137,2025-09-08,26,12645.619999999999,0,0,Furnishings,185.0,0.0,23.0,112.0
SKU0137,2025-09-15,28,13618.359999999999,0,0,Furnishings,160.0,0.0,23.0,112.0
SKU0137,2025-09-22,25,12159.25,0,0,Furnishings,131.0,0.0,23.0,112.0
SKU0137,2025-09-29,25,12159.25,0,1,Furnishings,98.0,198.0,23.0,112.0
SKU0137,2025-10-06,22,10700.14,0,0,Furnishings,73.0,198.0,23.0,112.0
SKU0137,2025-10-13,32,13666.99,1,0,Furnishings,249.0,0.0,23.0,112.0
SKU0137,2025-10-20,31,14202.0,1,0,Furnishings,212.0,0.0,23.0,112.0
SKU0137,2025-10-27,20,9727.4,0,1,Furnishings,179.0,0.0,23.0,112.0
SKU0137,2025-11-03,28,13618.359999999999,0,0,Furnishings,152.0,0.0,23.0,112.0
SKU0137,2025-11-10,25,12159.25,0,0,Furnishings,128.0,0.0,23.0,112.0
SKU0137,2025-11-17,29,14104.73,0,0,Furnishings,99.0,272.0,23.0,112.0
SKU0137,2025-11-24,45,18822.53,1,0,Furnishings,99.0,272.0,23.0,112.0
SKU0137,2025-12-01,36,16852.72,1,0,Furnishings,313.0,0.0,23.0,112.0
SKU0137,2025-12-08,37,17995.69,0,0,Furnishings,282.0,0.0,23.0,112.0
SKU0137,2025-12-15,37,17995.69,0,0,Furnishings,244.0,0.0,23.0,112.0
SKU0137,2025-12-22,27,13131.99,0,1,Furnishings,206.0,0.0,23.0,112.0
SKU0138,2024-07-29,101,1092474.58,0,0,Furnishings,316.0,0.0,17.0,254.0
SKU0138,2024-08-05,104,1124924.32,0,0,Furnishings,226.0,527.0,17.0,254.0
SKU0138,2024-08-12,103,1114107.74,0,1,Furnishings,646.0,0.0,17.0,254.0
SKU0138,2024-08-19,115,1243906.7,0,0,Furnishings,532.0,0.0,17.0,254.0
SKU0138,2024-08-26,106,1146557.48,0,0,Furnishings,389.0,0.0,17.0,254.0
SKU0138,2024-09-02,120,1297989.6,0,0,Furnishings,269.0,0.0,17.0,254.0
SKU0138,2024-09-09,113,1222273.54,0,0,Furnishings,156.0,448.0,17.0,254.0
SKU0138,2024-09-16,110,1189823.8,0,0,Furnishings,494.0,0.0,17.0,254.0
SKU0138,2024-09-23,88,951859.04,0,0,Furnishings,494.0,0.0,17.0,254.0
SKU0138,2024-09-30,111,1200640.38,0,1,Furnishings,369.0,0.0,17.0,254.0
SKU0138,2024-10-07,101,1092474.58,0,0,Furnishings,256.0,0.0,17.0,254.0
SKU0138,2024-10-14,176,1658722.54,1,0,Furnishings,135.0,491.0,17.0,254.0
SKU0138,2024-10-21,103,1086525.46,1,0,Furnishings,492.0,0.0,17.0,254.0
SKU0138,2024-10-28,84,908592.72,0,1,Furnishings,336.0,0.0,17.0,254.0
SKU0138,2024-11-04,125,1352072.5,0,0,Furnishings,835.0,0.0,17.0,254.0
SKU0138,2024-11-11,109,1179007.22,0,0,Furnishings,707.0,0.0,17.0,254.0
SKU0138,2024-11-18,90,973492.2,0,0,Furnishings,618.0,0.0,17.0,254.0
SKU0138,2024-11-25,230,2114641.38,1,0,Furnishings,373.0,0.0,17.0,254.0
SKU0138,2024-12-02,126,1362889.08,0,0,Furnishings,247.0,583.0,17.0,254.0
SKU0138,2024-12-09,109,1179007.22,0,0,Furnishings,721.0,0.0,17.0,254.0
SKU0138,2024-12-16,121,1308806.18,0,0,Furnishings,600.0,0.0,17.0,254.0
SKU0138,2024-12-23,103,1114107.74,0,1,Furnishings,600.0,0.0,17.0,254.0
SKU0138,2024-12-30,179,1704152.17,1,0,Furnishings,419.0,0.0,17.0,254.0
SKU0138,2025-01-06,156,1581924.8199999998,1,0,Furnishings,217.0,516.0,17.0,254.0
SKU0138,2025-01-13,115,1243906.7,0,0,Furnishings,621.0,0.0,17.0,254.0
SKU0138,2025-01-20,126,1362889.08,0,1,Furnishings,495.0,0.0,17.0,254.0
SKU0138,2025-01-27,154,1665753.3199999998,0,0,Furnishings,304.0,0.0,17.0,254.0
SKU0138,2025-02-03,145,1568404.1,0,0,Furnishings,154.0,530.0,17.0,254.0
SKU0138,2025-02-10,136,1471054.88,0,0,Furnishings,19.0,530.0,17.0,254.0
SKU0138,2025-02-17,113,1222273.54,0,0,Furnishings,440.0,0.0,17.0,254.0
SKU0138,2025-02-24,150,1622487.0,0,0,Furnishings,283.0,0.0,17.0,254.0
SKU0138,2025-03-03,169,1828002.02,0,0,Furnishings,619.0,0.0,17.0,254.0
SKU0138,2025-03-10,168,1817185.44,0,0,Furnishings,440.0,0.0,17.0,254.0
SKU0138,2025-03-17,154,1665753.32,0,0,Furnishings,287.0,0.0,17.0,254.0
SKU0138,2025-03-24,147,1590037.26,0,0,Furnishings,287.0,0.0,17.0,254.0
SKU0138,2025-03-31,125,1352072.5,0,0,Furnishings,71.0,468.0,17.0,254.0
SKU0138,2025-04-07,67,724710.86,0,0,Furnishings,0.0,468.0,17.0,254.0
SKU0138,2025-04-14,179,1936167.82,0,0,Furnishings,344.0,0.0,17.0,254.0
SKU0138,2025-04-21,160,1730652.8,0,0,Furnishings,175.0,527.0,17.0,254.0
SKU0138,2025-04-28,154,1665753.32,0,0,Furnishings,485.0,0.0,17.0,254.0
SKU0138,2025-05-05,164,1773919.1199999999,0,0,Furnishings,328.0,0.0,17.0,254.0
SKU0138,2025-05-12,179,1936167.82,0,0,Furnishings,689.0,0.0,17.0,254.0
SKU0138,2025-05-19,153,1654936.74,0,0,Furnishings,538.0,0.0,17.0,254.0
SKU0138,2025-05-26,174,1882084.92,0,0,Furnishings,305.0,0.0,17.0,254.0
SKU0138,2025-06-02,168,1817185.44,0,0,Furnishings,137.0,435.0,17.0,254.0
SKU0138,2025-06-09,137,1472136.54,1,0,Furnishings,0.0,435.0,17.0,254.0
SKU0138,2025-06-16,184,1724162.85,1,0,Furnishings,251.0,465.0,17.0,254.0
SKU0138,2025-06-23,149,1611670.42,0,0,Furnishings,251.0,465.0,17.0,254.0
SKU0138,2025-06-30,135,1460238.3,0,0,Furnishings,55.0,465.0,17.0,254.0
SKU0138,2025-07-07,174,1882084.92,0,0,Furnishings,374.0,0.0,17.0,254.0
SKU0138,2025-07-14,177,1914534.6600000001,0,0,Furnishings,193.0,553.0,17.0,254.0
SKU0138,2025-07-21,136,1471054.88,0,0,Furnishings,595.0,0.0,17.0,254.0
SKU0138,2025-07-28,159,1719836.22,0,0,Furnishings,374.0,0.0,17.0,254.0
SKU0138,2025-08-04,138,1492688.04,0,0,Furnishings,241.0,561.0,17.0,254.0
SKU0138,2025-08-11,167,1806368.86,0,1,Furnishings,81.0,561.0,17.0,254.0
SKU0138,2025-08-18,33,356947.14,0,0,Furnishings,1.0,561.0,17.0,254.0
SKU0138,2025-08-25,159,1719836.22,0,0,Furnishings,1.0,561.0,17.0,254.0
SKU0138,2025-09-01,138,1492688.04,0,0,Furnishings,389.0,0.0,17.0,254.0
SKU0138,2025-09-08,126,1362889.08,0,0,Furnishings,253.0,611.0,17.0,254.0
SKU0138,2025-09-15,141,1525137.78,0,0,Furnishings,733.0,0.0,17.0,254.0
SKU0138,2025-09-22,142,1535954.3599999999,0,0,Furnishings,591.0,0.0,17.0,254.0
SKU0138,2025-09-29,114,1233090.12,0,1,Furnishings,406.0,0.0,17.0,254.0
SKU0138,2025-10-06,127,1373705.66,0,0,Furnishings,290.0,0.0,17.0,254.0
SKU0138,2025-10-13,201,1898309.79,1,0,Furnishings,723.0,0.0,17.0,254.0
SKU0138,2025-10-20,156,1562454.98,1,0,Furnishings,514.0,0.0,17.0,254.0
SKU0138,2025-10-27,133,1438605.14,0,1,Furnishings,338.0,0.0,17.0,254.0
SKU0138,2025-11-03,146,1579220.68,0,0,Furnishings,188.0,395.0,17.0,254.0
SKU0138,2025-11-10,120,1297989.6,0,0,Furnishings,73.0,395.0,17.0,254.0
SKU0138,2025-11-17,142,1535954.36,0,0,Furnishings,318.0,0.0,17.0,254.0
SKU0138,2025-11-24,273,2540814.64,1,0,Furnishings,318.0,0.0,17.0,254.0
SKU0138,2025-12-01,90,924817.59,1,0,Furnishings,1.0,383.0,17.0,254.0
SKU0138,2025-12-08,158,1709019.6400000001,0,0,Furnishings,299.0,0.0,17.0,254.0
SKU0138,2025-12-15,161,1741469.38,0,0,Furnishings,142.0,511.0,17.0,254.0
SKU0138,2025-12-22,148,1600853.84,0,1,Furnishings,488.0,0.0,17.0,254.0
SKU0139,2025-03-24,73,170389.3,0,0,Furnishings,1.0,675.0,29.0,876.0
SKU0139,2025-03-31,0,0.0,0,0,Furnishings,1.0,675.0,29.0,876.0
SKU0139,2025-04-07,0,0.0,0,0,Furnishings,1.0,675.0,29.0,876.0
SKU0139,2025-04-14,0,0.0,0,0,Furnishings,1.0,675.0,29.0,876.0
SKU0139,2025-04-21,147,343112.7,0,0,Furnishings,675.0,0.0,29.0,876.0
SKU0139,2025-04-28,255,595195.5,0,0,Furnishings,360.0,596.0,29.0,876.0
SKU0139,2025-05-05,222,518170.19999999995,0,0,Furnishings,129.0,596.0,29.0,876.0
SKU0139,2025-05-12,51,119039.1,0,0,Furnishings,0.0,596.0,29.0,876.0
SKU0139,2025-05-19,102,238078.2,0,0,Furnishings,552.0,697.0,29.0,876.0
SKU0139,2025-05-26,221,515836.1,0,0,Furnishings,273.0,697.0,29.0,876.0
SKU0139,2025-06-02,223,520504.3,0,0,Furnishings,50.0,697.0,29.0,876.0
SKU0139,2025-06-09,50,116705.0,1,0,Furnishings,0.0,697.0,29.0,876.0
SKU0139,2025-06-16,108,224423.71,1,0,Furnishings,590.0,0.0,29.0,876.0
SKU0139,2025-06-23,211,492495.10000000003,0,0,Furnishings,590.0,0.0,29.0,876.0
SKU0139,2025-06-30,193,450481.3,0,0,Furnishings,310.0,539.0,29.0,876.0
SKU0139,2025-07-07,177,413135.7,0,0,Furnishings,131.0,539.0,29.0,876.0
SKU0139,2025-07-14,42,98032.2,0,0,Furnishings,1.0,539.0,29.0,876.0
SKU0139,2025-07-21,184,429474.4,0,0,Furnishings,445.0,496.0,29.0,876.0
SKU0139,2025-07-28,135,315103.5,0,0,Furnishings,214.0,496.0,29.0,876.0
SKU0139,2025-08-04,131,305767.1,0,0,Furnishings,78.0,496.0,29.0,876.0
SKU0139,2025-08-11,62,144714.2,0,1,Furnishings,1.0,496.0,29.0,876.0
SKU0139,2025-08-18,130,303433.0,0,0,Furnishings,375.0,451.0,29.0,876.0
SKU0139,2025-08-25,115,268421.5,0,0,Furnishings,375.0,451.0,29.0,876.0
SKU0139,2025-09-01,108,252082.8,0,0,Furnishings,227.0,451.0,29.0,876.0
SKU0139,2025-09-08,100,233410.0,0,0,Furnishings,125.0,451.0,29.0,876.0
SKU0139,2025-09-15,103,240412.3,0,0,Furnishings,473.0,539.0,29.0,876.0
SKU0139,2025-09-22,109,254416.9,0,0,Furnishings,368.0,539.0,29.0,876.0
SKU0139,2025-09-29,73,170389.3,0,1,Furnishings,233.0,539.0,29.0,876.0
SKU0139,2025-10-06,103,240412.3,0,0,Furnishings,147.0,539.0,29.0,876.0
SKU0139,2025-10-13,162,333309.46,1,0,Furnishings,566.0,565.0,29.0,876.0
SKU0139,2025-10-20,123,267487.86,1,0,Furnishings,403.0,565.0,29.0,876.0
SKU0139,2025-10-27,110,256751.0,0,1,Furnishings,259.0,565.0,29.0,876.0
SKU0139,2025-11-03,98,228741.8,0,0,Furnishings,157.0,565.0,29.0,876.0
SKU0139,2025-11-10,97,226407.7,0,0,Furnishings,624.0,441.0,29.0,876.0
SKU0139,2025-11-17,119,277757.9,0,0,Furnishings,509.0,441.0,29.0,876.0
SKU0139,2025-11-24,186,371472.0,1,0,Furnishings,509.0,441.0,29.0,876.0
SKU0139,2025-12-01,163,368204.27,1,0,Furnishings,274.0,441.0,29.0,876.0
SKU0139,2025-12-08,134,312769.4,0,0,Furnishings,123.0,441.0,29.0,876.0
SKU0139,2025-12-15,142,331442.19999999995,0,0,Furnishings,432.0,501.0,29.0,876.0
SKU0139,2025-12-22,129,301098.9,0,1,Furnishings,302.0,501.0,29.0,876.0
SKU0140,2025-01-06,249,1482290.4100000001,1,0,Decor,70.0,669.0,8.0,279.0
SKU0140,2025-01-13,144,933726.24,0,0,Decor,642.0,0.0,8.0,279.0
SKU0140,2025-01-20,242,1569178.82,0,1,Decor,418.0,0.0,8.0,279.0
SKU0140,2025-01-27,276,1789641.96,0,0,Decor,719.0,0.0,8.0,279.0
SKU0140,2025-02-03,290,1880420.9,0,0,Decor,434.0,0.0,8.0,279.0
SKU0140,2025-02-10,294,1906357.74,0,0,Decor,633.0,0.0,8.0,279.0
SKU0140,2025-02-17,288,1867452.48,0,0,Decor,330.0,0.0,8.0,279.0
SKU0140,2025-02-24,273,1770189.33,0,0,Decor,67.0,567.0,8.0,279.0
SKU0140,2025-03-03,324,2100884.04,0,0,Decor,314.0,0.0,8.0,279.0
SKU0140,2025-03-10,338,2191662.98,0,0,Decor,530.0,0.0,8.0,279.0
SKU0140,2025-03-17,357,2314862.9699999997,0,0,Decor,189.0,459.0,8.0,279.0
SKU0140,2025-03-24,275,1783157.75,0,0,Decor,189.0,459.0,8.0,279.0
SKU0140,2025-03-31,342,2217599.82,0,0,Decor,226.0,658.0,8.0,279.0
SKU0140,2025-04-07,320,2074947.2000000002,0,0,Decor,536.0,0.0,8.0,279.0
SKU0140,2025-04-14,319,2068462.99,0,0,Decor,204.0,487.0,8.0,279.0
SKU0140,2025-04-21,364,2360252.44,0,0,Decor,375.0,0.0,8.0,279.0
SKU0140,2025-04-28,378,2451031.38,0,0,Decor,467.0,0.0,8.0,279.0
SKU0140,2025-05-05,348,2256505.08,0,0,Decor,632.0,0.0,8.0,279.0
SKU0140,2025-05-12,332,2152757.7199999997,0,0,Decor,271.0,445.0,8.0,279.0
SKU0140,2025-05-19,255,1653473.55,0,0,Decor,446.0,0.0,8.0,279.0
SKU0140,2025-05-26,319,2068462.99,0,0,Decor,585.0,0.0,8.0,279.0
SKU0140,2025-06-02,305,1977684.05,0,0,Decor,280.0,0.0,8.0,279.0
SKU0140,2025-06-09,279,1783806.17,1,0,Decor,518.0,0.0,8.0,279.0
SKU0140,2025-06-16,517,2850458.71,1,0,Decor,1.0,553.0,8.0,279.0
SKU0140,2025-06-23,227,1471915.67,0,0,Decor,1.0,553.0,8.0,279.0
SKU0140,2025-06-30,265,1718315.6500000001,0,0,Decor,256.0,539.0,8.0,279.0
SKU0140,2025-07-07,190,1231999.9000000001,0,0,Decor,0.0,539.0,8.0,279.0
SKU0140,2025-07-14,280,1815578.8,0,0,Decor,324.0,0.0,8.0,279.0
SKU0140,2025-07-21,295,1912841.95,0,0,Decor,638.0,0.0,8.0,279.0
SKU0140,2025-07-28,250,1621052.5,0,0,Decor,240.0,447.0,8.0,279.0
SKU0140,2025-08-04,208,1348715.68,0,0,Decor,475.0,0.0,8.0,279.0
SKU0140,2025-08-11,256,1659957.76,0,1,Decor,203.0,638.0,8.0,279.0
SKU0140,2025-08-18,253,1640505.13,0,0,Decor,603.0,0.0,8.0,279.0
SKU0140,2025-08-25,202,1309810.42,0,0,Decor,603.0,0.0,8.0,279.0
SKU0140,2025-09-01,223,1445978.83,0,0,Decor,325.0,0.0,8.0,279.0
SKU0140,2025-09-08,199,1290357.79,0,0,Decor,107.0,442.0,8.0,279.0
SKU0140,2025-09-15,242,1569178.82,0,0,Decor,334.0,0.0,8.0,279.0
SKU0140,2025-09-22,196,1270905.1600000001,0,0,Decor,627.0,0.0,8.0,279.0
SKU0140,2025-09-29,206,1335747.26,0,1,Decor,358.0,0.0,8.0,279.0
SKU0140,2025-10-06,126,817010.46,0,0,Decor,675.0,0.0,8.0,279.0
SKU0140,2025-10-13,284,1611974.61,1,0,Decor,490.0,0.0,8.0,279.0
SKU0140,2025-10-20,254,1537081.98,1,0,Decor,178.0,486.0,8.0,279.0
SKU0140,2025-10-27,154,998568.34,0,1,Decor,422.0,0.0,8.0,279.0
SKU0140,2025-11-03,216,1400589.3599999999,0,0,Decor,207.0,492.0,8.0,279.0
SKU0140,2025-11-10,193,1251452.53,0,0,Decor,501.0,0.0,8.0,279.0
SKU0140,2025-11-17,210,1361684.1,0,0,Decor,293.0,0.0,8.0,279.0
SKU0140,2025-11-24,272,1540972.5,1,0,Decor,293.0,0.0,8.0,279.0
SKU0140,2025-12-01,263,1637263.13,1,0,Decor,577.0,0.0,8.0,279.0
SKU0140,2025-12-08,232,1504336.72,0,0,Decor,358.0,0.0,8.0,279.0
SKU0140,2025-12-15,212,1374652.52,0,0,Decor,120.0,560.0,8.0,279.0
SKU0140,2025-12-22,260,1685894.6,0,1,Decor,449.0,0.0,8.0,279.0
SKU0141,2024-06-10,257,541476.98,1,0,Furnishings,38.0,1821.0,18.0,533.0
SKU0141,2024-06-17,0,0.0,1,0,Furnishings,1.0,1821.0,18.0,533.0
SKU0141,2024-06-24,58,126942.86,0,0,Furnishings,1.0,1821.0,18.0,533.0
SKU0141,2024-07-01,225,492450.75,0,0,Furnishings,1735.0,0.0,18.0,533.0
SKU0141,2024-07-08,193,422413.31,0,0,Furnishings,1510.0,0.0,18.0,533.0
SKU0141,2024-07-15,214,468375.38,0,0,Furnishings,1310.0,0.0,18.0,533.0
SKU0141,2024-07-22,197,431167.99,0,0,Furnishings,1096.0,0.0,18.0,533.0
SKU0141,2024-07-29,167,365507.89,0,0,Furnishings,805.0,0.0,18.0,533.0
SKU0141,2024-08-05,125,273583.75,0,0,Furnishings,682.0,0.0,18.0,533.0
SKU0141,2024-08-12,161,352375.87,0,1,Furnishings,553.0,0.0,18.0,533.0
SKU0141,2024-08-19,193,422413.31,0,0,Furnishings,1977.0,0.0,18.0,533.0
SKU0141,2024-08-26,174,380828.58,0,0,Furnishings,1729.0,0.0,18.0,533.0
SKU0141,2024-09-02,120,262640.4,0,0,Furnishings,1609.0,0.0,18.0,533.0
SKU0141,2024-09-09,158,345809.86,0,0,Furnishings,1451.0,0.0,18.0,533.0
SKU0141,2024-09-16,172,376451.24,0,0,Furnishings,1279.0,0.0,18.0,533.0
SKU0141,2024-09-23,166,363319.22,0,0,Furnishings,1279.0,0.0,18.0,533.0
SKU0141,2024-09-30,146,319545.82,0,1,Furnishings,1051.0,0.0,18.0,533.0
SKU0141,2024-10-07,101,221055.66999999998,0,0,Furnishings,934.0,0.0,18.0,533.0
SKU0141,2024-10-14,186,354564.54,1,0,Furnishings,815.0,0.0,18.0,533.0
SKU0141,2024-10-21,180,379515.38,1,0,Furnishings,611.0,0.0,18.0,533.0
SKU0141,2024-10-28,109,238565.03,0,1,Furnishings,2587.0,0.0,18.0,533.0
SKU0141,2024-11-04,126,275772.42,0,0,Furnishings,2459.0,0.0,18.0,533.0
SKU0141,2024-11-11,129,282338.43,0,0,Furnishings,2320.0,0.0,18.0,533.0
SKU0141,2024-11-18,116,253885.72,0,0,Furnishings,2226.0,0.0,18.0,533.0
SKU0141,2024-11-25,221,411141.65,1,0,Furnishings,1972.0,0.0,18.0,533.0
SKU0141,2024-12-02,180,393960.60000000003,0,0,Furnishings,1792.0,0.0,18.0,533.0
SKU0141,2024-12-09,165,361130.55,0,0,Furnishings,1627.0,0.0,18.0,533.0
SKU0141,2024-12-16,176,385205.92,0,0,Furnishings,1451.0,0.0,18.0,533.0
SKU0141,2024-12-23,143,312979.81,0,1,Furnishings,1451.0,0.0,18.0,533.0
SKU0141,2024-12-30,330,629680.4,1,0,Furnishings,1179.0,0.0,18.0,533.0
SKU0141,2025-01-06,229,469360.28,1,0,Furnishings,840.0,0.0,18.0,533.0
SKU0141,2025-01-13,198,433356.66000000003,0,0,Furnishings,644.0,0.0,18.0,533.0
SKU0141,2025-01-20,185,404903.95,0,1,Furnishings,446.0,1969.0,18.0,533.0
SKU0141,2025-01-27,215,470564.05000000005,0,0,Furnishings,2153.0,0.0,18.0,533.0
SKU0141,2025-02-03,246,538412.8200000001,0,0,Furnishings,1910.0,0.0,18.0,533.0
SKU0141,2025-02-10,245,536224.15,0,0,Furnishings,1660.0,0.0,18.0,533.0
SKU0141,2025-02-17,228,499016.76,0,0,Furnishings,1426.0,0.0,18.0,533.0
SKU0141,2025-02-24,244,534035.48,0,0,Furnishings,1182.0,0.0,18.0,533.0
SKU0141,2025-03-03,255,558110.85,0,0,Furnishings,921.0,0.0,18.0,533.0
SKU0141,2025-03-10,257,562488.1900000001,0,0,Furnishings,669.0,0.0,18.0,533.0
SKU0141,2025-03-17,263,575620.21,0,0,Furnishings,404.0,1633.0,18.0,533.0
SKU0141,2025-03-24,250,547167.5,0,0,Furnishings,404.0,1633.0,18.0,533.0
SKU0141,2025-03-31,219,479318.73,0,0,Furnishings,1706.0,0.0,18.0,533.0
SKU0141,2025-04-07,252,551544.84,0,0,Furnishings,1458.0,0.0,18.0,533.0
SKU0141,2025-04-14,251,549356.1699999999,0,0,Furnishings,1210.0,0.0,18.0,533.0
SKU0141,2025-04-21,263,575620.21,0,0,Furnishings,960.0,0.0,18.0,533.0
SKU0141,2025-04-28,240,525280.8,0,0,Furnishings,603.0,0.0,18.0,533.0
SKU0141,2025-05-05,218,477130.06,0,0,Furnishings,381.0,2049.0,18.0,533.0
SKU0141,2025-05-12,238,520903.46,0,0,Furnishings,161.0,2049.0,18.0,533.0
SKU0141,2025-05-19,250,547167.5,0,0,Furnishings,1968.0,0.0,18.0,533.0
SKU0141,2025-05-26,226,494639.42,0,0,Furnishings,1658.0,0.0,18.0,533.0
SKU0141,2025-06-02,236,516526.12,0,0,Furnishings,1422.0,0.0,18.0,533.0
SKU0141,2025-06-09,220,470016.88,1,0,Furnishings,1202.0,0.0,18.0,533.0
SKU0141,2025-06-16,370,692932.94,1,0,Furnishings,832.0,0.0,18.0,533.0
SKU0141,2025-06-23,180,393960.6,0,0,Furnishings,832.0,0.0,18.0,533.0
SKU0141,2025-06-30,171,374262.57,0,0,Furnishings,605.0,0.0,18.0,533.0
SKU0141,2025-07-07,173,378639.91000000003,0,0,Furnishings,422.0,2078.0,18.0,533.0
SKU0141,2025-07-14,155,339243.85000000003,0,0,Furnishings,2339.0,0.0,18.0,533.0
SKU0141,2025-07-21,162,354564.54000000004,0,0,Furnishings,2163.0,0.0,18.0,533.0
SKU0141,2025-07-28,179,391771.93,0,0,Furnishings,1927.0,0.0,18.0,533.0
SKU0141,2025-08-04,135,295470.45,0,0,Furnishings,1767.0,0.0,18.0,533.0
SKU0141,2025-08-11,135,295470.45,0,1,Furnishings,1643.0,0.0,18.0,533.0
SKU0141,2025-08-18,154,337055.18,0,0,Furnishings,1502.0,0.0,18.0,533.0
SKU0141,2025-08-25,177,387394.58999999997,0,0,Furnishings,1502.0,0.0,18.0,533.0
SKU0141,2025-09-01,112,245131.03999999998,0,0,Furnishings,1267.0,0.0,18.0,533.0
SKU0141,2025-09-08,116,253885.72,0,0,Furnishings,1162.0,0.0,18.0,533.0
SKU0141,2025-09-15,123,269206.41,0,0,Furnishings,1050.0,0.0,18.0,533.0
SKU0141,2025-09-22,131,286715.77,0,0,Furnishings,914.0,0.0,18.0,533.0
SKU0141,2025-09-29,130,284527.1,0,1,Furnishings,742.0,0.0,18.0,533.0
SKU0141,2025-10-06,107,234187.69,0,0,Furnishings,618.0,0.0,18.0,533.0
SKU0141,2025-10-13,203,391771.92,1,0,Furnishings,470.0,1904.0,18.0,533.0
SKU0141,2025-10-20,169,344934.39,1,0,Furnishings,268.0,1904.0,18.0,533.0
SKU0141,2025-10-27,91,199168.97,0,1,Furnishings,2012.0,0.0,18.0,533.0
SKU0141,2025-11-03,137,299847.79,0,0,Furnishings,1886.0,0.0,18.0,533.0
SKU0141,2025-11-10,137,299847.79,0,0,Furnishings,1744.0,0.0,18.0,533.0
SKU0141,2025-11-17,89,194791.63,0,0,Furnishings,1652.0,0.0,18.0,533.0
SKU0141,2025-11-24,240,457979.2,1,0,Furnishings,1652.0,0.0,18.0,533.0
SKU0141,2025-12-01,159,333881.61,1,0,Furnishings,1365.0,0.0,18.0,533.0
SKU0141,2025-12-08,126,275772.42,0,0,Furnishings,1236.0,0.0,18.0,533.0
SKU0141,2025-12-15,132,288904.44,0,0,Furnishings,1103.0,0.0,18.0,533.0
SKU0141,2025-12-22,88,192602.96000000002,0,1,Furnishings,979.0,0.0,18.0,533.0
SKU0142,2025-01-27,53,401104.0,0,0,Decor,104.0,865.0,27.0,449.0
SKU0142,2025-02-03,89,673552.0,0,0,Decor,0.0,865.0,27.0,449.0
SKU0142,2025-02-10,0,0.0,0,0,Decor,0.0,865.0,27.0,449.0
SKU0142,2025-02-17,0,0.0,0,0,Decor,0.0,865.0,27.0,449.0
SKU0142,2025-02-24,58,438944.0,0,0,Decor,821.0,0.0,27.0,449.0
SKU0142,2025-03-03,122,923296.0,0,0,Decor,700.0,0.0,27.0,449.0
SKU0142,2025-03-10,129,976272.0,0,0,Decor,572.0,0.0,27.0,449.0
SKU0142,2025-03-17,130,983840.0,0,0,Decor,442.0,976.0,27.0,449.0
SKU0142,2025-03-24,127,961136.0,0,0,Decor,442.0,976.0,27.0,449.0
SKU0142,2025-03-31,136,1029248.0,0,0,Decor,1234.0,0.0,27.0,449.0
SKU0142,2025-04-07,123,930864.0,0,0,Decor,1101.0,0.0,27.0,449.0
SKU0142,2025-04-14,137,1036816.0,0,0,Decor,974.0,0.0,27.0,449.0
SKU0142,2025-04-21,126,953568.0,0,0,Decor,841.0,0.0,27.0,449.0
SKU0142,2025-04-28,114,862752.0,0,0,Decor,678.0,0.0,27.0,449.0
SKU0142,2025-05-05,115,870320.0,0,0,Decor,568.0,0.0,27.0,449.0
SKU0142,2025-05-12,116,877888.0,0,0,Decor,451.0,0.0,27.0,449.0
SKU0142,2025-05-19,120,908160.0,0,0,Decor,1244.0,0.0,27.0,449.0
SKU0142,2025-05-26,122,923296.0,0,0,Decor,1076.0,0.0,27.0,449.0
SKU0142,2025-06-02,121,915728.0,0,0,Decor,955.0,0.0,27.0,449.0
SKU0142,2025-06-09,130,957730.4,1,0,Decor,825.0,0.0,27.0,449.0
SKU0142,2025-06-16,200,1304723.2,1,0,Decor,625.0,0.0,27.0,449.0
SKU0142,2025-06-23,107,809776.0,0,0,Decor,625.0,0.0,27.0,449.0
SKU0142,2025-06-30,100,756800.0,0,0,Decor,486.0,0.0,27.0,449.0
SKU0142,2025-07-07,103,779504.0,0,0,Decor,384.0,781.0,27.0,449.0
SKU0142,2025-07-14,94,711392.0,0,0,Decor,1066.0,0.0,27.0,449.0
SKU0142,2025-07-21,108,817344.0,0,0,Decor,969.0,0.0,27.0,449.0
SKU0142,2025-07-28,90,681120.0,0,0,Decor,820.0,0.0,27.0,449.0
SKU0142,2025-08-04,90,681120.0,0,0,Decor,738.0,0.0,27.0,449.0
SKU0142,2025-08-11,83,628144.0,0,1,Decor,652.0,0.0,27.0,449.0
SKU0142,2025-08-18,80,605440.0,0,0,Decor,565.0,0.0,27.0,449.0
SKU0142,2025-08-25,76,575168.0,0,0,Decor,565.0,0.0,27.0,449.0
SKU0142,2025-09-01,85,643280.0,0,0,Decor,463.0,0.0,27.0,449.0
SKU0142,2025-09-08,87,658416.0,0,0,Decor,1444.0,0.0,27.0,449.0
SKU0142,2025-09-15,79,597872.0,0,0,Decor,1359.0,0.0,27.0,449.0
SKU0142,2025-09-22,63,476784.0,0,0,Decor,1282.0,0.0,27.0,449.0
SKU0142,2025-09-29,72,544896.0,0,1,Decor,1186.0,0.0,27.0,449.0
SKU0142,2025-10-06,75,567600.0,0,0,Decor,1121.0,0.0,27.0,449.0
SKU0142,2025-10-13,116,768908.8,1,0,Decor,1041.0,0.0,27.0,449.0
SKU0142,2025-10-20,98,691715.2,1,0,Decor,906.0,0.0,27.0,449.0
SKU0142,2025-10-27,75,567600.0,0,1,Decor,801.0,0.0,27.0,449.0
SKU0142,2025-11-03,80,605440.0,0,0,Decor,718.0,0.0,27.0,449.0
SKU0142,2025-11-10,84,635712.0,0,0,Decor,637.0,0.0,27.0,449.0
SKU0142,2025-11-17,61,461648.0,0,0,Decor,574.0,0.0,27.0,449.0
SKU0142,2025-11-24,123,804856.8,1,0,Decor,574.0,0.0,27.0,449.0
SKU0142,2025-12-01,103,756800.0,1,0,Decor,422.0,918.0,27.0,449.0
SKU0142,2025-12-08,83,628144.0,0,0,Decor,326.0,918.0,27.0,449.0
SKU0142,2025-12-15,69,522192.0,0,0,Decor,248.0,918.0,27.0,449.0
SKU0142,2025-12-22,91,688688.0,0,1,Decor,1094.0,0.0,27.0,449.0
SKU0143,2024-12-02,42,416235.95999999996,0,0,Small Appliances,146.0,0.0,8.0,60.0
SKU0143,2024-12-09,48,475698.24,0,0,Small Appliances,98.0,0.0,8.0,60.0
SKU0143,2024-12-16,52,515339.76,0,0,Small Appliances,46.0,37.0,8.0,60.0
SKU0143,2024-12-23,44,436056.72,0,1,Small Appliances,46.0,37.0,8.0,60.0
SKU0143,2024-12-30,50,442002.95,1,0,Small Appliances,8.0,29.0,8.0,60.0
SKU0143,2025-01-06,17,143204.99,1,0,Small Appliances,1.0,27.0,8.0,60.0
SKU0143,2025-01-13,27,267580.26,0,0,Small Appliances,3.0,0.0,8.0,60.0
SKU0143,2025-01-20,40,396415.2,0,1,Small Appliances,19.0,40.0,8.0,60.0
SKU0143,2025-01-27,40,396415.19999999995,0,0,Small Appliances,9.0,42.0,8.0,60.0
SKU0143,2025-02-03,40,396415.19999999995,0,0,Small Appliances,11.0,27.0,8.0,60.0
SKU0143,2025-02-10,27,267580.26,0,0,Small Appliances,9.0,0.0,8.0,60.0
SKU0143,2025-02-17,3,29731.14,0,0,Small Appliances,0.0,25.0,8.0,60.0
SKU0143,2025-02-24,10,99103.8,0,0,Small Appliances,25.0,0.0,8.0,60.0
SKU0143,2025-03-03,15,148655.69999999998,0,0,Small Appliances,0.0,28.0,8.0,60.0
SKU0143,2025-03-10,28,277490.64,0,0,Small Appliances,1.0,45.0,8.0,60.0
SKU0143,2025-03-17,45,445967.1,0,0,Small Appliances,1.0,26.0,8.0,60.0
SKU0143,2025-03-24,27,267580.26,0,0,Small Appliances,1.0,26.0,8.0,60.0
SKU0143,2025-03-31,35,346863.3,0,0,Small Appliances,0.0,36.0,8.0,60.0
SKU0143,2025-04-07,34,336952.92,0,0,Small Appliances,1.0,47.0,8.0,60.0
SKU0143,2025-04-14,33,327042.54,0,0,Small Appliances,1.0,46.0,8.0,60.0
SKU0143,2025-04-21,36,356773.68,0,0,Small Appliances,2.0,47.0,8.0,60.0
SKU0143,2025-04-28,37,366684.06,0,0,Small Appliances,0.0,43.0,8.0,60.0
SKU0143,2025-05-05,43,426146.34,0,0,Small Appliances,1.0,26.0,8.0,60.0
SKU0143,2025-05-12,27,267580.26,0,0,Small Appliances,0.0,29.0,8.0,60.0
SKU0143,2025-05-19,29,287401.02,0,0,Small Appliances,5.0,0.0,8.0,60.0
SKU0143,2025-05-26,47,465787.86,0,0,Small Appliances,0.0,40.0,8.0,60.0
SKU0143,2025-06-02,25,247759.5,0,0,Small Appliances,16.0,0.0,8.0,60.0
SKU0143,2025-06-09,39,364206.45999999996,1,0,Small Appliances,1.0,31.0,8.0,60.0
SKU0143,2025-06-16,10,99103.8,1,0,Small Appliances,22.0,27.0,8.0,60.0
SKU0143,2025-06-23,21,208117.98,0,0,Small Appliances,22.0,27.0,8.0,60.0
SKU0143,2025-06-30,27,267580.26,0,0,Small Appliances,6.0,0.0,8.0,60.0
SKU0143,2025-07-07,26,257669.88,0,0,Small Appliances,19.0,0.0,8.0,60.0
SKU0143,2025-07-14,37,366684.06,0,0,Small Appliances,38.0,0.0,8.0,60.0
SKU0143,2025-07-21,34,336952.92,0,0,Small Appliances,1.0,47.0,8.0,60.0
SKU0143,2025-07-28,37,366684.05999999994,0,0,Small Appliances,34.0,35.0,8.0,60.0
SKU0143,2025-08-04,35,346863.3,0,0,Small Appliances,36.0,46.0,8.0,60.0
SKU0143,2025-08-11,22,218028.36,0,1,Small Appliances,1.0,46.0,8.0,60.0
SKU0143,2025-08-18,41,406325.57999999996,0,0,Small Appliances,0.0,26.0,8.0,60.0
SKU0143,2025-08-25,26,257669.88,0,0,Small Appliances,0.0,26.0,8.0,60.0
SKU0143,2025-09-01,32,317132.16000000003,0,0,Small Appliances,43.0,25.0,8.0,60.0
SKU0143,2025-09-08,36,356773.68,0,0,Small Appliances,6.0,25.0,8.0,60.0
SKU0143,2025-09-15,28,277490.64,0,0,Small Appliances,0.0,32.0,8.0,60.0
SKU0143,2025-09-22,19,188297.22,0,0,Small Appliances,0.0,28.0,8.0,60.0
SKU0143,2025-09-29,24,237849.12,0,1,Small Appliances,0.0,30.0,8.0,60.0
SKU0143,2025-10-06,25,247759.5,0,0,Small Appliances,0.0,36.0,8.0,60.0
SKU0143,2025-10-13,30,272039.93,1,0,Small Appliances,7.0,0.0,8.0,60.0
SKU0143,2025-10-20,26,219019.39,1,0,Small Appliances,0.0,43.0,8.0,60.0
SKU0143,2025-10-27,42,416235.96,0,1,Small Appliances,8.0,27.0,8.0,60.0
SKU0143,2025-11-03,28,277490.64,0,0,Small Appliances,4.0,0.0,8.0,60.0
SKU0143,2025-11-10,0,0.0,0,0,Small Appliances,0.0,0.0,8.0,60.0
SKU0143,2025-11-17,19,188297.21999999997,0,0,Small Appliances,34.0,25.0,8.0,60.0
SKU0143,2025-11-24,44,378080.99,1,0,Small Appliances,34.0,25.0,8.0,60.0
SKU0143,2025-12-01,14,126852.86,1,0,Small Appliances,1.0,33.0,8.0,60.0
SKU0143,2025-12-08,27,267580.26,0,0,Small Appliances,19.0,44.0,8.0,60.0
SKU0143,2025-12-15,44,436056.72,0,0,Small Appliances,39.0,30.0,8.0,60.0
SKU0143,2025-12-22,30,297311.39999999997,0,1,Small Appliances,31.0,0.0,8.0,60.0
SKU0144,2024-10-07,80,113119.2,0,0,Furnishings,124.0,834.0,17.0,361.0
SKU0144,2024-10-14,55,68225.02,1,0,Furnishings,19.0,834.0,17.0,361.0
SKU0144,2024-10-21,22,31107.78,1,0,Furnishings,1.0,834.0,17.0,361.0
SKU0144,2024-10-28,107,151296.93,0,1,Furnishings,733.0,0.0,17.0,361.0
SKU0144,2024-11-04,95,134329.05,0,0,Furnishings,637.0,0.0,17.0,361.0
SKU0144,2024-11-11,115,162608.85,0,0,Furnishings,529.0,0.0,17.0,361.0
SKU0144,2024-11-18,90,127259.1,0,0,Furnishings,425.0,0.0,17.0,361.0
SKU0144,2024-11-25,183,219946.13,1,0,Furnishings,960.0,0.0,17.0,361.0
SKU0144,2024-12-02,96,135743.04,0,0,Furnishings,864.0,0.0,17.0,361.0
SKU0144,2024-12-09,102,144226.98,0,0,Furnishings,762.0,0.0,17.0,361.0
SKU0144,2024-12-16,80,113119.2,0,0,Furnishings,682.0,0.0,17.0,361.0
SKU0144,2024-12-23,99,139985.01,0,1,Furnishings,682.0,0.0,17.0,361.0
SKU0144,2024-12-30,213,260456.96,1,0,Furnishings,521.0,0.0,17.0,361.0
SKU0144,2025-01-06,147,194494.33000000002,1,0,Furnishings,294.0,705.0,17.0,361.0
SKU0144,2025-01-13,127,179576.72999999998,0,0,Furnishings,169.0,705.0,17.0,361.0
SKU0144,2025-01-20,118,166850.82,0,1,Furnishings,741.0,0.0,17.0,361.0
SKU0144,2025-01-27,129,182404.71,0,0,Furnishings,571.0,0.0,17.0,361.0
SKU0144,2025-02-03,125,176748.75,0,0,Furnishings,447.0,0.0,17.0,361.0
SKU0144,2025-02-10,138,195130.62,0,0,Furnishings,310.0,569.0,17.0,361.0
SKU0144,2025-02-17,136,192302.64,0,0,Furnishings,739.0,0.0,17.0,361.0
SKU0144,2025-02-24,142,200786.58000000002,0,0,Furnishings,607.0,0.0,17.0,361.0
SKU0144,2025-03-03,145,205028.55,0,0,Furnishings,457.0,0.0,17.0,361.0
SKU0144,2025-03-10,160,226238.4,0,0,Furnishings,299.0,573.0,17.0,361.0
SKU0144,2025-03-17,119,168264.81,0,0,Furnishings,176.0,573.0,17.0,361.0
SKU0144,2025-03-24,138,195130.62,0,0,Furnishings,176.0,573.0,17.0,361.0
SKU0144,2025-03-31,159,224824.41,0,0,Furnishings,554.0,0.0,17.0,361.0
SKU0144,2025-04-07,137,193716.63,0,0,Furnishings,388.0,0.0,17.0,361.0
SKU0144,2025-04-14,165,233308.35,0,0,Furnishings,1012.0,0.0,17.0,361.0
SKU0144,2025-04-21,155,219168.45,0,0,Furnishings,836.0,0.0,17.0,361.0
SKU0144,2025-04-28,158,223410.42,0,0,Furnishings,638.0,0.0,17.0,361.0
SKU0144,2025-05-05,146,206442.53999999998,0,0,Furnishings,481.0,0.0,17.0,361.0
SKU0144,2025-05-12,159,224824.41,0,0,Furnishings,335.0,607.0,17.0,361.0
SKU0144,2025-05-19,165,233308.35,0,0,Furnishings,772.0,0.0,17.0,361.0
SKU0144,2025-05-26,144,203614.56,0,0,Furnishings,570.0,0.0,17.0,361.0
SKU0144,2025-06-02,121,171092.79,0,0,Furnishings,449.0,0.0,17.0,361.0
SKU0144,2025-06-09,143,196898.11,1,0,Furnishings,306.0,884.0,17.0,361.0
SKU0144,2025-06-16,245,298917.49,1,0,Furnishings,945.0,0.0,17.0,361.0
SKU0144,2025-06-23,127,179576.73,0,0,Furnishings,945.0,0.0,17.0,361.0
SKU0144,2025-06-30,135,190888.65,0,0,Furnishings,781.0,0.0,17.0,361.0
SKU0144,2025-07-07,146,206442.54,0,0,Furnishings,628.0,0.0,17.0,361.0
SKU0144,2025-07-14,130,183818.7,0,0,Furnishings,498.0,0.0,17.0,361.0
SKU0144,2025-07-21,145,205028.55000000002,0,0,Furnishings,357.0,661.0,17.0,361.0
SKU0144,2025-07-28,135,190888.65,0,0,Furnishings,825.0,0.0,17.0,361.0
SKU0144,2025-08-04,133,188060.67,0,0,Furnishings,690.0,0.0,17.0,361.0
SKU0144,2025-08-11,141,199372.59,0,1,Furnishings,544.0,0.0,17.0,361.0
SKU0144,2025-08-18,138,195130.62,0,0,Furnishings,409.0,0.0,17.0,361.0
SKU0144,2025-08-25,117,165436.83000000002,0,0,Furnishings,409.0,0.0,17.0,361.0
SKU0144,2025-09-01,120,169678.8,0,0,Furnishings,836.0,0.0,17.0,361.0
SKU0144,2025-09-08,137,193716.63,0,0,Furnishings,717.0,0.0,17.0,361.0
SKU0144,2025-09-15,131,185232.69,0,0,Furnishings,577.0,0.0,17.0,361.0
SKU0144,2025-09-22,137,193716.63,0,0,Furnishings,449.0,0.0,17.0,361.0
SKU0144,2025-09-29,145,205028.55,0,1,Furnishings,999.0,0.0,17.0,361.0
SKU0144,2025-10-06,98,138571.02000000002,0,0,Furnishings,872.0,0.0,17.0,361.0
SKU0144,2025-10-13,172,215633.48,1,0,Furnishings,753.0,0.0,17.0,361.0
SKU0144,2025-10-20,141,185798.28,1,0,Furnishings,579.0,0.0,17.0,361.0
SKU0144,2025-10-27,122,172506.78,0,1,Furnishings,408.0,0.0,17.0,361.0
SKU0144,2025-11-03,117,165436.83,0,0,Furnishings,292.0,674.0,17.0,361.0
SKU0144,2025-11-10,139,196544.61,0,0,Furnishings,150.0,674.0,17.0,361.0
SKU0144,2025-11-17,136,192302.64,0,0,Furnishings,686.0,0.0,17.0,361.0
SKU0144,2025-11-24,206,253104.21,1,0,Furnishings,686.0,0.0,17.0,361.0
SKU0144,2025-12-01,152,206442.54,1,0,Furnishings,426.0,0.0,17.0,361.0
SKU0144,2025-12-08,124,175334.76,0,0,Furnishings,1079.0,0.0,17.0,361.0
SKU0144,2025-12-15,127,179576.73,0,0,Furnishings,944.0,0.0,17.0,361.0
SKU0144,2025-12-22,149,210684.51,0,1,Furnishings,826.0,0.0,17.0,361.0
SKU0145,2024-07-29,10,8418.1,0,0,Decor,117.0,510.0,7.0,143.0
SKU0145,2024-08-05,99,83339.19,0,0,Decor,117.0,510.0,7.0,143.0
SKU0145,2024-08-12,101,85022.81,0,1,Decor,540.0,0.0,7.0,143.0
SKU0145,2024-08-19,117,98491.77,0,0,Decor,413.0,0.0,7.0,143.0
SKU0145,2024-08-26,75,63135.75,0,0,Decor,298.0,0.0,7.0,143.0
SKU0145,2024-09-02,66,55559.46,0,0,Decor,232.0,0.0,7.0,143.0
SKU0145,2024-09-09,65,54717.65,0,0,Decor,167.0,0.0,7.0,143.0
SKU0145,2024-09-16,79,66502.99,0,0,Decor,716.0,0.0,7.0,143.0
SKU0145,2024-09-23,82,69028.42,0,0,Decor,716.0,0.0,7.0,143.0
SKU0145,2024-09-30,81,68186.61,0,1,Decor,603.0,0.0,7.0,143.0
SKU0145,2024-10-07,75,63135.75,0,0,Decor,526.0,0.0,7.0,143.0
SKU0145,2024-10-14,121,88979.32,1,0,Decor,443.0,0.0,7.0,143.0
SKU0145,2024-10-21,79,65240.270000000004,1,0,Decor,336.0,0.0,7.0,143.0
SKU0145,2024-10-28,74,62293.94,0,1,Decor,215.0,0.0,7.0,143.0
SKU0145,2024-11-04,64,53875.840000000004,0,0,Decor,152.0,0.0,7.0,143.0
SKU0145,2024-11-11,54,45457.74,0,0,Decor,93.0,533.0,7.0,143.0
SKU0145,2024-11-18,88,74079.28,0,0,Decor,555.0,0.0,7.0,143.0
SKU0145,2024-11-25,134,95882.16,1,0,Decor,397.0,0.0,7.0,143.0
SKU0145,2024-12-02,80,67344.8,0,0,Decor,317.0,0.0,7.0,143.0
SKU0145,2024-12-09,97,81655.56999999999,0,0,Decor,220.0,0.0,7.0,143.0
SKU0145,2024-12-16,117,98491.77,0,0,Decor,767.0,0.0,7.0,143.0
SKU0145,2024-12-23,82,69028.42,0,1,Decor,767.0,0.0,7.0,143.0
SKU0145,2024-12-30,151,110698.01,1,0,Decor,642.0,0.0,7.0,143.0
SKU0145,2025-01-06,118,92136.1,1,0,Decor,466.0,0.0,7.0,143.0
SKU0145,2025-01-13,89,74921.09,0,0,Decor,369.0,0.0,7.0,143.0
SKU0145,2025-01-20,115,96808.15,0,1,Decor,282.0,0.0,7.0,143.0
SKU0145,2025-01-27,116,97649.95999999999,0,0,Decor,120.0,492.0,7.0,143.0
SKU0145,2025-02-03,140,117853.4,0,0,Decor,471.0,0.0,7.0,143.0
SKU0145,2025-02-10,140,117853.4,0,0,Decor,337.0,0.0,7.0,143.0
SKU0145,2025-02-17,126,106068.06,0,0,Decor,197.0,0.0,7.0,143.0
SKU0145,2025-02-24,132,111118.92,0,0,Decor,62.0,553.0,7.0,143.0
SKU0145,2025-03-03,133,111960.73000000001,0,0,Decor,477.0,0.0,7.0,143.0
SKU0145,2025-03-10,141,118695.20999999999,0,0,Decor,346.0,0.0,7.0,143.0
SKU0145,2025-03-17,159,133847.79,0,0,Decor,192.0,0.0,7.0,143.0
SKU0145,2025-03-24,168,141424.08,0,0,Decor,192.0,0.0,7.0,143.0
SKU0145,2025-03-31,136,114486.16,0,0,Decor,651.0,0.0,7.0,143.0
SKU0145,2025-04-07,167,140582.27,0,0,Decor,517.0,0.0,7.0,143.0
SKU0145,2025-04-14,147,123746.06999999999,0,0,Decor,351.0,0.0,7.0,143.0
SKU0145,2025-04-21,170,143107.7,0,0,Decor,193.0,0.0,7.0,143.0
SKU0145,2025-04-28,157,132164.16999999998,0,0,Decor,510.0,0.0,7.0,143.0
SKU0145,2025-05-05,166,139740.46,0,0,Decor,350.0,0.0,7.0,143.0
SKU0145,2025-05-12,154,129638.74,0,0,Decor,192.0,0.0,7.0,143.0
SKU0145,2025-05-19,138,116169.78,0,0,Decor,59.0,580.0,7.0,143.0
SKU0145,2025-05-26,141,118695.20999999999,0,0,Decor,439.0,0.0,7.0,143.0
SKU0145,2025-06-02,111,93440.91,0,0,Decor,328.0,0.0,7.0,143.0
SKU0145,2025-06-09,146,119494.93,1,0,Decor,182.0,0.0,7.0,143.0
SKU0145,2025-06-16,182,130354.28,1,0,Decor,470.0,0.0,7.0,143.0
SKU0145,2025-06-23,126,106068.06,0,0,Decor,470.0,0.0,7.0,143.0
SKU0145,2025-06-30,114,95966.34,0,0,Decor,296.0,0.0,7.0,143.0
SKU0145,2025-07-07,107,90073.67,0,0,Decor,201.0,0.0,7.0,143.0
SKU0145,2025-07-14,107,90073.67,0,0,Decor,652.0,0.0,7.0,143.0
SKU0145,2025-07-21,101,85022.81,0,0,Decor,536.0,0.0,7.0,143.0
SKU0145,2025-07-28,111,93440.91,0,0,Decor,383.0,0.0,7.0,143.0
SKU0145,2025-08-04,56,47141.36,0,0,Decor,318.0,0.0,7.0,143.0
SKU0145,2025-08-11,99,83339.19,0,1,Decor,231.0,0.0,7.0,143.0
SKU0145,2025-08-18,82,69028.42,0,0,Decor,148.0,0.0,7.0,143.0
SKU0145,2025-08-25,66,55559.46,0,0,Decor,148.0,0.0,7.0,143.0
SKU0145,2025-09-01,71,59768.51,0,0,Decor,503.0,0.0,7.0,143.0
SKU0145,2025-09-08,65,54717.65,0,0,Decor,444.0,0.0,7.0,143.0
SKU0145,2025-09-15,61,51350.409999999996,0,0,Decor,385.0,0.0,7.0,143.0
SKU0145,2025-09-22,62,52192.22,0,0,Decor,317.0,0.0,7.0,143.0
SKU0145,2025-09-29,63,53034.03,0,1,Decor,237.0,0.0,7.0,143.0
SKU0145,2025-10-06,51,42932.31,0,0,Decor,179.0,0.0,7.0,143.0
SKU0145,2025-10-13,100,74836.91,1,0,Decor,105.0,456.0,7.0,143.0
SKU0145,2025-10-20,102,80056.13,1,0,Decor,448.0,0.0,7.0,143.0
SKU0145,2025-10-27,60,50508.6,0,1,Decor,350.0,0.0,7.0,143.0
SKU0145,2025-11-03,98,82497.38,0,0,Decor,271.0,0.0,7.0,143.0
SKU0145,2025-11-10,63,53034.03,0,0,Decor,188.0,0.0,7.0,143.0
SKU0145,2025-11-17,73,61452.130000000005,0,0,Decor,134.0,622.0,7.0,143.0
SKU0145,2025-11-24,85,60820.770000000004,1,0,Decor,134.0,622.0,7.0,143.0
SKU0145,2025-12-01,106,86075.06999999999,1,0,Decor,622.0,0.0,7.0,143.0
SKU0145,2025-12-08,106,89231.86,0,0,Decor,520.0,0.0,7.0,143.0
SKU0145,2025-12-15,47,39565.07,0,0,Decor,416.0,0.0,7.0,143.0
SKU0145,2025-12-22,97,81655.57,0,1,Decor,375.0,0.0,7.0,143.0
SKU0146,2024-04-29,28,26143.6,0,0,Furnishings,126.0,202.0,26.0,276.0
SKU0146,2024-05-06,78,72828.6,0,0,Furnishings,126.0,202.0,26.0,276.0
SKU0146,2024-05-13,89,83099.3,0,0,Furnishings,49.0,202.0,26.0,276.0
SKU0146,2024-05-20,2,1867.4,0,0,Furnishings,1.0,202.0,26.0,276.0
SKU0146,2024-05-27,46,42950.2,0,0,Furnishings,170.0,0.0,26.0,276.0
SKU0146,2024-06-03,82,76563.4,0,0,Furnishings,83.0,132.0,26.0,276.0
SKU0146,2024-06-10,74,68813.69,1,0,Furnishings,1.0,132.0,26.0,276.0
SKU0146,2024-06-17,0,0.0,1,0,Furnishings,1.0,132.0,26.0,276.0
SKU0146,2024-06-24,81,75629.7,0,0,Furnishings,1.0,132.0,26.0,276.0
SKU0146,2024-07-01,51,47618.7,0,0,Furnishings,40.0,186.0,26.0,276.0
SKU0146,2024-07-08,0,0.0,0,0,Furnishings,1.0,186.0,26.0,276.0
SKU0146,2024-07-15,11,10270.7,0,0,Furnishings,1.0,186.0,26.0,276.0
SKU0146,2024-07-22,71,66292.7,0,0,Furnishings,163.0,0.0,26.0,276.0
SKU0146,2024-07-29,78,72828.6,0,0,Furnishings,53.0,210.0,26.0,276.0
SKU0146,2024-08-05,26,24276.2,0,0,Furnishings,1.0,210.0,26.0,276.0
SKU0146,2024-08-12,25,23342.5,0,1,Furnishings,211.0,0.0,26.0,276.0
SKU0146,2024-08-19,70,65359.0,0,0,Furnishings,132.0,160.0,26.0,276.0
SKU0146,2024-08-26,82,76563.4,0,0,Furnishings,34.0,160.0,26.0,276.0
SKU0146,2024-09-02,34,31745.8,0,0,Furnishings,0.0,160.0,26.0,276.0
SKU0146,2024-09-09,54,50419.8,0,0,Furnishings,106.0,198.0,26.0,276.0
SKU0146,2024-09-16,72,67226.4,0,0,Furnishings,34.0,198.0,26.0,276.0
SKU0146,2024-09-23,34,31745.800000000003,0,0,Furnishings,34.0,198.0,26.0,276.0
SKU0146,2024-09-30,0,0.0,0,1,Furnishings,0.0,198.0,26.0,276.0
SKU0146,2024-10-07,76,70961.2,0,0,Furnishings,173.0,130.0,26.0,276.0
SKU0146,2024-10-14,109,87907.86,1,0,Furnishings,97.0,130.0,26.0,276.0
SKU0146,2024-10-21,13,10877.61,1,0,Furnishings,1.0,130.0,26.0,276.0
SKU0146,2024-10-28,20,18674.0,0,1,Furnishings,130.0,0.0,26.0,276.0
SKU0146,2024-11-04,84,78430.8,0,0,Furnishings,46.0,190.0,26.0,276.0
SKU0146,2024-11-11,26,24276.199999999997,0,0,Furnishings,0.0,190.0,26.0,276.0
SKU0146,2024-11-18,0,0.0,0,0,Furnishings,0.0,190.0,26.0,276.0
SKU0146,2024-11-25,70,55555.15,1,0,Furnishings,120.0,213.0,26.0,276.0
SKU0146,2024-12-02,85,79364.5,0,0,Furnishings,35.0,213.0,26.0,276.0
SKU0146,2024-12-09,34,31745.8,0,0,Furnishings,1.0,213.0,26.0,276.0
SKU0146,2024-12-16,0,0.0,0,0,Furnishings,1.0,213.0,26.0,276.0
SKU0146,2024-12-23,63,58823.1,0,1,Furnishings,1.0,213.0,26.0,276.0
SKU0146,2024-12-30,121,99252.3,1,0,Furnishings,97.0,169.0,26.0,276.0
SKU0146,2025-01-06,29,23015.71,1,0,Furnishings,1.0,169.0,26.0,276.0
SKU0146,2025-01-13,6,5602.2,0,0,Furnishings,1.0,169.0,26.0,276.0
SKU0146,2025-01-20,86,80298.2,0,1,Furnishings,118.0,180.0,26.0,276.0
SKU0146,2025-01-27,77,71894.9,0,0,Furnishings,1.0,180.0,26.0,276.0
SKU0146,2025-02-03,0,0.0,0,0,Furnishings,1.0,180.0,26.0,276.0
SKU0146,2025-02-10,32,29878.4,0,0,Furnishings,158.0,0.0,26.0,276.0
SKU0146,2025-02-17,116,108309.2,0,0,Furnishings,47.0,0.0,26.0,276.0
SKU0146,2025-02-24,32,29878.399999999998,0,0,Furnishings,1.0,219.0,26.0,276.0
SKU0146,2025-03-03,0,0.0,0,0,Furnishings,1.0,219.0,26.0,276.0
SKU0146,2025-03-10,68,63491.6,0,0,Furnishings,165.0,170.0,26.0,276.0
SKU0146,2025-03-17,108,100839.59999999999,0,0,Furnishings,54.0,170.0,26.0,276.0
SKU0146,2025-03-24,44,41082.8,0,0,Furnishings,54.0,170.0,26.0,276.0
SKU0146,2025-03-31,0,0.0,0,0,Furnishings,0.0,170.0,26.0,276.0
SKU0146,2025-04-07,110,102707.0,0,0,Furnishings,132.0,159.0,26.0,276.0
SKU0146,2025-04-14,60,56022.0,0,0,Furnishings,14.0,159.0,26.0,276.0
SKU0146,2025-04-21,0,0.0,0,0,Furnishings,0.0,159.0,26.0,276.0
SKU0146,2025-04-28,25,23342.5,0,0,Furnishings,0.0,159.0,26.0,276.0
SKU0146,2025-05-05,124,115778.8,0,0,Furnishings,54.0,0.0,26.0,276.0
SKU0146,2025-05-12,10,9337.0,0,0,Furnishings,0.0,118.0,26.0,276.0
SKU0146,2025-05-19,0,0.0,0,0,Furnishings,0.0,118.0,26.0,276.0
SKU0146,2025-05-26,60,56022.0,0,0,Furnishings,59.0,148.0,26.0,276.0
SKU0146,2025-06-02,58,54154.600000000006,0,0,Furnishings,1.0,148.0,26.0,276.0
SKU0146,2025-06-09,0,0.0,1,0,Furnishings,1.0,148.0,26.0,276.0
SKU0146,2025-06-16,0,0.0,1,0,Furnishings,1.0,148.0,26.0,276.0
SKU0146,2025-06-23,97,90568.9,0,0,Furnishings,1.0,148.0,26.0,276.0
SKU0146,2025-06-30,52,48552.399999999994,0,0,Furnishings,17.0,198.0,26.0,276.0
SKU0146,2025-07-07,0,0.0,0,0,Furnishings,0.0,198.0,26.0,276.0
SKU0146,2025-07-14,13,12138.1,0,0,Furnishings,0.0,198.0,26.0,276.0
SKU0146,2025-07-21,99,92436.3,0,0,Furnishings,154.0,0.0,26.0,276.0
SKU0146,2025-07-28,86,80298.2,0,0,Furnishings,0.0,204.0,26.0,276.0
SKU0146,2025-08-04,0,0.0,0,0,Furnishings,0.0,204.0,26.0,276.0
SKU0146,2025-08-11,38,35480.6,0,1,Furnishings,188.0,211.0,26.0,276.0
SKU0146,2025-08-18,103,96171.1,0,0,Furnishings,85.0,211.0,26.0,276.0
SKU0146,2025-08-25,63,58823.1,0,0,Furnishings,85.0,211.0,26.0,276.0
SKU0146,2025-09-01,0,0.0,0,0,Furnishings,1.0,211.0,26.0,276.0
SKU0146,2025-09-08,63,58823.1,0,0,Furnishings,1.0,211.0,26.0,276.0
SKU0146,2025-09-15,100,93370.0,0,0,Furnishings,132.0,170.0,26.0,276.0
SKU0146,2025-09-22,48,44817.6,0,0,Furnishings,33.0,170.0,26.0,276.0
SKU0146,2025-09-29,0,0.0,0,1,Furnishings,0.0,170.0,26.0,276.0
SKU0146,2025-10-06,98,91502.6,0,0,Furnishings,125.0,172.0,26.0,276.0
SKU0146,2025-10-13,72,60923.92,1,0,Furnishings,17.0,172.0,26.0,276.0
SKU0146,2025-10-20,0,0.0,1,0,Furnishings,1.0,172.0,26.0,276.0
SKU0146,2025-10-27,11,10270.7,0,1,Furnishings,167.0,181.0,26.0,276.0
SKU0146,2025-11-03,93,86834.1,0,0,Furnishings,77.0,181.0,26.0,276.0
SKU0146,2025-11-10,68,63491.600000000006,0,0,Furnishings,0.0,181.0,26.0,276.0
SKU0146,2025-11-17,0,0.0,0,0,Furnishings,0.0,181.0,26.0,276.0
SKU0146,2025-11-24,82,65078.880000000005,1,0,Furnishings,0.0,181.0,26.0,276.0
SKU0146,2025-12-01,98,87441.0,1,0,Furnishings,70.0,128.0,26.0,276.0
SKU0146,2025-12-08,0,0.0,0,0,Furnishings,1.0,128.0,26.0,276.0
SKU0146,2025-12-15,0,0.0,0,0,Furnishings,1.0,128.0,26.0,276.0
SKU0146,2025-12-22,82,76563.4,0,1,Furnishings,129.0,0.0,26.0,276.0
SKU0147,2024-01-22,71,93005.74,0,1,Furnishings,65.0,1986.0,27.0,807.0
SKU0147,2024-01-29,216,282947.04,0,0,Furnishings,65.0,1986.0,27.0,807.0
SKU0147,2024-02-05,0,0.0,0,0,Furnishings,0.0,1986.0,27.0,807.0
SKU0147,2024-02-12,0,0.0,0,0,Furnishings,0.0,1986.0,27.0,807.0
SKU0147,2024-02-19,100,130994.0,0,0,Furnishings,1986.0,0.0,27.0,807.0
SKU0147,2024-02-26,257,336654.58,0,0,Furnishings,1685.0,0.0,27.0,807.0
SKU0147,2024-03-04,276,361543.44,0,0,Furnishings,1426.0,0.0,27.0,807.0
SKU0147,2024-03-11,267,349753.98000000004,0,0,Furnishings,1148.0,0.0,27.0,807.0
SKU0147,2024-03-18,273,357613.62,0,0,Furnishings,872.0,0.0,27.0,807.0
SKU0147,2024-03-25,303,396911.82,0,0,Furnishings,872.0,0.0,27.0,807.0
SKU0147,2024-04-01,301,394291.94,0,0,Furnishings,462.0,1432.0,27.0,807.0
SKU0147,2024-04-08,209,273777.45999999996,0,0,Furnishings,176.0,1432.0,27.0,807.0
SKU0147,2024-04-15,226,296046.44,0,0,Furnishings,0.0,1432.0,27.0,807.0
SKU0147,2024-04-22,321,420490.74,0,0,Furnishings,1162.0,0.0,27.0,807.0
SKU0147,2024-04-29,287,375952.78,0,0,Furnishings,730.0,1352.0,27.0,807.0
SKU0147,2024-05-06,287,375952.78,0,0,Furnishings,466.0,1352.0,27.0,807.0
SKU0147,2024-05-13,271,354993.74,0,0,Furnishings,1516.0,0.0,27.0,807.0
SKU0147,2024-05-20,304,398221.76,0,0,Furnishings,1241.0,0.0,27.0,807.0
SKU0147,2024-05-27,303,396911.82,0,0,Furnishings,823.0,0.0,27.0,807.0
SKU0147,2024-06-03,293,383812.42,0,0,Furnishings,528.0,1371.0,27.0,807.0
SKU0147,2024-06-10,323,402086.08,1,0,Furnishings,1595.0,0.0,27.0,807.0
SKU0147,2024-06-17,431,493257.91,1,0,Furnishings,1148.0,0.0,27.0,807.0
SKU0147,2024-06-24,285,373332.9,0,0,Furnishings,1148.0,0.0,27.0,807.0
SKU0147,2024-07-01,188,246268.72,0,0,Furnishings,796.0,1254.0,27.0,807.0
SKU0147,2024-07-08,224,293426.56,0,0,Furnishings,1866.0,0.0,27.0,807.0
SKU0147,2024-07-15,197,258058.18,0,0,Furnishings,1637.0,0.0,27.0,807.0
SKU0147,2024-07-22,203,265917.82,0,0,Furnishings,1450.0,0.0,27.0,807.0
SKU0147,2024-07-29,190,248888.6,0,0,Furnishings,1104.0,0.0,27.0,807.0
SKU0147,2024-08-05,198,259368.12,0,0,Furnishings,950.0,0.0,27.0,807.0
SKU0147,2024-08-12,164,214830.16,0,1,Furnishings,766.0,1579.0,27.0,807.0
SKU0147,2024-08-19,160,209590.4,0,0,Furnishings,620.0,1579.0,27.0,807.0
SKU0147,2024-08-26,151,197800.94,0,0,Furnishings,1980.0,0.0,27.0,807.0
SKU0147,2024-09-02,111,145403.34,0,0,Furnishings,1869.0,0.0,27.0,807.0
SKU0147,2024-09-09,186,243648.84,0,0,Furnishings,1683.0,0.0,27.0,807.0
SKU0147,2024-09-16,109,142783.46,0,0,Furnishings,1574.0,0.0,27.0,807.0
SKU0147,2024-09-23,115,150643.1,0,0,Furnishings,1574.0,0.0,27.0,807.0
SKU0147,2024-09-30,141,184701.54,0,1,Furnishings,1408.0,0.0,27.0,807.0
SKU0147,2024-10-07,144,188631.36000000002,0,0,Furnishings,1278.0,0.0,27.0,807.0
SKU0147,2024-10-14,182,205595.08,1,0,Furnishings,1125.0,0.0,27.0,807.0
SKU0147,2024-10-21,136,172453.6,1,0,Furnishings,940.0,0.0,27.0,807.0
SKU0147,2024-10-28,127,166362.38,0,1,Furnishings,764.0,1991.0,27.0,807.0
SKU0147,2024-11-04,132,172912.08,0,0,Furnishings,633.0,1991.0,27.0,807.0
SKU0147,2024-11-11,115,150643.1,0,0,Furnishings,507.0,1991.0,27.0,807.0
SKU0147,2024-11-18,130,170292.2,0,0,Furnishings,2357.0,0.0,27.0,807.0
SKU0147,2024-11-25,276,307311.99,1,0,Furnishings,2067.0,0.0,27.0,807.0
SKU0147,2024-12-02,169,221379.86,0,0,Furnishings,1898.0,0.0,27.0,807.0
SKU0147,2024-12-09,170,222689.80000000002,0,0,Furnishings,1728.0,0.0,27.0,807.0
SKU0147,2024-12-16,190,248888.6,0,0,Furnishings,1538.0,0.0,27.0,807.0
SKU0147,2024-12-23,163,213520.22,0,1,Furnishings,1538.0,0.0,27.0,807.0
SKU0147,2024-12-30,355,402741.06,1,0,Furnishings,1242.0,0.0,27.0,807.0
SKU0147,2025-01-06,303,369010.1,1,0,Furnishings,834.0,0.0,27.0,807.0
SKU0147,2025-01-13,251,328794.94,0,0,Furnishings,2156.0,0.0,27.0,807.0
SKU0147,2025-01-20,294,385122.36,0,1,Furnishings,1893.0,0.0,27.0,807.0
SKU0147,2025-01-27,277,362853.38,0,0,Furnishings,1516.0,0.0,27.0,807.0
SKU0147,2025-02-03,333,436210.02,0,0,Furnishings,1175.0,0.0,27.0,807.0
SKU0147,2025-02-10,296,387742.24,0,0,Furnishings,867.0,0.0,27.0,807.0
SKU0147,2025-02-17,276,361543.44,0,0,Furnishings,594.0,1331.0,27.0,807.0
SKU0147,2025-02-24,320,419180.8,0,0,Furnishings,289.0,1331.0,27.0,807.0
SKU0147,2025-03-03,353,462408.82,0,0,Furnishings,1254.0,0.0,27.0,807.0
SKU0147,2025-03-10,347,454549.18,0,0,Furnishings,906.0,0.0,27.0,807.0
SKU0147,2025-03-17,343,449309.42,0,0,Furnishings,564.0,1965.0,27.0,807.0
SKU0147,2025-03-24,333,436210.01999999996,0,0,Furnishings,564.0,1965.0,27.0,807.0
SKU0147,2025-03-31,338,442759.72000000003,0,0,Furnishings,72.0,1965.0,27.0,807.0
SKU0147,2025-04-07,400,523976.0,0,0,Furnishings,1695.0,0.0,27.0,807.0
SKU0147,2025-04-14,353,462408.82,0,0,Furnishings,1320.0,0.0,27.0,807.0
SKU0147,2025-04-21,386,505636.84,0,0,Furnishings,952.0,0.0,27.0,807.0
SKU0147,2025-04-28,384,503016.96,0,0,Furnishings,2351.0,0.0,27.0,807.0
SKU0147,2025-05-05,384,503016.95999999996,0,0,Furnishings,1973.0,0.0,27.0,807.0
SKU0147,2025-05-12,347,454549.18,0,0,Furnishings,1598.0,0.0,27.0,807.0
SKU0147,2025-05-19,362,474198.28,0,0,Furnishings,1258.0,0.0,27.0,807.0
SKU0147,2025-05-26,362,474198.28,0,0,Furnishings,753.0,1347.0,27.0,807.0
SKU0147,2025-06-02,329,430970.26,0,0,Furnishings,424.0,1347.0,27.0,807.0
SKU0147,2025-06-09,357,451732.81,1,0,Furnishings,67.0,1347.0,27.0,807.0
SKU0147,2025-06-16,67,74601.08,1,0,Furnishings,1347.0,0.0,27.0,807.0
SKU0147,2025-06-23,349,457169.06,0,0,Furnishings,1347.0,0.0,27.0,807.0
SKU0147,2025-06-30,260,340584.4,0,0,Furnishings,910.0,0.0,27.0,807.0
SKU0147,2025-07-07,244,319625.36,0,0,Furnishings,657.0,1518.0,27.0,807.0
SKU0147,2025-07-14,293,383812.42000000004,0,0,Furnishings,405.0,1518.0,27.0,807.0
SKU0147,2025-07-21,264,345824.16000000003,0,0,Furnishings,1653.0,0.0,27.0,807.0
SKU0147,2025-07-28,280,366783.2,0,0,Furnishings,1234.0,0.0,27.0,807.0
SKU0147,2025-08-04,196,256748.24,0,0,Furnishings,1020.0,0.0,27.0,807.0
SKU0147,2025-08-11,194,254128.36,0,1,Furnishings,815.0,0.0,27.0,807.0
SKU0147,2025-08-18,193,252818.41999999998,0,0,Furnishings,635.0,1316.0,27.0,807.0
SKU0147,2025-08-25,202,264607.88,0,0,Furnishings,635.0,1316.0,27.0,807.0
SKU0147,2025-09-01,156,204350.64,0,0,Furnishings,369.0,1316.0,27.0,807.0
SKU0147,2025-09-08,166,217450.04,0,0,Furnishings,213.0,1316.0,27.0,807.0
SKU0147,2025-09-15,174,227929.56,0,0,Furnishings,1360.0,0.0,27.0,807.0
SKU0147,2025-09-22,164,214830.16,0,0,Furnishings,1188.0,0.0,27.0,807.0
SKU0147,2025-09-29,157,205660.58000000002,0,1,Furnishings,966.0,0.0,27.0,807.0
SKU0147,2025-10-06,122,159812.68,0,0,Furnishings,826.0,0.0,27.0,807.0
SKU0147,2025-10-13,217,252818.43,1,0,Furnishings,668.0,1739.0,27.0,807.0
SKU0147,2025-10-20,169,206839.53,1,0,Furnishings,459.0,1739.0,27.0,807.0
SKU0147,2025-10-27,148,193871.12,0,1,Furnishings,247.0,1739.0,27.0,807.0
SKU0147,2025-11-03,166,217450.04,0,0,Furnishings,1829.0,0.0,27.0,807.0
SKU0147,2025-11-10,156,204350.64,0,0,Furnishings,1661.0,0.0,27.0,807.0
SKU0147,2025-11-17,182,238409.08,0,0,Furnishings,1483.0,0.0,27.0,807.0
SKU0147,2025-11-24,264,297290.9,1,0,Furnishings,1483.0,0.0,27.0,807.0
SKU0147,2025-12-01,226,283667.51,1,0,Furnishings,1141.0,0.0,27.0,807.0
SKU0147,2025-12-08,215,281637.1,0,0,Furnishings,942.0,0.0,27.0,807.0
SKU0147,2025-12-15,200,261988.0,0,0,Furnishings,727.0,1331.0,27.0,807.0
SKU0147,2025-12-22,207,271157.58,0,1,Furnishings,537.0,1331.0,27.0,807.0
SKU0148,2024-04-08,42,127462.44,0,0,Decor,1.0,417.0,29.0,826.0
SKU0148,2024-04-15,25,75870.5,0,0,Decor,1.0,417.0,29.0,826.0
SKU0148,2024-04-22,0,0.0,0,0,Decor,1.0,417.0,29.0,826.0
SKU0148,2024-04-29,0,0.0,0,0,Decor,1.0,417.0,29.0,826.0
SKU0148,2024-05-06,0,0.0,0,0,Decor,1.0,417.0,29.0,826.0
SKU0148,2024-05-13,175,531093.5,0,0,Decor,328.0,336.0,29.0,826.0
SKU0148,2024-05-20,202,613033.64,0,0,Decor,136.0,336.0,29.0,826.0
SKU0148,2024-05-27,40,121392.8,0,0,Decor,0.0,336.0,29.0,826.0
SKU0148,2024-06-03,0,0.0,0,0,Decor,0.0,336.0,29.0,826.0
SKU0148,2024-06-10,192,556737.73,1,0,Decor,170.0,644.0,29.0,826.0
SKU0148,2024-06-17,143,368882.37,1,0,Decor,1.0,644.0,29.0,826.0
SKU0148,2024-06-24,0,0.0,0,0,Decor,1.0,644.0,29.0,826.0
SKU0148,2024-07-01,0,0.0,0,0,Decor,1.0,644.0,29.0,826.0
SKU0148,2024-07-08,94,285273.08,0,0,Decor,1.0,644.0,29.0,826.0
SKU0148,2024-07-15,177,537163.14,0,0,Decor,535.0,513.0,29.0,826.0
SKU0148,2024-07-22,161,488606.02,0,0,Decor,349.0,513.0,29.0,826.0
SKU0148,2024-07-29,140,424874.8,0,0,Decor,113.0,513.0,29.0,826.0
SKU0148,2024-08-05,141,427909.62,0,0,Decor,493.0,426.0,29.0,826.0
SKU0148,2024-08-12,145,440048.9,0,1,Decor,352.0,426.0,29.0,826.0
SKU0148,2024-08-19,136,412735.52,0,0,Decor,213.0,426.0,29.0,826.0
SKU0148,2024-08-26,138,418805.16000000003,0,0,Decor,26.0,426.0,29.0,826.0
SKU0148,2024-09-02,73,221541.86000000002,0,0,Decor,379.0,362.0,29.0,826.0
SKU0148,2024-09-09,124,376317.68,0,0,Decor,255.0,362.0,29.0,826.0
SKU0148,2024-09-16,153,464327.46,0,0,Decor,102.0,362.0,29.0,826.0
SKU0148,2024-09-23,101,306516.82,0,0,Decor,102.0,362.0,29.0,826.0
SKU0148,2024-09-30,23,69800.86,0,1,Decor,1.0,362.0,29.0,826.0
SKU0148,2024-10-07,91,276168.62,0,0,Decor,307.0,609.0,29.0,826.0
SKU0148,2024-10-14,178,462354.82,1,0,Decor,202.0,609.0,29.0,826.0
SKU0148,2024-10-21,70,195594.15,1,0,Decor,15.0,609.0,29.0,826.0
SKU0148,2024-10-28,11,33383.02,0,1,Decor,0.0,609.0,29.0,826.0
SKU0148,2024-11-04,109,330795.38,0,0,Decor,507.0,567.0,29.0,826.0
SKU0148,2024-11-11,110,333830.2,0,0,Decor,402.0,567.0,29.0,826.0
SKU0148,2024-11-18,120,364178.4,0,0,Decor,293.0,567.0,29.0,826.0
SKU0148,2024-11-25,258,665536.03,1,0,Decor,568.0,421.0,29.0,826.0
SKU0148,2024-12-02,120,364178.4,0,0,Decor,448.0,421.0,29.0,826.0
SKU0148,2024-12-09,153,464327.46,0,0,Decor,295.0,421.0,29.0,826.0
SKU0148,2024-12-16,132,400596.24,0,0,Decor,163.0,421.0,29.0,826.0
SKU0148,2024-12-23,152,461292.64,0,1,Decor,163.0,421.0,29.0,826.0
SKU0148,2024-12-30,217,573429.24,1,0,Decor,349.0,414.0,29.0,826.0
SKU0148,2025-01-06,197,555523.8099999999,1,0,Decor,91.0,414.0,29.0,826.0
SKU0148,2025-01-13,18,54626.76,0,0,Decor,0.0,414.0,29.0,826.0
SKU0148,2025-01-20,0,0.0,0,1,Decor,0.0,414.0,29.0,826.0
SKU0148,2025-01-27,107,324725.74,0,0,Decor,325.0,381.0,29.0,826.0
SKU0148,2025-02-03,170,515919.4,0,0,Decor,152.0,381.0,29.0,826.0
SKU0148,2025-02-10,136,412735.52,0,0,Decor,1.0,381.0,29.0,826.0
SKU0148,2025-02-17,0,0.0,0,0,Decor,1.0,381.0,29.0,826.0
SKU0148,2025-02-24,82,248855.24000000002,0,0,Decor,320.0,641.0,29.0,826.0
SKU0148,2025-03-03,193,585720.26,0,0,Decor,129.0,641.0,29.0,826.0
SKU0148,2025-03-10,106,321690.92,0,0,Decor,1.0,641.0,29.0,826.0
SKU0148,2025-03-17,0,0.0,0,0,Decor,1.0,641.0,29.0,826.0
SKU0148,2025-03-24,62,188158.84,0,0,Decor,1.0,641.0,29.0,826.0
SKU0148,2025-03-31,196,594824.72,0,0,Decor,518.0,359.0,29.0,826.0
SKU0148,2025-04-07,204,619103.28,0,0,Decor,321.0,359.0,29.0,826.0
SKU0148,2025-04-14,174,528058.68,0,0,Decor,126.0,359.0,29.0,826.0
SKU0148,2025-04-21,51,154775.82,0,0,Decor,0.0,359.0,29.0,826.0
SKU0148,2025-04-28,201,609998.82,0,0,Decor,169.0,542.0,29.0,826.0
SKU0148,2025-05-05,113,342934.66000000003,0,0,Decor,0.0,542.0,29.0,826.0
SKU0148,2025-05-12,0,0.0,0,0,Decor,0.0,542.0,29.0,826.0
SKU0148,2025-05-19,28,84974.96,0,0,Decor,0.0,542.0,29.0,826.0
SKU0148,2025-05-26,192,582685.44,0,0,Decor,322.0,489.0,29.0,826.0
SKU0148,2025-06-02,162,491640.84,0,0,Decor,160.0,489.0,29.0,826.0
SKU0148,2025-06-09,160,485571.2,1,0,Decor,0.0,489.0,29.0,826.0
SKU0148,2025-06-16,0,0.0,1,0,Decor,489.0,0.0,29.0,826.0
SKU0148,2025-06-23,184,558406.88,0,0,Decor,489.0,0.0,29.0,826.0
SKU0148,2025-06-30,174,528058.68,0,0,Decor,252.0,0.0,29.0,826.0
SKU0148,2025-07-07,131,397561.42000000004,0,0,Decor,75.0,371.0,29.0,826.0
SKU0148,2025-07-14,0,0.0,0,0,Decor,0.0,371.0,29.0,826.0
SKU0148,2025-07-21,138,418805.16000000003,0,0,Decor,345.0,652.0,29.0,826.0
SKU0148,2025-07-28,165,500745.3,0,0,Decor,92.0,652.0,29.0,826.0
SKU0148,2025-08-04,68,206367.76,0,0,Decor,1.0,652.0,29.0,826.0
SKU0148,2025-08-11,0,0.0,0,1,Decor,1.0,652.0,29.0,826.0
SKU0148,2025-08-18,78,236715.96000000002,0,0,Decor,600.0,638.0,29.0,826.0
SKU0148,2025-08-25,150,455223.0,0,0,Decor,600.0,638.0,29.0,826.0
SKU0148,2025-09-01,124,376317.68,0,0,Decor,401.0,638.0,29.0,826.0
SKU0148,2025-09-08,121,367213.22,0,0,Decor,297.0,638.0,29.0,826.0
SKU0148,2025-09-15,120,364178.4,0,0,Decor,162.0,638.0,29.0,826.0
SKU0148,2025-09-22,119,361143.58,0,0,Decor,684.0,607.0,29.0,826.0
SKU0148,2025-09-29,93,282238.26,0,1,Decor,521.0,607.0,29.0,826.0
SKU0148,2025-10-06,104,315621.28,0,0,Decor,431.0,607.0,29.0,826.0
SKU0148,2025-10-13,173,463113.52,1,0,Decor,312.0,607.0,29.0,826.0
SKU0148,2025-10-20,165,465693.13,1,0,Decor,715.0,461.0,29.0,826.0
SKU0148,2025-10-27,104,315621.28,0,1,Decor,559.0,461.0,29.0,826.0
SKU0148,2025-11-03,137,415770.34,0,0,Decor,423.0,461.0,29.0,826.0
SKU0148,2025-11-10,143,433979.26,0,0,Decor,746.0,0.0,29.0,826.0
SKU0148,2025-11-17,118,358108.76,0,0,Decor,619.0,352.0,29.0,826.0
SKU0148,2025-11-24,170,444904.61,1,0,Decor,619.0,352.0,29.0,826.0
SKU0148,2025-12-01,148,431399.66000000003,1,0,Decor,400.0,352.0,29.0,826.0
SKU0148,2025-12-08,127,385422.14,0,0,Decor,273.0,352.0,29.0,826.0
SKU0148,2025-12-15,128,388456.96,0,0,Decor,500.0,608.0,29.0,826.0
SKU0148,2025-12-22,108,327760.56,0,1,Decor,370.0,608.0,29.0,826.0
SKU0149,2024-02-26,144,900089.28,0,0,Furnishings,110.0,399.0,13.0,228.0
SKU0149,2024-03-04,71,443794.02,0,0,Furnishings,1.0,399.0,13.0,228.0
SKU0149,2024-03-11,157,981347.3400000001,0,0,Furnishings,274.0,0.0,13.0,228.0
SKU0149,2024-03-18,162,1012600.4400000001,0,0,Furnishings,114.0,439.0,13.0,228.0
SKU0149,2024-03-25,164,1025101.68,0,0,Furnishings,114.0,439.0,13.0,228.0
SKU0149,2024-04-01,177,1106359.74,0,0,Furnishings,329.0,0.0,13.0,228.0
SKU0149,2024-04-08,171,1068856.02,0,0,Furnishings,156.0,387.0,13.0,228.0
SKU0149,2024-04-15,61,381287.82,0,0,Furnishings,1.0,387.0,13.0,228.0
SKU0149,2024-04-22,161,1006349.8200000001,0,0,Furnishings,311.0,0.0,13.0,228.0
SKU0149,2024-04-29,167,1043853.54,0,0,Furnishings,620.0,0.0,13.0,228.0
SKU0149,2024-05-06,151,943843.62,0,0,Furnishings,446.0,0.0,13.0,228.0
SKU0149,2024-05-13,144,900089.2799999999,0,0,Furnishings,309.0,0.0,13.0,228.0
SKU0149,2024-05-20,150,937593.0,0,0,Furnishings,157.0,361.0,13.0,228.0
SKU0149,2024-05-27,145,906339.9,0,0,Furnishings,318.0,0.0,13.0,228.0
SKU0149,2024-06-03,126,787578.12,0,0,Furnishings,190.0,396.0,13.0,228.0
SKU0149,2024-06-10,168,996661.36,1,0,Furnishings,434.0,0.0,13.0,228.0
SKU0149,2024-06-17,250,1358259.73,1,0,Furnishings,586.0,0.0,13.0,228.0
SKU0149,2024-06-24,149,931342.3799999999,0,0,Furnishings,586.0,0.0,13.0,228.0
SKU0149,2024-07-01,121,756325.02,0,0,Furnishings,402.0,0.0,13.0,228.0
SKU0149,2024-07-08,101,631312.62,0,0,Furnishings,282.0,0.0,13.0,228.0
SKU0149,2024-07-15,113,706320.06,0,0,Furnishings,184.0,472.0,13.0,228.0
SKU0149,2024-07-22,126,787578.12,0,0,Furnishings,539.0,0.0,13.0,228.0
SKU0149,2024-07-29,109,681317.5800000001,0,0,Furnishings,357.0,0.0,13.0,228.0
SKU0149,2024-08-05,70,437543.39999999997,0,0,Furnishings,273.0,0.0,13.0,228.0
SKU0149,2024-08-12,89,556305.18,0,1,Furnishings,194.0,399.0,13.0,228.0
SKU0149,2024-08-19,102,637563.24,0,0,Furnishings,98.0,399.0,13.0,228.0
SKU0149,2024-08-26,101,631312.62,0,0,Furnishings,359.0,0.0,13.0,228.0
SKU0149,2024-09-02,73,456295.26,0,0,Furnishings,286.0,0.0,13.0,228.0
SKU0149,2024-09-09,48,300029.76,0,0,Furnishings,238.0,0.0,13.0,228.0
SKU0149,2024-09-16,79,493798.98,0,0,Furnishings,587.0,0.0,13.0,228.0
SKU0149,2024-09-23,70,437543.4,0,0,Furnishings,587.0,0.0,13.0,228.0
SKU0149,2024-09-30,64,400039.68,0,1,Furnishings,496.0,0.0,13.0,228.0
SKU0149,2024-10-07,70,437543.4,0,0,Furnishings,428.0,0.0,13.0,228.0
SKU0149,2024-10-14,101,543178.88,1,0,Furnishings,356.0,0.0,13.0,228.0
SKU0149,2024-10-21,75,449107.05,1,0,Furnishings,252.0,0.0,13.0,228.0
SKU0149,2024-10-28,75,468796.5,0,1,Furnishings,588.0,0.0,13.0,228.0
SKU0149,2024-11-04,71,443794.02,0,0,Furnishings,510.0,0.0,13.0,228.0
SKU0149,2024-11-11,86,537553.32,0,0,Furnishings,435.0,0.0,13.0,228.0
SKU0149,2024-11-18,65,406290.30000000005,0,0,Furnishings,364.0,0.0,13.0,228.0
SKU0149,2024-11-25,142,754449.83,1,0,Furnishings,209.0,445.0,13.0,228.0
SKU0149,2024-12-02,85,531302.7,0,0,Furnishings,569.0,0.0,13.0,228.0
SKU0149,2024-12-09,89,556305.1799999999,0,0,Furnishings,480.0,0.0,13.0,228.0
SKU0149,2024-12-16,77,481297.74,0,0,Furnishings,403.0,0.0,13.0,228.0
SKU0149,2024-12-23,95,593808.8999999999,0,1,Furnishings,403.0,0.0,13.0,228.0
SKU0149,2024-12-30,153,842896.11,1,0,Furnishings,237.0,0.0,13.0,228.0
SKU0149,2025-01-06,120,695694.0,1,0,Furnishings,633.0,0.0,13.0,228.0
SKU0149,2025-01-13,113,706320.06,0,0,Furnishings,540.0,0.0,13.0,228.0
SKU0149,2025-01-20,108,675066.96,0,1,Furnishings,429.0,0.0,13.0,228.0
SKU0149,2025-01-27,108,675066.96,0,0,Furnishings,279.0,0.0,13.0,228.0
SKU0149,2025-02-03,111,693818.82,0,0,Furnishings,166.0,343.0,13.0,228.0
SKU0149,2025-02-10,136,850084.3200000001,0,0,Furnishings,372.0,0.0,13.0,228.0
SKU0149,2025-02-17,130,812580.6,0,0,Furnishings,241.0,0.0,13.0,228.0
SKU0149,2025-02-24,115,718821.3,0,0,Furnishings,513.0,0.0,13.0,228.0
SKU0149,2025-03-03,143,893838.66,0,0,Furnishings,371.0,0.0,13.0,228.0
SKU0149,2025-03-10,143,893838.66,0,0,Furnishings,233.0,0.0,13.0,228.0
SKU0149,2025-03-17,143,893838.66,0,0,Furnishings,578.0,0.0,13.0,228.0
SKU0149,2025-03-24,135,843833.7,0,0,Furnishings,578.0,0.0,13.0,228.0
SKU0149,2025-03-31,150,937593.0,0,0,Furnishings,381.0,0.0,13.0,228.0
SKU0149,2025-04-07,146,912590.52,0,0,Furnishings,230.0,0.0,13.0,228.0
SKU0149,2025-04-14,149,931342.38,0,0,Furnishings,84.0,546.0,13.0,228.0
SKU0149,2025-04-21,137,856334.94,0,0,Furnishings,487.0,0.0,13.0,228.0
SKU0149,2025-04-28,146,912590.5199999999,0,0,Furnishings,295.0,0.0,13.0,228.0
SKU0149,2025-05-05,144,900089.28,0,0,Furnishings,152.0,369.0,13.0,228.0
SKU0149,2025-05-12,136,850084.32,0,0,Furnishings,386.0,0.0,13.0,228.0
SKU0149,2025-05-19,142,887588.04,0,0,Furnishings,243.0,0.0,13.0,228.0
SKU0149,2025-05-26,128,800079.36,0,0,Furnishings,454.0,0.0,13.0,228.0
SKU0149,2025-06-02,127,793828.74,0,0,Furnishings,327.0,0.0,13.0,228.0
SKU0149,2025-06-09,133,806955.04,1,0,Furnishings,194.0,393.0,13.0,228.0
SKU0149,2025-06-16,194,1044791.12,1,0,Furnishings,393.0,0.0,13.0,228.0
SKU0149,2025-06-23,120,750074.4,0,0,Furnishings,393.0,0.0,13.0,228.0
SKU0149,2025-06-30,106,662565.72,0,0,Furnishings,239.0,0.0,13.0,228.0
SKU0149,2025-07-07,104,650064.48,0,0,Furnishings,505.0,0.0,13.0,228.0
SKU0149,2025-07-14,98,612560.76,0,0,Furnishings,405.0,0.0,13.0,228.0
SKU0149,2025-07-21,100,625062.0,0,0,Furnishings,306.0,0.0,13.0,228.0
SKU0149,2025-07-28,86,537553.32,0,0,Furnishings,585.0,0.0,13.0,228.0
SKU0149,2025-08-04,82,512550.83999999997,0,0,Furnishings,505.0,0.0,13.0,228.0
SKU0149,2025-08-11,84,525052.08,0,1,Furnishings,422.0,0.0,13.0,228.0
SKU0149,2025-08-18,69,431292.78,0,0,Furnishings,343.0,0.0,13.0,228.0
SKU0149,2025-08-25,70,437543.4,0,0,Furnishings,343.0,0.0,13.0,228.0
SKU0149,2025-09-01,44,275027.27999999997,0,0,Furnishings,257.0,0.0,13.0,228.0
SKU0149,2025-09-08,62,387538.44,0,0,Furnishings,734.0,0.0,13.0,228.0
SKU0149,2025-09-15,48,300029.76,0,0,Furnishings,675.0,0.0,13.0,228.0
SKU0149,2025-09-22,57,356285.34,0,0,Furnishings,625.0,0.0,13.0,228.0
SKU0149,2025-09-29,67,418791.54000000004,0,1,Furnishings,549.0,0.0,13.0,228.0
SKU0149,2025-10-06,65,406290.3,0,0,Furnishings,480.0,0.0,13.0,228.0
SKU0149,2025-10-13,76,415978.77,1,0,Furnishings,417.0,0.0,13.0,228.0
SKU0149,2025-10-20,69,398477.01999999996,1,0,Furnishings,329.0,0.0,13.0,228.0
SKU0149,2025-10-27,40,250024.8,0,1,Furnishings,269.0,0.0,13.0,228.0
SKU0149,2025-11-03,68,425042.16000000003,0,0,Furnishings,202.0,566.0,13.0,228.0
SKU0149,2025-11-10,62,387538.44,0,0,Furnishings,704.0,0.0,13.0,228.0
SKU0149,2025-11-17,55,343784.1,0,0,Furnishings,652.0,0.0,13.0,228.0
SKU0149,2025-11-24,101,542241.27,1,0,Furnishings,652.0,0.0,13.0,228.0
SKU0149,2025-12-01,75,459420.57,1,0,Furnishings,532.0,0.0,13.0,228.0
SKU0149,2025-12-08,66,412540.92,0,0,Furnishings,453.0,0.0,13.0,228.0
SKU0149,2025-12-15,80,500049.6,0,0,Furnishings,396.0,0.0,13.0,228.0
SKU0149,2025-12-22,85,531302.7,0,1,Furnishings,307.0,0.0,13.0,228.0
SKU0150,2024-06-10,109,476223.78,1,0,Decor,225.0,1928.0,12.0,421.0
SKU0150,2024-06-17,159,694675.05,1,0,Decor,0.0,1928.0,12.0,421.0
SKU0150,2024-06-24,78,400922.33999999997,0,0,Decor,0.0,1928.0,12.0,421.0
SKU0150,2024-07-01,206,1058846.18,0,0,Decor,1828.0,0.0,12.0,421.0
SKU0150,2024-07-08,239,1228467.17,0,0,Decor,1629.0,0.0,12.0,421.0
SKU0150,2024-07-15,233,1197626.99,0,0,Decor,1367.0,0.0,12.0,421.0
SKU0150,2024-07-22,223,1146226.69,0,0,Decor,1136.0,0.0,12.0,421.0
SKU0150,2024-07-29,202,1038286.06,0,0,Decor,806.0,0.0,12.0,421.0
SKU0150,2024-08-05,258,1326127.74,0,0,Decor,562.0,0.0,12.0,421.0
SKU0150,2024-08-12,222,1141086.66,0,1,Decor,2221.0,0.0,12.0,421.0
SKU0150,2024-08-19,220,1130806.6,0,0,Decor,1995.0,0.0,12.0,421.0
SKU0150,2024-08-26,190,976605.7,0,0,Decor,1740.0,0.0,12.0,421.0
SKU0150,2024-09-02,151,776144.53,0,0,Decor,1589.0,0.0,12.0,421.0
SKU0150,2024-09-09,199,1022865.97,0,0,Decor,1390.0,0.0,12.0,421.0
SKU0150,2024-09-16,228,1171926.8399999999,0,0,Decor,1162.0,0.0,12.0,421.0
SKU0150,2024-09-23,180,925205.4,0,0,Decor,1162.0,0.0,12.0,421.0
SKU0150,2024-09-30,191,981745.73,0,1,Decor,898.0,0.0,12.0,421.0
SKU0150,2024-10-07,190,976605.7,0,0,Decor,724.0,0.0,12.0,421.0
SKU0150,2024-10-14,391,1725251.08,1,0,Decor,485.0,0.0,12.0,421.0
SKU0150,2024-10-21,245,1201482.01,1,0,Decor,108.0,1524.0,12.0,421.0
SKU0150,2024-10-28,158,812124.74,0,1,Decor,1372.0,0.0,12.0,421.0
SKU0150,2024-11-04,250,1285007.5,0,0,Decor,1173.0,0.0,12.0,421.0
SKU0150,2024-11-11,234,1202767.02,0,0,Decor,898.0,0.0,12.0,421.0
SKU0150,2024-11-18,230,1182206.9,0,0,Decor,672.0,0.0,12.0,421.0
SKU0150,2024-11-25,408,1782562.39,1,0,Decor,2312.0,0.0,12.0,421.0
SKU0150,2024-12-02,242,1243887.26,0,0,Decor,2070.0,0.0,12.0,421.0
SKU0150,2024-12-09,302,1552289.06,0,0,Decor,1768.0,0.0,12.0,421.0
SKU0150,2024-12-16,205,1053706.15,0,0,Decor,1563.0,0.0,12.0,421.0
SKU0150,2024-12-23,290,1490608.7,0,1,Decor,1563.0,0.0,12.0,421.0
SKU0150,2024-12-30,452,2018746.78,1,0,Decor,1093.0,0.0,12.0,421.0
SKU0150,2025-01-06,290,1402714.19,1,0,Decor,673.0,0.0,12.0,421.0
SKU0150,2025-01-13,265,1362107.95,0,0,Decor,414.0,1828.0,12.0,421.0
SKU0150,2025-01-20,274,1408368.22,0,1,Decor,1948.0,0.0,12.0,421.0
SKU0150,2025-01-27,235,1207907.05,0,0,Decor,1608.0,0.0,12.0,421.0
SKU0150,2025-02-03,274,1408368.22,0,0,Decor,1337.0,0.0,12.0,421.0
SKU0150,2025-02-10,303,1557429.09,0,0,Decor,1036.0,0.0,12.0,421.0
SKU0150,2025-02-17,262,1346687.8599999999,0,0,Decor,783.0,0.0,12.0,421.0
SKU0150,2025-02-24,287,1475188.61,0,0,Decor,501.0,0.0,12.0,421.0
SKU0150,2025-03-03,316,1624249.48,0,0,Decor,1819.0,0.0,12.0,421.0
SKU0150,2025-03-10,282,1449488.46,0,0,Decor,1529.0,0.0,12.0,421.0
SKU0150,2025-03-17,318,1634529.54,0,0,Decor,1219.0,0.0,12.0,421.0
SKU0150,2025-03-24,281,1444348.4300000002,0,0,Decor,1219.0,0.0,12.0,421.0
SKU0150,2025-03-31,268,1377528.04,0,0,Decor,815.0,0.0,12.0,421.0
SKU0150,2025-04-07,380,1953211.4000000001,0,0,Decor,521.0,0.0,12.0,421.0
SKU0150,2025-04-14,316,1624249.48,0,0,Decor,1825.0,0.0,12.0,421.0
SKU0150,2025-04-21,310,1593409.3,0,0,Decor,1536.0,0.0,12.0,421.0
SKU0150,2025-04-28,352,1809290.56,0,0,Decor,1076.0,0.0,12.0,421.0
SKU0150,2025-05-05,317,1629389.51,0,0,Decor,745.0,0.0,12.0,421.0
SKU0150,2025-05-12,262,1346687.8599999999,0,0,Decor,456.0,0.0,12.0,421.0
SKU0150,2025-05-19,303,1557429.09,0,0,Decor,174.0,1284.0,12.0,421.0
SKU0150,2025-05-26,195,1002305.85,0,0,Decor,1167.0,0.0,12.0,421.0
SKU0150,2025-06-02,344,1768170.32,0,0,Decor,823.0,0.0,12.0,421.0
SKU0150,2025-06-09,379,1897956.08,1,0,Decor,444.0,0.0,12.0,421.0
SKU0150,2025-06-16,444,1946015.36,1,0,Decor,1849.0,0.0,12.0,421.0
SKU0150,2025-06-23,297,1526588.91,0,0,Decor,1849.0,0.0,12.0,421.0
SKU0150,2025-06-30,340,1747610.2000000002,0,0,Decor,1439.0,0.0,12.0,421.0
SKU0150,2025-07-07,223,1146226.69,0,0,Decor,1100.0,0.0,12.0,421.0
SKU0150,2025-07-14,255,1310707.65,0,0,Decor,891.0,0.0,12.0,421.0
SKU0150,2025-07-21,325,1670509.75,0,0,Decor,636.0,0.0,12.0,421.0
SKU0150,2025-07-28,317,1629389.51,0,0,Decor,2090.0,0.0,12.0,421.0
SKU0150,2025-08-04,239,1228467.17,0,0,Decor,1817.0,0.0,12.0,421.0
SKU0150,2025-08-11,295,1516308.85,0,1,Decor,1530.0,0.0,12.0,421.0
SKU0150,2025-08-18,309,1588269.27,0,0,Decor,1252.0,0.0,12.0,421.0
SKU0150,2025-08-25,316,1624249.48,0,0,Decor,1252.0,0.0,12.0,421.0
SKU0150,2025-09-01,260,1336407.8,0,0,Decor,827.0,0.0,12.0,421.0
SKU0150,2025-09-08,285,1464908.55,0,0,Decor,539.0,0.0,12.0,421.0
SKU0150,2025-09-15,310,1593409.3,0,0,Decor,1762.0,0.0,12.0,421.0
SKU0150,2025-09-22,260,1336407.8,0,0,Decor,1459.0,0.0,12.0,421.0
SKU0150,2025-09-29,243,1249027.29,0,1,Decor,1119.0,0.0,12.0,421.0
SKU0150,2025-10-06,263,1351827.8900000001,0,0,Decor,863.0,0.0,12.0,421.0
SKU0150,2025-10-13,399,1788730.44,1,0,Decor,579.0,0.0,12.0,421.0
SKU0150,2025-10-20,356,1698779.92,1,0,Decor,1953.0,0.0,12.0,421.0
SKU0150,2025-10-27,317,1629389.51,0,1,Decor,1537.0,0.0,12.0,421.0
SKU0150,2025-11-03,255,1310707.65,0,0,Decor,1268.0,0.0,12.0,421.0
SKU0150,2025-11-10,355,1824710.65,0,0,Decor,913.0,0.0,12.0,421.0
SKU0150,2025-11-17,336,1727050.08,0,0,Decor,590.0,0.0,12.0,421.0
SKU0150,2025-11-24,440,1957837.41,1,0,Decor,590.0,0.0,12.0,421.0
SKU0150,2025-12-01,105,501923.93,1,0,Decor,56.0,1750.0,12.0,421.0
SKU0150,2025-12-08,276,1418648.28,0,0,Decor,1711.0,0.0,12.0,421.0
SKU0150,2025-12-15,268,1377528.04,0,0,Decor,1425.0,0.0,12.0,421.0
SKU0150,2025-12-22,319,1639669.57,0,1,Decor,1162.0,0.0,12.0,421.0
SKU0151,2024-06-10,147,364119.41,1,0,Furnishings,101.0,98.0,13.0,162.0
SKU0151,2024-06-17,74,164889.19999999998,1,0,Furnishings,0.0,98.0,13.0,162.0
SKU0151,2024-06-24,98,256902.1,0,0,Furnishings,0.0,98.0,13.0,162.0
SKU0151,2024-07-01,16,41943.2,0,0,Furnishings,1.0,102.0,13.0,162.0
SKU0151,2024-07-08,86,225444.7,0,0,Furnishings,72.0,73.0,13.0,162.0
SKU0151,2024-07-15,22,57671.9,0,0,Furnishings,1.0,73.0,13.0,162.0
SKU0151,2024-07-22,51,133693.95,0,0,Furnishings,35.0,79.0,13.0,162.0
SKU0151,2024-07-29,33,86507.85,0,0,Furnishings,80.0,0.0,13.0,162.0
SKU0151,2024-08-05,46,120586.7,0,0,Furnishings,4.0,105.0,13.0,162.0
SKU0151,2024-08-12,52,136315.4,0,1,Furnishings,95.0,68.0,13.0,162.0
SKU0151,2024-08-19,54,141558.3,0,0,Furnishings,0.0,68.0,13.0,162.0
SKU0151,2024-08-26,46,120586.7,0,0,Furnishings,22.0,115.0,13.0,162.0
SKU0151,2024-09-02,21,55050.45,0,0,Furnishings,1.0,115.0,13.0,162.0
SKU0151,2024-09-09,50,131072.5,0,0,Furnishings,66.0,123.0,13.0,162.0
SKU0151,2024-09-16,63,165151.35,0,0,Furnishings,127.0,0.0,13.0,162.0
SKU0151,2024-09-23,77,201851.65,0,0,Furnishings,127.0,0.0,13.0,162.0
SKU0151,2024-09-30,61,159908.45,0,1,Furnishings,31.0,67.0,13.0,162.0
SKU0151,2024-10-07,55,144179.75,0,0,Furnishings,32.0,90.0,13.0,162.0
SKU0151,2024-10-14,24,53477.57,1,0,Furnishings,1.0,90.0,13.0,162.0
SKU0151,2024-10-21,66,165151.35,1,0,Furnishings,37.0,116.0,13.0,162.0
SKU0151,2024-10-28,27,70779.15,0,1,Furnishings,103.0,71.0,13.0,162.0
SKU0151,2024-11-04,68,178258.6,0,0,Furnishings,38.0,71.0,13.0,162.0
SKU0151,2024-11-11,62,162529.9,0,0,Furnishings,51.0,116.0,13.0,162.0
SKU0151,2024-11-18,30,78643.5,0,0,Furnishings,1.0,116.0,13.0,162.0
SKU0151,2024-11-25,87,193856.19,1,0,Furnishings,30.0,72.0,13.0,162.0
SKU0151,2024-12-02,30,78643.5,0,0,Furnishings,0.0,72.0,13.0,162.0
SKU0151,2024-12-09,72,188744.4,0,0,Furnishings,1.0,122.0,13.0,162.0
SKU0151,2024-12-16,0,0.0,0,0,Furnishings,123.0,0.0,13.0,162.0
SKU0151,2024-12-23,63,165151.35,0,1,Furnishings,123.0,0.0,13.0,162.0
SKU0151,2024-12-30,82,192938.72,1,0,Furnishings,1.0,118.0,13.0,162.0
SKU0151,2025-01-06,96,229639.02,1,0,Furnishings,24.0,117.0,13.0,162.0
SKU0151,2025-01-13,28,73400.6,0,0,Furnishings,0.0,117.0,13.0,162.0
SKU0151,2025-01-20,89,233309.05,0,1,Furnishings,38.0,120.0,13.0,162.0
SKU0151,2025-01-27,47,123208.15,0,0,Furnishings,91.0,93.0,13.0,162.0
SKU0151,2025-02-03,72,188744.4,0,0,Furnishings,1.0,93.0,13.0,162.0
SKU0151,2025-02-10,69,180880.05,0,0,Furnishings,41.0,83.0,13.0,162.0
SKU0151,2025-02-17,24,62914.799999999996,0,0,Furnishings,1.0,83.0,13.0,162.0
SKU0151,2025-02-24,83,217580.35,0,0,Furnishings,1.0,89.0,13.0,162.0
SKU0151,2025-03-03,0,0.0,0,0,Furnishings,1.0,89.0,13.0,162.0
SKU0151,2025-03-10,89,233309.05,0,0,Furnishings,1.0,126.0,13.0,162.0
SKU0151,2025-03-17,0,0.0,0,0,Furnishings,1.0,126.0,13.0,162.0
SKU0151,2025-03-24,126,330302.7,0,0,Furnishings,1.0,126.0,13.0,162.0
SKU0151,2025-03-31,21,55050.45,0,0,Furnishings,1.0,101.0,13.0,162.0
SKU0151,2025-04-07,80,209716.0,0,0,Furnishings,33.0,0.0,13.0,162.0
SKU0151,2025-04-14,35,91750.75,0,0,Furnishings,0.0,74.0,13.0,162.0
SKU0151,2025-04-21,38,99615.1,0,0,Furnishings,1.0,99.0,13.0,162.0
SKU0151,2025-04-28,51,133693.95,0,0,Furnishings,100.0,73.0,13.0,162.0
SKU0151,2025-05-05,48,125829.59999999999,0,0,Furnishings,1.0,73.0,13.0,162.0
SKU0151,2025-05-12,74,193987.30000000002,0,0,Furnishings,50.0,74.0,13.0,162.0
SKU0151,2025-05-19,0,0.0,0,0,Furnishings,0.0,74.0,13.0,162.0
SKU0151,2025-05-26,74,193987.3,0,0,Furnishings,0.0,79.0,13.0,162.0
SKU0151,2025-06-02,0,0.0,0,0,Furnishings,0.0,79.0,13.0,162.0
SKU0151,2025-06-09,78,204473.1,1,0,Furnishings,1.0,107.0,13.0,162.0
SKU0151,2025-06-16,0,0.0,1,0,Furnishings,107.0,0.0,13.0,162.0
SKU0151,2025-06-23,107,280495.15,0,0,Furnishings,107.0,0.0,13.0,162.0
SKU0151,2025-06-30,10,26214.5,0,0,Furnishings,0.0,104.0,13.0,162.0
SKU0151,2025-07-07,94,246416.3,0,0,Furnishings,60.0,125.0,13.0,162.0
SKU0151,2025-07-14,29,76022.05,0,0,Furnishings,0.0,125.0,13.0,162.0
SKU0151,2025-07-21,96,251659.2,0,0,Furnishings,67.0,119.0,13.0,162.0
SKU0151,2025-07-28,35,91750.75,0,0,Furnishings,111.0,109.0,13.0,162.0
SKU0151,2025-08-04,83,217580.35,0,0,Furnishings,25.0,109.0,13.0,162.0
SKU0151,2025-08-11,41,107479.45000000001,0,1,Furnishings,87.0,119.0,13.0,162.0
SKU0151,2025-08-18,69,180880.05000000002,0,0,Furnishings,14.0,119.0,13.0,162.0
SKU0151,2025-08-25,50,131072.5,0,0,Furnishings,14.0,119.0,13.0,162.0
SKU0151,2025-09-01,69,180880.05,0,0,Furnishings,59.0,65.0,13.0,162.0
SKU0151,2025-09-08,64,167772.8,0,0,Furnishings,65.0,0.0,13.0,162.0
SKU0151,2025-09-15,0,0.0,0,0,Furnishings,1.0,113.0,13.0,162.0
SKU0151,2025-09-22,51,133693.95,0,0,Furnishings,109.0,92.0,13.0,162.0
SKU0151,2025-09-29,53,138936.85,0,1,Furnishings,35.0,92.0,13.0,162.0
SKU0151,2025-10-06,60,157287.0,0,0,Furnishings,78.0,96.0,13.0,162.0
SKU0151,2025-10-13,71,166462.07,1,0,Furnishings,4.0,96.0,13.0,162.0
SKU0151,2025-10-20,66,158859.87,1,0,Furnishings,20.0,81.0,13.0,162.0
SKU0151,2025-10-27,16,41943.2,0,1,Furnishings,71.0,103.0,13.0,162.0
SKU0151,2025-11-03,65,170394.25,0,0,Furnishings,5.0,103.0,13.0,162.0
SKU0151,2025-11-10,25,65536.25,0,0,Furnishings,86.0,68.0,13.0,162.0
SKU0151,2025-11-17,74,193987.3,0,0,Furnishings,15.0,68.0,13.0,162.0
SKU0151,2025-11-24,72,162005.61,1,0,Furnishings,15.0,68.0,13.0,162.0
SKU0151,2025-12-01,0,0.0,1,0,Furnishings,0.0,75.0,13.0,162.0
SKU0151,2025-12-08,72,188744.4,0,0,Furnishings,75.0,0.0,13.0,162.0
SKU0151,2025-12-15,3,7864.35,0,0,Furnishings,0.0,103.0,13.0,162.0
SKU0151,2025-12-22,81,212337.45,0,1,Furnishings,93.0,87.0,13.0,162.0
SKU0152,2024-06-10,17,104749.51000000001,1,0,Furnishings,179.0,0.0,10.0,47.0
SKU0152,2024-06-17,67,404729.8,1,0,Furnishings,110.0,0.0,10.0,47.0
SKU0152,2024-06-24,38,264483.8,0,0,Furnishings,110.0,0.0,10.0,47.0
SKU0152,2024-07-01,34,236643.4,0,0,Furnishings,64.0,0.0,10.0,47.0
SKU0152,2024-07-08,34,236643.4,0,0,Furnishings,28.0,0.0,10.0,47.0
SKU0152,2024-07-15,19,132241.9,0,0,Furnishings,15.0,23.0,10.0,47.0
SKU0152,2024-07-22,19,132241.9,0,0,Furnishings,0.0,23.0,10.0,47.0
SKU0152,2024-07-29,7,48720.7,0,0,Furnishings,0.0,26.0,10.0,47.0
SKU0152,2024-08-05,23,160082.3,0,0,Furnishings,2.0,25.0,10.0,47.0
SKU0152,2024-08-12,22,153122.2,0,1,Furnishings,12.0,24.0,10.0,47.0
SKU0152,2024-08-19,8,55680.8,0,0,Furnishings,0.0,24.0,10.0,47.0
SKU0152,2024-08-26,19,132241.9,0,0,Furnishings,1.0,37.0,10.0,47.0
SKU0152,2024-09-02,29,201842.9,0,0,Furnishings,8.0,30.0,10.0,47.0
SKU0152,2024-09-09,19,132241.9,0,0,Furnishings,19.0,21.0,10.0,47.0
SKU0152,2024-09-16,19,132241.9,0,0,Furnishings,21.0,35.0,10.0,47.0
SKU0152,2024-09-23,21,146162.1,0,0,Furnishings,21.0,35.0,10.0,47.0
SKU0152,2024-09-30,14,97441.4,0,1,Furnishings,0.0,35.0,10.0,47.0
SKU0152,2024-10-07,24,167042.4,0,0,Furnishings,10.0,28.0,10.0,47.0
SKU0152,2024-10-14,25,151034.17,1,0,Furnishings,10.0,36.0,10.0,47.0
SKU0152,2024-10-21,25,174002.5,1,0,Furnishings,36.0,0.0,10.0,47.0
SKU0152,2024-10-28,18,125281.8,0,1,Furnishings,33.0,0.0,10.0,47.0
SKU0152,2024-11-04,26,180962.6,0,0,Furnishings,3.0,30.0,10.0,47.0
SKU0152,2024-11-11,30,208803.0,0,0,Furnishings,4.0,31.0,10.0,47.0
SKU0152,2024-11-18,11,76561.1,0,0,Furnishings,28.0,19.0,10.0,47.0
SKU0152,2024-11-25,19,112405.61,1,0,Furnishings,20.0,0.0,10.0,47.0
SKU0152,2024-12-02,20,139202.0,0,0,Furnishings,0.0,36.0,10.0,47.0
SKU0152,2024-12-09,18,125281.8,0,0,Furnishings,18.0,32.0,10.0,47.0
SKU0152,2024-12-16,23,160082.3,0,0,Furnishings,28.0,37.0,10.0,47.0
SKU0152,2024-12-23,27,187922.69999999998,0,1,Furnishings,28.0,37.0,10.0,47.0
SKU0152,2024-12-30,37,218895.15,1,0,Furnishings,20.0,0.0,10.0,47.0
SKU0152,2025-01-06,7,48720.7,1,0,Furnishings,1.0,22.0,10.0,47.0
SKU0152,2025-01-13,15,104401.5,0,0,Furnishings,1.0,0.0,10.0,47.0
SKU0152,2025-01-20,38,264483.8,0,1,Furnishings,20.0,21.0,10.0,47.0
SKU0152,2025-01-27,18,125281.79999999999,0,0,Furnishings,9.0,0.0,10.0,47.0
SKU0152,2025-02-03,2,13920.2,0,0,Furnishings,1.0,37.0,10.0,47.0
SKU0152,2025-02-10,37,257523.7,0,0,Furnishings,1.0,26.0,10.0,47.0
SKU0152,2025-02-17,21,146162.09999999998,0,0,Furnishings,11.0,0.0,10.0,47.0
SKU0152,2025-02-24,11,76561.1,0,0,Furnishings,28.0,0.0,10.0,47.0
SKU0152,2025-03-03,22,153122.2,0,0,Furnishings,0.0,32.0,10.0,47.0
SKU0152,2025-03-10,32,222723.2,0,0,Furnishings,2.0,31.0,10.0,47.0
SKU0152,2025-03-17,10,69601.0,0,0,Furnishings,28.0,0.0,10.0,47.0
SKU0152,2025-03-24,21,146162.1,0,0,Furnishings,28.0,0.0,10.0,47.0
SKU0152,2025-03-31,21,146162.1,0,0,Furnishings,10.0,0.0,10.0,47.0
SKU0152,2025-04-07,18,125281.79999999999,0,0,Furnishings,0.0,19.0,10.0,47.0
SKU0152,2025-04-14,1,6960.1,0,0,Furnishings,0.0,21.0,10.0,47.0
SKU0152,2025-04-21,20,139202.0,0,0,Furnishings,3.0,37.0,10.0,47.0
SKU0152,2025-04-28,28,194882.8,0,0,Furnishings,29.0,28.0,10.0,47.0
SKU0152,2025-05-05,14,97441.4,0,0,Furnishings,1.0,28.0,10.0,47.0
SKU0152,2025-05-12,23,160082.3,0,0,Furnishings,1.0,21.0,10.0,47.0
SKU0152,2025-05-19,21,146162.1,0,0,Furnishings,2.0,0.0,10.0,47.0
SKU0152,2025-05-26,12,83521.2,0,0,Furnishings,18.0,0.0,10.0,47.0
SKU0152,2025-06-02,17,118321.70000000001,0,0,Furnishings,1.0,25.0,10.0,47.0
SKU0152,2025-06-09,26,180962.6,1,0,Furnishings,0.0,27.0,10.0,47.0
SKU0152,2025-06-16,27,165998.38,1,0,Furnishings,0.0,19.0,10.0,47.0
SKU0152,2025-06-23,0,0.0,0,0,Furnishings,0.0,19.0,10.0,47.0
SKU0152,2025-06-30,19,132241.9,0,0,Furnishings,3.0,0.0,10.0,47.0
SKU0152,2025-07-07,23,160082.3,0,0,Furnishings,0.0,26.0,10.0,47.0
SKU0152,2025-07-14,8,55680.8,0,0,Furnishings,0.0,30.0,10.0,47.0
SKU0152,2025-07-21,25,174002.5,0,0,Furnishings,9.0,29.0,10.0,47.0
SKU0152,2025-07-28,28,194882.80000000002,0,0,Furnishings,6.0,25.0,10.0,47.0
SKU0152,2025-08-04,10,69601.0,0,0,Furnishings,25.0,0.0,10.0,47.0
SKU0152,2025-08-11,15,104401.5,0,1,Furnishings,0.0,24.0,10.0,47.0
SKU0152,2025-08-18,24,167042.4,0,0,Furnishings,0.0,23.0,10.0,47.0
SKU0152,2025-08-25,13,90481.3,0,0,Furnishings,0.0,23.0,10.0,47.0
SKU0152,2025-09-01,9,62640.9,0,0,Furnishings,5.0,36.0,10.0,47.0
SKU0152,2025-09-08,36,250563.6,0,0,Furnishings,33.0,20.0,10.0,47.0
SKU0152,2025-09-15,19,132241.9,0,0,Furnishings,1.0,20.0,10.0,47.0
SKU0152,2025-09-22,7,48720.7,0,0,Furnishings,0.0,32.0,10.0,47.0
SKU0152,2025-09-29,27,187922.7,0,1,Furnishings,2.0,36.0,10.0,47.0
SKU0152,2025-10-06,27,187922.7,0,0,Furnishings,28.0,32.0,10.0,47.0
SKU0152,2025-10-13,23,145466.1,1,0,Furnishings,0.0,32.0,10.0,47.0
SKU0152,2025-10-20,17,100573.44,1,0,Furnishings,1.0,33.0,10.0,47.0
SKU0152,2025-10-27,33,229683.3,0,1,Furnishings,4.0,31.0,10.0,47.0
SKU0152,2025-11-03,15,104401.5,0,0,Furnishings,21.0,0.0,10.0,47.0
SKU0152,2025-11-10,16,111361.6,0,0,Furnishings,0.0,29.0,10.0,47.0
SKU0152,2025-11-17,29,201842.9,0,0,Furnishings,0.0,31.0,10.0,47.0
SKU0152,2025-11-24,31,183398.63,1,0,Furnishings,0.0,31.0,10.0,47.0
SKU0152,2025-12-01,4,27840.4,1,0,Furnishings,0.0,23.0,10.0,47.0
SKU0152,2025-12-08,19,132241.9,0,0,Furnishings,11.0,26.0,10.0,47.0
SKU0152,2025-12-15,26,180962.6,0,0,Furnishings,0.0,26.0,10.0,47.0
SKU0152,2025-12-22,7,48720.7,0,1,Furnishings,1.0,25.0,10.0,47.0
SKU0153,2024-03-11,30,18863.4,0,0,Decor,152.0,456.0,9.0,227.0
SKU0153,2024-03-18,216,135816.48,0,0,Decor,152.0,456.0,9.0,227.0
SKU0153,2024-03-25,197,123869.66,0,0,Decor,152.0,456.0,9.0,227.0
SKU0153,2024-04-01,220,138331.6,0,0,Decor,352.0,0.0,9.0,227.0
SKU0153,2024-04-08,216,135816.48,0,0,Decor,127.0,485.0,9.0,227.0
SKU0153,2024-04-15,214,134558.91999999998,0,0,Decor,396.0,0.0,9.0,227.0
SKU0153,2024-04-22,207,130157.46,0,0,Decor,171.0,473.0,9.0,227.0
SKU0153,2024-04-29,167,105006.26,0,0,Decor,421.0,0.0,9.0,227.0
SKU0153,2024-05-06,196,123240.88,0,0,Decor,217.0,507.0,9.0,227.0
SKU0153,2024-05-13,218,137074.04,0,0,Decor,501.0,0.0,9.0,227.0
SKU0153,2024-05-20,216,135816.48,0,0,Decor,294.0,0.0,9.0,227.0
SKU0153,2024-05-27,212,133301.36,0,0,Decor,464.0,0.0,9.0,227.0
SKU0153,2024-06-03,201,126384.78,0,0,Decor,267.0,0.0,9.0,227.0
SKU0153,2024-06-10,259,153233.68,1,0,Decor,387.0,0.0,9.0,227.0
SKU0153,2024-06-17,325,174360.69,1,0,Decor,1.0,412.0,9.0,227.0
SKU0153,2024-06-24,207,130157.46,0,0,Decor,1.0,412.0,9.0,227.0
SKU0153,2024-07-01,162,101862.36,0,0,Decor,190.0,488.0,9.0,227.0
SKU0153,2024-07-08,156,98089.68,0,0,Decor,517.0,0.0,9.0,227.0
SKU0153,2024-07-15,172,108150.16,0,0,Decor,341.0,0.0,9.0,227.0
SKU0153,2024-07-22,176,110665.28,0,0,Decor,714.0,0.0,9.0,227.0
SKU0153,2024-07-29,167,105006.26,0,0,Decor,431.0,0.0,9.0,227.0
SKU0153,2024-08-05,163,102491.14,0,0,Decor,297.0,0.0,9.0,227.0
SKU0153,2024-08-12,140,88029.20000000001,0,1,Decor,141.0,416.0,9.0,227.0
SKU0153,2024-08-19,169,106263.82,0,0,Decor,377.0,0.0,9.0,227.0
SKU0153,2024-08-26,161,101233.58,0,0,Decor,164.0,410.0,9.0,227.0
SKU0153,2024-09-02,134,84256.52,0,0,Decor,441.0,0.0,9.0,227.0
SKU0153,2024-09-09,113,71052.14,0,0,Decor,328.0,0.0,9.0,227.0
SKU0153,2024-09-16,152,95574.56,0,0,Decor,522.0,0.0,9.0,227.0
SKU0153,2024-09-23,114,71680.92,0,0,Decor,522.0,0.0,9.0,227.0
SKU0153,2024-09-30,133,83627.74,0,1,Decor,369.0,0.0,9.0,227.0
SKU0153,2024-10-07,137,86142.86,0,0,Decor,228.0,0.0,9.0,227.0
SKU0153,2024-10-14,197,106986.92,1,0,Decor,67.0,563.0,9.0,227.0
SKU0153,2024-10-21,177,106483.89,1,0,Decor,435.0,0.0,9.0,227.0
SKU0153,2024-10-28,143,89915.54000000001,0,1,Decor,219.0,469.0,9.0,227.0
SKU0153,2024-11-04,154,96832.12,0,0,Decor,514.0,0.0,9.0,227.0
SKU0153,2024-11-11,141,88657.98000000001,0,0,Decor,391.0,0.0,9.0,227.0
SKU0153,2024-11-18,115,72309.7,0,0,Decor,269.0,0.0,9.0,227.0
SKU0153,2024-11-25,242,129340.04000000001,1,0,Decor,0.0,390.0,9.0,227.0
SKU0153,2024-12-02,134,84256.52,0,0,Decor,256.0,0.0,9.0,227.0
SKU0153,2024-12-09,139,87400.42,0,0,Decor,673.0,0.0,9.0,227.0
SKU0153,2024-12-16,144,90544.32,0,0,Decor,529.0,0.0,9.0,227.0
SKU0153,2024-12-23,140,88029.2,0,1,Decor,529.0,0.0,9.0,227.0
SKU0153,2024-12-30,239,131603.65,1,0,Decor,298.0,0.0,9.0,227.0
SKU0153,2025-01-06,199,117393.22,1,0,Decor,545.0,0.0,9.0,227.0
SKU0153,2025-01-13,132,82998.96,0,0,Decor,399.0,0.0,9.0,227.0
SKU0153,2025-01-20,162,101862.36,0,1,Decor,236.0,0.0,9.0,227.0
SKU0153,2025-01-27,144,90544.32,0,0,Decor,427.0,0.0,9.0,227.0
SKU0153,2025-02-03,215,135187.7,0,0,Decor,222.0,490.0,9.0,227.0
SKU0153,2025-02-10,142,89286.76,0,0,Decor,582.0,0.0,9.0,227.0
SKU0153,2025-02-17,207,130157.46,0,0,Decor,380.0,0.0,9.0,227.0
SKU0153,2025-02-24,196,123240.88,0,0,Decor,174.0,367.0,9.0,227.0
SKU0153,2025-03-03,186,116953.08,0,0,Decor,347.0,0.0,9.0,227.0
SKU0153,2025-03-10,208,130786.24,0,0,Decor,156.0,558.0,9.0,227.0
SKU0153,2025-03-17,172,108150.16,0,0,Decor,524.0,0.0,9.0,227.0
SKU0153,2025-03-24,204,128271.12,0,0,Decor,524.0,0.0,9.0,227.0
SKU0153,2025-03-31,200,125756.0,0,0,Decor,245.0,0.0,9.0,227.0
SKU0153,2025-04-07,186,116953.08,0,0,Decor,413.0,0.0,9.0,227.0
SKU0153,2025-04-14,197,123869.66,0,0,Decor,217.0,510.0,9.0,227.0
SKU0153,2025-04-21,170,106892.6,0,0,Decor,553.0,0.0,9.0,227.0
SKU0153,2025-04-28,233,146505.74,0,0,Decor,270.0,0.0,9.0,227.0
SKU0153,2025-05-05,188,118210.64,0,0,Decor,564.0,0.0,9.0,227.0
SKU0153,2025-05-12,212,133301.36000000002,0,0,Decor,369.0,0.0,9.0,227.0
SKU0153,2025-05-19,213,133930.14,0,0,Decor,508.0,0.0,9.0,227.0
SKU0153,2025-05-26,204,128271.12000000001,0,0,Decor,223.0,486.0,9.0,227.0
SKU0153,2025-06-02,159,99976.02,0,0,Decor,64.0,486.0,9.0,227.0
SKU0153,2025-06-09,183,110822.47,1,0,Decor,367.0,0.0,9.0,227.0
SKU0153,2025-06-16,269,145562.57,1,0,Decor,98.0,483.0,9.0,227.0
SKU0153,2025-06-23,124,77968.72,0,0,Decor,98.0,483.0,9.0,227.0
SKU0153,2025-06-30,167,105006.26000000001,0,0,Decor,390.0,0.0,9.0,227.0
SKU0153,2025-07-07,101,63506.78,0,0,Decor,262.0,0.0,9.0,227.0
SKU0153,2025-07-14,115,72309.7,0,0,Decor,619.0,0.0,9.0,227.0
SKU0153,2025-07-21,146,91801.88,0,0,Decor,459.0,0.0,9.0,227.0
SKU0153,2025-07-28,145,91173.1,0,0,Decor,276.0,0.0,9.0,227.0
SKU0153,2025-08-04,126,79226.28,0,0,Decor,135.0,342.0,9.0,227.0
SKU0153,2025-08-11,139,87400.42,0,1,Decor,338.0,0.0,9.0,227.0
SKU0153,2025-08-18,122,76711.16,0,0,Decor,207.0,350.0,9.0,227.0
SKU0153,2025-08-25,101,63506.78,0,0,Decor,207.0,350.0,9.0,227.0
SKU0153,2025-09-01,97,60991.66,0,0,Decor,418.0,0.0,9.0,227.0
SKU0153,2025-09-08,129,81112.62,0,0,Decor,312.0,0.0,9.0,227.0
SKU0153,2025-09-15,104,65393.12,0,0,Decor,189.0,555.0,9.0,227.0
SKU0153,2025-09-22,136,85514.08,0,0,Decor,638.0,0.0,9.0,227.0
SKU0153,2025-09-29,95,59734.1,0,1,Decor,474.0,0.0,9.0,227.0
SKU0153,2025-10-06,117,73567.26000000001,0,0,Decor,345.0,0.0,9.0,227.0
SKU0153,2025-10-13,124,67876.8,1,0,Decor,283.0,0.0,9.0,227.0
SKU0153,2025-10-20,111,64418.51,1,0,Decor,639.0,0.0,9.0,227.0
SKU0153,2025-10-27,103,64764.340000000004,0,1,Decor,505.0,0.0,9.0,227.0
SKU0153,2025-11-03,104,65393.12,0,0,Decor,417.0,0.0,9.0,227.0
SKU0153,2025-11-10,89,55961.42,0,0,Decor,320.0,0.0,9.0,227.0
SKU0153,2025-11-17,90,56590.2,0,0,Decor,222.0,482.0,9.0,227.0
SKU0153,2025-11-24,164,88123.52,1,0,Decor,222.0,482.0,9.0,227.0
SKU0153,2025-12-01,142,86551.57,1,0,Decor,503.0,0.0,9.0,227.0
SKU0153,2025-12-08,121,76082.38,0,0,Decor,386.0,0.0,9.0,227.0
SKU0153,2025-12-15,138,86771.64,0,0,Decor,235.0,0.0,9.0,227.0
SKU0153,2025-12-22,122,76711.16,0,1,Decor,120.0,344.0,9.0,227.0
SKU0154,2024-04-01,29,14375.59,0,0,Furnishings,353.0,0.0,7.0,51.0
SKU0154,2024-04-08,79,39161.090000000004,0,0,Furnishings,353.0,0.0,7.0,51.0
SKU0154,2024-04-15,69,34203.99,0,0,Furnishings,276.0,0.0,7.0,51.0
SKU0154,2024-04-22,74,36682.54,0,0,Furnishings,204.0,0.0,7.0,51.0
SKU0154,2024-04-29,76,37673.96,0,0,Furnishings,104.0,0.0,7.0,51.0
SKU0154,2024-05-06,83,41143.93,0,0,Furnishings,22.0,101.0,7.0,51.0
SKU0154,2024-05-13,64,31725.440000000002,0,0,Furnishings,48.0,110.0,7.0,51.0
SKU0154,2024-05-20,65,32221.15,0,0,Furnishings,95.0,0.0,7.0,51.0
SKU0154,2024-05-27,70,34699.7,0,0,Furnishings,126.0,0.0,7.0,51.0
SKU0154,2024-06-03,68,33708.28,0,0,Furnishings,57.0,0.0,7.0,51.0
SKU0154,2024-06-10,73,34699.7,1,0,Furnishings,91.0,0.0,7.0,51.0
SKU0154,2024-06-17,108,46621.53,1,0,Furnishings,104.0,0.0,7.0,51.0
SKU0154,2024-06-24,66,32716.86,0,0,Furnishings,104.0,0.0,7.0,51.0
SKU0154,2024-07-01,50,24785.5,0,0,Furnishings,22.0,119.0,7.0,51.0
SKU0154,2024-07-08,46,22802.66,0,0,Furnishings,95.0,0.0,7.0,51.0
SKU0154,2024-07-15,48,23794.08,0,0,Furnishings,44.0,89.0,7.0,51.0
SKU0154,2024-07-22,55,27264.05,0,0,Furnishings,87.0,0.0,7.0,51.0
SKU0154,2024-07-29,53,26272.63,0,0,Furnishings,99.0,0.0,7.0,51.0
SKU0154,2024-08-05,55,27264.050000000003,0,0,Furnishings,47.0,110.0,7.0,51.0
SKU0154,2024-08-12,49,24289.79,0,1,Furnishings,111.0,0.0,7.0,51.0
SKU0154,2024-08-19,52,25776.920000000002,0,0,Furnishings,58.0,0.0,7.0,51.0
SKU0154,2024-08-26,51,25281.21,0,0,Furnishings,70.0,0.0,7.0,51.0
SKU0154,2024-09-02,50,24785.5,0,0,Furnishings,145.0,0.0,7.0,51.0
SKU0154,2024-09-09,46,22802.66,0,0,Furnishings,99.0,0.0,7.0,51.0
SKU0154,2024-09-16,38,18836.98,0,0,Furnishings,61.0,0.0,7.0,51.0
SKU0154,2024-09-23,39,19332.690000000002,0,0,Furnishings,61.0,0.0,7.0,51.0
SKU0154,2024-09-30,55,27264.05,0,1,Furnishings,78.0,0.0,7.0,51.0
SKU0154,2024-10-07,44,21811.24,0,0,Furnishings,30.0,119.0,7.0,51.0
SKU0154,2024-10-14,95,40623.44,1,0,Furnishings,94.0,0.0,7.0,51.0
SKU0154,2024-10-21,41,19134.41,1,0,Furnishings,4.0,90.0,7.0,51.0
SKU0154,2024-10-28,54,26768.34,0,1,Furnishings,137.0,0.0,7.0,51.0
SKU0154,2024-11-04,45,22306.95,0,0,Furnishings,83.0,0.0,7.0,51.0
SKU0154,2024-11-11,49,24289.79,0,0,Furnishings,36.0,109.0,7.0,51.0
SKU0154,2024-11-18,41,20324.11,0,0,Furnishings,106.0,0.0,7.0,51.0
SKU0154,2024-11-25,90,37921.81,1,0,Furnishings,100.0,0.0,7.0,51.0
SKU0154,2024-12-02,58,28751.18,0,0,Furnishings,42.0,93.0,7.0,51.0
SKU0154,2024-12-09,63,31229.73,0,0,Furnishings,72.0,0.0,7.0,51.0
SKU0154,2024-12-16,52,25776.920000000002,0,0,Furnishings,142.0,0.0,7.0,51.0
SKU0154,2024-12-23,49,24289.79,0,1,Furnishings,142.0,0.0,7.0,51.0
SKU0154,2024-12-30,90,39557.66,1,0,Furnishings,54.0,0.0,7.0,51.0
SKU0154,2025-01-06,24,11673.97,1,0,Furnishings,0.0,85.0,7.0,51.0
SKU0154,2025-01-13,48,23794.08,0,0,Furnishings,40.0,111.0,7.0,51.0
SKU0154,2025-01-20,69,34203.990000000005,0,1,Furnishings,96.0,0.0,7.0,51.0
SKU0154,2025-01-27,61,30238.31,0,0,Furnishings,101.0,0.0,7.0,51.0
SKU0154,2025-02-03,60,29742.600000000002,0,0,Furnishings,35.0,103.0,7.0,51.0
SKU0154,2025-02-10,49,24289.79,0,0,Furnishings,88.0,0.0,7.0,51.0
SKU0154,2025-02-17,65,32221.15,0,0,Furnishings,126.0,0.0,7.0,51.0
SKU0154,2025-02-24,66,32716.86,0,0,Furnishings,62.0,0.0,7.0,51.0
SKU0154,2025-03-03,55,27264.050000000003,0,0,Furnishings,108.0,0.0,7.0,51.0
SKU0154,2025-03-10,72,35691.12,0,0,Furnishings,40.0,112.0,7.0,51.0
SKU0154,2025-03-17,45,22306.95,0,0,Furnishings,103.0,0.0,7.0,51.0
SKU0154,2025-03-24,64,31725.440000000002,0,0,Furnishings,103.0,0.0,7.0,51.0
SKU0154,2025-03-31,55,27264.050000000003,0,0,Furnishings,9.0,102.0,7.0,51.0
SKU0154,2025-04-07,69,34203.99,0,0,Furnishings,55.0,0.0,7.0,51.0
SKU0154,2025-04-14,64,31725.440000000002,0,0,Furnishings,70.0,0.0,7.0,51.0
SKU0154,2025-04-21,47,23298.37,0,0,Furnishings,3.0,109.0,7.0,51.0
SKU0154,2025-04-28,56,27759.760000000002,0,0,Furnishings,50.0,93.0,7.0,51.0
SKU0154,2025-05-05,61,30238.31,0,0,Furnishings,93.0,0.0,7.0,51.0
SKU0154,2025-05-12,65,32221.15,0,0,Furnishings,139.0,0.0,7.0,51.0
SKU0154,2025-05-19,70,34699.7,0,0,Furnishings,70.0,0.0,7.0,51.0
SKU0154,2025-05-26,70,34699.7,0,0,Furnishings,105.0,0.0,7.0,51.0
SKU0154,2025-06-02,56,27759.76,0,0,Furnishings,49.0,106.0,7.0,51.0
SKU0154,2025-06-09,67,32469.0,1,0,Furnishings,88.0,0.0,7.0,51.0
SKU0154,2025-06-16,105,44836.97,1,0,Furnishings,78.0,0.0,7.0,51.0
SKU0154,2025-06-23,59,29246.89,0,0,Furnishings,78.0,0.0,7.0,51.0
SKU0154,2025-06-30,61,30238.31,0,0,Furnishings,107.0,0.0,7.0,51.0
SKU0154,2025-07-07,53,26272.63,0,0,Furnishings,50.0,78.0,7.0,51.0
SKU0154,2025-07-14,54,26768.34,0,0,Furnishings,74.0,0.0,7.0,51.0
SKU0154,2025-07-21,66,32716.86,0,0,Furnishings,22.0,77.0,7.0,51.0
SKU0154,2025-07-28,45,22306.95,0,0,Furnishings,111.0,0.0,7.0,51.0
SKU0154,2025-08-04,53,26272.63,0,0,Furnishings,56.0,0.0,7.0,51.0
SKU0154,2025-08-11,46,22802.66,0,1,Furnishings,119.0,0.0,7.0,51.0
SKU0154,2025-08-18,45,22306.95,0,0,Furnishings,75.0,0.0,7.0,51.0
SKU0154,2025-08-25,51,25281.210000000003,0,0,Furnishings,75.0,0.0,7.0,51.0
SKU0154,2025-09-01,44,21811.24,0,0,Furnishings,101.0,0.0,7.0,51.0
SKU0154,2025-09-08,42,20819.82,0,0,Furnishings,52.0,0.0,7.0,51.0
SKU0154,2025-09-15,55,27264.05,0,0,Furnishings,101.0,0.0,7.0,51.0
SKU0154,2025-09-22,40,19828.4,0,0,Furnishings,48.0,127.0,7.0,51.0
SKU0154,2025-09-29,48,23794.08,0,1,Furnishings,107.0,0.0,7.0,51.0
SKU0154,2025-10-06,52,25776.920000000002,0,0,Furnishings,64.0,0.0,7.0,51.0
SKU0154,2025-10-13,69,30040.03,1,0,Furnishings,1.0,91.0,7.0,51.0
SKU0154,2025-10-20,58,26817.91,1,0,Furnishings,22.0,93.0,7.0,51.0
SKU0154,2025-10-27,46,22802.66,0,1,Furnishings,55.0,0.0,7.0,51.0
SKU0154,2025-11-03,52,25776.920000000002,0,0,Furnishings,105.0,0.0,7.0,51.0
SKU0154,2025-11-10,39,19332.690000000002,0,0,Furnishings,62.0,0.0,7.0,51.0
SKU0154,2025-11-17,41,20324.11,0,0,Furnishings,140.0,0.0,7.0,51.0
SKU0154,2025-11-24,60,25727.34,1,0,Furnishings,140.0,0.0,7.0,51.0
SKU0154,2025-12-01,55,26371.77,1,0,Furnishings,65.0,0.0,7.0,51.0
SKU0154,2025-12-08,48,23794.08,0,0,Furnishings,110.0,0.0,7.0,51.0
SKU0154,2025-12-15,51,25281.21,0,0,Furnishings,60.0,0.0,7.0,51.0
SKU0154,2025-12-22,47,23298.37,0,1,Furnishings,105.0,0.0,7.0,51.0
SKU0155,2024-10-07,15,106764.29999999999,0,0,Furnishings,153.0,126.0,28.0,163.0
SKU0155,2024-10-14,42,256234.33,1,0,Furnishings,153.0,126.0,28.0,163.0
SKU0155,2024-10-21,38,261928.41999999998,1,0,Furnishings,106.0,126.0,28.0,163.0
SKU0155,2024-10-28,29,206410.97999999998,0,1,Furnishings,63.0,126.0,28.0,163.0
SKU0155,2024-11-04,37,263351.94,0,0,Furnishings,155.0,0.0,28.0,163.0
SKU0155,2024-11-11,33,234881.46,0,0,Furnishings,116.0,129.0,28.0,163.0
SKU0155,2024-11-18,33,234881.46,0,0,Furnishings,82.0,129.0,28.0,163.0
SKU0155,2024-11-25,66,399298.47000000003,1,0,Furnishings,11.0,129.0,28.0,163.0
SKU0155,2024-12-02,19,135234.78,0,0,Furnishings,121.0,71.0,28.0,163.0
SKU0155,2024-12-09,23,163705.26,0,0,Furnishings,98.0,71.0,28.0,163.0
SKU0155,2024-12-16,40,284704.8,0,0,Furnishings,58.0,71.0,28.0,163.0
SKU0155,2024-12-23,37,263351.94,0,1,Furnishings,58.0,71.0,28.0,163.0
SKU0155,2024-12-30,43,271893.08,1,0,Furnishings,0.0,71.0,28.0,163.0
SKU0155,2025-01-06,48,317089.97,1,0,Furnishings,17.0,65.0,28.0,163.0
SKU0155,2025-01-13,0,0.0,0,0,Furnishings,1.0,65.0,28.0,163.0
SKU0155,2025-01-20,0,0.0,0,1,Furnishings,1.0,65.0,28.0,163.0
SKU0155,2025-01-27,12,85411.44,0,0,Furnishings,61.0,121.0,28.0,163.0
SKU0155,2025-02-03,41,291822.42,0,0,Furnishings,21.0,121.0,28.0,163.0
SKU0155,2025-02-10,13,92529.06,0,0,Furnishings,0.0,121.0,28.0,163.0
SKU0155,2025-02-17,0,0.0,0,0,Furnishings,0.0,121.0,28.0,163.0
SKU0155,2025-02-24,13,92529.06,0,0,Furnishings,117.0,97.0,28.0,163.0
SKU0155,2025-03-03,55,391469.1,0,0,Furnishings,60.0,97.0,28.0,163.0
SKU0155,2025-03-10,51,362998.62,0,0,Furnishings,10.0,97.0,28.0,163.0
SKU0155,2025-03-17,2,14235.24,0,0,Furnishings,1.0,97.0,28.0,163.0
SKU0155,2025-03-24,14,99646.68,0,0,Furnishings,1.0,97.0,28.0,163.0
SKU0155,2025-03-31,51,362998.62,0,0,Furnishings,71.0,129.0,28.0,163.0
SKU0155,2025-04-07,32,227763.84,0,0,Furnishings,14.0,129.0,28.0,163.0
SKU0155,2025-04-14,0,0.0,0,0,Furnishings,1.0,129.0,28.0,163.0
SKU0155,2025-04-21,17,120999.54000000001,0,0,Furnishings,1.0,129.0,28.0,163.0
SKU0155,2025-04-28,52,370116.24,0,0,Furnishings,82.0,104.0,28.0,163.0
SKU0155,2025-05-05,54,384351.48,0,0,Furnishings,27.0,104.0,28.0,163.0
SKU0155,2025-05-12,7,49823.34,0,0,Furnishings,0.0,104.0,28.0,163.0
SKU0155,2025-05-19,12,85411.44,0,0,Furnishings,0.0,104.0,28.0,163.0
SKU0155,2025-05-26,56,398586.72,0,0,Furnishings,36.0,91.0,28.0,163.0
SKU0155,2025-06-02,36,256234.32,0,0,Furnishings,0.0,91.0,28.0,163.0
SKU0155,2025-06-09,0,0.0,1,0,Furnishings,0.0,91.0,28.0,163.0
SKU0155,2025-06-16,11,69752.68,1,0,Furnishings,81.0,0.0,28.0,163.0
SKU0155,2025-06-23,45,320292.9,0,0,Furnishings,81.0,0.0,28.0,163.0
SKU0155,2025-06-30,35,249116.7,0,0,Furnishings,21.0,121.0,28.0,163.0
SKU0155,2025-07-07,0,0.0,0,0,Furnishings,1.0,121.0,28.0,163.0
SKU0155,2025-07-14,13,92529.06,0,0,Furnishings,1.0,121.0,28.0,163.0
SKU0155,2025-07-21,43,306057.66,0,0,Furnishings,95.0,90.0,28.0,163.0
SKU0155,2025-07-28,34,241999.08,0,0,Furnishings,42.0,90.0,28.0,163.0
SKU0155,2025-08-04,31,220646.22,0,0,Furnishings,1.0,90.0,28.0,163.0
SKU0155,2025-08-11,13,92529.06,0,1,Furnishings,90.0,94.0,28.0,163.0
SKU0155,2025-08-18,46,327410.52,0,0,Furnishings,45.0,94.0,28.0,163.0
SKU0155,2025-08-25,31,220646.22,0,0,Furnishings,45.0,94.0,28.0,163.0
SKU0155,2025-09-01,0,0.0,0,0,Furnishings,0.0,94.0,28.0,163.0
SKU0155,2025-09-08,12,85411.44,0,0,Furnishings,0.0,94.0,28.0,163.0
SKU0155,2025-09-15,32,227763.84,0,0,Furnishings,77.0,74.0,28.0,163.0
SKU0155,2025-09-22,30,213528.6,0,0,Furnishings,46.0,74.0,28.0,163.0
SKU0155,2025-09-29,20,142352.4,0,1,Furnishings,5.0,74.0,28.0,163.0
SKU0155,2025-10-06,10,71176.2,0,0,Furnishings,1.0,74.0,28.0,163.0
SKU0155,2025-10-13,49,306057.66000000003,1,0,Furnishings,45.0,107.0,28.0,163.0
SKU0155,2025-10-20,15,90749.65,1,0,Furnishings,0.0,107.0,28.0,163.0
SKU0155,2025-10-27,0,0.0,0,1,Furnishings,0.0,107.0,28.0,163.0
SKU0155,2025-11-03,9,64058.58,0,0,Furnishings,105.0,107.0,28.0,163.0
SKU0155,2025-11-10,29,206410.98,0,0,Furnishings,74.0,107.0,28.0,163.0
SKU0155,2025-11-17,36,256234.32,0,0,Furnishings,37.0,107.0,28.0,163.0
SKU0155,2025-11-24,33,204987.44999999998,1,0,Furnishings,37.0,107.0,28.0,163.0
SKU0155,2025-12-01,14,99646.68,1,0,Furnishings,1.0,107.0,28.0,163.0
SKU0155,2025-12-08,40,284704.8,0,0,Furnishings,89.0,70.0,28.0,163.0
SKU0155,2025-12-15,42,298940.04,0,0,Furnishings,49.0,70.0,28.0,163.0
SKU0155,2025-12-22,12,85411.44,0,1,Furnishings,6.0,70.0,28.0,163.0
SKU0156,2024-11-04,82,177812.08000000002,0,0,Small Appliances,33.0,1763.0,20.0,396.0
SKU0156,2024-11-11,25,54211.0,0,0,Small Appliances,0.0,1763.0,20.0,396.0
SKU0156,2024-11-18,0,0.0,0,0,Small Appliances,0.0,1763.0,20.0,396.0
SKU0156,2024-11-25,190,350203.06,1,0,Small Appliances,1573.0,0.0,20.0,396.0
SKU0156,2024-12-02,167,362129.48,0,0,Small Appliances,1406.0,0.0,20.0,396.0
SKU0156,2024-12-09,130,281897.2,0,0,Small Appliances,1276.0,0.0,20.0,396.0
SKU0156,2024-12-16,132,286234.07999999996,0,0,Small Appliances,1144.0,0.0,20.0,396.0
SKU0156,2024-12-23,125,271055.0,0,1,Small Appliances,1144.0,0.0,20.0,396.0
SKU0156,2024-12-30,211,401269.83,1,0,Small Appliances,937.0,0.0,20.0,396.0
SKU0156,2025-01-06,225,455047.13,1,0,Small Appliances,679.0,0.0,20.0,396.0
SKU0156,2025-01-13,168,364297.92,0,0,Small Appliances,500.0,0.0,20.0,396.0
SKU0156,2025-01-20,182,394656.07999999996,0,1,Small Appliances,339.0,1680.0,20.0,396.0
SKU0156,2025-01-27,197,427182.68,0,0,Small Appliances,1732.0,0.0,20.0,396.0
SKU0156,2025-02-03,207,448867.08,0,0,Small Appliances,1542.0,0.0,20.0,396.0
SKU0156,2025-02-10,207,448867.08,0,0,Small Appliances,1327.0,0.0,20.0,396.0
SKU0156,2025-02-17,221,479225.24,0,0,Small Appliances,1106.0,0.0,20.0,396.0
SKU0156,2025-02-24,203,440193.32,0,0,Small Appliances,899.0,0.0,20.0,396.0
SKU0156,2025-03-03,240,520425.6,0,0,Small Appliances,665.0,0.0,20.0,396.0
SKU0156,2025-03-10,227,492235.88,0,0,Small Appliances,431.0,0.0,20.0,396.0
SKU0156,2025-03-17,205,444530.2,0,0,Small Appliances,223.0,1904.0,20.0,396.0
SKU0156,2025-03-24,229,496572.76,0,0,Small Appliances,223.0,1904.0,20.0,396.0
SKU0156,2025-03-31,217,470551.48,0,0,Small Appliances,1810.0,0.0,20.0,396.0
SKU0156,2025-04-07,229,496572.76,0,0,Small Appliances,1589.0,0.0,20.0,396.0
SKU0156,2025-04-14,225,487899.0,0,0,Small Appliances,1363.0,0.0,20.0,396.0
SKU0156,2025-04-21,205,444530.2,0,0,Small Appliances,1148.0,0.0,20.0,396.0
SKU0156,2025-04-28,224,485730.56,0,0,Small Appliances,860.0,0.0,20.0,396.0
SKU0156,2025-05-05,202,438024.88,0,0,Small Appliances,634.0,0.0,20.0,396.0
SKU0156,2025-05-12,205,444530.2,0,0,Small Appliances,437.0,0.0,20.0,396.0
SKU0156,2025-05-19,240,520425.6,0,0,Small Appliances,205.0,1863.0,20.0,396.0
SKU0156,2025-05-26,214,464046.16000000003,0,0,Small Appliances,1767.0,0.0,20.0,396.0
SKU0156,2025-06-02,206,446698.64,0,0,Small Appliances,1561.0,0.0,20.0,396.0
SKU0156,2025-06-09,230,485405.29000000004,1,0,Small Appliances,1331.0,0.0,20.0,396.0
SKU0156,2025-06-16,322,600983.15,1,0,Small Appliances,1009.0,0.0,20.0,396.0
SKU0156,2025-06-23,234,507414.96,0,0,Small Appliances,1009.0,0.0,20.0,396.0
SKU0156,2025-06-30,179,388150.76,0,0,Small Appliances,724.0,0.0,20.0,396.0
SKU0156,2025-07-07,174,377308.56,0,0,Small Appliances,554.0,0.0,20.0,396.0
SKU0156,2025-07-14,198,429351.12,0,0,Small Appliances,368.0,1453.0,20.0,396.0
SKU0156,2025-07-21,177,383813.88,0,0,Small Appliances,186.0,1453.0,20.0,396.0
SKU0156,2025-07-28,125,271055.0,0,0,Small Appliances,1410.0,0.0,20.0,396.0
SKU0156,2025-08-04,164,355624.16000000003,0,0,Small Appliances,1248.0,0.0,20.0,396.0
SKU0156,2025-08-11,149,323097.56,0,1,Small Appliances,1097.0,0.0,20.0,396.0
SKU0156,2025-08-18,150,325266.0,0,0,Small Appliances,942.0,0.0,20.0,396.0
SKU0156,2025-08-25,154,333939.76,0,0,Small Appliances,942.0,0.0,20.0,396.0
SKU0156,2025-09-01,139,301413.16000000003,0,0,Small Appliances,738.0,0.0,20.0,396.0
SKU0156,2025-09-08,116,251539.04,0,0,Small Appliances,604.0,0.0,20.0,396.0
SKU0156,2025-09-15,117,253707.48,0,0,Small Appliances,479.0,0.0,20.0,396.0
SKU0156,2025-09-22,160,346950.4,0,0,Small Appliances,2296.0,0.0,20.0,396.0
SKU0156,2025-09-29,100,216844.0,0,1,Small Appliances,2113.0,0.0,20.0,396.0
SKU0156,2025-10-06,89,192991.16,0,0,Small Appliances,2018.0,0.0,20.0,396.0
SKU0156,2025-10-13,208,393788.69,1,0,Small Appliances,1911.0,0.0,20.0,396.0
SKU0156,2025-10-20,140,280487.72000000003,1,0,Small Appliances,1680.0,0.0,20.0,396.0
SKU0156,2025-10-27,116,251539.04,0,1,Small Appliances,1541.0,0.0,20.0,396.0
SKU0156,2025-11-03,132,286234.08,0,0,Small Appliances,1400.0,0.0,20.0,396.0
SKU0156,2025-11-10,126,273223.44,0,0,Small Appliances,1271.0,0.0,20.0,396.0
SKU0156,2025-11-17,141,305750.04,0,0,Small Appliances,1141.0,0.0,20.0,396.0
SKU0156,2025-11-24,249,468057.78,1,0,Small Appliances,1141.0,0.0,20.0,396.0
SKU0156,2025-12-01,164,342613.52,1,0,Small Appliances,827.0,0.0,20.0,396.0
SKU0156,2025-12-08,124,268886.56,0,0,Small Appliances,685.0,0.0,20.0,396.0
SKU0156,2025-12-15,118,255875.91999999998,0,0,Small Appliances,566.0,0.0,20.0,396.0
SKU0156,2025-12-22,133,288402.52,0,1,Small Appliances,446.0,0.0,20.0,396.0
SKU0157,2025-03-31,101,499255.12,0,0,Furnishings,24.0,794.0,16.0,428.0
SKU0157,2025-04-07,119,588231.28,0,0,Furnishings,24.0,794.0,16.0,428.0
SKU0157,2025-04-14,0,0.0,0,0,Furnishings,1.0,794.0,16.0,428.0
SKU0157,2025-04-21,319,1576855.28,0,0,Furnishings,721.0,0.0,16.0,428.0
SKU0157,2025-04-28,308,1522480.96,0,0,Furnishings,295.0,658.0,16.0,428.0
SKU0157,2025-05-05,227,1122088.24,0,0,Furnishings,690.0,0.0,16.0,428.0
SKU0157,2025-05-12,331,1636172.72,0,0,Furnishings,395.0,791.0,16.0,428.0
SKU0157,2025-05-19,322,1591684.64,0,0,Furnishings,880.0,0.0,16.0,428.0
SKU0157,2025-05-26,323,1596627.76,0,0,Furnishings,415.0,790.0,16.0,428.0
SKU0157,2025-06-02,230,1136917.5999999999,0,0,Furnishings,975.0,0.0,16.0,428.0
SKU0157,2025-06-09,295,1411507.92,1,0,Furnishings,680.0,0.0,16.0,428.0
SKU0157,2025-06-16,434,1847985.41,1,0,Furnishings,246.0,1010.0,16.0,428.0
SKU0157,2025-06-23,246,1216007.52,0,0,Furnishings,246.0,1010.0,16.0,428.0
SKU0157,2025-06-30,184,909534.0800000001,0,0,Furnishings,949.0,0.0,16.0,428.0
SKU0157,2025-07-07,180,889761.6,0,0,Furnishings,768.0,0.0,16.0,428.0
SKU0157,2025-07-14,175,865046.0,0,0,Furnishings,617.0,0.0,16.0,428.0
SKU0157,2025-07-21,193,954022.1599999999,0,0,Furnishings,387.0,923.0,16.0,428.0
SKU0157,2025-07-28,196,968851.52,0,0,Furnishings,1060.0,0.0,16.0,428.0
SKU0157,2025-08-04,109,538800.08,0,0,Furnishings,919.0,0.0,16.0,428.0
SKU0157,2025-08-11,157,776069.84,0,1,Furnishings,776.0,0.0,16.0,428.0
SKU0157,2025-08-18,137,677207.44,0,0,Furnishings,627.0,0.0,16.0,428.0
SKU0157,2025-08-25,164,810671.6799999999,0,0,Furnishings,627.0,0.0,16.0,428.0
SKU0157,2025-09-01,116,573401.9199999999,0,0,Furnishings,426.0,919.0,16.0,428.0
SKU0157,2025-09-08,90,444880.8,0,0,Furnishings,317.0,919.0,16.0,428.0
SKU0157,2025-09-15,150,741468.0,0,0,Furnishings,1130.0,0.0,16.0,428.0
SKU0157,2025-09-22,147,726638.64,0,0,Furnishings,993.0,0.0,16.0,428.0
SKU0157,2025-09-29,126,622833.12,0,1,Furnishings,810.0,0.0,16.0,428.0
SKU0157,2025-10-06,110,543743.2,0,0,Furnishings,671.0,0.0,16.0,428.0
SKU0157,2025-10-13,138,608003.76,1,0,Furnishings,552.0,0.0,16.0,428.0
SKU0157,2025-10-20,82,383833.27,1,0,Furnishings,449.0,0.0,16.0,428.0
SKU0157,2025-10-27,58,286700.96,0,1,Furnishings,982.0,0.0,16.0,428.0
SKU0157,2025-11-03,99,489368.88,0,0,Furnishings,883.0,0.0,16.0,428.0
SKU0157,2025-11-10,137,677207.44,0,0,Furnishings,750.0,0.0,16.0,428.0
SKU0157,2025-11-17,108,533856.96,0,0,Furnishings,644.0,0.0,16.0,428.0
SKU0157,2025-11-24,136,590702.85,1,0,Furnishings,644.0,0.0,16.0,428.0
SKU0157,2025-12-01,210,1008396.48,1,0,Furnishings,456.0,0.0,16.0,428.0
SKU0157,2025-12-08,132,652491.84,0,0,Furnishings,267.0,649.0,16.0,428.0
SKU0157,2025-12-15,149,736524.8799999999,0,0,Furnishings,135.0,649.0,16.0,428.0
SKU0157,2025-12-22,93,459710.16,0,1,Furnishings,620.0,0.0,16.0,428.0
SKU0158,2025-02-10,148,581381.0,0,0,Furnishings,83.0,278.0,16.0,406.0
SKU0158,2025-02-17,75,294618.75,0,0,Furnishings,0.0,278.0,16.0,406.0
SKU0158,2025-02-24,71,278905.75,0,0,Furnishings,216.0,0.0,16.0,406.0
SKU0158,2025-03-03,176,691372.0,0,0,Furnishings,57.0,225.0,16.0,406.0
SKU0158,2025-03-10,76,298547.0,0,0,Furnishings,205.0,0.0,16.0,406.0
SKU0158,2025-03-17,180,707085.0,0,0,Furnishings,27.0,246.0,16.0,406.0
SKU0158,2025-03-24,0,0.0,0,0,Furnishings,27.0,246.0,16.0,406.0
SKU0158,2025-03-31,202,793506.5,0,0,Furnishings,187.0,0.0,16.0,406.0
SKU0158,2025-04-07,44,172843.0,0,0,Furnishings,0.0,173.0,16.0,406.0
SKU0158,2025-04-14,164,644233.0,0,0,Furnishings,173.0,170.0,16.0,406.0
SKU0158,2025-04-21,9,35354.25,0,0,Furnishings,0.0,170.0,16.0,406.0
SKU0158,2025-04-28,92,361399.0,0,0,Furnishings,170.0,0.0,16.0,406.0
SKU0158,2025-05-05,78,306403.5,0,0,Furnishings,0.0,232.0,16.0,406.0
SKU0158,2025-05-12,36,141417.0,0,0,Furnishings,0.0,232.0,16.0,406.0
SKU0158,2025-05-19,195,766008.75,0,0,Furnishings,71.0,268.0,16.0,406.0
SKU0158,2025-05-26,0,0.0,0,0,Furnishings,1.0,268.0,16.0,406.0
SKU0158,2025-06-02,184,722798.0,0,0,Furnishings,85.0,217.0,16.0,406.0
SKU0158,2025-06-09,84,329973.0,1,0,Furnishings,1.0,217.0,16.0,406.0
SKU0158,2025-06-16,153,526189.09,1,0,Furnishings,65.0,169.0,16.0,406.0
SKU0158,2025-06-23,65,255336.25,0,0,Furnishings,65.0,169.0,16.0,406.0
SKU0158,2025-06-30,30,117847.5,0,0,Furnishings,0.0,169.0,16.0,406.0
SKU0158,2025-07-07,139,546026.75,0,0,Furnishings,102.0,234.0,16.0,406.0
SKU0158,2025-07-14,0,0.0,0,0,Furnishings,1.0,234.0,16.0,406.0
SKU0158,2025-07-21,206,809219.5,0,0,Furnishings,172.0,283.0,16.0,406.0
SKU0158,2025-07-28,28,109991.0,0,0,Furnishings,0.0,283.0,16.0,406.0
SKU0158,2025-08-04,98,384968.5,0,0,Furnishings,222.0,283.0,16.0,406.0
SKU0158,2025-08-11,133,522457.25,0,1,Furnishings,73.0,283.0,16.0,406.0
SKU0158,2025-08-18,119,467461.75,0,0,Furnishings,256.0,319.0,16.0,406.0
SKU0158,2025-08-25,151,593165.75,0,0,Furnishings,256.0,319.0,16.0,406.0
SKU0158,2025-09-01,79,310331.75,0,0,Furnishings,49.0,319.0,16.0,406.0
SKU0158,2025-09-08,179,703156.75,0,0,Furnishings,273.0,235.0,16.0,406.0
SKU0158,2025-09-15,124,487103.0,0,0,Furnishings,111.0,235.0,16.0,406.0
SKU0158,2025-09-22,102,400681.5,0,0,Furnishings,236.0,0.0,16.0,406.0
SKU0158,2025-09-29,131,514600.75,0,1,Furnishings,77.0,205.0,16.0,406.0
SKU0158,2025-10-06,70,274977.5,0,0,Furnishings,206.0,0.0,16.0,406.0
SKU0158,2025-10-13,139,491816.9,1,0,Furnishings,58.0,186.0,16.0,406.0
SKU0158,2025-10-20,33,129632.25,1,0,Furnishings,1.0,186.0,16.0,406.0
SKU0158,2025-10-27,149,585309.25,0,1,Furnishings,26.0,269.0,16.0,406.0
SKU0158,2025-11-03,4,15713.0,0,0,Furnishings,0.0,269.0,16.0,406.0
SKU0158,2025-11-10,98,384968.5,0,0,Furnishings,187.0,196.0,16.0,406.0
SKU0158,2025-11-17,136,534242.0,0,0,Furnishings,64.0,196.0,16.0,406.0
SKU0158,2025-11-24,217,738707.4,1,0,Furnishings,64.0,196.0,16.0,406.0
SKU0158,2025-12-01,14,46746.17,1,0,Furnishings,1.0,173.0,16.0,406.0
SKU0158,2025-12-08,72,282834.0,0,0,Furnishings,1.0,173.0,16.0,406.0
SKU0158,2025-12-15,101,396753.25,0,0,Furnishings,76.0,253.0,16.0,406.0
SKU0158,2025-12-22,18,70708.5,0,1,Furnishings,1.0,253.0,16.0,406.0
SKU0159,2024-07-22,60,155659.2,0,0,Furnishings,0.0,3135.0,24.0,834.0
SKU0159,2024-07-29,33,85612.56,0,0,Furnishings,0.0,3135.0,24.0,834.0
SKU0159,2024-08-05,0,0.0,0,0,Furnishings,0.0,3135.0,24.0,834.0
SKU0159,2024-08-12,0,0.0,0,1,Furnishings,0.0,3135.0,24.0,834.0
SKU0159,2024-08-19,159,412496.88,0,0,Furnishings,3036.0,0.0,24.0,834.0
SKU0159,2024-08-26,167,433251.44,0,0,Furnishings,2809.0,0.0,24.0,834.0
SKU0159,2024-09-02,154,399525.28,0,0,Furnishings,2655.0,0.0,24.0,834.0
SKU0159,2024-09-09,161,417685.52,0,0,Furnishings,2494.0,0.0,24.0,834.0
SKU0159,2024-09-16,163,422874.16,0,0,Furnishings,2331.0,0.0,24.0,834.0
SKU0159,2024-09-23,159,412496.88,0,0,Furnishings,2331.0,0.0,24.0,834.0
SKU0159,2024-09-30,156,404713.92000000004,0,1,Furnishings,2112.0,0.0,24.0,834.0
SKU0159,2024-10-07,175,454006.0,0,0,Furnishings,1951.0,0.0,24.0,834.0
SKU0159,2024-10-14,269,600974.22,1,0,Furnishings,1790.0,0.0,24.0,834.0
SKU0159,2024-10-21,167,419631.26,1,0,Furnishings,1510.0,0.0,24.0,834.0
SKU0159,2024-10-28,177,459194.64,0,1,Furnishings,1266.0,0.0,24.0,834.0
SKU0159,2024-11-04,153,396930.96,0,0,Furnishings,1107.0,0.0,24.0,834.0
SKU0159,2024-11-11,204,529241.28,0,0,Furnishings,919.0,0.0,24.0,834.0
SKU0159,2024-11-18,177,459194.64,0,0,Furnishings,735.0,3973.0,24.0,834.0
SKU0159,2024-11-25,320,705655.03,1,0,Furnishings,4348.0,0.0,24.0,834.0
SKU0159,2024-12-02,140,363204.80000000005,0,0,Furnishings,4208.0,0.0,24.0,834.0
SKU0159,2024-12-09,166,430657.12,0,0,Furnishings,4042.0,0.0,24.0,834.0
SKU0159,2024-12-16,183,474760.56,0,0,Furnishings,3859.0,0.0,24.0,834.0
SKU0159,2024-12-23,205,531835.6,0,1,Furnishings,3859.0,0.0,24.0,834.0
SKU0159,2024-12-30,282,642872.49,1,0,Furnishings,3550.0,0.0,24.0,834.0
SKU0159,2025-01-06,222,542083.17,1,0,Furnishings,3251.0,0.0,24.0,834.0
SKU0159,2025-01-13,185,479949.2,0,0,Furnishings,3057.0,0.0,24.0,834.0
SKU0159,2025-01-20,201,521458.32,0,1,Furnishings,2850.0,0.0,24.0,834.0
SKU0159,2025-01-27,224,581127.68,0,0,Furnishings,2556.0,0.0,24.0,834.0
SKU0159,2025-02-03,210,544807.2,0,0,Furnishings,2354.0,0.0,24.0,834.0
SKU0159,2025-02-10,175,454006.0,0,0,Furnishings,2167.0,0.0,24.0,834.0
SKU0159,2025-02-17,209,542212.88,0,0,Furnishings,1979.0,0.0,24.0,834.0
SKU0159,2025-02-24,187,485137.84,0,0,Furnishings,1785.0,0.0,24.0,834.0
SKU0159,2025-03-03,207,537024.24,0,0,Furnishings,1572.0,0.0,24.0,834.0
SKU0159,2025-03-10,211,547401.52,0,0,Furnishings,1362.0,0.0,24.0,834.0
SKU0159,2025-03-17,222,575939.04,0,0,Furnishings,1144.0,0.0,24.0,834.0
SKU0159,2025-03-24,185,479949.2,0,0,Furnishings,1144.0,0.0,24.0,834.0
SKU0159,2025-03-31,214,555184.48,0,0,Furnishings,867.0,0.0,24.0,834.0
SKU0159,2025-04-07,210,544807.2,0,0,Furnishings,657.0,2511.0,24.0,834.0
SKU0159,2025-04-14,190,492920.8,0,0,Furnishings,454.0,2511.0,24.0,834.0
SKU0159,2025-04-21,225,583722.0,0,0,Furnishings,2751.0,0.0,24.0,834.0
SKU0159,2025-04-28,207,537024.24,0,0,Furnishings,2456.0,0.0,24.0,834.0
SKU0159,2025-05-05,216,560373.12,0,0,Furnishings,2240.0,0.0,24.0,834.0
SKU0159,2025-05-12,204,529241.28,0,0,Furnishings,2056.0,0.0,24.0,834.0
SKU0159,2025-05-19,193,500703.76,0,0,Furnishings,1853.0,0.0,24.0,834.0
SKU0159,2025-05-26,170,441034.4,0,0,Furnishings,1616.0,0.0,24.0,834.0
SKU0159,2025-06-02,194,503298.08,0,0,Furnishings,1422.0,0.0,24.0,834.0
SKU0159,2025-06-09,205,518604.57,1,0,Furnishings,1217.0,0.0,24.0,834.0
SKU0159,2025-06-16,324,719923.79,1,0,Furnishings,893.0,0.0,24.0,834.0
SKU0159,2025-06-23,218,565561.76,0,0,Furnishings,893.0,0.0,24.0,834.0
SKU0159,2025-06-30,185,479949.2,0,0,Furnishings,4593.0,0.0,24.0,834.0
SKU0159,2025-07-07,172,446223.04000000004,0,0,Furnishings,4402.0,0.0,24.0,834.0
SKU0159,2025-07-14,150,389148.0,0,0,Furnishings,4248.0,0.0,24.0,834.0
SKU0159,2025-07-21,132,342450.24000000005,0,0,Furnishings,4113.0,0.0,24.0,834.0
SKU0159,2025-07-28,159,412496.88,0,0,Furnishings,3884.0,0.0,24.0,834.0
SKU0159,2025-08-04,178,461788.96,0,0,Furnishings,3709.0,0.0,24.0,834.0
SKU0159,2025-08-11,164,425468.48000000004,0,1,Furnishings,3537.0,0.0,24.0,834.0
SKU0159,2025-08-18,122,316507.04000000004,0,0,Furnishings,3413.0,0.0,24.0,834.0
SKU0159,2025-08-25,149,386553.68,0,0,Furnishings,3413.0,0.0,24.0,834.0
SKU0159,2025-09-01,144,373582.08,0,0,Furnishings,3231.0,0.0,24.0,834.0
SKU0159,2025-09-08,134,347638.88,0,0,Furnishings,3078.0,0.0,24.0,834.0
SKU0159,2025-09-15,137,355421.84,0,0,Furnishings,2944.0,0.0,24.0,834.0
SKU0159,2025-09-22,151,391742.32,0,0,Furnishings,2809.0,0.0,24.0,834.0
SKU0159,2025-09-29,144,373582.08,0,1,Furnishings,2609.0,0.0,24.0,834.0
SKU0159,2025-10-06,146,378770.72000000003,0,0,Furnishings,2476.0,0.0,24.0,834.0
SKU0159,2025-10-13,227,514972.53,1,0,Furnishings,2306.0,0.0,24.0,834.0
SKU0159,2025-10-20,176,422744.44,1,0,Furnishings,2045.0,0.0,24.0,834.0
SKU0159,2025-10-27,135,350233.2,0,1,Furnishings,1862.0,0.0,24.0,834.0
SKU0159,2025-11-03,143,370987.76,0,0,Furnishings,1723.0,0.0,24.0,834.0
SKU0159,2025-11-10,171,443628.72000000003,0,0,Furnishings,1546.0,0.0,24.0,834.0
SKU0159,2025-11-17,113,293158.16000000003,0,0,Furnishings,1433.0,0.0,24.0,834.0
SKU0159,2025-11-24,213,472425.66000000003,1,0,Furnishings,1433.0,0.0,24.0,834.0
SKU0159,2025-12-01,137,341412.51,1,0,Furnishings,1173.0,0.0,24.0,834.0
SKU0159,2025-12-08,131,339855.92000000004,0,0,Furnishings,1053.0,0.0,24.0,834.0
SKU0159,2025-12-15,136,352827.52,0,0,Furnishings,927.0,0.0,24.0,834.0
SKU0159,2025-12-22,140,363204.8,0,1,Furnishings,780.0,3298.0,24.0,834.0
SKU0160,2024-01-08,65,139670.05,0,0,Furnishings,0.0,1104.0,19.0,454.0
SKU0160,2024-01-15,11,23636.47,0,0,Furnishings,0.0,1104.0,19.0,454.0
SKU0160,2024-01-22,0,0.0,0,1,Furnishings,0.0,1104.0,19.0,454.0
SKU0160,2024-01-29,121,260001.16999999998,0,0,Furnishings,1036.0,0.0,19.0,454.0
SKU0160,2024-02-05,189,406117.52999999997,0,0,Furnishings,852.0,0.0,19.0,454.0
SKU0160,2024-02-12,170,365290.9,0,0,Furnishings,675.0,0.0,19.0,454.0
SKU0160,2024-02-19,174,373885.98,0,0,Furnishings,504.0,0.0,19.0,454.0
SKU0160,2024-02-26,174,373885.98,0,0,Furnishings,305.0,848.0,19.0,454.0
SKU0160,2024-03-04,164,352398.27999999997,0,0,Furnishings,996.0,0.0,19.0,454.0
SKU0160,2024-03-11,164,352398.27999999997,0,0,Furnishings,822.0,0.0,19.0,454.0
SKU0160,2024-03-18,184,395373.68,0,0,Furnishings,658.0,0.0,19.0,454.0
SKU0160,2024-03-25,211,453390.47000000003,0,0,Furnishings,658.0,0.0,19.0,454.0
SKU0160,2024-04-01,188,403968.76,0,0,Furnishings,374.0,901.0,19.0,454.0
SKU0160,2024-04-08,190,408266.3,0,0,Furnishings,191.0,901.0,19.0,454.0
SKU0160,2024-04-15,204,438349.07999999996,0,0,Furnishings,894.0,0.0,19.0,454.0
SKU0160,2024-04-22,191,410415.07,0,0,Furnishings,695.0,0.0,19.0,454.0
SKU0160,2024-04-29,184,395373.68,0,0,Furnishings,442.0,1041.0,19.0,454.0
SKU0160,2024-05-06,189,406117.52999999997,0,0,Furnishings,1285.0,0.0,19.0,454.0
SKU0160,2024-05-13,187,401819.99,0,0,Furnishings,1109.0,0.0,19.0,454.0
SKU0160,2024-05-20,192,412563.84,0,0,Furnishings,923.0,0.0,19.0,454.0
SKU0160,2024-05-27,209,449092.93000000005,0,0,Furnishings,634.0,0.0,19.0,454.0
SKU0160,2024-06-03,186,399671.22,0,0,Furnishings,456.0,0.0,19.0,454.0
SKU0160,2024-06-10,208,422125.87,1,0,Furnishings,1343.0,0.0,19.0,454.0
SKU0160,2024-06-17,297,550837.19,1,0,Furnishings,1014.0,0.0,19.0,454.0
SKU0160,2024-06-24,170,365290.9,0,0,Furnishings,1014.0,0.0,19.0,454.0
SKU0160,2024-07-01,137,294381.49,0,0,Furnishings,827.0,0.0,19.0,454.0
SKU0160,2024-07-08,154,330910.57999999996,0,0,Furnishings,673.0,0.0,19.0,454.0
SKU0160,2024-07-15,135,290083.94999999995,0,0,Furnishings,530.0,0.0,19.0,454.0
SKU0160,2024-07-22,149,320166.73,0,0,Furnishings,396.0,944.0,19.0,454.0
SKU0160,2024-07-29,133,285786.41,0,0,Furnishings,176.0,944.0,19.0,454.0
SKU0160,2024-08-05,76,163306.52000000002,0,0,Furnishings,1028.0,0.0,19.0,454.0
SKU0160,2024-08-12,112,240662.24,0,1,Furnishings,925.0,0.0,19.0,454.0
SKU0160,2024-08-19,125,268596.25,0,0,Furnishings,803.0,0.0,19.0,454.0
SKU0160,2024-08-26,102,219174.54,0,0,Furnishings,659.0,0.0,19.0,454.0
SKU0160,2024-09-02,95,204133.15,0,0,Furnishings,564.0,0.0,19.0,454.0
SKU0160,2024-09-09,95,204133.15,0,0,Furnishings,469.0,0.0,19.0,454.0
SKU0160,2024-09-16,109,234215.93,0,0,Furnishings,360.0,894.0,19.0,454.0
SKU0160,2024-09-23,112,240662.24,0,0,Furnishings,360.0,894.0,19.0,454.0
SKU0160,2024-09-30,86,184794.22,0,1,Furnishings,217.0,894.0,19.0,454.0
SKU0160,2024-10-07,86,184794.22,0,0,Furnishings,1018.0,0.0,19.0,454.0
SKU0160,2024-10-14,144,269455.76,1,0,Furnishings,927.0,0.0,19.0,454.0
SKU0160,2024-10-21,103,213265.41999999998,1,0,Furnishings,788.0,0.0,19.0,454.0
SKU0160,2024-10-28,82,176199.13999999998,0,1,Furnishings,655.0,0.0,19.0,454.0
SKU0160,2024-11-04,120,257852.4,0,0,Furnishings,541.0,0.0,19.0,454.0
SKU0160,2024-11-11,107,229918.38999999998,0,0,Furnishings,438.0,741.0,19.0,454.0
SKU0160,2024-11-18,104,223472.08,0,0,Furnishings,337.0,741.0,19.0,454.0
SKU0160,2024-11-25,163,297711.95999999996,1,0,Furnishings,889.0,0.0,19.0,454.0
SKU0160,2024-12-02,125,268596.25,0,0,Furnishings,764.0,0.0,19.0,454.0
SKU0160,2024-12-09,137,294381.49,0,0,Furnishings,627.0,0.0,19.0,454.0
SKU0160,2024-12-16,129,277191.33,0,0,Furnishings,498.0,0.0,19.0,454.0
SKU0160,2024-12-23,131,281488.87,0,1,Furnishings,498.0,0.0,19.0,454.0
SKU0160,2024-12-30,191,359811.54,1,0,Furnishings,277.0,822.0,19.0,454.0
SKU0160,2025-01-06,191,384307.51,1,0,Furnishings,890.0,0.0,19.0,454.0
SKU0160,2025-01-13,174,373885.98,0,0,Furnishings,720.0,0.0,19.0,454.0
SKU0160,2025-01-20,155,333059.35,0,1,Furnishings,555.0,0.0,19.0,454.0
SKU0160,2025-01-27,152,326613.04,0,0,Furnishings,344.0,1012.0,19.0,454.0
SKU0160,2025-02-03,188,403968.76,0,0,Furnishings,166.0,1012.0,19.0,454.0
SKU0160,2025-02-10,145,311571.65,0,0,Furnishings,1018.0,0.0,19.0,454.0
SKU0160,2025-02-17,196,421158.92,0,0,Furnishings,830.0,0.0,19.0,454.0
SKU0160,2025-02-24,182,391076.14,0,0,Furnishings,646.0,0.0,19.0,454.0
SKU0160,2025-03-03,192,412563.84,0,0,Furnishings,458.0,0.0,19.0,454.0
SKU0160,2025-03-10,201,431902.77,0,0,Furnishings,251.0,1002.0,19.0,454.0
SKU0160,2025-03-17,223,479175.71,0,0,Furnishings,1035.0,0.0,19.0,454.0
SKU0160,2025-03-24,180,386778.6,0,0,Furnishings,1035.0,0.0,19.0,454.0
SKU0160,2025-03-31,219,470580.63,0,0,Furnishings,763.0,0.0,19.0,454.0
SKU0160,2025-04-07,211,453390.47,0,0,Furnishings,549.0,0.0,19.0,454.0
SKU0160,2025-04-14,215,461985.55,0,0,Furnishings,328.0,899.0,19.0,454.0
SKU0160,2025-04-21,187,401819.99,0,0,Furnishings,115.0,899.0,19.0,454.0
SKU0160,2025-04-28,145,311571.65,0,0,Furnishings,820.0,0.0,19.0,454.0
SKU0160,2025-05-05,205,440497.85,0,0,Furnishings,627.0,0.0,19.0,454.0
SKU0160,2025-05-12,213,457688.01,0,0,Furnishings,409.0,975.0,19.0,454.0
SKU0160,2025-05-19,181,388927.37,0,0,Furnishings,1197.0,0.0,19.0,454.0
SKU0160,2025-05-26,225,483473.25,0,0,Furnishings,905.0,0.0,19.0,454.0
SKU0160,2025-06-02,203,436200.31,0,0,Furnishings,702.0,0.0,19.0,454.0
SKU0160,2025-06-09,206,428787.05,1,0,Furnishings,496.0,0.0,19.0,454.0
SKU0160,2025-06-16,320,589622.49,1,0,Furnishings,176.0,845.0,19.0,454.0
SKU0160,2025-06-23,205,440497.85,0,0,Furnishings,176.0,845.0,19.0,454.0
SKU0160,2025-06-30,167,358844.58999999997,0,0,Furnishings,762.0,0.0,19.0,454.0
SKU0160,2025-07-07,158,339505.66,0,0,Furnishings,589.0,0.0,19.0,454.0
SKU0160,2025-07-14,170,365290.9,0,0,Furnishings,426.0,1037.0,19.0,454.0
SKU0160,2025-07-21,146,313720.42,0,0,Furnishings,288.0,1037.0,19.0,454.0
SKU0160,2025-07-28,160,343803.19999999995,0,0,Furnishings,44.0,1037.0,19.0,454.0
SKU0160,2025-08-04,134,287935.18,0,0,Furnishings,956.0,0.0,19.0,454.0
SKU0160,2025-08-11,123,264298.70999999996,0,1,Furnishings,831.0,0.0,19.0,454.0
SKU0160,2025-08-18,133,285786.41,0,0,Furnishings,700.0,0.0,19.0,454.0
SKU0160,2025-08-25,127,272893.79,0,0,Furnishings,700.0,0.0,19.0,454.0
SKU0160,2025-09-01,101,217025.77000000002,0,0,Furnishings,520.0,0.0,19.0,454.0
SKU0160,2025-09-08,111,238513.47,0,0,Furnishings,423.0,947.0,19.0,454.0
SKU0160,2025-09-15,118,253554.86,0,0,Furnishings,1255.0,0.0,19.0,454.0
SKU0160,2025-09-22,108,232067.15999999997,0,0,Furnishings,1135.0,0.0,19.0,454.0
SKU0160,2025-09-29,104,223472.08000000002,0,1,Furnishings,990.0,0.0,19.0,454.0
SKU0160,2025-10-06,86,184794.22,0,0,Furnishings,910.0,0.0,19.0,454.0
SKU0160,2025-10-13,152,285678.98,1,0,Furnishings,791.0,0.0,19.0,454.0
SKU0160,2025-10-20,97,194571.13,1,0,Furnishings,638.0,0.0,19.0,454.0
SKU0160,2025-10-27,110,236364.7,0,1,Furnishings,514.0,0.0,19.0,454.0
SKU0160,2025-11-03,101,217025.77,0,0,Furnishings,1379.0,0.0,19.0,454.0
SKU0160,2025-11-10,124,266447.48,0,0,Furnishings,1242.0,0.0,19.0,454.0
SKU0160,2025-11-17,153,328761.81,0,0,Furnishings,1104.0,0.0,19.0,454.0
SKU0160,2025-11-24,175,323497.32,1,0,Furnishings,1104.0,0.0,19.0,454.0
SKU0160,2025-12-01,127,263224.32,1,0,Furnishings,875.0,0.0,19.0,454.0
SKU0160,2025-12-08,130,279340.1,0,0,Furnishings,756.0,0.0,19.0,454.0
SKU0160,2025-12-15,139,298679.03,0,0,Furnishings,635.0,0.0,19.0,454.0
SKU0160,2025-12-22,153,328761.81,0,1,Furnishings,488.0,0.0,19.0,454.0
SKU0161,2024-06-03,23,213906.67,0,0,Decor,111.0,373.0,20.0,190.0
SKU0161,2024-06-10,79,702636.9,1,0,Decor,38.0,373.0,20.0,190.0
SKU0161,2024-06-17,24,189725.92,1,0,Decor,1.0,373.0,20.0,190.0
SKU0161,2024-06-24,22,204606.38,0,0,Decor,1.0,373.0,20.0,190.0
SKU0161,2024-07-01,63,585918.27,0,0,Decor,341.0,0.0,20.0,190.0
SKU0161,2024-07-08,66,613819.14,0,0,Decor,279.0,0.0,20.0,190.0
SKU0161,2024-07-15,60,558017.4,0,0,Decor,213.0,0.0,20.0,190.0
SKU0161,2024-07-22,64,595218.56,0,0,Decor,151.0,359.0,20.0,190.0
SKU0161,2024-07-29,61,567317.69,0,0,Decor,55.0,359.0,20.0,190.0
SKU0161,2024-08-05,61,567317.6900000001,0,0,Decor,355.0,0.0,20.0,190.0
SKU0161,2024-08-12,61,567317.69,0,1,Decor,293.0,0.0,20.0,190.0
SKU0161,2024-08-19,62,576617.98,0,0,Decor,234.0,0.0,20.0,190.0
SKU0161,2024-08-26,57,530116.53,0,0,Decor,156.0,379.0,20.0,190.0
SKU0161,2024-09-02,61,567317.69,0,0,Decor,95.0,379.0,20.0,190.0
SKU0161,2024-09-09,56,520816.24,0,0,Decor,418.0,0.0,20.0,190.0
SKU0161,2024-09-16,58,539416.82,0,0,Decor,360.0,0.0,20.0,190.0
SKU0161,2024-09-23,57,530116.53,0,0,Decor,360.0,0.0,20.0,190.0
SKU0161,2024-09-30,60,558017.4,0,1,Decor,286.0,0.0,20.0,190.0
SKU0161,2024-10-07,58,539416.82,0,0,Decor,224.0,0.0,20.0,190.0
SKU0161,2024-10-14,110,883527.55,1,0,Decor,158.0,393.0,20.0,190.0
SKU0161,2024-10-21,66,595683.57,1,0,Decor,53.0,393.0,20.0,190.0
SKU0161,2024-10-28,58,539416.8200000001,0,1,Decor,359.0,0.0,20.0,190.0
SKU0161,2024-11-04,55,511515.95,0,0,Decor,301.0,0.0,20.0,190.0
SKU0161,2024-11-11,56,520816.24,0,0,Decor,246.0,0.0,20.0,190.0
SKU0161,2024-11-18,63,585918.27,0,0,Decor,184.0,446.0,20.0,190.0
SKU0161,2024-11-25,109,861671.87,1,0,Decor,62.0,446.0,20.0,190.0
SKU0161,2024-12-02,62,576617.98,0,0,Decor,445.0,0.0,20.0,190.0
SKU0161,2024-12-09,69,641720.01,0,0,Decor,376.0,0.0,20.0,190.0
SKU0161,2024-12-16,60,558017.4,0,0,Decor,316.0,0.0,20.0,190.0
SKU0161,2024-12-23,72,669620.88,0,1,Decor,316.0,0.0,20.0,190.0
SKU0161,2024-12-30,111,908173.3200000001,1,0,Decor,202.0,0.0,20.0,190.0
SKU0161,2025-01-06,82,711007.17,1,0,Decor,85.0,312.0,20.0,190.0
SKU0161,2025-01-13,65,604518.85,0,0,Decor,332.0,0.0,20.0,190.0
SKU0161,2025-01-20,68,632419.72,0,1,Decor,265.0,0.0,20.0,190.0
SKU0161,2025-01-27,75,697521.75,0,0,Decor,166.0,390.0,20.0,190.0
SKU0161,2025-02-03,70,651020.3,0,0,Decor,483.0,0.0,20.0,190.0
SKU0161,2025-02-10,69,641720.01,0,0,Decor,416.0,0.0,20.0,190.0
SKU0161,2025-02-17,78,725422.62,0,0,Decor,340.0,0.0,20.0,190.0
SKU0161,2025-02-24,78,725422.62,0,0,Decor,260.0,0.0,20.0,190.0
SKU0161,2025-03-03,72,669620.88,0,0,Decor,186.0,447.0,20.0,190.0
SKU0161,2025-03-10,81,753323.49,0,0,Decor,556.0,0.0,20.0,190.0
SKU0161,2025-03-17,80,744023.2,0,0,Decor,473.0,0.0,20.0,190.0
SKU0161,2025-03-24,75,697521.75,0,0,Decor,473.0,0.0,20.0,190.0
SKU0161,2025-03-31,80,744023.2,0,0,Decor,364.0,0.0,20.0,190.0
SKU0161,2025-04-07,86,799824.94,0,0,Decor,282.0,0.0,20.0,190.0
SKU0161,2025-04-14,80,744023.2,0,0,Decor,199.0,0.0,20.0,190.0
SKU0161,2025-04-21,71,660320.59,0,0,Decor,123.0,312.0,20.0,190.0
SKU0161,2025-04-28,75,697521.75,0,0,Decor,336.0,0.0,20.0,190.0
SKU0161,2025-05-05,82,762623.78,0,0,Decor,259.0,0.0,20.0,190.0
SKU0161,2025-05-12,85,790524.65,0,0,Decor,176.0,457.0,20.0,190.0
SKU0161,2025-05-19,74,688221.46,0,0,Decor,95.0,457.0,20.0,190.0
SKU0161,2025-05-26,69,641720.01,0,0,Decor,0.0,457.0,20.0,190.0
SKU0161,2025-06-02,62,576617.98,0,0,Decor,395.0,0.0,20.0,190.0
SKU0161,2025-06-09,86,783084.42,1,0,Decor,309.0,0.0,20.0,190.0
SKU0161,2025-06-16,132,1056047.93,1,0,Decor,617.0,0.0,20.0,190.0
SKU0161,2025-06-23,80,744023.2,0,0,Decor,617.0,0.0,20.0,190.0
SKU0161,2025-06-30,73,678921.17,0,0,Decor,517.0,0.0,20.0,190.0
SKU0161,2025-07-07,74,688221.46,0,0,Decor,444.0,0.0,20.0,190.0
SKU0161,2025-07-14,73,678921.17,0,0,Decor,369.0,0.0,20.0,190.0
SKU0161,2025-07-21,74,688221.46,0,0,Decor,296.0,0.0,20.0,190.0
SKU0161,2025-07-28,69,641720.01,0,0,Decor,190.0,0.0,20.0,190.0
SKU0161,2025-08-04,73,678921.17,0,0,Decor,119.0,380.0,20.0,190.0
SKU0161,2025-08-11,68,632419.72,0,1,Decor,51.0,380.0,20.0,190.0
SKU0161,2025-08-18,58,539416.82,0,0,Decor,371.0,0.0,20.0,190.0
SKU0161,2025-08-25,76,706822.04,0,0,Decor,371.0,0.0,20.0,190.0
SKU0161,2025-09-01,73,678921.17,0,0,Decor,267.0,0.0,20.0,190.0
SKU0161,2025-09-08,74,688221.46,0,0,Decor,197.0,0.0,20.0,190.0
SKU0161,2025-09-15,67,623119.43,0,0,Decor,561.0,0.0,20.0,190.0
SKU0161,2025-09-22,72,669620.88,0,0,Decor,490.0,0.0,20.0,190.0
SKU0161,2025-09-29,74,688221.46,0,1,Decor,393.0,0.0,20.0,190.0
SKU0161,2025-10-06,70,651020.3,0,0,Decor,321.0,0.0,20.0,190.0
SKU0161,2025-10-13,108,885852.62,1,0,Decor,240.0,0.0,20.0,190.0
SKU0161,2025-10-20,84,733792.88,1,0,Decor,586.0,0.0,20.0,190.0
SKU0161,2025-10-27,72,669620.88,0,1,Decor,486.0,0.0,20.0,190.0
SKU0161,2025-11-03,68,632419.72,0,0,Decor,418.0,0.0,20.0,190.0
SKU0161,2025-11-10,70,651020.3,0,0,Decor,349.0,0.0,20.0,190.0
SKU0161,2025-11-17,76,706822.04,0,0,Decor,274.0,0.0,20.0,190.0
SKU0161,2025-11-24,131,1050932.86,1,0,Decor,274.0,0.0,20.0,190.0
SKU0161,2025-12-01,90,806335.14,1,0,Decor,563.0,0.0,20.0,190.0
SKU0161,2025-12-08,74,688221.46,0,0,Decor,484.0,0.0,20.0,190.0
SKU0161,2025-12-15,74,688221.46,0,0,Decor,409.0,0.0,20.0,190.0
SKU0161,2025-12-22,78,725422.62,0,1,Decor,335.0,0.0,20.0,190.0
SKU0162,2024-12-09,75,149473.5,0,0,Furnishings,278.0,204.0,25.0,464.0
SKU0162,2024-12-16,126,251115.48,0,0,Furnishings,152.0,204.0,25.0,464.0
SKU0162,2024-12-23,129,257094.42,0,1,Furnishings,152.0,204.0,25.0,464.0
SKU0162,2024-12-30,22,43845.56,1,0,Furnishings,1.0,204.0,25.0,464.0
SKU0162,2025-01-06,161,305025.58999999997,1,0,Furnishings,128.0,0.0,25.0,464.0
SKU0162,2025-01-13,43,85698.14,0,0,Furnishings,1.0,244.0,25.0,464.0
SKU0162,2025-01-20,0,0.0,0,1,Furnishings,1.0,244.0,25.0,464.0
SKU0162,2025-01-27,34,67761.32,0,0,Furnishings,228.0,330.0,25.0,464.0
SKU0162,2025-02-03,153,304925.94,0,0,Furnishings,76.0,330.0,25.0,464.0
SKU0162,2025-02-10,57,113599.86,0,0,Furnishings,1.0,330.0,25.0,464.0
SKU0162,2025-02-17,0,0.0,0,0,Furnishings,1.0,330.0,25.0,464.0
SKU0162,2025-02-24,111,221220.78,0,0,Furnishings,246.0,262.0,25.0,464.0
SKU0162,2025-03-03,151,300939.98,0,0,Furnishings,92.0,262.0,25.0,464.0
SKU0162,2025-03-10,68,135522.64,0,0,Furnishings,1.0,262.0,25.0,464.0
SKU0162,2025-03-17,22,43845.56,0,0,Furnishings,262.0,330.0,25.0,464.0
SKU0162,2025-03-24,164,326848.72,0,0,Furnishings,262.0,330.0,25.0,464.0
SKU0162,2025-03-31,76,151466.48,0,0,Furnishings,28.0,330.0,25.0,464.0
SKU0162,2025-04-07,0,0.0,0,0,Furnishings,0.0,330.0,25.0,464.0
SKU0162,2025-04-14,98,195312.04,0,0,Furnishings,0.0,330.0,25.0,464.0
SKU0162,2025-04-21,187,372687.26,0,0,Furnishings,184.0,287.0,25.0,464.0
SKU0162,2025-04-28,45,89684.1,0,0,Furnishings,1.0,287.0,25.0,464.0
SKU0162,2025-05-05,0,0.0,0,0,Furnishings,1.0,287.0,25.0,464.0
SKU0162,2025-05-12,159,316883.82,0,0,Furnishings,189.0,222.0,25.0,464.0
SKU0162,2025-05-19,129,257094.41999999998,0,0,Furnishings,34.0,222.0,25.0,464.0
SKU0162,2025-05-26,0,0.0,0,0,Furnishings,0.0,222.0,25.0,464.0
SKU0162,2025-06-02,65,129543.70000000001,0,0,Furnishings,157.0,291.0,25.0,464.0
SKU0162,2025-06-09,152,290078.24,1,0,Furnishings,5.0,291.0,25.0,464.0
SKU0162,2025-06-16,4,6776.13,1,0,Furnishings,1.0,291.0,25.0,464.0
SKU0162,2025-06-23,0,0.0,0,0,Furnishings,1.0,291.0,25.0,464.0
SKU0162,2025-06-30,141,281010.18,0,0,Furnishings,268.0,315.0,25.0,464.0
SKU0162,2025-07-07,138,275031.24,0,0,Furnishings,112.0,315.0,25.0,464.0
SKU0162,2025-07-14,12,23915.76,0,0,Furnishings,0.0,315.0,25.0,464.0
SKU0162,2025-07-21,32,63775.36,0,0,Furnishings,0.0,315.0,25.0,464.0
SKU0162,2025-07-28,138,275031.24,0,0,Furnishings,177.0,248.0,25.0,464.0
SKU0162,2025-08-04,136,271045.28,0,0,Furnishings,40.0,248.0,25.0,464.0
SKU0162,2025-08-11,8,15943.84,0,1,Furnishings,1.0,248.0,25.0,464.0
SKU0162,2025-08-18,81,161431.38,0,0,Furnishings,196.0,329.0,25.0,464.0
SKU0162,2025-08-25,119,237164.62,0,0,Furnishings,196.0,329.0,25.0,464.0
SKU0162,2025-09-01,48,95663.04000000001,0,0,Furnishings,43.0,329.0,25.0,464.0
SKU0162,2025-09-08,17,33880.66,0,0,Furnishings,0.0,329.0,25.0,464.0
SKU0162,2025-09-15,127,253108.46000000002,0,0,Furnishings,289.0,297.0,25.0,464.0
SKU0162,2025-09-22,128,255101.44,0,0,Furnishings,161.0,297.0,25.0,464.0
SKU0162,2025-09-29,57,113599.86,0,1,Furnishings,12.0,297.0,25.0,464.0
SKU0162,2025-10-06,67,133529.66,0,0,Furnishings,297.0,0.0,25.0,464.0
SKU0162,2025-10-13,152,265863.44,1,0,Furnishings,171.0,196.0,25.0,464.0
SKU0162,2025-10-20,78,139010.36,1,0,Furnishings,0.0,196.0,25.0,464.0
SKU0162,2025-10-27,0,0.0,0,1,Furnishings,0.0,196.0,25.0,464.0
SKU0162,2025-11-03,128,255101.44,0,0,Furnishings,89.0,0.0,25.0,464.0
SKU0162,2025-11-10,68,135522.64,0,0,Furnishings,1.0,288.0,25.0,464.0
SKU0162,2025-11-17,0,0.0,0,0,Furnishings,1.0,288.0,25.0,464.0
SKU0162,2025-11-24,85,143992.81,1,0,Furnishings,1.0,288.0,25.0,464.0
SKU0162,2025-12-01,139,266262.13,1,0,Furnishings,168.0,232.0,25.0,464.0
SKU0162,2025-12-08,64,127550.72,0,0,Furnishings,47.0,232.0,25.0,464.0
SKU0162,2025-12-15,0,0.0,0,0,Furnishings,1.0,232.0,25.0,464.0
SKU0162,2025-12-22,113,225206.74,0,1,Furnishings,232.0,279.0,25.0,464.0
SKU0163,2024-01-08,154,1584324.28,0,0,Furnishings,1.0,355.0,8.0,224.0
SKU0163,2024-01-15,114,1172811.48,0,0,Furnishings,1.0,355.0,8.0,224.0
SKU0163,2024-01-22,172,1769505.04,0,1,Furnishings,231.0,0.0,8.0,224.0
SKU0163,2024-01-29,216,2222169.12,0,0,Furnishings,399.0,0.0,8.0,224.0
SKU0163,2024-02-05,215,2211881.3,0,0,Furnishings,199.0,396.0,8.0,224.0
SKU0163,2024-02-12,222,2283896.04,0,0,Furnishings,371.0,0.0,8.0,224.0
SKU0163,2024-02-19,246,2530803.7199999997,0,0,Furnishings,131.0,394.0,8.0,224.0
SKU0163,2024-02-26,227,2335335.1399999997,0,0,Furnishings,260.0,0.0,8.0,224.0
SKU0163,2024-03-04,231,2376486.42,0,0,Furnishings,367.0,0.0,8.0,224.0
SKU0163,2024-03-11,243,2499940.26,0,0,Furnishings,140.0,400.0,8.0,224.0
SKU0163,2024-03-18,175,1800368.5,0,0,Furnishings,372.0,0.0,8.0,224.0
SKU0163,2024-03-25,229,2355910.7800000003,0,0,Furnishings,372.0,0.0,8.0,224.0
SKU0163,2024-04-01,251,2582242.8200000003,0,0,Furnishings,421.0,0.0,8.0,224.0
SKU0163,2024-04-08,207,2129578.74,0,0,Furnishings,176.0,385.0,8.0,224.0
SKU0163,2024-04-15,219,2253032.58,0,0,Furnishings,364.0,0.0,8.0,224.0
SKU0163,2024-04-22,287,2952604.34,0,0,Furnishings,565.0,0.0,8.0,224.0
SKU0163,2024-04-29,250,2571955.0,0,0,Furnishings,186.0,444.0,8.0,224.0
SKU0163,2024-05-06,182,1872383.24,0,0,Furnishings,444.0,0.0,8.0,224.0
SKU0163,2024-05-13,240,2469076.8,0,0,Furnishings,205.0,552.0,8.0,224.0
SKU0163,2024-05-20,222,2283896.04,0,0,Furnishings,526.0,0.0,8.0,224.0
SKU0163,2024-05-27,254,2613106.28,0,0,Furnishings,626.0,0.0,8.0,224.0
SKU0163,2024-06-03,207,2129578.74,0,0,Furnishings,406.0,0.0,8.0,224.0
SKU0163,2024-06-10,280,2723185.95,1,0,Furnishings,166.0,555.0,8.0,224.0
SKU0163,2024-06-17,375,3340969.54,1,0,Furnishings,303.0,0.0,8.0,224.0
SKU0163,2024-06-24,220,2263320.4,0,0,Furnishings,303.0,0.0,8.0,224.0
SKU0163,2024-07-01,158,1625475.56,0,0,Furnishings,33.0,356.0,8.0,224.0
SKU0163,2024-07-08,183,1882671.06,0,0,Furnishings,233.0,0.0,8.0,224.0
SKU0163,2024-07-15,170,1748929.4,0,0,Furnishings,610.0,0.0,8.0,224.0
SKU0163,2024-07-22,177,1820944.1400000001,0,0,Furnishings,428.0,0.0,8.0,224.0
SKU0163,2024-07-29,154,1584324.28,0,0,Furnishings,169.0,405.0,8.0,224.0
SKU0163,2024-08-05,154,1584324.28,0,0,Furnishings,430.0,0.0,8.0,224.0
SKU0163,2024-08-12,167,1718065.9400000002,0,1,Furnishings,260.0,0.0,8.0,224.0
SKU0163,2024-08-19,163,1676914.66,0,0,Furnishings,497.0,0.0,8.0,224.0
SKU0163,2024-08-26,140,1440294.8,0,0,Furnishings,298.0,0.0,8.0,224.0
SKU0163,2024-09-02,142,1460870.44,0,0,Furnishings,156.0,427.0,8.0,224.0
SKU0163,2024-09-09,101,1039069.82,0,0,Furnishings,482.0,0.0,8.0,224.0
SKU0163,2024-09-16,125,1285977.5,0,0,Furnishings,357.0,0.0,8.0,224.0
SKU0163,2024-09-23,134,1378567.88,0,0,Furnishings,357.0,0.0,8.0,224.0
SKU0163,2024-09-30,103,1059645.46,0,1,Furnishings,185.0,550.0,8.0,224.0
SKU0163,2024-10-07,129,1327128.78,0,0,Furnishings,629.0,0.0,8.0,224.0
SKU0163,2024-10-14,225,2004581.73,1,0,Furnishings,480.0,0.0,8.0,224.0
SKU0163,2024-10-21,156,1546259.35,1,0,Furnishings,254.0,0.0,8.0,224.0
SKU0163,2024-10-28,111,1141948.02,0,1,Furnishings,593.0,0.0,8.0,224.0
SKU0163,2024-11-04,135,1388855.7,0,0,Furnishings,482.0,0.0,8.0,224.0
SKU0163,2024-11-11,117,1203674.94,0,0,Furnishings,359.0,0.0,8.0,224.0
SKU0163,2024-11-18,144,1481446.08,0,0,Furnishings,218.0,438.0,8.0,224.0
SKU0163,2024-11-25,244,2133693.86,1,0,Furnishings,376.0,0.0,8.0,224.0
SKU0163,2024-12-02,147,1512309.54,0,0,Furnishings,229.0,0.0,8.0,224.0
SKU0163,2024-12-09,138,1419719.16,0,0,Furnishings,557.0,0.0,8.0,224.0
SKU0163,2024-12-16,134,1378567.8800000001,0,0,Furnishings,423.0,0.0,8.0,224.0
SKU0163,2024-12-23,106,1090508.92,0,1,Furnishings,423.0,0.0,8.0,224.0
SKU0163,2024-12-30,279,2533890.07,1,0,Furnishings,192.0,553.0,8.0,224.0
SKU0163,2025-01-06,216,2069394.99,1,0,Furnishings,455.0,0.0,8.0,224.0
SKU0163,2025-01-13,156,1604899.92,0,0,Furnishings,306.0,0.0,8.0,224.0
SKU0163,2025-01-20,190,1954685.8,0,1,Furnishings,134.0,558.0,8.0,224.0
SKU0163,2025-01-27,179,1841519.78,0,0,Furnishings,434.0,0.0,8.0,224.0
SKU0163,2025-02-03,189,1944397.98,0,0,Furnishings,237.0,0.0,8.0,224.0
SKU0163,2025-02-10,191,1964973.62,0,0,Furnishings,405.0,0.0,8.0,224.0
SKU0163,2025-02-17,212,2181017.84,0,0,Furnishings,194.0,409.0,8.0,224.0
SKU0163,2025-02-24,197,2026700.54,0,0,Furnishings,409.0,0.0,8.0,224.0
SKU0163,2025-03-03,198,2036988.36,0,0,Furnishings,203.0,435.0,8.0,224.0
SKU0163,2025-03-10,181,1862095.42,0,0,Furnishings,4.0,435.0,8.0,224.0
SKU0163,2025-03-17,210,2160442.2,0,0,Furnishings,259.0,0.0,8.0,224.0
SKU0163,2025-03-24,186,1913534.52,0,0,Furnishings,259.0,0.0,8.0,224.0
SKU0163,2025-03-31,179,1841519.78,0,0,Furnishings,368.0,0.0,8.0,224.0
SKU0163,2025-04-07,235,2417637.7,0,0,Furnishings,153.0,541.0,8.0,224.0
SKU0163,2025-04-14,223,2294183.86,0,0,Furnishings,478.0,0.0,8.0,224.0
SKU0163,2025-04-21,224,2304471.68,0,0,Furnishings,244.0,0.0,8.0,224.0
SKU0163,2025-04-28,199,2047276.1800000002,0,0,Furnishings,360.0,0.0,8.0,224.0
SKU0163,2025-05-05,188,1934110.16,0,0,Furnishings,176.0,421.0,8.0,224.0
SKU0163,2025-05-12,178,1831231.96,0,0,Furnishings,412.0,0.0,8.0,224.0
SKU0163,2025-05-19,199,2047276.18,0,0,Furnishings,216.0,403.0,8.0,224.0
SKU0163,2025-05-26,199,2047276.18,0,0,Furnishings,354.0,0.0,8.0,224.0
SKU0163,2025-06-02,178,1831231.96,0,0,Furnishings,176.0,545.0,8.0,224.0
SKU0163,2025-06-09,200,2000466.6,1,0,Furnishings,521.0,0.0,8.0,224.0
SKU0163,2025-06-16,302,2677919.66,1,0,Furnishings,219.0,482.0,8.0,224.0
SKU0163,2025-06-23,186,1913534.52,0,0,Furnishings,219.0,482.0,8.0,224.0
SKU0163,2025-06-30,158,1625475.56,0,0,Furnishings,469.0,0.0,8.0,224.0
SKU0163,2025-07-07,193,1985549.26,0,0,Furnishings,301.0,0.0,8.0,224.0
SKU0163,2025-07-14,149,1532885.18,0,0,Furnishings,622.0,0.0,8.0,224.0
SKU0163,2025-07-21,139,1430006.98,0,0,Furnishings,470.0,0.0,8.0,224.0
SKU0163,2025-07-28,154,1584324.28,0,0,Furnishings,260.0,0.0,8.0,224.0
SKU0163,2025-08-04,151,1553460.82,0,0,Furnishings,448.0,0.0,8.0,224.0
SKU0163,2025-08-11,120,1234538.4000000001,0,1,Furnishings,316.0,0.0,8.0,224.0
SKU0163,2025-08-18,116,1193387.12,0,0,Furnishings,204.0,380.0,8.0,224.0
SKU0163,2025-08-25,147,1512309.54,0,0,Furnishings,204.0,380.0,8.0,224.0
SKU0163,2025-09-01,115,1183099.2999999998,0,0,Furnishings,397.0,0.0,8.0,224.0
SKU0163,2025-09-08,116,1193387.1199999999,0,0,Furnishings,287.0,0.0,8.0,224.0
SKU0163,2025-09-15,110,1131660.2,0,0,Furnishings,167.0,549.0,8.0,224.0
SKU0163,2025-09-22,110,1131660.2,0,0,Furnishings,598.0,0.0,8.0,224.0
SKU0163,2025-09-29,127,1306553.1400000001,0,1,Furnishings,448.0,0.0,8.0,224.0
SKU0163,2025-10-06,110,1131660.2,0,0,Furnishings,332.0,0.0,8.0,224.0
SKU0163,2025-10-13,210,1922793.5499999998,1,0,Furnishings,191.0,509.0,8.0,224.0
SKU0163,2025-10-20,146,1410974.51,1,0,Furnishings,487.0,0.0,8.0,224.0
SKU0163,2025-10-27,129,1327128.78,0,1,Furnishings,321.0,0.0,8.0,224.0
SKU0163,2025-11-03,136,1399143.52,0,0,Furnishings,174.0,343.0,8.0,224.0
SKU0163,2025-11-10,105,1080221.0999999999,0,0,Furnishings,404.0,0.0,8.0,224.0
SKU0163,2025-11-17,116,1193387.12,0,0,Furnishings,292.0,0.0,8.0,224.0
SKU0163,2025-11-24,195,1742242.31,1,0,Furnishings,292.0,0.0,8.0,224.0
SKU0163,2025-12-01,167,1664054.88,1,0,Furnishings,551.0,0.0,8.0,224.0
SKU0163,2025-12-08,154,1584324.28,0,0,Furnishings,396.0,0.0,8.0,224.0
SKU0163,2025-12-15,120,1234538.4,0,0,Furnishings,249.0,0.0,8.0,224.0
SKU0163,2025-12-22,123,1265401.86,0,1,Furnishings,600.0,0.0,8.0,224.0
SKU0164,2025-03-10,8,46594.0,0,0,Small Appliances,65.0,93.0,23.0,172.0
SKU0164,2025-03-17,76,442643.0,0,0,Small Appliances,65.0,93.0,23.0,172.0
SKU0164,2025-03-24,57,331982.25,0,0,Small Appliances,65.0,93.0,23.0,172.0
SKU0164,2025-03-31,0,0.0,0,0,Small Appliances,1.0,93.0,23.0,172.0
SKU0164,2025-04-07,52,302861.0,0,0,Small Appliances,93.0,0.0,23.0,172.0
SKU0164,2025-04-14,41,238794.25,0,0,Small Appliances,20.0,91.0,23.0,172.0
SKU0164,2025-04-21,0,0.0,0,0,Small Appliances,0.0,91.0,23.0,172.0
SKU0164,2025-04-28,25,145606.25,0,0,Small Appliances,91.0,135.0,23.0,172.0
SKU0164,2025-05-05,66,384400.5,0,0,Small Appliances,18.0,135.0,23.0,172.0
SKU0164,2025-05-12,0,0.0,0,0,Small Appliances,0.0,135.0,23.0,172.0
SKU0164,2025-05-19,11,64066.75,0,0,Small Appliances,0.0,135.0,23.0,172.0
SKU0164,2025-05-26,76,442643.0,0,0,Small Appliances,48.0,117.0,23.0,172.0
SKU0164,2025-06-02,48,279564.0,0,0,Small Appliances,0.0,117.0,23.0,172.0
SKU0164,2025-06-09,0,0.0,1,0,Small Appliances,0.0,117.0,23.0,172.0
SKU0164,2025-06-16,92,462445.44,1,0,Small Appliances,25.0,87.0,23.0,172.0
SKU0164,2025-06-23,25,145606.25,0,0,Small Appliances,25.0,87.0,23.0,172.0
SKU0164,2025-06-30,0,0.0,0,0,Small Appliances,0.0,87.0,23.0,172.0
SKU0164,2025-07-07,33,192200.25,0,0,Small Appliances,0.0,87.0,23.0,172.0
SKU0164,2025-07-14,54,314509.5,0,0,Small Appliances,32.0,126.0,23.0,172.0
SKU0164,2025-07-21,0,0.0,0,0,Small Appliances,0.0,126.0,23.0,172.0
SKU0164,2025-07-28,11,64066.75,0,0,Small Appliances,126.0,0.0,23.0,172.0
SKU0164,2025-08-04,52,302861.0,0,0,Small Appliances,77.0,119.0,23.0,172.0
SKU0164,2025-08-11,59,343630.75,0,1,Small Appliances,17.0,119.0,23.0,172.0
SKU0164,2025-08-18,4,23297.0,0,0,Small Appliances,0.0,119.0,23.0,172.0
SKU0164,2025-08-25,49,285388.25,0,0,Small Appliances,0.0,119.0,23.0,172.0
SKU0164,2025-09-01,44,256267.0,0,0,Small Appliances,65.0,69.0,23.0,172.0
SKU0164,2025-09-08,26,151430.5,0,0,Small Appliances,19.0,69.0,23.0,172.0
SKU0164,2025-09-15,31,180551.75,0,0,Small Appliances,1.0,69.0,23.0,172.0
SKU0164,2025-09-22,37,215497.25,0,0,Small Appliances,34.0,135.0,23.0,172.0
SKU0164,2025-09-29,1,5824.25,0,1,Small Appliances,1.0,135.0,23.0,172.0
SKU0164,2025-10-06,12,69891.0,0,0,Small Appliances,1.0,135.0,23.0,172.0
SKU0164,2025-10-13,64,324701.94,1,0,Small Appliances,104.0,93.0,23.0,172.0
SKU0164,2025-10-20,56,303443.42,1,0,Small Appliances,25.0,93.0,23.0,172.0
SKU0164,2025-10-27,12,69891.0,0,1,Small Appliances,93.0,93.0,23.0,172.0
SKU0164,2025-11-03,49,285388.25,0,0,Small Appliances,41.0,93.0,23.0,172.0
SKU0164,2025-11-10,36,209673.0,0,0,Small Appliances,0.0,93.0,23.0,172.0
SKU0164,2025-11-17,0,0.0,0,0,Small Appliances,0.0,93.0,23.0,172.0
SKU0164,2025-11-24,79,391098.37,1,0,Small Appliances,0.0,93.0,23.0,172.0
SKU0164,2025-12-01,14,69308.57,1,0,Small Appliances,0.0,115.0,23.0,172.0
SKU0164,2025-12-08,0,0.0,0,0,Small Appliances,0.0,115.0,23.0,172.0
SKU0164,2025-12-15,35,203848.75,0,0,Small Appliances,0.0,115.0,23.0,172.0
SKU0164,2025-12-22,56,326158.0,0,1,Small Appliances,72.0,84.0,23.0,172.0
SKU0165,2024-10-21,32,109824.64,0,0,Furnishings,8.0,275.0,18.0,138.0
SKU0165,2024-10-28,44,151008.88,0,1,Furnishings,8.0,275.0,18.0,138.0
SKU0165,2024-11-04,0,0.0,0,0,Furnishings,0.0,275.0,18.0,138.0
SKU0165,2024-11-11,42,144144.84,0,0,Furnishings,246.0,0.0,18.0,138.0
SKU0165,2024-11-18,53,181897.06,0,0,Furnishings,202.0,0.0,18.0,138.0
SKU0165,2024-11-25,76,221708.49,1,0,Furnishings,340.0,0.0,18.0,138.0
SKU0165,2024-12-02,63,216217.26,0,0,Furnishings,277.0,0.0,18.0,138.0
SKU0165,2024-12-09,47,161304.94,0,0,Furnishings,230.0,0.0,18.0,138.0
SKU0165,2024-12-16,49,168168.97999999998,0,0,Furnishings,181.0,0.0,18.0,138.0
SKU0165,2024-12-23,51,175033.02,0,1,Furnishings,181.0,0.0,18.0,138.0
SKU0165,2024-12-30,106,319521.07,1,0,Furnishings,95.0,300.0,18.0,138.0
SKU0165,2025-01-06,71,227199.73,1,0,Furnishings,283.0,0.0,18.0,138.0
SKU0165,2025-01-13,67,229945.34,0,0,Furnishings,216.0,0.0,18.0,138.0
SKU0165,2025-01-20,57,195625.14,0,1,Furnishings,162.0,0.0,18.0,138.0
SKU0165,2025-01-27,49,168168.97999999998,0,0,Furnishings,92.0,249.0,18.0,138.0
SKU0165,2025-02-03,80,274561.6,0,0,Furnishings,12.0,249.0,18.0,138.0
SKU0165,2025-02-10,60,205921.19999999998,0,0,Furnishings,194.0,0.0,18.0,138.0
SKU0165,2025-02-17,71,243673.41999999998,0,0,Furnishings,121.0,231.0,18.0,138.0
SKU0165,2025-02-24,82,281425.64,0,0,Furnishings,275.0,0.0,18.0,138.0
SKU0165,2025-03-03,81,277993.62,0,0,Furnishings,199.0,0.0,18.0,138.0
SKU0165,2025-03-10,71,243673.41999999998,0,0,Furnishings,122.0,332.0,18.0,138.0
SKU0165,2025-03-17,83,284857.66,0,0,Furnishings,375.0,0.0,18.0,138.0
SKU0165,2025-03-24,101,346634.01999999996,0,0,Furnishings,375.0,0.0,18.0,138.0
SKU0165,2025-03-31,79,271129.58,0,0,Furnishings,243.0,0.0,18.0,138.0
SKU0165,2025-04-07,98,336337.95999999996,0,0,Furnishings,156.0,0.0,18.0,138.0
SKU0165,2025-04-14,86,295153.72000000003,0,0,Furnishings,58.0,325.0,18.0,138.0
SKU0165,2025-04-21,62,212785.24,0,0,Furnishings,325.0,0.0,18.0,138.0
SKU0165,2025-04-28,71,243673.41999999998,0,0,Furnishings,217.0,0.0,18.0,138.0
SKU0165,2025-05-05,80,274561.6,0,0,Furnishings,140.0,0.0,18.0,138.0
SKU0165,2025-05-12,97,332905.94,0,0,Furnishings,395.0,0.0,18.0,138.0
SKU0165,2025-05-19,88,302017.76,0,0,Furnishings,302.0,0.0,18.0,138.0
SKU0165,2025-05-26,76,260833.52000000002,0,0,Furnishings,189.0,0.0,18.0,138.0
SKU0165,2025-06-02,70,240241.4,0,0,Furnishings,119.0,275.0,18.0,138.0
SKU0165,2025-06-09,85,281940.44,1,0,Furnishings,309.0,0.0,18.0,138.0
SKU0165,2025-06-16,106,313858.24,1,0,Furnishings,203.0,0.0,18.0,138.0
SKU0165,2025-06-23,76,260833.52,0,0,Furnishings,203.0,0.0,18.0,138.0
SKU0165,2025-06-30,44,151008.87999999998,0,0,Furnishings,111.0,255.0,18.0,138.0
SKU0165,2025-07-07,74,253969.47999999998,0,0,Furnishings,324.0,0.0,18.0,138.0
SKU0165,2025-07-14,67,229945.34,0,0,Furnishings,245.0,0.0,18.0,138.0
SKU0165,2025-07-21,60,205921.2,0,0,Furnishings,178.0,0.0,18.0,138.0
SKU0165,2025-07-28,60,205921.2,0,0,Furnishings,89.0,345.0,18.0,138.0
SKU0165,2025-08-04,64,219649.28,0,0,Furnishings,371.0,0.0,18.0,138.0
SKU0165,2025-08-11,45,154440.9,0,1,Furnishings,321.0,0.0,18.0,138.0
SKU0165,2025-08-18,41,140712.82,0,0,Furnishings,275.0,0.0,18.0,138.0
SKU0165,2025-08-25,38,130416.76,0,0,Furnishings,275.0,0.0,18.0,138.0
SKU0165,2025-09-01,55,188761.09999999998,0,0,Furnishings,226.0,0.0,18.0,138.0
SKU0165,2025-09-08,50,171601.0,0,0,Furnishings,170.0,0.0,18.0,138.0
SKU0165,2025-09-15,35,120120.7,0,0,Furnishings,128.0,220.0,18.0,138.0
SKU0165,2025-09-22,45,154440.9,0,0,Furnishings,85.0,220.0,18.0,138.0
SKU0165,2025-09-29,50,171601.0,0,1,Furnishings,241.0,0.0,18.0,138.0
SKU0165,2025-10-06,25,85800.5,0,0,Furnishings,208.0,0.0,18.0,138.0
SKU0165,2025-10-13,62,189104.3,1,0,Furnishings,166.0,0.0,18.0,138.0
SKU0165,2025-10-20,41,130416.76000000001,1,0,Furnishings,422.0,0.0,18.0,138.0
SKU0165,2025-10-27,34,116688.68,0,1,Furnishings,378.0,0.0,18.0,138.0
SKU0165,2025-11-03,44,151008.88,0,0,Furnishings,334.0,0.0,18.0,138.0
SKU0165,2025-11-10,33,113256.66,0,0,Furnishings,298.0,0.0,18.0,138.0
SKU0165,2025-11-17,35,120120.7,0,0,Furnishings,260.0,0.0,18.0,138.0
SKU0165,2025-11-24,63,185329.08000000002,1,0,Furnishings,260.0,0.0,18.0,138.0
SKU0165,2025-12-01,60,199228.76,1,0,Furnishings,183.0,0.0,18.0,138.0
SKU0165,2025-12-08,49,168168.97999999998,0,0,Furnishings,128.0,256.0,18.0,138.0
SKU0165,2025-12-15,58,199057.16,0,0,Furnishings,334.0,0.0,18.0,138.0
SKU0165,2025-12-22,43,147576.86,0,1,Furnishings,282.0,0.0,18.0,138.0
SKU0166,2024-10-21,60,183722.4,0,0,Furnishings,156.0,1199.0,12.0,378.0
SKU0166,2024-10-28,160,489926.39999999997,0,1,Furnishings,156.0,1199.0,12.0,378.0
SKU0166,2024-11-04,159,486864.36,0,0,Furnishings,1199.0,0.0,12.0,378.0
SKU0166,2024-11-11,149,456243.96,0,0,Furnishings,1035.0,0.0,12.0,378.0
SKU0166,2024-11-18,178,545043.12,0,0,Furnishings,853.0,0.0,12.0,378.0
SKU0166,2024-11-25,319,830272.16,1,0,Furnishings,499.0,0.0,12.0,378.0
SKU0166,2024-12-02,198,606283.9199999999,0,0,Furnishings,301.0,1217.0,12.0,378.0
SKU0166,2024-12-09,196,600159.84,0,0,Furnishings,1322.0,0.0,12.0,378.0
SKU0166,2024-12-16,187,572601.48,0,0,Furnishings,1135.0,0.0,12.0,378.0
SKU0166,2024-12-23,186,569539.44,0,1,Furnishings,1135.0,0.0,12.0,378.0
SKU0166,2024-12-30,353,949538.6,1,0,Furnishings,809.0,0.0,12.0,378.0
SKU0166,2025-01-06,261,744994.33,1,0,Furnishings,452.0,0.0,12.0,378.0
SKU0166,2025-01-13,220,673648.8,0,0,Furnishings,230.0,1719.0,12.0,378.0
SKU0166,2025-01-20,208,636904.3200000001,0,1,Furnishings,1721.0,0.0,12.0,378.0
SKU0166,2025-01-27,251,768572.04,0,0,Furnishings,1423.0,0.0,12.0,378.0
SKU0166,2025-02-03,274,838998.96,0,0,Furnishings,1140.0,0.0,12.0,378.0
SKU0166,2025-02-10,348,1065589.92,0,0,Furnishings,799.0,0.0,12.0,378.0
SKU0166,2025-02-17,284,869619.36,0,0,Furnishings,514.0,0.0,12.0,378.0
SKU0166,2025-02-24,332,1016597.28,0,0,Furnishings,179.0,1695.0,12.0,378.0
SKU0166,2025-03-03,302,924736.0800000001,0,0,Furnishings,1575.0,0.0,12.0,378.0
SKU0166,2025-03-10,402,1230940.08,0,0,Furnishings,1175.0,0.0,12.0,378.0
SKU0166,2025-03-17,311,952294.44,0,0,Furnishings,859.0,0.0,12.0,378.0
SKU0166,2025-03-24,405,1240126.2,0,0,Furnishings,859.0,0.0,12.0,378.0
SKU0166,2025-03-31,379,1160513.1600000001,0,0,Furnishings,284.0,1329.0,12.0,378.0
SKU0166,2025-04-07,190,581787.6,0,0,Furnishings,1.0,1329.0,12.0,378.0
SKU0166,2025-04-14,394,1206443.76,0,0,Furnishings,1063.0,0.0,12.0,378.0
SKU0166,2025-04-21,347,1062527.8800000001,0,0,Furnishings,684.0,0.0,12.0,378.0
SKU0166,2025-04-28,362,1108458.48,0,0,Furnishings,182.0,1163.0,12.0,378.0
SKU0166,2025-05-05,409,1252374.3599999999,0,0,Furnishings,967.0,0.0,12.0,378.0
SKU0166,2025-05-12,379,1160513.1600000001,0,0,Furnishings,586.0,0.0,12.0,378.0
SKU0166,2025-05-19,341,1044155.64,0,0,Furnishings,232.0,1279.0,12.0,378.0
SKU0166,2025-05-26,317,970666.6799999999,0,0,Furnishings,1064.0,0.0,12.0,378.0
SKU0166,2025-06-02,344,1053341.76,0,0,Furnishings,720.0,0.0,12.0,378.0
SKU0166,2025-06-09,351,1027926.8300000001,1,0,Furnishings,369.0,1237.0,12.0,378.0
SKU0166,2025-06-16,407,1076766.3599999999,1,0,Furnishings,1200.0,0.0,12.0,378.0
SKU0166,2025-06-23,331,1013535.24,0,0,Furnishings,1200.0,0.0,12.0,378.0
SKU0166,2025-06-30,312,955356.48,0,0,Furnishings,770.0,0.0,12.0,378.0
SKU0166,2025-07-07,280,857371.2000000001,0,0,Furnishings,475.0,0.0,12.0,378.0
SKU0166,2025-07-14,302,924736.0800000001,0,0,Furnishings,1924.0,0.0,12.0,378.0
SKU0166,2025-07-21,311,952294.44,0,0,Furnishings,1616.0,0.0,12.0,378.0
SKU0166,2025-07-28,251,768572.04,0,0,Furnishings,1202.0,0.0,12.0,378.0
SKU0166,2025-08-04,237,725703.48,0,0,Furnishings,998.0,0.0,12.0,378.0
SKU0166,2025-08-11,249,762447.96,0,1,Furnishings,713.0,0.0,12.0,378.0
SKU0166,2025-08-18,196,600159.84,0,0,Furnishings,497.0,0.0,12.0,378.0
SKU0166,2025-08-25,205,627718.2,0,0,Furnishings,497.0,0.0,12.0,378.0
SKU0166,2025-09-01,146,447057.84,0,0,Furnishings,1562.0,0.0,12.0,378.0
SKU0166,2025-09-08,187,572601.48,0,0,Furnishings,1412.0,0.0,12.0,378.0
SKU0166,2025-09-15,159,486864.36,0,0,Furnishings,1243.0,0.0,12.0,378.0
SKU0166,2025-09-22,147,450119.88,0,0,Furnishings,1083.0,0.0,12.0,378.0
SKU0166,2025-09-29,169,517484.76,0,1,Furnishings,833.0,0.0,12.0,378.0
SKU0166,2025-10-06,200,612408.0,0,0,Furnishings,662.0,0.0,12.0,378.0
SKU0166,2025-10-13,258,704575.41,1,0,Furnishings,444.0,0.0,12.0,378.0
SKU0166,2025-10-20,228,660482.03,1,0,Furnishings,1756.0,0.0,12.0,378.0
SKU0166,2025-10-27,213,652214.52,0,1,Furnishings,1464.0,0.0,12.0,378.0
SKU0166,2025-11-03,197,603221.88,0,0,Furnishings,1259.0,0.0,12.0,378.0
SKU0166,2025-11-10,177,541981.08,0,0,Furnishings,1090.0,0.0,12.0,378.0
SKU0166,2025-11-17,223,682834.9199999999,0,0,Furnishings,877.0,0.0,12.0,378.0
SKU0166,2025-11-24,334,878499.28,1,0,Furnishings,877.0,0.0,12.0,378.0
SKU0166,2025-12-01,340,1004808.43,1,0,Furnishings,435.0,0.0,12.0,378.0
SKU0166,2025-12-08,240,734889.6,0,0,Furnishings,1456.0,0.0,12.0,378.0
SKU0166,2025-12-15,265,811440.6,0,0,Furnishings,1227.0,0.0,12.0,378.0
SKU0166,2025-12-22,218,667524.72,0,1,Furnishings,959.0,0.0,12.0,378.0
SKU0167,2024-09-30,76,343564.83999999997,0,0,Decor,164.0,558.0,13.0,250.0
SKU0167,2024-10-07,116,524388.4400000001,0,0,Decor,164.0,558.0,13.0,250.0
SKU0167,2024-10-14,208,808055.45,1,0,Decor,41.0,558.0,13.0,250.0
SKU0167,2024-10-21,128,563717.5700000001,1,0,Decor,402.0,0.0,13.0,250.0
SKU0167,2024-10-28,112,506306.08,0,1,Decor,226.0,578.0,13.0,250.0
SKU0167,2024-11-04,123,556032.5700000001,0,0,Decor,100.0,578.0,13.0,250.0
SKU0167,2024-11-11,116,524388.44,0,0,Decor,545.0,0.0,13.0,250.0
SKU0167,2024-11-18,145,655485.55,0,0,Decor,429.0,0.0,13.0,250.0
SKU0167,2024-11-25,212,814610.3200000001,1,0,Decor,182.0,608.0,13.0,250.0
SKU0167,2024-12-02,127,574114.93,0,0,Decor,664.0,0.0,13.0,250.0
SKU0167,2024-12-09,139,628362.01,0,0,Decor,525.0,0.0,13.0,250.0
SKU0167,2024-12-16,107,483703.13,0,0,Decor,418.0,0.0,13.0,250.0
SKU0167,2024-12-23,157,709732.63,0,1,Decor,418.0,0.0,13.0,250.0
SKU0167,2024-12-30,205,806699.28,1,0,Decor,177.0,555.0,13.0,250.0
SKU0167,2025-01-06,204,859138.13,1,0,Decor,487.0,0.0,13.0,250.0
SKU0167,2025-01-13,184,831788.56,0,0,Decor,319.0,0.0,13.0,250.0
SKU0167,2025-01-20,155,700691.4500000001,0,1,Decor,150.0,416.0,13.0,250.0
SKU0167,2025-01-27,157,709732.63,0,0,Decor,337.0,0.0,13.0,250.0
SKU0167,2025-02-03,185,836309.15,0,0,Decor,165.0,413.0,13.0,250.0
SKU0167,2025-02-10,199,899597.4099999999,0,0,Decor,375.0,0.0,13.0,250.0
SKU0167,2025-02-17,227,1026173.9299999999,0,0,Decor,156.0,538.0,13.0,250.0
SKU0167,2025-02-24,161,727814.99,0,0,Decor,524.0,0.0,13.0,250.0
SKU0167,2025-03-03,169,763979.71,0,0,Decor,367.0,0.0,13.0,250.0
SKU0167,2025-03-10,161,727814.99,0,0,Decor,194.0,530.0,13.0,250.0
SKU0167,2025-03-17,181,818226.79,0,0,Decor,547.0,0.0,13.0,250.0
SKU0167,2025-03-24,161,727814.99,0,0,Decor,547.0,0.0,13.0,250.0
SKU0167,2025-03-31,191,863432.6900000001,0,0,Decor,297.0,0.0,13.0,250.0
SKU0167,2025-04-07,172,777541.48,0,0,Decor,115.0,376.0,13.0,250.0
SKU0167,2025-04-14,84,379729.56,0,0,Decor,0.0,376.0,13.0,250.0
SKU0167,2025-04-21,200,904118.0,0,0,Decor,225.0,624.0,13.0,250.0
SKU0167,2025-04-28,161,727814.99,0,0,Decor,611.0,0.0,13.0,250.0
SKU0167,2025-05-05,170,768500.2999999999,0,0,Decor,440.0,0.0,13.0,250.0
SKU0167,2025-05-12,175,791103.25,0,0,Decor,266.0,0.0,13.0,250.0
SKU0167,2025-05-19,181,818226.79,0,0,Decor,91.0,594.0,13.0,250.0
SKU0167,2025-05-26,171,773020.89,0,0,Decor,453.0,0.0,13.0,250.0
SKU0167,2025-06-02,217,980968.03,0,0,Decor,236.0,381.0,13.0,250.0
SKU0167,2025-06-09,203,895980.9400000001,1,0,Decor,33.0,381.0,13.0,250.0
SKU0167,2025-06-16,96,382441.92,1,0,Decor,317.0,0.0,13.0,250.0
SKU0167,2025-06-23,162,732335.58,0,0,Decor,317.0,0.0,13.0,250.0
SKU0167,2025-06-30,174,786582.6599999999,0,0,Decor,103.0,523.0,13.0,250.0
SKU0167,2025-07-07,199,899597.41,0,0,Decor,445.0,0.0,13.0,250.0
SKU0167,2025-07-14,156,705212.04,0,0,Decor,248.0,554.0,13.0,250.0
SKU0167,2025-07-21,181,818226.79,0,0,Decor,643.0,0.0,13.0,250.0
SKU0167,2025-07-28,180,813706.2,0,0,Decor,370.0,0.0,13.0,250.0
SKU0167,2025-08-04,149,673567.91,0,0,Decor,217.0,579.0,13.0,250.0
SKU0167,2025-08-11,178,804665.02,0,1,Decor,625.0,0.0,13.0,250.0
SKU0167,2025-08-18,169,763979.71,0,0,Decor,469.0,0.0,13.0,250.0
SKU0167,2025-08-25,154,696170.86,0,0,Decor,469.0,0.0,13.0,250.0
SKU0167,2025-09-01,133,601238.47,0,0,Decor,253.0,0.0,13.0,250.0
SKU0167,2025-09-08,128,578635.52,0,0,Decor,731.0,0.0,13.0,250.0
SKU0167,2025-09-15,130,587676.7,0,0,Decor,598.0,0.0,13.0,250.0
SKU0167,2025-09-22,128,578635.52,0,0,Decor,474.0,0.0,13.0,250.0
SKU0167,2025-09-29,150,678088.5,0,1,Decor,270.0,0.0,13.0,250.0
SKU0167,2025-10-06,151,682609.09,0,0,Decor,127.0,557.0,13.0,250.0
SKU0167,2025-10-13,188,760363.25,1,0,Decor,557.0,0.0,13.0,250.0
SKU0167,2025-10-20,195,832014.59,1,0,Decor,320.0,0.0,13.0,250.0
SKU0167,2025-10-27,181,818226.79,0,1,Decor,475.0,0.0,13.0,250.0
SKU0167,2025-11-03,117,528909.03,0,0,Decor,346.0,0.0,13.0,250.0
SKU0167,2025-11-10,155,700691.4500000001,0,0,Decor,193.0,587.0,13.0,250.0
SKU0167,2025-11-17,170,768500.3,0,0,Decor,29.0,587.0,13.0,250.0
SKU0167,2025-11-24,297,1158853.25,1,0,Decor,29.0,587.0,13.0,250.0
SKU0167,2025-12-01,161,696622.92,1,0,Decor,254.0,0.0,13.0,250.0
SKU0167,2025-12-08,163,736856.17,0,0,Decor,727.0,0.0,13.0,250.0
SKU0167,2025-12-15,169,763979.71,0,0,Decor,569.0,0.0,13.0,250.0
SKU0167,2025-12-22,159,718773.81,0,1,Decor,391.0,0.0,13.0,250.0
SKU0168,2025-01-13,75,698426.25,0,0,Decor,361.0,0.0,10.0,119.0
SKU0168,2025-01-20,96,893985.6,0,1,Decor,272.0,0.0,10.0,119.0
SKU0168,2025-01-27,90,838111.5,0,0,Decor,142.0,0.0,10.0,119.0
SKU0168,2025-02-03,130,1210605.5,0,0,Decor,16.0,54.0,10.0,119.0
SKU0168,2025-02-10,46,428368.10000000003,0,0,Decor,24.0,58.0,10.0,119.0
SKU0168,2025-02-17,10,93123.5,0,0,Decor,1.0,58.0,10.0,119.0
SKU0168,2025-02-24,58,540116.3,0,0,Decor,1.0,49.0,10.0,119.0
SKU0168,2025-03-03,49,456305.15,0,0,Decor,0.0,89.0,10.0,119.0
SKU0168,2025-03-10,19,176934.65,0,0,Decor,89.0,0.0,10.0,119.0
SKU0168,2025-03-17,70,651864.5,0,0,Decor,0.0,48.0,10.0,119.0
SKU0168,2025-03-24,48,446992.80000000005,0,0,Decor,0.0,48.0,10.0,119.0
SKU0168,2025-03-31,32,297995.2,0,0,Decor,0.0,64.0,10.0,119.0
SKU0168,2025-04-07,31,288682.85,0,0,Decor,1.0,94.0,10.0,119.0
SKU0168,2025-04-14,94,875360.9,0,0,Decor,67.0,0.0,10.0,119.0
SKU0168,2025-04-21,48,446992.8,0,0,Decor,0.0,77.0,10.0,119.0
SKU0168,2025-04-28,29,270058.15,0,0,Decor,0.0,69.0,10.0,119.0
SKU0168,2025-05-05,69,642552.15,0,0,Decor,0.0,74.0,10.0,119.0
SKU0168,2025-05-12,59,549428.65,0,0,Decor,60.0,52.0,10.0,119.0
SKU0168,2025-05-19,29,270058.15,0,0,Decor,1.0,52.0,10.0,119.0
SKU0168,2025-05-26,38,353869.30000000005,0,0,Decor,0.0,91.0,10.0,119.0
SKU0168,2025-06-02,79,735675.65,0,0,Decor,12.0,59.0,10.0,119.0
SKU0168,2025-06-09,47,405552.83999999997,1,0,Decor,24.0,0.0,10.0,119.0
SKU0168,2025-06-16,23,182056.44,1,0,Decor,1.0,70.0,10.0,119.0
SKU0168,2025-06-23,70,651864.5,0,0,Decor,1.0,70.0,10.0,119.0
SKU0168,2025-06-30,28,260745.8,0,0,Decor,1.0,50.0,10.0,119.0
SKU0168,2025-07-07,22,204871.7,0,0,Decor,1.0,94.0,10.0,119.0
SKU0168,2025-07-14,94,875360.9,0,0,Decor,63.0,53.0,10.0,119.0
SKU0168,2025-07-21,47,437680.45,0,0,Decor,1.0,53.0,10.0,119.0
SKU0168,2025-07-28,16,148997.6,0,0,Decor,0.0,60.0,10.0,119.0
SKU0168,2025-08-04,50,465617.5,0,0,Decor,0.0,50.0,10.0,119.0
SKU0168,2025-08-11,47,437680.45,0,1,Decor,15.0,76.0,10.0,119.0
SKU0168,2025-08-18,18,167622.3,0,0,Decor,77.0,0.0,10.0,119.0
SKU0168,2025-08-25,61,568053.35,0,0,Decor,77.0,0.0,10.0,119.0
SKU0168,2025-09-01,60,558741.0,0,0,Decor,83.0,70.0,10.0,119.0
SKU0168,2025-09-08,57,530803.95,0,0,Decor,14.0,70.0,10.0,119.0
SKU0168,2025-09-15,36,335244.6,0,0,Decor,27.0,68.0,10.0,119.0
SKU0168,2025-09-22,62,577365.7,0,0,Decor,60.0,0.0,10.0,119.0
SKU0168,2025-09-29,29,270058.15,0,1,Decor,85.0,68.0,10.0,119.0
SKU0168,2025-10-06,62,577365.7,0,0,Decor,27.0,68.0,10.0,119.0
SKU0168,2025-10-13,67,554084.8300000001,1,0,Decor,31.0,0.0,10.0,119.0
SKU0168,2025-10-20,30,279370.5,1,0,Decor,66.0,84.0,10.0,119.0
SKU0168,2025-10-27,55,512179.25,0,1,Decor,74.0,73.0,10.0,119.0
SKU0168,2025-11-03,59,549428.65,0,0,Decor,19.0,73.0,10.0,119.0
SKU0168,2025-11-10,56,521491.6,0,0,Decor,37.0,53.0,10.0,119.0
SKU0168,2025-11-17,47,437680.45,0,0,Decor,38.0,80.0,10.0,119.0
SKU0168,2025-11-24,34,283095.44,1,0,Decor,38.0,80.0,10.0,119.0
SKU0168,2025-12-01,80,717050.95,1,0,Decor,60.0,0.0,10.0,119.0
SKU0168,2025-12-08,41,381806.35,0,0,Decor,0.0,76.0,10.0,119.0
SKU0168,2025-12-15,42,391118.7,0,0,Decor,27.0,55.0,10.0,119.0
SKU0168,2025-12-22,47,437680.45,0,1,Decor,33.0,60.0,10.0,119.0
SKU0169,2025-01-27,22,110925.98,0,0,Furnishings,125.0,2524.0,18.0,785.0
SKU0169,2025-02-03,273,1376490.57,0,0,Furnishings,125.0,2524.0,18.0,785.0
SKU0169,2025-02-10,96,484040.64,0,0,Furnishings,0.0,2524.0,18.0,785.0
SKU0169,2025-02-17,116,584882.44,0,0,Furnishings,2445.0,0.0,18.0,785.0
SKU0169,2025-02-24,293,1477332.37,0,0,Furnishings,2151.0,0.0,18.0,785.0
SKU0169,2025-03-03,364,1835320.76,0,0,Furnishings,1800.0,0.0,18.0,785.0
SKU0169,2025-03-10,270,1361364.3,0,0,Furnishings,1510.0,0.0,18.0,785.0
SKU0169,2025-03-17,309,1558005.81,0,0,Furnishings,1192.0,0.0,18.0,785.0
SKU0169,2025-03-24,295,1487416.55,0,0,Furnishings,1192.0,0.0,18.0,785.0
SKU0169,2025-03-31,327,1648763.43,0,0,Furnishings,776.0,3119.0,18.0,785.0
SKU0169,2025-04-07,339,1709268.51,0,0,Furnishings,441.0,3119.0,18.0,785.0
SKU0169,2025-04-14,313,1578174.17,0,0,Furnishings,3210.0,0.0,18.0,785.0
SKU0169,2025-04-21,320,1613468.8,0,0,Furnishings,2917.0,0.0,18.0,785.0
SKU0169,2025-04-28,358,1805068.22,0,0,Furnishings,2473.0,0.0,18.0,785.0
SKU0169,2025-05-05,329,1658847.6099999999,0,0,Furnishings,2090.0,0.0,18.0,785.0
SKU0169,2025-05-12,351,1769773.59,0,0,Furnishings,1766.0,0.0,18.0,785.0
SKU0169,2025-05-19,352,1774815.68,0,0,Furnishings,1420.0,0.0,18.0,785.0
SKU0169,2025-05-26,325,1638679.25,0,0,Furnishings,982.0,0.0,18.0,785.0
SKU0169,2025-06-02,288,1452121.92,0,0,Furnishings,4147.0,0.0,18.0,785.0
SKU0169,2025-06-09,354,1741789.99,1,0,Furnishings,3793.0,0.0,18.0,785.0
SKU0169,2025-06-16,570,2461800.44,1,0,Furnishings,3223.0,0.0,18.0,785.0
SKU0169,2025-06-23,320,1613468.8,0,0,Furnishings,3223.0,0.0,18.0,785.0
SKU0169,2025-06-30,229,1154638.61,0,0,Furnishings,2830.0,0.0,18.0,785.0
SKU0169,2025-07-07,250,1260522.5,0,0,Furnishings,2612.0,0.0,18.0,785.0
SKU0169,2025-07-14,264,1331111.76,0,0,Furnishings,2324.0,0.0,18.0,785.0
SKU0169,2025-07-21,256,1290775.04,0,0,Furnishings,2092.0,0.0,18.0,785.0
SKU0169,2025-07-28,293,1477332.37,0,0,Furnishings,1662.0,0.0,18.0,785.0
SKU0169,2025-08-04,231,1164722.79,0,0,Furnishings,1415.0,0.0,18.0,785.0
SKU0169,2025-08-11,211,1063880.99,0,1,Furnishings,1197.0,0.0,18.0,785.0
SKU0169,2025-08-18,283,1426911.47,0,0,Furnishings,936.0,0.0,18.0,785.0
SKU0169,2025-08-25,238,1200017.42,0,0,Furnishings,936.0,0.0,18.0,785.0
SKU0169,2025-09-01,271,1366406.3900000001,0,0,Furnishings,591.0,2427.0,18.0,785.0
SKU0169,2025-09-08,236,1189933.24,0,0,Furnishings,2767.0,0.0,18.0,785.0
SKU0169,2025-09-15,227,1144554.43,0,0,Furnishings,2551.0,0.0,18.0,785.0
SKU0169,2025-09-22,195,983207.55,0,0,Furnishings,2304.0,0.0,18.0,785.0
SKU0169,2025-09-29,180,907576.2,0,1,Furnishings,2033.0,0.0,18.0,785.0
SKU0169,2025-10-06,195,983207.55,0,0,Furnishings,1861.0,0.0,18.0,785.0
SKU0169,2025-10-13,417,1854480.71,1,0,Furnishings,1591.0,0.0,18.0,785.0
SKU0169,2025-10-20,263,1234555.74,1,0,Furnishings,1204.0,0.0,18.0,785.0
SKU0169,2025-10-27,237,1194975.33,0,1,Furnishings,885.0,0.0,18.0,785.0
SKU0169,2025-11-03,234,1179849.06,0,0,Furnishings,664.0,2360.0,18.0,785.0
SKU0169,2025-11-10,244,1230269.96,0,0,Furnishings,408.0,2360.0,18.0,785.0
SKU0169,2025-11-17,269,1356322.21,0,0,Furnishings,2495.0,0.0,18.0,785.0
SKU0169,2025-11-24,436,1908683.17,1,0,Furnishings,2495.0,0.0,18.0,785.0
SKU0169,2025-12-01,304,1488172.8599999999,1,0,Furnishings,1972.0,0.0,18.0,785.0
SKU0169,2025-12-08,241,1215143.69,0,0,Furnishings,1698.0,0.0,18.0,785.0
SKU0169,2025-12-15,200,1008418.0,0,0,Furnishings,1469.0,0.0,18.0,785.0
SKU0169,2025-12-22,245,1235312.05,0,1,Furnishings,1272.0,0.0,18.0,785.0
SKU0170,2024-07-15,149,826933.61,0,0,Small Appliances,0.0,734.0,18.0,445.0
SKU0170,2024-07-22,0,0.0,0,0,Small Appliances,0.0,734.0,18.0,445.0
SKU0170,2024-07-29,24,133197.36,0,0,Small Appliances,0.0,734.0,18.0,445.0
SKU0170,2024-08-05,163,904632.0700000001,0,0,Small Appliances,610.0,0.0,18.0,445.0
SKU0170,2024-08-12,169,937931.41,0,1,Small Appliances,447.0,0.0,18.0,445.0
SKU0170,2024-08-19,171,949031.1900000001,0,0,Small Appliances,1166.0,0.0,18.0,445.0
SKU0170,2024-08-26,152,843583.28,0,0,Small Appliances,959.0,0.0,18.0,445.0
SKU0170,2024-09-02,185,1026729.65,0,0,Small Appliances,774.0,0.0,18.0,445.0
SKU0170,2024-09-09,136,754785.04,0,0,Small Appliances,638.0,0.0,18.0,445.0
SKU0170,2024-09-16,111,616037.79,0,0,Small Appliances,527.0,0.0,18.0,445.0
SKU0170,2024-09-23,129,715935.81,0,0,Small Appliances,527.0,0.0,18.0,445.0
SKU0170,2024-09-30,101,560538.89,0,1,Small Appliances,364.0,902.0,18.0,445.0
SKU0170,2024-10-07,112,621587.68,0,0,Small Appliances,282.0,902.0,18.0,445.0
SKU0170,2024-10-14,243,1165476.8900000001,1,0,Small Appliances,1029.0,0.0,18.0,445.0
SKU0170,2024-10-21,153,829153.57,1,0,Small Appliances,802.0,0.0,18.0,445.0
SKU0170,2024-10-28,117,649337.13,0,1,Small Appliances,596.0,0.0,18.0,445.0
SKU0170,2024-11-04,165,915731.85,0,0,Small Appliances,445.0,0.0,18.0,445.0
SKU0170,2024-11-11,91,505039.99,0,0,Small Appliances,325.0,903.0,18.0,445.0
SKU0170,2024-11-18,87,482840.43,0,0,Small Appliances,1141.0,0.0,18.0,445.0
SKU0170,2024-11-25,270,1273700.1,1,0,Small Appliances,864.0,0.0,18.0,445.0
SKU0170,2024-12-02,187,1037829.43,0,0,Small Appliances,677.0,0.0,18.0,445.0
SKU0170,2024-12-09,171,949031.1900000001,0,0,Small Appliances,506.0,0.0,18.0,445.0
SKU0170,2024-12-16,228,1265374.92,0,0,Small Appliances,278.0,1051.0,18.0,445.0
SKU0170,2024-12-23,161,893532.2899999999,0,1,Small Appliances,278.0,1051.0,18.0,445.0
SKU0170,2024-12-30,277,1336691.01,1,0,Small Appliances,1049.0,0.0,18.0,445.0
SKU0170,2025-01-06,254,1318098.8800000001,1,0,Small Appliances,750.0,0.0,18.0,445.0
SKU0170,2025-01-13,219,1215425.91,0,0,Small Appliances,546.0,0.0,18.0,445.0
SKU0170,2025-01-20,207,1148827.23,0,1,Small Appliances,334.0,947.0,18.0,445.0
SKU0170,2025-01-27,196,1087778.44,0,0,Small Appliances,974.0,0.0,18.0,445.0
SKU0170,2025-02-03,244,1354173.16,0,0,Small Appliances,745.0,0.0,18.0,445.0
SKU0170,2025-02-10,209,1159927.01,0,0,Small Appliances,537.0,0.0,18.0,445.0
SKU0170,2025-02-17,238,1320873.82,0,0,Small Appliances,291.0,1005.0,18.0,445.0
SKU0170,2025-02-24,228,1265374.92,0,0,Small Appliances,73.0,1005.0,18.0,445.0
SKU0170,2025-03-03,87,482840.43000000005,0,0,Small Appliances,991.0,0.0,18.0,445.0
SKU0170,2025-03-10,253,1404122.17,0,0,Small Appliances,734.0,0.0,18.0,445.0
SKU0170,2025-03-17,257,1426321.73,0,0,Small Appliances,469.0,0.0,18.0,445.0
SKU0170,2025-03-24,258,1431871.62,0,0,Small Appliances,469.0,0.0,18.0,445.0
SKU0170,2025-03-31,292,1620567.88,0,0,Small Appliances,798.0,0.0,18.0,445.0
SKU0170,2025-04-07,270,1498470.3,0,0,Small Appliances,511.0,0.0,18.0,445.0
SKU0170,2025-04-14,296,1642767.44,0,0,Small Appliances,1326.0,0.0,18.0,445.0
SKU0170,2025-04-21,284,1576168.7600000002,0,0,Small Appliances,1037.0,0.0,18.0,445.0
SKU0170,2025-04-28,300,1664967.0,0,0,Small Appliances,669.0,0.0,18.0,445.0
SKU0170,2025-05-05,273,1515119.97,0,0,Small Appliances,364.0,843.0,18.0,445.0
SKU0170,2025-05-12,275,1526219.75,0,0,Small Appliances,82.0,843.0,18.0,445.0
SKU0170,2025-05-19,240,1331973.6,0,0,Small Appliances,698.0,0.0,18.0,445.0
SKU0170,2025-05-26,268,1487370.52,0,0,Small Appliances,335.0,921.0,18.0,445.0
SKU0170,2025-06-02,266,1476270.74,0,0,Small Appliances,991.0,0.0,18.0,445.0
SKU0170,2025-06-09,248,1332251.09,1,0,Small Appliances,743.0,0.0,18.0,445.0
SKU0170,2025-06-16,448,2129215.31,1,0,Small Appliances,295.0,989.0,18.0,445.0
SKU0170,2025-06-23,250,1387472.5,0,0,Small Appliances,295.0,989.0,18.0,445.0
SKU0170,2025-06-30,231,1282024.59,0,0,Small Appliances,957.0,0.0,18.0,445.0
SKU0170,2025-07-07,209,1159927.01,0,0,Small Appliances,733.0,0.0,18.0,445.0
SKU0170,2025-07-14,236,1309774.04,0,0,Small Appliances,530.0,0.0,18.0,445.0
SKU0170,2025-07-21,229,1270924.81,0,0,Small Appliances,282.0,696.0,18.0,445.0
SKU0170,2025-07-28,250,1387472.5,0,0,Small Appliances,616.0,0.0,18.0,445.0
SKU0170,2025-08-04,153,849133.17,0,0,Small Appliances,435.0,719.0,18.0,445.0
SKU0170,2025-08-11,195,1082228.55,0,1,Small Appliances,290.0,719.0,18.0,445.0
SKU0170,2025-08-18,177,982330.53,0,0,Small Appliances,793.0,0.0,18.0,445.0
SKU0170,2025-08-25,138,765884.8200000001,0,0,Small Appliances,793.0,0.0,18.0,445.0
SKU0170,2025-09-01,142,788084.38,0,0,Small Appliances,589.0,0.0,18.0,445.0
SKU0170,2025-09-08,161,893532.29,0,0,Small Appliances,460.0,0.0,18.0,445.0
SKU0170,2025-09-15,156,865782.8400000001,0,0,Small Appliances,297.0,1016.0,18.0,445.0
SKU0170,2025-09-22,155,860232.9500000001,0,0,Small Appliances,1155.0,0.0,18.0,445.0
SKU0170,2025-09-29,195,1082228.55,0,1,Small Appliances,942.0,0.0,18.0,445.0
SKU0170,2025-10-06,179,993430.31,0,0,Small Appliances,779.0,0.0,18.0,445.0
SKU0170,2025-10-13,212,1034222.0,1,0,Small Appliances,577.0,0.0,18.0,445.0
SKU0170,2025-10-20,205,1049484.2,1,0,Small Appliances,304.0,1031.0,18.0,445.0
SKU0170,2025-10-27,150,832483.5,0,1,Small Appliances,1126.0,0.0,18.0,445.0
SKU0170,2025-11-03,142,788084.38,0,0,Small Appliances,1007.0,0.0,18.0,445.0
SKU0170,2025-11-10,152,843583.28,0,0,Small Appliances,858.0,0.0,18.0,445.0
SKU0170,2025-11-17,144,799184.16,0,0,Small Appliances,684.0,0.0,18.0,445.0
SKU0170,2025-11-24,278,1325591.24,1,0,Small Appliances,684.0,0.0,18.0,445.0
SKU0170,2025-12-01,172,924611.67,1,0,Small Appliances,370.0,929.0,18.0,445.0
SKU0170,2025-12-08,162,899082.18,0,0,Small Appliances,1151.0,0.0,18.0,445.0
SKU0170,2025-12-15,193,1071128.77,0,0,Small Appliances,973.0,0.0,18.0,445.0
SKU0170,2025-12-22,259,1437421.51,0,1,Small Appliances,767.0,0.0,18.0,445.0
SKU0171,2024-04-08,192,2011146.24,0,0,Furnishings,0.0,601.0,24.0,1027.0
SKU0171,2024-04-15,0,0.0,0,0,Furnishings,0.0,601.0,24.0,1027.0
SKU0171,2024-04-22,0,0.0,0,0,Furnishings,0.0,601.0,24.0,1027.0
SKU0171,2024-04-29,89,932250.08,0,0,Furnishings,0.0,601.0,24.0,1027.0
SKU0171,2024-05-06,312,3268112.64,0,0,Furnishings,352.0,571.0,24.0,1027.0
SKU0171,2024-05-13,200,2094944.0,0,0,Furnishings,27.0,571.0,24.0,1027.0
SKU0171,2024-05-20,0,0.0,0,0,Furnishings,0.0,571.0,24.0,1027.0
SKU0171,2024-05-27,296,3100517.12,0,0,Furnishings,319.0,488.0,24.0,1027.0
SKU0171,2024-06-03,268,2807224.96,0,0,Furnishings,16.0,488.0,24.0,1027.0
SKU0171,2024-06-10,6,62848.32,1,0,Furnishings,1.0,488.0,24.0,1027.0
SKU0171,2024-06-17,113,1073658.8,1,0,Furnishings,394.0,579.0,24.0,1027.0
SKU0171,2024-06-24,290,3037668.8000000003,0,0,Furnishings,394.0,579.0,24.0,1027.0
SKU0171,2024-07-01,85,890351.2,0,0,Furnishings,39.0,579.0,24.0,1027.0
SKU0171,2024-07-08,0,0.0,0,0,Furnishings,1.0,579.0,24.0,1027.0
SKU0171,2024-07-15,277,2901497.44,0,0,Furnishings,532.0,641.0,24.0,1027.0
SKU0171,2024-07-22,267,2796750.24,0,0,Furnishings,267.0,641.0,24.0,1027.0
SKU0171,2024-07-29,36,377089.92,0,0,Furnishings,0.0,641.0,24.0,1027.0
SKU0171,2024-08-05,90,942724.8,0,0,Furnishings,600.0,528.0,24.0,1027.0
SKU0171,2024-08-12,275,2880548.0,0,1,Furnishings,382.0,528.0,24.0,1027.0
SKU0171,2024-08-19,254,2660578.88,0,0,Furnishings,109.0,528.0,24.0,1027.0
SKU0171,2024-08-26,32,335191.04,0,0,Furnishings,518.0,542.0,24.0,1027.0
SKU0171,2024-09-02,263,2754851.36,0,0,Furnishings,255.0,542.0,24.0,1027.0
SKU0171,2024-09-09,255,2671053.6,0,0,Furnishings,0.0,542.0,24.0,1027.0
SKU0171,2024-09-16,0,0.0,0,0,Furnishings,0.0,542.0,24.0,1027.0
SKU0171,2024-09-23,149,1560733.28,0,0,Furnishings,0.0,542.0,24.0,1027.0
SKU0171,2024-09-30,199,2084469.2799999998,0,1,Furnishings,346.0,730.0,24.0,1027.0
SKU0171,2024-10-07,194,2032095.68,0,0,Furnishings,121.0,730.0,24.0,1027.0
SKU0171,2024-10-14,114,1015000.37,1,0,Furnishings,1.0,730.0,24.0,1027.0
SKU0171,2024-10-21,290,2941825.11,1,0,Furnishings,504.0,430.0,24.0,1027.0
SKU0171,2024-10-28,259,2712952.48,0,1,Furnishings,124.0,430.0,24.0,1027.0
SKU0171,2024-11-04,67,701806.24,0,0,Furnishings,0.0,430.0,24.0,1027.0
SKU0171,2024-11-11,195,2042570.4,0,0,Furnishings,293.0,767.0,24.0,1027.0
SKU0171,2024-11-18,234,2451084.48,0,0,Furnishings,44.0,767.0,24.0,1027.0
SKU0171,2024-11-25,0,0.0,1,0,Furnishings,1.0,767.0,24.0,1027.0
SKU0171,2024-12-02,87,911300.64,0,0,Furnishings,681.0,427.0,24.0,1027.0
SKU0171,2024-12-09,262,2744376.6399999997,0,0,Furnishings,419.0,427.0,24.0,1027.0
SKU0171,2024-12-16,280,2932921.6,0,0,Furnishings,139.0,427.0,24.0,1027.0
SKU0171,2024-12-23,139,1455986.08,0,1,Furnishings,139.0,427.0,24.0,1027.0
SKU0171,2024-12-30,427,3985630.96,1,0,Furnishings,197.0,599.0,24.0,1027.0
SKU0171,2025-01-06,0,0.0,1,0,Furnishings,1.0,599.0,24.0,1027.0
SKU0171,2025-01-13,0,0.0,0,0,Furnishings,1.0,599.0,24.0,1027.0
SKU0171,2025-01-20,86,900825.9199999999,0,1,Furnishings,600.0,0.0,24.0,1027.0
SKU0171,2025-01-27,312,3268112.6399999997,0,0,Furnishings,241.0,535.0,24.0,1027.0
SKU0171,2025-02-03,202,2115893.44,0,0,Furnishings,0.0,535.0,24.0,1027.0
SKU0171,2025-02-10,37,387564.64,0,0,Furnishings,535.0,0.0,24.0,1027.0
SKU0171,2025-02-17,357,3739475.04,0,0,Furnishings,209.0,440.0,24.0,1027.0
SKU0171,2025-02-24,141,1476935.52,0,0,Furnishings,0.0,440.0,24.0,1027.0
SKU0171,2025-03-03,0,0.0,0,0,Furnishings,0.0,440.0,24.0,1027.0
SKU0171,2025-03-10,226,2367286.72,0,0,Furnishings,241.0,784.0,24.0,1027.0
SKU0171,2025-03-17,214,2241590.08,0,0,Furnishings,1.0,784.0,24.0,1027.0
SKU0171,2025-03-24,0,0.0,0,0,Furnishings,1.0,784.0,24.0,1027.0
SKU0171,2025-03-31,85,890351.2,0,0,Furnishings,1.0,784.0,24.0,1027.0
SKU0171,2025-04-07,393,4116564.96,0,0,Furnishings,568.0,483.0,24.0,1027.0
SKU0171,2025-04-14,306,3205264.32,0,0,Furnishings,198.0,483.0,24.0,1027.0
SKU0171,2025-04-21,0,0.0,0,0,Furnishings,1.0,483.0,24.0,1027.0
SKU0171,2025-04-28,311,3257637.92,0,0,Furnishings,277.0,724.0,24.0,1027.0
SKU0171,2025-05-05,172,1801651.84,0,0,Furnishings,1.0,724.0,24.0,1027.0
SKU0171,2025-05-12,0,0.0,0,0,Furnishings,1.0,724.0,24.0,1027.0
SKU0171,2025-05-19,97,1016047.8400000001,0,0,Furnishings,725.0,765.0,24.0,1027.0
SKU0171,2025-05-26,405,4242261.6,0,0,Furnishings,223.0,765.0,24.0,1027.0
SKU0171,2025-06-02,222,2325387.84,0,0,Furnishings,1.0,765.0,24.0,1027.0
SKU0171,2025-06-09,0,0.0,1,0,Furnishings,765.0,481.0,24.0,1027.0
SKU0171,2025-06-16,606,5442664.5200000005,1,0,Furnishings,159.0,481.0,24.0,1027.0
SKU0171,2025-06-23,159,1665480.48,0,0,Furnishings,159.0,481.0,24.0,1027.0
SKU0171,2025-06-30,0,0.0,0,0,Furnishings,0.0,481.0,24.0,1027.0
SKU0171,2025-07-07,186,1948297.92,0,0,Furnishings,0.0,481.0,24.0,1027.0
SKU0171,2025-07-14,295,3090042.4,0,0,Furnishings,190.0,736.0,24.0,1027.0
SKU0171,2025-07-21,0,0.0,0,0,Furnishings,0.0,736.0,24.0,1027.0
SKU0171,2025-07-28,42,439938.24,0,0,Furnishings,0.0,736.0,24.0,1027.0
SKU0171,2025-08-04,336,3519505.92,0,0,Furnishings,425.0,426.0,24.0,1027.0
SKU0171,2025-08-11,326,3414758.72,0,1,Furnishings,96.0,426.0,24.0,1027.0
SKU0171,2025-08-18,32,335191.04,0,0,Furnishings,1.0,426.0,24.0,1027.0
SKU0171,2025-08-25,164,1717854.08,0,0,Furnishings,1.0,426.0,24.0,1027.0
SKU0171,2025-09-01,263,2754851.36,0,0,Furnishings,230.0,661.0,24.0,1027.0
SKU0171,2025-09-08,0,0.0,0,0,Furnishings,0.0,661.0,24.0,1027.0
SKU0171,2025-09-15,73,764654.56,0,0,Furnishings,0.0,661.0,24.0,1027.0
SKU0171,2025-09-22,344,3603303.6799999997,0,0,Furnishings,548.0,594.0,24.0,1027.0
SKU0171,2025-09-29,231,2419660.32,0,1,Furnishings,127.0,594.0,24.0,1027.0
SKU0171,2025-10-06,13,136171.36,0,0,Furnishings,0.0,594.0,24.0,1027.0
SKU0171,2025-10-13,396,3583925.46,1,0,Furnishings,466.0,486.0,24.0,1027.0
SKU0171,2025-10-20,198,1865023.9,1,0,Furnishings,13.0,486.0,24.0,1027.0
SKU0171,2025-10-27,0,0.0,0,1,Furnishings,0.0,486.0,24.0,1027.0
SKU0171,2025-11-03,114,1194118.08,0,0,Furnishings,407.0,562.0,24.0,1027.0
SKU0171,2025-11-10,304,3184314.88,0,0,Furnishings,91.0,562.0,24.0,1027.0
SKU0171,2025-11-17,68,712280.9600000001,0,0,Furnishings,0.0,562.0,24.0,1027.0
SKU0171,2025-11-24,0,0.0,1,0,Furnishings,0.0,562.0,24.0,1027.0
SKU0171,2025-12-01,331,3335150.85,1,0,Furnishings,478.0,0.0,24.0,1027.0
SKU0171,2025-12-08,230,2409185.6,0,0,Furnishings,188.0,762.0,24.0,1027.0
SKU0171,2025-12-15,0,0.0,0,0,Furnishings,1.0,762.0,24.0,1027.0
SKU0171,2025-12-22,125,1309340.0,0,1,Furnishings,1.0,762.0,24.0,1027.0
SKU0172,2024-12-30,90,624212.46,1,0,Decor,41.0,0.0,26.0,758.0
SKU0172,2025-01-06,0,0.0,1,0,Decor,0.0,477.0,26.0,758.0
SKU0172,2025-01-13,0,0.0,0,0,Decor,0.0,477.0,26.0,758.0
SKU0172,2025-01-20,0,0.0,0,1,Decor,0.0,477.0,26.0,758.0
SKU0172,2025-01-27,132,1077072.48,0,0,Decor,365.0,398.0,26.0,758.0
SKU0172,2025-02-03,164,1338180.96,0,0,Decor,212.0,398.0,26.0,758.0
SKU0172,2025-02-10,172,1403458.08,0,0,Decor,32.0,398.0,26.0,758.0
SKU0172,2025-02-17,35,285587.4,0,0,Decor,399.0,0.0,26.0,758.0
SKU0172,2025-02-24,190,1550331.6,0,0,Decor,211.0,505.0,26.0,758.0
SKU0172,2025-03-03,183,1493214.12,0,0,Decor,21.0,505.0,26.0,758.0
SKU0172,2025-03-10,0,0.0,0,0,Decor,0.0,505.0,26.0,758.0
SKU0172,2025-03-17,64,522216.95999999996,0,0,Decor,466.0,479.0,26.0,758.0
SKU0172,2025-03-24,154,1256584.56,0,0,Decor,466.0,479.0,26.0,758.0
SKU0172,2025-03-31,182,1485054.48,0,0,Decor,236.0,479.0,26.0,758.0
SKU0172,2025-04-07,105,856762.2,0,0,Decor,48.0,479.0,26.0,758.0
SKU0172,2025-04-14,116,946518.24,0,0,Decor,480.0,0.0,26.0,758.0
SKU0172,2025-04-21,200,1631928.0,0,0,Decor,308.0,404.0,26.0,758.0
SKU0172,2025-04-28,163,1330021.32,0,0,Decor,46.0,404.0,26.0,758.0
SKU0172,2025-05-05,0,0.0,0,0,Decor,1.0,404.0,26.0,758.0
SKU0172,2025-05-12,152,1240265.28,0,0,Decor,304.0,358.0,26.0,758.0
SKU0172,2025-05-19,189,1542171.96,0,0,Decor,135.0,358.0,26.0,758.0
SKU0172,2025-05-26,63,514057.32,0,0,Decor,1.0,358.0,26.0,758.0
SKU0172,2025-06-02,51,416141.64,0,0,Decor,308.0,0.0,26.0,758.0
SKU0172,2025-06-09,192,1522588.82,1,0,Decor,116.0,455.0,26.0,758.0
SKU0172,2025-06-16,116,804540.3,1,0,Decor,0.0,455.0,26.0,758.0
SKU0172,2025-06-23,0,0.0,0,0,Decor,0.0,455.0,26.0,758.0
SKU0172,2025-06-30,91,742527.24,0,0,Decor,0.0,455.0,26.0,758.0
SKU0172,2025-07-07,175,1427937.0,0,0,Decor,312.0,338.0,26.0,758.0
SKU0172,2025-07-14,153,1248424.92,0,0,Decor,132.0,338.0,26.0,758.0
SKU0172,2025-07-21,36,293747.04000000004,0,0,Decor,0.0,338.0,26.0,758.0
SKU0172,2025-07-28,108,881241.12,0,0,Decor,265.0,0.0,26.0,758.0
SKU0172,2025-08-04,125,1019955.0,0,0,Decor,145.0,447.0,26.0,758.0
SKU0172,2025-08-11,105,856762.2,0,1,Decor,25.0,447.0,26.0,758.0
SKU0172,2025-08-18,20,163192.8,0,0,Decor,1.0,447.0,26.0,758.0
SKU0172,2025-08-25,133,1085232.12,0,0,Decor,1.0,447.0,26.0,758.0
SKU0172,2025-09-01,106,864921.8400000001,0,0,Decor,280.0,376.0,26.0,758.0
SKU0172,2025-09-08,124,1011795.36,0,0,Decor,176.0,376.0,26.0,758.0
SKU0172,2025-09-15,113,922039.32,0,0,Decor,49.0,376.0,26.0,758.0
SKU0172,2025-09-22,101,824123.64,0,0,Decor,313.0,517.0,26.0,758.0
SKU0172,2025-09-29,108,881241.12,0,1,Decor,186.0,517.0,26.0,758.0
SKU0172,2025-10-06,118,962837.52,0,0,Decor,65.0,517.0,26.0,758.0
SKU0172,2025-10-13,159,1102775.35,1,0,Decor,475.0,573.0,26.0,758.0
SKU0172,2025-10-20,118,899192.33,1,0,Decor,299.0,573.0,26.0,758.0
SKU0172,2025-10-27,157,1281063.48,0,1,Decor,106.0,573.0,26.0,758.0
SKU0172,2025-11-03,83,677250.12,0,0,Decor,0.0,573.0,26.0,758.0
SKU0172,2025-11-10,126,1028114.64,0,0,Decor,465.0,533.0,26.0,758.0
SKU0172,2025-11-17,105,856762.2000000001,0,0,Decor,354.0,533.0,26.0,758.0
SKU0172,2025-11-24,183,1281471.47,1,0,Decor,354.0,533.0,26.0,758.0
SKU0172,2025-12-01,160,1270047.97,1,0,Decor,131.0,533.0,26.0,758.0
SKU0172,2025-12-08,129,1052593.56,0,0,Decor,518.0,371.0,26.0,758.0
SKU0172,2025-12-15,124,1011795.36,0,0,Decor,380.0,371.0,26.0,758.0
SKU0172,2025-12-22,112,913879.6799999999,0,1,Decor,267.0,371.0,26.0,758.0
SKU0173,2024-12-30,107,752037.0,1,0,Decor,269.0,0.0,18.0,199.0
SKU0173,2025-01-06,88,675696.3200000001,1,0,Decor,143.0,896.0,18.0,199.0
SKU0173,2025-01-13,71,576615.85,0,0,Decor,72.0,896.0,18.0,199.0
SKU0173,2025-01-20,74,600979.9,0,1,Decor,892.0,0.0,18.0,199.0
SKU0173,2025-01-27,80,649708.0,0,0,Decor,782.0,0.0,18.0,199.0
SKU0173,2025-02-03,88,714678.8,0,0,Decor,694.0,0.0,18.0,199.0
SKU0173,2025-02-10,91,739042.85,0,0,Decor,606.0,0.0,18.0,199.0
SKU0173,2025-02-17,89,722800.15,0,0,Decor,515.0,0.0,18.0,199.0
SKU0173,2025-02-24,87,706557.45,0,0,Decor,430.0,0.0,18.0,199.0
SKU0173,2025-03-03,96,779649.6,0,0,Decor,336.0,0.0,18.0,199.0
SKU0173,2025-03-10,99,804013.6499999999,0,0,Decor,238.0,0.0,18.0,199.0
SKU0173,2025-03-17,109,885227.1499999999,0,0,Decor,128.0,674.0,18.0,199.0
SKU0173,2025-03-24,98,795892.3,0,0,Decor,128.0,674.0,18.0,199.0
SKU0173,2025-03-31,107,868984.45,0,0,Decor,655.0,0.0,18.0,199.0
SKU0173,2025-04-07,106,860863.1,0,0,Decor,551.0,0.0,18.0,199.0
SKU0173,2025-04-14,108,877105.8,0,0,Decor,441.0,0.0,18.0,199.0
SKU0173,2025-04-21,118,958319.3,0,0,Decor,335.0,0.0,18.0,199.0
SKU0173,2025-04-28,108,877105.8,0,0,Decor,185.0,672.0,18.0,199.0
SKU0173,2025-05-05,97,787770.95,0,0,Decor,752.0,0.0,18.0,199.0
SKU0173,2025-05-12,114,925833.9,0,0,Decor,645.0,0.0,18.0,199.0
SKU0173,2025-05-19,103,836499.05,0,0,Decor,540.0,0.0,18.0,199.0
SKU0173,2025-05-26,111,901469.85,0,0,Decor,390.0,0.0,18.0,199.0
SKU0173,2025-06-02,93,755285.55,0,0,Decor,297.0,0.0,18.0,199.0
SKU0173,2025-06-09,103,818226.01,1,0,Decor,194.0,614.0,18.0,199.0
SKU0173,2025-06-16,163,1137395.07,1,0,Decor,31.0,614.0,18.0,199.0
SKU0173,2025-06-23,31,251761.85,0,0,Decor,31.0,614.0,18.0,199.0
SKU0173,2025-06-30,83,674072.05,0,0,Decor,589.0,0.0,18.0,199.0
SKU0173,2025-07-07,74,600979.9,0,0,Decor,506.0,0.0,18.0,199.0
SKU0173,2025-07-14,77,625343.95,0,0,Decor,431.0,0.0,18.0,199.0
SKU0173,2025-07-21,81,657829.35,0,0,Decor,355.0,0.0,18.0,199.0
SKU0173,2025-07-28,76,617222.6,0,0,Decor,235.0,0.0,18.0,199.0
SKU0173,2025-08-04,56,454795.6,0,0,Decor,179.0,942.0,18.0,199.0
SKU0173,2025-08-11,62,503523.7,0,1,Decor,120.0,942.0,18.0,199.0
SKU0173,2025-08-18,67,544130.45,0,0,Decor,997.0,0.0,18.0,199.0
SKU0173,2025-08-25,65,527887.75,0,0,Decor,997.0,0.0,18.0,199.0
SKU0173,2025-09-01,53,430431.55,0,0,Decor,908.0,0.0,18.0,199.0
SKU0173,2025-09-08,44,357339.4,0,0,Decor,860.0,0.0,18.0,199.0
SKU0173,2025-09-15,53,430431.55,0,0,Decor,809.0,0.0,18.0,199.0
SKU0173,2025-09-22,50,406067.5,0,0,Decor,757.0,0.0,18.0,199.0
SKU0173,2025-09-29,49,397946.15,0,1,Decor,693.0,0.0,18.0,199.0
SKU0173,2025-10-06,46,373582.10000000003,0,0,Decor,644.0,0.0,18.0,199.0
SKU0173,2025-10-13,75,534790.9,1,0,Decor,595.0,0.0,18.0,199.0
SKU0173,2025-10-20,50,376830.64,1,0,Decor,515.0,0.0,18.0,199.0
SKU0173,2025-10-27,42,341096.7,0,1,Decor,457.0,0.0,18.0,199.0
SKU0173,2025-11-03,55,446674.25,0,0,Decor,404.0,0.0,18.0,199.0
SKU0173,2025-11-10,49,397946.14999999997,0,0,Decor,354.0,0.0,18.0,199.0
SKU0173,2025-11-17,47,381703.44999999995,0,0,Decor,309.0,0.0,18.0,199.0
SKU0173,2025-11-24,89,622907.55,1,0,Decor,309.0,0.0,18.0,199.0
SKU0173,2025-12-01,79,614786.19,1,0,Decor,191.0,727.0,18.0,199.0
SKU0173,2025-12-08,71,576615.85,0,0,Decor,847.0,0.0,18.0,199.0
SKU0173,2025-12-15,59,479159.65,0,0,Decor,783.0,0.0,18.0,199.0
SKU0173,2025-12-22,70,568494.5,0,1,Decor,719.0,0.0,18.0,199.0
SKU0174,2025-03-03,12,74745.12,0,0,Small Appliances,115.0,0.0,29.0,167.0
SKU0174,2025-03-10,66,411098.16,0,0,Small Appliances,47.0,74.0,29.0,167.0
SKU0174,2025-03-17,40,249150.40000000002,0,0,Small Appliances,0.0,74.0,29.0,167.0
SKU0174,2025-03-24,0,0.0,0,0,Small Appliances,0.0,74.0,29.0,167.0
SKU0174,2025-03-31,0,0.0,0,0,Small Appliances,0.0,74.0,29.0,167.0
SKU0174,2025-04-07,66,411098.16,0,0,Small Appliances,56.0,103.0,29.0,167.0
SKU0174,2025-04-14,8,49830.08,0,0,Small Appliances,0.0,103.0,29.0,167.0
SKU0174,2025-04-21,0,0.0,0,0,Small Appliances,0.0,103.0,29.0,167.0
SKU0174,2025-04-28,0,0.0,0,0,Small Appliances,0.0,103.0,29.0,167.0
SKU0174,2025-05-05,53,330124.28,0,0,Small Appliances,74.0,0.0,29.0,167.0
SKU0174,2025-05-12,50,311438.0,0,0,Small Appliances,8.0,92.0,29.0,167.0
SKU0174,2025-05-19,0,0.0,0,0,Small Appliances,0.0,92.0,29.0,167.0
SKU0174,2025-05-26,0,0.0,0,0,Small Appliances,0.0,92.0,29.0,167.0
SKU0174,2025-06-02,32,199320.32,0,0,Small Appliances,60.0,94.0,29.0,167.0
SKU0174,2025-06-09,60,365316.77,1,0,Small Appliances,0.0,94.0,29.0,167.0
SKU0174,2025-06-16,0,0.0,1,0,Small Appliances,0.0,94.0,29.0,167.0
SKU0174,2025-06-23,0,0.0,0,0,Small Appliances,0.0,94.0,29.0,167.0
SKU0174,2025-06-30,21,130803.95999999999,0,0,Small Appliances,0.0,94.0,29.0,167.0
SKU0174,2025-07-07,48,298980.48,0,0,Small Appliances,57.0,124.0,29.0,167.0
SKU0174,2025-07-14,25,155719.0,0,0,Small Appliances,13.0,124.0,29.0,167.0
SKU0174,2025-07-21,0,0.0,0,0,Small Appliances,0.0,124.0,29.0,167.0
SKU0174,2025-07-28,12,74745.12,0,0,Small Appliances,121.0,114.0,29.0,167.0
SKU0174,2025-08-04,35,218006.59999999998,0,0,Small Appliances,84.0,114.0,29.0,167.0
SKU0174,2025-08-11,34,211777.84,0,1,Small Appliances,53.0,114.0,29.0,167.0
SKU0174,2025-08-18,43,267836.68,0,0,Small Appliances,13.0,114.0,29.0,167.0
SKU0174,2025-08-25,8,49830.08,0,0,Small Appliances,13.0,114.0,29.0,167.0
SKU0174,2025-09-01,22,137032.72,0,0,Small Appliances,105.0,77.0,29.0,167.0
SKU0174,2025-09-08,32,199320.32,0,0,Small Appliances,82.0,77.0,29.0,167.0
SKU0174,2025-09-15,29,180634.04,0,0,Small Appliances,53.0,77.0,29.0,167.0
SKU0174,2025-09-22,26,161947.76,0,0,Small Appliances,20.0,77.0,29.0,167.0
SKU0174,2025-09-29,16,99660.16,0,1,Small Appliances,65.0,77.0,29.0,167.0
SKU0174,2025-10-06,21,130803.95999999999,0,0,Small Appliances,50.0,77.0,29.0,167.0
SKU0174,2025-10-13,37,203369.02000000002,1,0,Small Appliances,23.0,77.0,29.0,167.0
SKU0174,2025-10-20,0,0.0,1,0,Small Appliances,1.0,77.0,29.0,167.0
SKU0174,2025-10-27,30,186862.8,0,1,Small Appliances,52.0,128.0,29.0,167.0
SKU0174,2025-11-03,16,99660.16,0,0,Small Appliances,34.0,128.0,29.0,167.0
SKU0174,2025-11-10,26,161947.76,0,0,Small Appliances,11.0,128.0,29.0,167.0
SKU0174,2025-11-17,5,31143.8,0,0,Small Appliances,1.0,128.0,29.0,167.0
SKU0174,2025-11-24,41,217072.29,1,0,Small Appliances,1.0,128.0,29.0,167.0
SKU0174,2025-12-01,42,251330.47,1,0,Small Appliances,77.0,75.0,29.0,167.0
SKU0174,2025-12-08,34,211777.84,0,0,Small Appliances,42.0,75.0,29.0,167.0
SKU0174,2025-12-15,11,68516.36,0,0,Small Appliances,8.0,75.0,29.0,167.0
SKU0174,2025-12-22,20,124575.2,0,1,Small Appliances,1.0,75.0,29.0,167.0
SKU0175,2024-01-08,56,506861.04,0,0,Decor,285.0,1090.0,13.0,505.0
SKU0175,2024-01-15,237,2145108.33,0,0,Decor,285.0,1090.0,13.0,505.0
SKU0175,2024-01-22,127,1149488.4300000002,0,1,Decor,39.0,1090.0,13.0,505.0
SKU0175,2024-01-29,217,1964086.53,0,0,Decor,868.0,0.0,13.0,505.0
SKU0175,2024-02-05,219,1982188.71,0,0,Decor,638.0,0.0,13.0,505.0
SKU0175,2024-02-12,203,1837371.27,0,0,Decor,456.0,810.0,13.0,505.0
SKU0175,2024-02-19,254,2298976.86,0,0,Decor,1025.0,0.0,13.0,505.0
SKU0175,2024-02-26,270,2443794.3,0,0,Decor,744.0,0.0,13.0,505.0
SKU0175,2024-03-04,250,2262772.5,0,0,Decor,464.0,1165.0,13.0,505.0
SKU0175,2024-03-11,277,2507151.93,0,0,Decor,199.0,1165.0,13.0,505.0
SKU0175,2024-03-18,188,1701604.92,0,0,Decor,1139.0,0.0,13.0,505.0
SKU0175,2024-03-25,253,2289925.77,0,0,Decor,1139.0,0.0,13.0,505.0
SKU0175,2024-04-01,278,2516203.02,0,0,Decor,830.0,0.0,13.0,505.0
SKU0175,2024-04-08,276,2498100.84,0,0,Decor,558.0,0.0,13.0,505.0
SKU0175,2024-04-15,247,2235619.23,0,0,Decor,1085.0,0.0,13.0,505.0
SKU0175,2024-04-22,253,2289925.77,0,0,Decor,823.0,0.0,13.0,505.0
SKU0175,2024-04-29,277,2507151.93,0,0,Decor,455.0,1064.0,13.0,505.0
SKU0175,2024-05-06,245,2217517.05,0,0,Decor,1253.0,0.0,13.0,505.0
SKU0175,2024-05-13,235,2127006.15,0,0,Decor,1037.0,0.0,13.0,505.0
SKU0175,2024-05-20,263,2380436.67,0,0,Decor,778.0,0.0,13.0,505.0
SKU0175,2024-05-27,234,2117955.06,0,0,Decor,450.0,909.0,13.0,505.0
SKU0175,2024-06-03,221,2000290.8900000001,0,0,Decor,1141.0,0.0,13.0,505.0
SKU0175,2024-06-10,325,2813983.88,1,0,Decor,838.0,0.0,13.0,505.0
SKU0175,2024-06-17,405,3170144.28,1,0,Decor,396.0,1091.0,13.0,505.0
SKU0175,2024-06-24,205,1855473.45,0,0,Decor,396.0,1091.0,13.0,505.0
SKU0175,2024-07-01,184,1665400.56,0,0,Decor,1257.0,0.0,13.0,505.0
SKU0175,2024-07-08,215,1945984.3499999999,0,0,Decor,1038.0,0.0,13.0,505.0
SKU0175,2024-07-15,169,1529634.21,0,0,Decor,841.0,0.0,13.0,505.0
SKU0175,2024-07-22,248,2244670.32,0,0,Decor,661.0,0.0,13.0,505.0
SKU0175,2024-07-29,178,1611094.02,0,0,Decor,328.0,1089.0,13.0,505.0
SKU0175,2024-08-05,190,1719707.1,0,0,Decor,1221.0,0.0,13.0,505.0
SKU0175,2024-08-12,203,1837371.27,0,1,Decor,1028.0,0.0,13.0,505.0
SKU0175,2024-08-19,171,1547736.39,0,0,Decor,837.0,0.0,13.0,505.0
SKU0175,2024-08-26,174,1574889.6600000001,0,0,Decor,619.0,0.0,13.0,505.0
SKU0175,2024-09-02,228,2063648.52,0,0,Decor,391.0,935.0,13.0,505.0
SKU0175,2024-09-09,141,1276203.69,0,0,Decor,1185.0,0.0,13.0,505.0
SKU0175,2024-09-16,173,1565838.57,0,0,Decor,1012.0,0.0,13.0,505.0
SKU0175,2024-09-23,123,1113284.07,0,0,Decor,1012.0,0.0,13.0,505.0
SKU0175,2024-09-30,159,1439123.31,0,1,Decor,850.0,0.0,13.0,505.0
SKU0175,2024-10-07,139,1258101.51,0,0,Decor,678.0,0.0,13.0,505.0
SKU0175,2024-10-14,278,2164568.17,1,0,Decor,527.0,0.0,13.0,505.0
SKU0175,2024-10-21,190,1651823.92,1,0,Decor,238.0,1114.0,13.0,505.0
SKU0175,2024-10-28,153,1384816.77,0,1,Decor,1112.0,0.0,13.0,505.0
SKU0175,2024-11-04,172,1556787.48,0,0,Decor,944.0,0.0,13.0,505.0
SKU0175,2024-11-11,207,1873575.6300000001,0,0,Decor,747.0,0.0,13.0,505.0
SKU0175,2024-11-18,221,2000290.89,0,0,Decor,523.0,0.0,13.0,505.0
SKU0175,2024-11-25,305,2346495.08,1,0,Decor,179.0,1002.0,13.0,505.0
SKU0175,2024-12-02,216,1955035.44,0,0,Decor,965.0,0.0,13.0,505.0
SKU0175,2024-12-09,165,1493429.85,0,0,Decor,800.0,0.0,13.0,505.0
SKU0175,2024-12-16,167,1511532.03,0,0,Decor,633.0,0.0,13.0,505.0
SKU0175,2024-12-23,210,1900728.9,0,1,Decor,633.0,0.0,13.0,505.0
SKU0175,2024-12-30,362,2866480.21,1,0,Decor,1483.0,0.0,13.0,505.0
SKU0175,2025-01-06,258,2174976.93,1,0,Decor,1099.0,0.0,13.0,505.0
SKU0175,2025-01-13,202,1828320.18,0,0,Decor,889.0,0.0,13.0,505.0
SKU0175,2025-01-20,245,2217517.05,0,1,Decor,644.0,0.0,13.0,505.0
SKU0175,2025-01-27,186,1683502.74,0,0,Decor,379.0,1187.0,13.0,505.0
SKU0175,2025-02-03,235,2127006.15,0,0,Decor,1339.0,0.0,13.0,505.0
SKU0175,2025-02-10,229,2072699.6099999999,0,0,Decor,1132.0,0.0,13.0,505.0
SKU0175,2025-02-17,250,2262772.5,0,0,Decor,858.0,0.0,13.0,505.0
SKU0175,2025-02-24,246,2226568.14,0,0,Decor,632.0,0.0,13.0,505.0
SKU0175,2025-03-03,228,2063648.52,0,0,Decor,396.0,910.0,13.0,505.0
SKU0175,2025-03-10,246,2226568.14,0,0,Decor,134.0,910.0,13.0,505.0
SKU0175,2025-03-17,264,2389487.76,0,0,Decor,800.0,0.0,13.0,505.0
SKU0175,2025-03-24,243,2199414.87,0,0,Decor,800.0,0.0,13.0,505.0
SKU0175,2025-03-31,301,2724378.09,0,0,Decor,434.0,952.0,13.0,505.0
SKU0175,2025-04-07,193,1746860.3699999999,0,0,Decor,162.0,952.0,13.0,505.0
SKU0175,2025-04-14,279,2525254.11,0,0,Decor,870.0,0.0,13.0,505.0
SKU0175,2025-04-21,237,2145108.33,0,0,Decor,651.0,0.0,13.0,505.0
SKU0175,2025-04-28,240,2172261.6,0,0,Decor,301.0,843.0,13.0,505.0
SKU0175,2025-05-05,250,2262772.5,0,0,Decor,905.0,0.0,13.0,505.0
SKU0175,2025-05-12,259,2344232.31,0,0,Decor,643.0,0.0,13.0,505.0
SKU0175,2025-05-19,239,2163210.5100000002,0,0,Decor,368.0,968.0,13.0,505.0
SKU0175,2025-05-26,320,2896348.8,0,0,Decor,1.0,968.0,13.0,505.0
SKU0175,2025-06-02,200,1810218.0,0,0,Decor,769.0,0.0,13.0,505.0
SKU0175,2025-06-09,238,2072699.61,1,0,Decor,531.0,0.0,13.0,505.0
SKU0175,2025-06-16,425,3298217.19,1,0,Decor,106.0,843.0,13.0,505.0
SKU0175,2025-06-23,141,1276203.69,0,0,Decor,106.0,843.0,13.0,505.0
SKU0175,2025-06-30,260,2353283.4,0,0,Decor,716.0,0.0,13.0,505.0
SKU0175,2025-07-07,193,1746860.37,0,0,Decor,499.0,936.0,13.0,505.0
SKU0175,2025-07-14,227,2054597.43,0,0,Decor,1228.0,0.0,13.0,505.0
SKU0175,2025-07-21,204,1846422.3599999999,0,0,Decor,1015.0,0.0,13.0,505.0
SKU0175,2025-07-28,198,1792115.82,0,0,Decor,686.0,0.0,13.0,505.0
SKU0175,2025-08-04,200,1810218.0,0,0,Decor,517.0,0.0,13.0,505.0
SKU0175,2025-08-11,169,1529634.21,0,1,Decor,322.0,785.0,13.0,505.0
SKU0175,2025-08-18,224,2027444.16,0,0,Decor,908.0,0.0,13.0,505.0
SKU0175,2025-08-25,141,1276203.69,0,0,Decor,908.0,0.0,13.0,505.0
SKU0175,2025-09-01,167,1511532.03,0,0,Decor,705.0,0.0,13.0,505.0
SKU0175,2025-09-08,172,1556787.48,0,0,Decor,515.0,0.0,13.0,505.0
SKU0175,2025-09-15,154,1393867.86,0,0,Decor,1229.0,0.0,13.0,505.0
SKU0175,2025-09-22,161,1457225.49,0,0,Decor,1062.0,0.0,13.0,505.0
SKU0175,2025-09-29,163,1475327.67,0,1,Decor,822.0,0.0,13.0,505.0
SKU0175,2025-10-06,181,1638247.29,0,0,Decor,682.0,0.0,13.0,505.0
SKU0175,2025-10-13,247,1954582.8800000001,1,0,Decor,505.0,0.0,13.0,505.0
SKU0175,2025-10-20,183,1553167.04,1,0,Decor,218.0,802.0,13.0,505.0
SKU0175,2025-10-27,118,1068028.62,0,1,Decor,839.0,0.0,13.0,505.0
SKU0175,2025-11-03,147,1330510.23,0,0,Decor,702.0,0.0,13.0,505.0
SKU0175,2025-11-10,147,1330510.23,0,0,Decor,565.0,0.0,13.0,505.0
SKU0175,2025-11-17,146,1321459.14,0,0,Decor,417.0,907.0,13.0,505.0
SKU0175,2025-11-24,322,2530232.21,1,0,Decor,417.0,907.0,13.0,505.0
SKU0175,2025-12-01,199,1741429.72,1,0,Decor,930.0,0.0,13.0,505.0
SKU0175,2025-12-08,159,1439123.31,0,0,Decor,745.0,0.0,13.0,505.0
SKU0175,2025-12-15,169,1529634.21,0,0,Decor,605.0,0.0,13.0,505.0
SKU0175,2025-12-22,179,1620145.11,0,1,Decor,412.0,1048.0,13.0,505.0
SKU0176,2024-07-15,230,824510.9,0,0,Small Appliances,29.0,2029.0,26.0,832.0
SKU0176,2024-07-22,62,222259.46000000002,0,0,Small Appliances,29.0,2029.0,26.0,832.0
SKU0176,2024-07-29,0,0.0,0,0,Small Appliances,1.0,2029.0,26.0,832.0
SKU0176,2024-08-05,0,0.0,0,0,Small Appliances,1.0,2029.0,26.0,832.0
SKU0176,2024-08-12,165,591496.95,0,1,Small Appliances,1935.0,0.0,26.0,832.0
SKU0176,2024-08-19,172,616590.76,0,0,Small Appliances,1765.0,0.0,26.0,832.0
SKU0176,2024-08-26,176,630930.0800000001,0,0,Small Appliances,1517.0,0.0,26.0,832.0
SKU0176,2024-09-02,170,609421.1,0,0,Small Appliances,1347.0,0.0,26.0,832.0
SKU0176,2024-09-09,181,648854.23,0,0,Small Appliances,1166.0,0.0,26.0,832.0
SKU0176,2024-09-16,151,541309.33,0,0,Small Appliances,1015.0,0.0,26.0,832.0
SKU0176,2024-09-23,170,609421.1,0,0,Small Appliances,1015.0,0.0,26.0,832.0
SKU0176,2024-09-30,149,534139.67,0,1,Small Appliances,779.0,1627.0,26.0,832.0
SKU0176,2024-10-07,117,419425.11000000004,0,0,Small Appliances,2284.0,0.0,26.0,832.0
SKU0176,2024-10-14,229,706390.75,1,0,Small Appliances,2142.0,0.0,26.0,832.0
SKU0176,2024-10-21,189,659250.24,1,0,Small Appliances,1912.0,0.0,26.0,832.0
SKU0176,2024-10-28,138,494706.54,0,1,Small Appliances,1684.0,0.0,26.0,832.0
SKU0176,2024-11-04,162,580742.46,0,0,Small Appliances,1510.0,0.0,26.0,832.0
SKU0176,2024-11-11,157,562818.31,0,0,Small Appliances,1347.0,0.0,26.0,832.0
SKU0176,2024-11-18,118,423009.94,0,0,Small Appliances,1229.0,0.0,26.0,832.0
SKU0176,2024-11-25,261,795294.61,1,0,Small Appliances,952.0,0.0,26.0,832.0
SKU0176,2024-12-02,197,706211.51,0,0,Small Appliances,755.0,1746.0,26.0,832.0
SKU0176,2024-12-09,197,706211.51,0,0,Small Appliances,558.0,1746.0,26.0,832.0
SKU0176,2024-12-16,217,777908.11,0,0,Small Appliances,2087.0,0.0,26.0,832.0
SKU0176,2024-12-23,145,519800.35,0,1,Small Appliances,2087.0,0.0,26.0,832.0
SKU0176,2024-12-30,380,1189088.12,1,0,Small Appliances,1793.0,0.0,26.0,832.0
SKU0176,2025-01-06,256,841897.3200000001,1,0,Small Appliances,1392.0,0.0,26.0,832.0
SKU0176,2025-01-13,224,803001.92,0,0,Small Appliances,1217.0,0.0,26.0,832.0
SKU0176,2025-01-20,221,792247.43,0,1,Small Appliances,980.0,0.0,26.0,832.0
SKU0176,2025-01-27,241,863944.03,0,0,Small Appliances,640.0,1593.0,26.0,832.0
SKU0176,2025-02-03,283,1014506.89,0,0,Small Appliances,355.0,1593.0,26.0,832.0
SKU0176,2025-02-10,245,878283.35,0,0,Small Appliances,1710.0,0.0,26.0,832.0
SKU0176,2025-02-17,267,957149.61,0,0,Small Appliances,1439.0,0.0,26.0,832.0
SKU0176,2025-02-24,283,1014506.89,0,0,Small Appliances,1163.0,0.0,26.0,832.0
SKU0176,2025-03-03,285,1021676.5499999999,0,0,Small Appliances,892.0,0.0,26.0,832.0
SKU0176,2025-03-10,315,1129221.45,0,0,Small Appliances,561.0,1750.0,26.0,832.0
SKU0176,2025-03-17,286,1025261.38,0,0,Small Appliances,283.0,1750.0,26.0,832.0
SKU0176,2025-03-24,249,892622.67,0,0,Small Appliances,283.0,1750.0,26.0,832.0
SKU0176,2025-03-31,173,620175.59,0,0,Small Appliances,0.0,1750.0,26.0,832.0
SKU0176,2025-04-07,317,1136391.1099999999,0,0,Small Appliances,1471.0,0.0,26.0,832.0
SKU0176,2025-04-14,296,1061109.68,0,0,Small Appliances,1161.0,0.0,26.0,832.0
SKU0176,2025-04-21,323,1157900.0899999999,0,0,Small Appliances,868.0,0.0,26.0,832.0
SKU0176,2025-04-28,312,1118466.96,0,0,Small Appliances,2341.0,0.0,26.0,832.0
SKU0176,2025-05-05,298,1068279.3399999999,0,0,Small Appliances,2022.0,0.0,26.0,832.0
SKU0176,2025-05-12,300,1075449.0,0,0,Small Appliances,1771.0,0.0,26.0,832.0
SKU0176,2025-05-19,299,1071864.17,0,0,Small Appliances,1441.0,0.0,26.0,832.0
SKU0176,2025-05-26,295,1057524.85,0,0,Small Appliances,1054.0,0.0,26.0,832.0
SKU0176,2025-06-02,273,978658.5900000001,0,0,Small Appliances,781.0,1808.0,26.0,832.0
SKU0176,2025-06-09,285,999092.12,1,0,Small Appliances,496.0,1808.0,26.0,832.0
SKU0176,2025-06-16,454,1399517.64,1,0,Small Appliances,1851.0,0.0,26.0,832.0
SKU0176,2025-06-23,263,942810.29,0,0,Small Appliances,1851.0,0.0,26.0,832.0
SKU0176,2025-06-30,231,828095.73,0,0,Small Appliances,1508.0,0.0,26.0,832.0
SKU0176,2025-07-07,217,777908.11,0,0,Small Appliances,1287.0,0.0,26.0,832.0
SKU0176,2025-07-14,218,781492.9400000001,0,0,Small Appliances,1060.0,0.0,26.0,832.0
SKU0176,2025-07-21,216,774323.28,0,0,Small Appliances,853.0,0.0,26.0,832.0
SKU0176,2025-07-28,209,749229.47,0,0,Small Appliances,536.0,1991.0,26.0,832.0
SKU0176,2025-08-04,175,627345.25,0,0,Small Appliances,359.0,1991.0,26.0,832.0
SKU0176,2025-08-11,157,562818.31,0,1,Small Appliances,2194.0,0.0,26.0,832.0
SKU0176,2025-08-18,149,534139.67,0,0,Small Appliances,2055.0,0.0,26.0,832.0
SKU0176,2025-08-25,132,473197.56,0,0,Small Appliances,2055.0,0.0,26.0,832.0
SKU0176,2025-09-01,128,458858.24,0,0,Small Appliances,1852.0,0.0,26.0,832.0
SKU0176,2025-09-08,138,494706.54000000004,0,0,Small Appliances,1730.0,0.0,26.0,832.0
SKU0176,2025-09-15,152,544894.16,0,0,Small Appliances,1578.0,0.0,26.0,832.0
SKU0176,2025-09-22,121,433764.43,0,0,Small Appliances,1445.0,0.0,26.0,832.0
SKU0176,2025-09-29,102,365652.66000000003,0,1,Small Appliances,1269.0,0.0,26.0,832.0
SKU0176,2025-10-06,102,365652.66000000003,0,0,Small Appliances,1198.0,0.0,26.0,832.0
SKU0176,2025-10-13,168,528583.1799999999,1,0,Small Appliances,1066.0,0.0,26.0,832.0
SKU0176,2025-10-20,169,561205.13,1,0,Small Appliances,854.0,0.0,26.0,832.0
SKU0176,2025-10-27,102,365652.66,0,1,Small Appliances,2332.0,0.0,26.0,832.0
SKU0176,2025-11-03,133,476782.39,0,0,Small Appliances,2204.0,0.0,26.0,832.0
SKU0176,2025-11-10,139,498291.37,0,0,Small Appliances,2071.0,0.0,26.0,832.0
SKU0176,2025-11-17,162,580742.46,0,0,Small Appliances,1911.0,0.0,26.0,832.0
SKU0176,2025-11-24,201,619996.35,1,0,Small Appliances,1911.0,0.0,26.0,832.0
SKU0176,2025-12-01,164,570167.21,1,0,Small Appliances,1653.0,0.0,26.0,832.0
SKU0176,2025-12-08,186,666778.38,0,0,Small Appliances,1497.0,0.0,26.0,832.0
SKU0176,2025-12-15,160,573572.8,0,0,Small Appliances,1316.0,0.0,26.0,832.0
SKU0176,2025-12-22,178,638099.74,0,1,Small Appliances,1160.0,0.0,26.0,832.0
SKU0177,2024-10-21,4,36471.08,0,0,Decor,156.0,0.0,25.0,154.0
SKU0177,2024-10-28,26,237062.02,0,1,Decor,156.0,0.0,25.0,154.0
SKU0177,2024-11-04,26,237062.02000000002,0,0,Decor,126.0,103.0,25.0,154.0
SKU0177,2024-11-11,22,200590.94,0,0,Decor,102.0,103.0,25.0,154.0
SKU0177,2024-11-18,30,273533.1,0,0,Decor,180.0,0.0,25.0,154.0
SKU0177,2024-11-25,44,341004.60000000003,1,0,Decor,128.0,77.0,25.0,154.0
SKU0177,2024-12-02,30,273533.1,0,0,Decor,98.0,77.0,25.0,154.0
SKU0177,2024-12-09,29,264415.33,0,0,Decor,69.0,77.0,25.0,154.0
SKU0177,2024-12-16,30,273533.10000000003,0,0,Decor,117.0,70.0,25.0,154.0
SKU0177,2024-12-23,24,218826.48,0,1,Decor,117.0,70.0,25.0,154.0
SKU0177,2024-12-30,45,355593.02,1,0,Decor,75.0,70.0,25.0,154.0
SKU0177,2025-01-06,47,391608.22000000003,1,0,Decor,14.0,70.0,25.0,154.0
SKU0177,2025-01-13,28,255297.56,0,0,Decor,58.0,105.0,25.0,154.0
SKU0177,2025-01-20,34,310004.18,0,1,Decor,27.0,105.0,25.0,154.0
SKU0177,2025-01-27,8,72942.16,0,0,Decor,1.0,105.0,25.0,154.0
SKU0177,2025-02-03,25,227944.25,0,0,Decor,83.0,69.0,25.0,154.0
SKU0177,2025-02-10,45,410299.65,0,0,Decor,40.0,69.0,25.0,154.0
SKU0177,2025-02-17,35,319121.95,0,0,Decor,2.0,69.0,25.0,154.0
SKU0177,2025-02-24,6,54706.62,0,0,Decor,70.0,0.0,25.0,154.0
SKU0177,2025-03-03,49,446770.73,0,0,Decor,19.0,99.0,25.0,154.0
SKU0177,2025-03-10,14,127648.78,0,0,Decor,1.0,99.0,25.0,154.0
SKU0177,2025-03-17,0,0.0,0,0,Decor,1.0,99.0,25.0,154.0
SKU0177,2025-03-24,22,200590.94,0,0,Decor,1.0,99.0,25.0,154.0
SKU0177,2025-03-31,47,428535.19,0,0,Decor,61.0,88.0,25.0,154.0
SKU0177,2025-04-07,30,273533.1,0,0,Decor,14.0,88.0,25.0,154.0
SKU0177,2025-04-14,0,0.0,0,0,Decor,1.0,88.0,25.0,154.0
SKU0177,2025-04-21,50,455888.5,0,0,Decor,74.0,105.0,25.0,154.0
SKU0177,2025-04-28,38,346475.26,0,0,Decor,2.0,105.0,25.0,154.0
SKU0177,2025-05-05,0,0.0,0,0,Decor,0.0,105.0,25.0,154.0
SKU0177,2025-05-12,19,173237.63,0,0,Decor,106.0,96.0,25.0,154.0
SKU0177,2025-05-19,48,437652.95999999996,0,0,Decor,55.0,96.0,25.0,154.0
SKU0177,2025-05-26,38,346475.26,0,0,Decor,1.0,96.0,25.0,154.0
SKU0177,2025-06-02,0,0.0,0,0,Decor,1.0,96.0,25.0,154.0
SKU0177,2025-06-09,42,372005.02,1,0,Decor,54.0,116.0,25.0,154.0
SKU0177,2025-06-16,54,418505.64,1,0,Decor,0.0,116.0,25.0,154.0
SKU0177,2025-06-23,0,0.0,0,0,Decor,0.0,116.0,25.0,154.0
SKU0177,2025-06-30,10,91177.7,0,0,Decor,0.0,116.0,25.0,154.0
SKU0177,2025-07-07,36,328239.72,0,0,Decor,96.0,107.0,25.0,154.0
SKU0177,2025-07-14,38,346475.26,0,0,Decor,59.0,107.0,25.0,154.0
SKU0177,2025-07-21,32,291768.64,0,0,Decor,24.0,107.0,25.0,154.0
SKU0177,2025-07-28,23,209708.71000000002,0,0,Decor,92.0,67.0,25.0,154.0
SKU0177,2025-08-04,24,218826.48,0,0,Decor,65.0,67.0,25.0,154.0
SKU0177,2025-08-11,32,291768.64,0,1,Decor,35.0,67.0,25.0,154.0
SKU0177,2025-08-18,30,273533.1,0,0,Decor,3.0,67.0,25.0,154.0
SKU0177,2025-08-25,32,291768.64,0,0,Decor,3.0,67.0,25.0,154.0
SKU0177,2025-09-01,31,282650.87,0,0,Decor,31.0,118.0,25.0,154.0
SKU0177,2025-09-08,2,18235.54,0,0,Decor,2.0,118.0,25.0,154.0
SKU0177,2025-09-15,11,100295.47,0,0,Decor,1.0,118.0,25.0,154.0
SKU0177,2025-09-22,22,200590.94,0,0,Decor,102.0,119.0,25.0,154.0
SKU0177,2025-09-29,27,246179.79,0,1,Decor,72.0,119.0,25.0,154.0
SKU0177,2025-10-06,22,200590.94,0,0,Decor,46.0,119.0,25.0,154.0
SKU0177,2025-10-13,28,223841.25,1,0,Decor,146.0,115.0,25.0,154.0
SKU0177,2025-10-20,31,267606.55,1,0,Decor,112.0,115.0,25.0,154.0
SKU0177,2025-10-27,24,218826.47999999998,0,1,Decor,78.0,115.0,25.0,154.0
SKU0177,2025-11-03,27,246179.79,0,0,Decor,164.0,0.0,25.0,154.0
SKU0177,2025-11-10,25,227944.25,0,0,Decor,140.0,0.0,25.0,154.0
SKU0177,2025-11-17,30,273533.1,0,0,Decor,110.0,67.0,25.0,154.0
SKU0177,2025-11-24,42,328239.7,1,0,Decor,110.0,67.0,25.0,154.0
SKU0177,2025-12-01,37,325048.5,1,0,Decor,122.0,0.0,25.0,154.0
SKU0177,2025-12-08,28,255297.56,0,0,Decor,89.0,96.0,25.0,154.0
SKU0177,2025-12-15,29,264415.33,0,0,Decor,61.0,96.0,25.0,154.0
SKU0177,2025-12-22,25,227944.25,0,1,Decor,34.0,96.0,25.0,154.0
SKU0178,2024-07-15,18,23279.4,0,0,Furnishings,204.0,0.0,27.0,108.0
SKU0178,2024-07-22,27,34919.1,0,0,Furnishings,204.0,0.0,27.0,108.0
SKU0178,2024-07-29,24,31039.2,0,0,Furnishings,165.0,0.0,27.0,108.0
SKU0178,2024-08-05,20,25866.0,0,0,Furnishings,144.0,0.0,27.0,108.0
SKU0178,2024-08-12,20,25866.0,0,1,Furnishings,123.0,0.0,27.0,108.0
SKU0178,2024-08-19,21,27159.3,0,0,Furnishings,102.0,185.0,27.0,108.0
SKU0178,2024-08-26,22,28452.6,0,0,Furnishings,74.0,185.0,27.0,108.0
SKU0178,2024-09-02,18,23279.4,0,0,Furnishings,241.0,0.0,27.0,108.0
SKU0178,2024-09-09,19,24572.7,0,0,Furnishings,222.0,0.0,27.0,108.0
SKU0178,2024-09-16,23,29745.9,0,0,Furnishings,199.0,0.0,27.0,108.0
SKU0178,2024-09-23,21,27159.3,0,0,Furnishings,199.0,0.0,27.0,108.0
SKU0178,2024-09-30,25,32332.5,0,1,Furnishings,169.0,0.0,27.0,108.0
SKU0178,2024-10-07,21,27159.3,0,0,Furnishings,145.0,0.0,27.0,108.0
SKU0178,2024-10-14,34,37958.340000000004,1,0,Furnishings,122.0,0.0,27.0,108.0
SKU0178,2024-10-21,24,30069.22,1,0,Furnishings,88.0,217.0,27.0,108.0
SKU0178,2024-10-28,20,25866.0,0,1,Furnishings,271.0,0.0,27.0,108.0
SKU0178,2024-11-04,20,25866.0,0,0,Furnishings,254.0,0.0,27.0,108.0
SKU0178,2024-11-11,25,32332.5,0,0,Furnishings,230.0,0.0,27.0,108.0
SKU0178,2024-11-18,19,24572.7,0,0,Furnishings,209.0,0.0,27.0,108.0
SKU0178,2024-11-25,41,45071.479999999996,1,0,Furnishings,165.0,0.0,27.0,108.0
SKU0178,2024-12-02,25,32332.5,0,0,Furnishings,140.0,0.0,27.0,108.0
SKU0178,2024-12-09,21,27159.3,0,0,Furnishings,119.0,0.0,27.0,108.0
SKU0178,2024-12-16,23,29745.9,0,0,Furnishings,96.0,217.0,27.0,108.0
SKU0178,2024-12-23,19,24572.7,0,1,Furnishings,96.0,217.0,27.0,108.0
SKU0178,2024-12-30,37,42226.24,1,0,Furnishings,277.0,0.0,27.0,108.0
SKU0178,2025-01-06,33,39962.97,1,0,Furnishings,238.0,0.0,27.0,108.0
SKU0178,2025-01-13,26,33625.8,0,0,Furnishings,210.0,0.0,27.0,108.0
SKU0178,2025-01-20,16,20692.8,0,1,Furnishings,192.0,0.0,27.0,108.0
SKU0178,2025-01-27,28,36212.4,0,0,Furnishings,157.0,0.0,27.0,108.0
SKU0178,2025-02-03,26,33625.8,0,0,Furnishings,130.0,0.0,27.0,108.0
SKU0178,2025-02-10,28,36212.4,0,0,Furnishings,104.0,236.0,27.0,108.0
SKU0178,2025-02-17,24,31039.2,0,0,Furnishings,315.0,0.0,27.0,108.0
SKU0178,2025-02-24,24,31039.2,0,0,Furnishings,291.0,0.0,27.0,108.0
SKU0178,2025-03-03,28,36212.4,0,0,Furnishings,264.0,0.0,27.0,108.0
SKU0178,2025-03-10,30,38799.0,0,0,Furnishings,235.0,0.0,27.0,108.0
SKU0178,2025-03-17,29,37505.7,0,0,Furnishings,203.0,0.0,27.0,108.0
SKU0178,2025-03-24,37,47852.1,0,0,Furnishings,203.0,0.0,27.0,108.0
SKU0178,2025-03-31,31,40092.299999999996,0,0,Furnishings,155.0,0.0,27.0,108.0
SKU0178,2025-04-07,29,37505.7,0,0,Furnishings,123.0,0.0,27.0,108.0
SKU0178,2025-04-14,32,41385.6,0,0,Furnishings,91.0,231.0,27.0,108.0
SKU0178,2025-04-21,20,25866.0,0,0,Furnishings,66.0,231.0,27.0,108.0
SKU0178,2025-04-28,34,43972.2,0,0,Furnishings,27.0,231.0,27.0,108.0
SKU0178,2025-05-05,21,27159.3,0,0,Furnishings,0.0,231.0,27.0,108.0
SKU0178,2025-05-12,37,47852.1,0,0,Furnishings,203.0,0.0,27.0,108.0
SKU0178,2025-05-19,28,36212.4,0,0,Furnishings,170.0,0.0,27.0,108.0
SKU0178,2025-05-26,33,42678.9,0,0,Furnishings,130.0,0.0,27.0,108.0
SKU0178,2025-06-02,28,36212.4,0,0,Furnishings,102.0,194.0,27.0,108.0
SKU0178,2025-06-09,31,39122.32,1,0,Furnishings,71.0,194.0,27.0,108.0
SKU0178,2025-06-16,48,53542.62,1,0,Furnishings,23.0,194.0,27.0,108.0
SKU0178,2025-06-23,23,29745.9,0,0,Furnishings,23.0,194.0,27.0,108.0
SKU0178,2025-06-30,14,18106.2,0,0,Furnishings,0.0,194.0,27.0,108.0
SKU0178,2025-07-07,31,40092.3,0,0,Furnishings,174.0,0.0,27.0,108.0
SKU0178,2025-07-14,29,37505.7,0,0,Furnishings,141.0,0.0,27.0,108.0
SKU0178,2025-07-21,27,34919.1,0,0,Furnishings,113.0,0.0,27.0,108.0
SKU0178,2025-07-28,30,38799.0,0,0,Furnishings,291.0,0.0,27.0,108.0
SKU0178,2025-08-04,25,32332.5,0,0,Furnishings,265.0,0.0,27.0,108.0
SKU0178,2025-08-11,23,29745.9,0,1,Furnishings,242.0,0.0,27.0,108.0
SKU0178,2025-08-18,20,25866.0,0,0,Furnishings,223.0,0.0,27.0,108.0
SKU0178,2025-08-25,28,36212.4,0,0,Furnishings,223.0,0.0,27.0,108.0
SKU0178,2025-09-01,18,23279.399999999998,0,0,Furnishings,187.0,0.0,27.0,108.0
SKU0178,2025-09-08,21,27159.3,0,0,Furnishings,169.0,0.0,27.0,108.0
SKU0178,2025-09-15,15,19399.5,0,0,Furnishings,147.0,0.0,27.0,108.0
SKU0178,2025-09-22,23,29745.899999999998,0,0,Furnishings,133.0,0.0,27.0,108.0
SKU0178,2025-09-29,24,31039.2,0,1,Furnishings,101.0,214.0,27.0,108.0
SKU0178,2025-10-06,24,31039.2,0,0,Furnishings,75.0,214.0,27.0,108.0
SKU0178,2025-10-13,41,47011.44,1,0,Furnishings,48.0,214.0,27.0,108.0
SKU0178,2025-10-20,31,36988.37,1,0,Furnishings,218.0,0.0,27.0,108.0
SKU0178,2025-10-27,22,28452.6,0,1,Furnishings,188.0,0.0,27.0,108.0
SKU0178,2025-11-03,24,31039.2,0,0,Furnishings,163.0,0.0,27.0,108.0
SKU0178,2025-11-10,21,27159.3,0,0,Furnishings,142.0,0.0,27.0,108.0
SKU0178,2025-11-17,20,25866.0,0,0,Furnishings,122.0,0.0,27.0,108.0
SKU0178,2025-11-24,41,46041.43,1,0,Furnishings,122.0,0.0,27.0,108.0
SKU0178,2025-12-01,31,38734.33,1,0,Furnishings,73.0,189.0,27.0,108.0
SKU0178,2025-12-08,18,23279.4,0,0,Furnishings,46.0,189.0,27.0,108.0
SKU0178,2025-12-15,24,31039.199999999997,0,0,Furnishings,217.0,0.0,27.0,108.0
SKU0178,2025-12-22,27,34919.1,0,1,Furnishings,192.0,0.0,27.0,108.0
SKU0179,2025-04-21,67,139295.68,0,0,Furnishings,319.0,0.0,8.0,102.0
SKU0179,2025-04-28,87,180876.48,0,0,Furnishings,217.0,0.0,8.0,102.0
SKU0179,2025-05-05,77,160086.08,0,0,Furnishings,107.0,0.0,8.0,102.0
SKU0179,2025-05-12,92,191271.68,0,0,Furnishings,38.0,254.0,8.0,102.0
SKU0179,2025-05-19,91,189192.64,0,0,Furnishings,201.0,0.0,8.0,102.0
SKU0179,2025-05-26,93,193350.72,0,0,Furnishings,277.0,0.0,8.0,102.0
SKU0179,2025-06-02,91,189192.63999999998,0,0,Furnishings,186.0,0.0,8.0,102.0
SKU0179,2025-06-09,79,160501.89,1,0,Furnishings,107.0,0.0,8.0,102.0
SKU0179,2025-06-16,153,273185.85,1,0,Furnishings,205.0,0.0,8.0,102.0
SKU0179,2025-06-23,85,176718.4,0,0,Furnishings,205.0,0.0,8.0,102.0
SKU0179,2025-06-30,77,160086.08000000002,0,0,Furnishings,92.0,175.0,8.0,102.0
SKU0179,2025-07-07,85,176718.4,0,0,Furnishings,187.0,0.0,8.0,102.0
SKU0179,2025-07-14,83,172560.32,0,0,Furnishings,109.0,0.0,8.0,102.0
SKU0179,2025-07-21,78,162165.12,0,0,Furnishings,258.0,0.0,8.0,102.0
SKU0179,2025-07-28,82,170481.28,0,0,Furnishings,146.0,0.0,8.0,102.0
SKU0179,2025-08-04,61,126821.44,0,0,Furnishings,83.0,200.0,8.0,102.0
SKU0179,2025-08-11,63,130979.52,0,1,Furnishings,214.0,0.0,8.0,102.0
SKU0179,2025-08-18,69,143453.76,0,0,Furnishings,141.0,0.0,8.0,102.0
SKU0179,2025-08-25,69,143453.76,0,0,Furnishings,141.0,0.0,8.0,102.0
SKU0179,2025-09-01,51,106031.04,0,0,Furnishings,247.0,0.0,8.0,102.0
SKU0179,2025-09-08,91,189192.63999999998,0,0,Furnishings,186.0,0.0,8.0,102.0
SKU0179,2025-09-15,46,95635.84000000001,0,0,Furnishings,109.0,0.0,8.0,102.0
SKU0179,2025-09-22,77,160086.08,0,0,Furnishings,256.0,0.0,8.0,102.0
SKU0179,2025-09-29,53,110189.12,0,1,Furnishings,148.0,0.0,8.0,102.0
SKU0179,2025-10-06,57,118505.28,0,0,Furnishings,100.0,225.0,8.0,102.0
SKU0179,2025-10-13,93,168090.39,1,0,Furnishings,258.0,0.0,8.0,102.0
SKU0179,2025-10-20,76,147403.94,1,0,Furnishings,166.0,0.0,8.0,102.0
SKU0179,2025-10-27,56,116426.24,0,1,Furnishings,267.0,0.0,8.0,102.0
SKU0179,2025-11-03,50,103952.0,0,0,Furnishings,217.0,0.0,8.0,102.0
SKU0179,2025-11-10,47,97714.88,0,0,Furnishings,170.0,0.0,8.0,102.0
SKU0179,2025-11-17,68,141374.72,0,0,Furnishings,104.0,0.0,8.0,102.0
SKU0179,2025-11-24,104,185970.13,1,0,Furnishings,104.0,0.0,8.0,102.0
SKU0179,2025-12-01,74,149794.83,1,0,Furnishings,208.0,0.0,8.0,102.0
SKU0179,2025-12-08,69,143453.76,0,0,Furnishings,143.0,0.0,8.0,102.0
SKU0179,2025-12-15,79,164244.16,0,0,Furnishings,72.0,219.0,8.0,102.0
SKU0179,2025-12-22,75,155928.0,0,1,Furnishings,207.0,0.0,8.0,102.0
SKU0180,2024-05-13,3,5627.79,0,0,Small Appliances,378.0,0.0,19.0,57.0
SKU0180,2024-05-20,29,54401.97,0,0,Small Appliances,378.0,0.0,19.0,57.0
SKU0180,2024-05-27,26,48774.18,0,0,Small Appliances,341.0,0.0,19.0,57.0
SKU0180,2024-06-03,28,52526.04,0,0,Small Appliances,313.0,0.0,19.0,57.0
SKU0180,2024-06-10,31,55621.32,1,0,Small Appliances,284.0,0.0,19.0,57.0
SKU0180,2024-06-17,39,63312.62,1,0,Small Appliances,242.0,0.0,19.0,57.0
SKU0180,2024-06-24,27,50650.11,0,0,Small Appliances,242.0,0.0,19.0,57.0
SKU0180,2024-07-01,26,48774.18,0,0,Small Appliances,209.0,0.0,19.0,57.0
SKU0180,2024-07-08,25,46898.25,0,0,Small Appliances,183.0,0.0,19.0,57.0
SKU0180,2024-07-15,23,43146.39,0,0,Small Appliances,160.0,0.0,19.0,57.0
SKU0180,2024-07-22,26,48774.18,0,0,Small Appliances,135.0,0.0,19.0,57.0
SKU0180,2024-07-29,22,41270.46,0,0,Small Appliances,98.0,0.0,19.0,57.0
SKU0180,2024-08-05,19,35642.67,0,0,Small Appliances,77.0,0.0,19.0,57.0
SKU0180,2024-08-12,19,35642.67,0,1,Small Appliances,59.0,0.0,19.0,57.0
SKU0180,2024-08-19,19,35642.67,0,0,Small Appliances,77.0,0.0,19.0,57.0
SKU0180,2024-08-26,23,43146.39,0,0,Small Appliances,48.0,33.0,19.0,57.0
SKU0180,2024-09-02,19,35642.67,0,0,Small Appliances,29.0,33.0,19.0,57.0
SKU0180,2024-09-09,16,30014.88,0,0,Small Appliances,46.0,0.0,19.0,57.0
SKU0180,2024-09-16,19,35642.67,0,0,Small Appliances,27.0,33.0,19.0,57.0
SKU0180,2024-09-23,17,31890.81,0,0,Small Appliances,27.0,33.0,19.0,57.0
SKU0180,2024-09-30,18,33766.74,0,1,Small Appliances,35.0,36.0,19.0,57.0
SKU0180,2024-10-07,18,33766.74,0,0,Small Appliances,18.0,36.0,19.0,57.0
SKU0180,2024-10-14,13,21573.19,1,0,Small Appliances,0.0,36.0,19.0,57.0
SKU0180,2024-10-21,17,31046.64,1,0,Small Appliances,24.0,36.0,19.0,57.0
SKU0180,2024-10-28,12,22511.16,0,1,Small Appliances,1.0,36.0,19.0,57.0
SKU0180,2024-11-04,7,13131.51,0,0,Small Appliances,33.0,40.0,19.0,57.0
SKU0180,2024-11-11,16,30014.88,0,0,Small Appliances,17.0,40.0,19.0,57.0
SKU0180,2024-11-18,13,24387.09,0,0,Small Appliances,1.0,40.0,19.0,57.0
SKU0180,2024-11-25,30,47836.2,1,0,Small Appliances,11.0,27.0,19.0,57.0
SKU0180,2024-12-02,10,18759.3,0,0,Small Appliances,1.0,27.0,19.0,57.0
SKU0180,2024-12-09,2,3751.86,0,0,Small Appliances,26.0,0.0,19.0,57.0
SKU0180,2024-12-16,21,39394.53,0,0,Small Appliances,5.0,42.0,19.0,57.0
SKU0180,2024-12-23,5,9379.650000000001,0,1,Small Appliances,5.0,42.0,19.0,57.0
SKU0180,2024-12-30,13,20729.02,1,0,Small Appliances,0.0,42.0,19.0,57.0
SKU0180,2025-01-06,28,49149.36,1,0,Small Appliances,14.0,43.0,19.0,57.0
SKU0180,2025-01-13,1,1875.93,0,0,Small Appliances,1.0,43.0,19.0,57.0
SKU0180,2025-01-20,16,30014.88,0,1,Small Appliances,38.0,0.0,19.0,57.0
SKU0180,2025-01-27,23,43146.39,0,0,Small Appliances,6.0,40.0,19.0,57.0
SKU0180,2025-02-03,4,7503.72,0,0,Small Appliances,0.0,40.0,19.0,57.0
SKU0180,2025-02-10,28,52526.04,0,0,Small Appliances,14.0,39.0,19.0,57.0
SKU0180,2025-02-17,11,20635.23,0,0,Small Appliances,1.0,39.0,19.0,57.0
SKU0180,2025-02-24,6,11255.58,0,0,Small Appliances,37.0,0.0,19.0,57.0
SKU0180,2025-03-03,26,48774.18,0,0,Small Appliances,11.0,29.0,19.0,57.0
SKU0180,2025-03-10,7,13131.51,0,0,Small Appliances,1.0,29.0,19.0,57.0
SKU0180,2025-03-17,14,26263.02,0,0,Small Appliances,20.0,33.0,19.0,57.0
SKU0180,2025-03-24,16,30014.88,0,0,Small Appliances,20.0,33.0,19.0,57.0
SKU0180,2025-03-31,0,0.0,0,0,Small Appliances,0.0,33.0,19.0,57.0
SKU0180,2025-04-07,24,45022.32,0,0,Small Appliances,28.0,39.0,19.0,57.0
SKU0180,2025-04-14,8,15007.44,0,0,Small Appliances,1.0,39.0,19.0,57.0
SKU0180,2025-04-21,4,7503.72,0,0,Small Appliances,1.0,39.0,19.0,57.0
SKU0180,2025-04-28,30,56277.9,0,0,Small Appliances,16.0,45.0,19.0,57.0
SKU0180,2025-05-05,5,9379.65,0,0,Small Appliances,1.0,45.0,19.0,57.0
SKU0180,2025-05-12,9,16883.37,0,0,Small Appliances,46.0,0.0,19.0,57.0
SKU0180,2025-05-19,28,52526.04,0,0,Small Appliances,18.0,36.0,19.0,57.0
SKU0180,2025-05-26,8,15007.44,0,0,Small Appliances,1.0,36.0,19.0,57.0
SKU0180,2025-06-02,15,28138.95,0,0,Small Appliances,22.0,26.0,19.0,57.0
SKU0180,2025-06-09,21,39394.53,1,0,Small Appliances,1.0,26.0,19.0,57.0
SKU0180,2025-06-16,0,0.0,1,0,Small Appliances,26.0,31.0,19.0,57.0
SKU0180,2025-06-23,23,43146.39,0,0,Small Appliances,26.0,31.0,19.0,57.0
SKU0180,2025-06-30,3,5627.79,0,0,Small Appliances,0.0,31.0,19.0,57.0
SKU0180,2025-07-07,5,9379.65,0,0,Small Appliances,0.0,31.0,19.0,57.0
SKU0180,2025-07-14,23,43146.39,0,0,Small Appliances,20.0,35.0,19.0,57.0
SKU0180,2025-07-21,3,5627.79,0,0,Small Appliances,1.0,35.0,19.0,57.0
SKU0180,2025-07-28,10,18759.3,0,0,Small Appliances,30.0,38.0,19.0,57.0
SKU0180,2025-08-04,21,39394.53,0,0,Small Appliances,10.0,38.0,19.0,57.0
SKU0180,2025-08-11,4,7503.72,0,1,Small Appliances,1.0,38.0,19.0,57.0
SKU0180,2025-08-18,16,30014.88,0,0,Small Appliances,26.0,37.0,19.0,57.0
SKU0180,2025-08-25,19,35642.67,0,0,Small Appliances,26.0,37.0,19.0,57.0
SKU0180,2025-09-01,5,9379.650000000001,0,0,Small Appliances,2.0,37.0,19.0,57.0
SKU0180,2025-09-08,17,31890.81,0,0,Small Appliances,32.0,32.0,19.0,57.0
SKU0180,2025-09-15,18,33766.74,0,0,Small Appliances,17.0,32.0,19.0,57.0
SKU0180,2025-09-22,6,11255.58,0,0,Small Appliances,1.0,32.0,19.0,57.0
SKU0180,2025-09-29,20,37518.6,0,1,Small Appliances,15.0,35.0,19.0,57.0
SKU0180,2025-10-06,6,11255.58,0,0,Small Appliances,0.0,35.0,19.0,57.0
SKU0180,2025-10-13,24,38268.96,1,0,Small Appliances,29.0,38.0,19.0,57.0
SKU0180,2025-10-20,11,18102.72,1,0,Small Appliances,1.0,38.0,19.0,57.0
SKU0180,2025-10-27,0,0.0,0,1,Small Appliances,1.0,38.0,19.0,57.0
SKU0180,2025-11-03,19,35642.67,0,0,Small Appliances,22.0,39.0,19.0,57.0
SKU0180,2025-11-10,19,35642.67,0,0,Small Appliances,3.0,39.0,19.0,57.0
SKU0180,2025-11-17,5,9379.65,0,0,Small Appliances,37.0,0.0,19.0,57.0
SKU0180,2025-11-24,30,48680.369999999995,1,0,Small Appliances,37.0,0.0,19.0,57.0
SKU0180,2025-12-01,4,6378.16,1,0,Small Appliances,1.0,45.0,19.0,57.0
SKU0180,2025-12-08,8,15007.44,0,0,Small Appliances,1.0,45.0,19.0,57.0
SKU0180,2025-12-15,17,31890.81,0,0,Small Appliances,35.0,29.0,19.0,57.0
SKU0180,2025-12-22,20,37518.6,0,1,Small Appliances,17.0,29.0,19.0,57.0
SKU0181,2024-05-06,188,141864.8,0,0,Decor,0.0,384.0,7.0,218.0
SKU0181,2024-05-13,119,89797.4,0,0,Decor,0.0,384.0,7.0,218.0
SKU0181,2024-05-20,347,261846.2,0,0,Decor,103.0,479.0,7.0,218.0
SKU0181,2024-05-27,348,262600.8,0,0,Decor,87.0,537.0,7.0,218.0
SKU0181,2024-06-03,192,144883.2,0,0,Decor,447.0,0.0,7.0,218.0
SKU0181,2024-06-10,394,278183.29,1,0,Decor,96.0,510.0,7.0,218.0
SKU0181,2024-06-17,193,135450.7,1,0,Decor,358.0,0.0,7.0,218.0
SKU0181,2024-06-24,303,228643.8,0,0,Decor,358.0,0.0,7.0,218.0
SKU0181,2024-07-01,251,189404.6,0,0,Decor,440.0,0.0,7.0,218.0
SKU0181,2024-07-08,223,168275.8,0,0,Decor,195.0,355.0,7.0,218.0
SKU0181,2024-07-15,284,214306.4,0,0,Decor,296.0,0.0,7.0,218.0
SKU0181,2024-07-22,290,218834.0,0,0,Decor,508.0,0.0,7.0,218.0
SKU0181,2024-07-29,220,166012.0,0,0,Decor,663.0,0.0,7.0,218.0
SKU0181,2024-08-05,221,166766.6,0,0,Decor,455.0,0.0,7.0,218.0
SKU0181,2024-08-12,229,172803.4,0,1,Decor,218.0,378.0,7.0,218.0
SKU0181,2024-08-19,211,159220.6,0,0,Decor,379.0,0.0,7.0,218.0
SKU0181,2024-08-26,192,144883.2,0,0,Decor,615.0,0.0,7.0,218.0
SKU0181,2024-09-02,195,147147.0,0,0,Decor,420.0,0.0,7.0,218.0
SKU0181,2024-09-09,166,125263.6,0,0,Decor,254.0,0.0,7.0,218.0
SKU0181,2024-09-16,171,129036.6,0,0,Decor,554.0,0.0,7.0,218.0
SKU0181,2024-09-23,157,118472.2,0,0,Decor,554.0,0.0,7.0,218.0
SKU0181,2024-09-30,213,160729.8,0,1,Decor,351.0,0.0,7.0,218.0
SKU0181,2024-10-07,176,132809.6,0,0,Decor,132.0,409.0,7.0,218.0
SKU0181,2024-10-14,277,180273.94,1,0,Decor,352.0,0.0,7.0,218.0
SKU0181,2024-10-21,218,159409.25,1,0,Decor,65.0,402.0,7.0,218.0
SKU0181,2024-10-28,156,117717.6,0,1,Decor,201.0,374.0,7.0,218.0
SKU0181,2024-11-04,260,196196.0,0,0,Decor,358.0,0.0,7.0,218.0
SKU0181,2024-11-11,167,126018.2,0,0,Decor,580.0,0.0,7.0,218.0
SKU0181,2024-11-18,160,120736.0,0,0,Decor,431.0,0.0,7.0,218.0
SKU0181,2024-11-25,343,220003.63,1,0,Decor,52.0,511.0,7.0,218.0
SKU0181,2024-12-02,110,83006.0,0,0,Decor,453.0,0.0,7.0,218.0
SKU0181,2024-12-09,189,142619.4,0,0,Decor,264.0,0.0,7.0,218.0
SKU0181,2024-12-16,201,151674.6,0,0,Decor,421.0,0.0,7.0,218.0
SKU0181,2024-12-23,181,136582.6,0,1,Decor,421.0,0.0,7.0,218.0
SKU0181,2024-12-30,361,236302.99,1,0,Decor,128.0,471.0,7.0,218.0
SKU0181,2025-01-06,310,216494.74000000002,1,0,Decor,157.0,401.0,7.0,218.0
SKU0181,2025-01-13,239,180349.4,0,0,Decor,324.0,0.0,7.0,218.0
SKU0181,2025-01-20,278,209778.8,0,1,Decor,70.0,481.0,7.0,218.0
SKU0181,2025-01-27,316,238453.59999999998,0,0,Decor,144.0,412.0,7.0,218.0
SKU0181,2025-02-03,225,169785.0,0,0,Decor,316.0,0.0,7.0,218.0
SKU0181,2025-02-10,302,227889.2,0,0,Decor,462.0,0.0,7.0,218.0
SKU0181,2025-02-17,275,207515.0,0,0,Decor,186.0,460.0,7.0,218.0
SKU0181,2025-02-24,286,215815.6,0,0,Decor,362.0,0.0,7.0,218.0
SKU0181,2025-03-03,322,242981.2,0,0,Decor,448.0,0.0,7.0,218.0
SKU0181,2025-03-10,374,282220.4,0,0,Decor,83.0,379.0,7.0,218.0
SKU0181,2025-03-17,132,99607.2,0,0,Decor,297.0,0.0,7.0,218.0
SKU0181,2025-03-24,320,241472.0,0,0,Decor,297.0,0.0,7.0,218.0
SKU0181,2025-03-31,364,274674.4,0,0,Decor,338.0,0.0,7.0,218.0
SKU0181,2025-04-07,225,169785.0,0,0,Decor,1.0,515.0,7.0,218.0
SKU0181,2025-04-14,355,267883.0,0,0,Decor,290.0,0.0,7.0,218.0
SKU0181,2025-04-21,161,121490.6,0,0,Decor,0.0,350.0,7.0,218.0
SKU0181,2025-04-28,375,282975.0,0,0,Decor,485.0,0.0,7.0,218.0
SKU0181,2025-05-05,312,235435.2,0,0,Decor,508.0,0.0,7.0,218.0
SKU0181,2025-05-12,329,248263.40000000002,0,0,Decor,178.0,356.0,7.0,218.0
SKU0181,2025-05-19,191,144128.6,0,0,Decor,357.0,0.0,7.0,218.0
SKU0181,2025-05-26,325,245245.0,0,0,Decor,378.0,0.0,7.0,218.0
SKU0181,2025-06-02,279,210533.4,0,0,Decor,99.0,490.0,7.0,218.0
SKU0181,2025-06-09,213,157560.47999999998,1,0,Decor,376.0,0.0,7.0,218.0
SKU0181,2025-06-16,404,262864.91,1,0,Decor,445.0,0.0,7.0,218.0
SKU0181,2025-06-23,291,219588.6,0,0,Decor,445.0,0.0,7.0,218.0
SKU0181,2025-06-30,259,195441.4,0,0,Decor,62.0,401.0,7.0,218.0
SKU0181,2025-07-07,260,196196.0,0,0,Decor,231.0,0.0,7.0,218.0
SKU0181,2025-07-14,278,209778.8,0,0,Decor,353.0,0.0,7.0,218.0
SKU0181,2025-07-21,236,178085.6,0,0,Decor,76.0,354.0,7.0,218.0
SKU0181,2025-07-28,277,209024.2,0,0,Decor,415.0,0.0,7.0,218.0
SKU0181,2025-08-04,207,156202.2,0,0,Decor,181.0,403.0,7.0,218.0
SKU0181,2025-08-11,184,138846.4,0,1,Decor,409.0,0.0,7.0,218.0
SKU0181,2025-08-18,230,173558.0,0,0,Decor,208.0,534.0,7.0,218.0
SKU0181,2025-08-25,203,153183.8,0,0,Decor,208.0,534.0,7.0,218.0
SKU0181,2025-09-01,141,106398.6,0,0,Decor,442.0,0.0,7.0,218.0
SKU0181,2025-09-08,184,138846.4,0,0,Decor,279.0,0.0,7.0,218.0
SKU0181,2025-09-15,180,135828.0,0,0,Decor,110.0,335.0,7.0,218.0
SKU0181,2025-09-22,149,112435.4,0,0,Decor,271.0,0.0,7.0,218.0
SKU0181,2025-09-29,205,154693.0,0,1,Decor,63.0,496.0,7.0,218.0
SKU0181,2025-10-06,163,122999.8,0,0,Decor,355.0,0.0,7.0,218.0
SKU0181,2025-10-13,241,157409.56,1,0,Decor,195.0,351.0,7.0,218.0
SKU0181,2025-10-20,197,138469.1,1,0,Decor,265.0,0.0,7.0,218.0
SKU0181,2025-10-27,120,90552.0,0,1,Decor,619.0,0.0,7.0,218.0
SKU0181,2025-11-03,189,142619.4,0,0,Decor,428.0,0.0,7.0,218.0
SKU0181,2025-11-10,150,113190.0,0,0,Decor,270.0,0.0,7.0,218.0
SKU0181,2025-11-17,172,129791.2,0,0,Decor,592.0,0.0,7.0,218.0
SKU0181,2025-11-24,300,194347.23,1,0,Decor,592.0,0.0,7.0,218.0
SKU0181,2025-12-01,220,160012.93,1,0,Decor,210.0,500.0,7.0,218.0
SKU0181,2025-12-08,151,113944.6,0,0,Decor,531.0,0.0,7.0,218.0
SKU0181,2025-12-15,165,124509.0,0,0,Decor,358.0,0.0,7.0,218.0
SKU0181,2025-12-22,226,170539.6,0,1,Decor,210.0,443.0,7.0,218.0
SKU0182,2024-09-02,21,25236.120000000003,0,0,Decor,39.0,206.0,27.0,123.0
SKU0182,2024-09-09,32,38455.04,0,0,Decor,7.0,206.0,27.0,123.0
SKU0182,2024-09-16,6,7210.32,0,0,Decor,1.0,206.0,27.0,123.0
SKU0182,2024-09-23,0,0.0,0,0,Decor,1.0,206.0,27.0,123.0
SKU0182,2024-09-30,21,25236.120000000003,0,1,Decor,207.0,0.0,27.0,123.0
SKU0182,2024-10-07,33,39656.76,0,0,Decor,177.0,0.0,27.0,123.0
SKU0182,2024-10-14,45,46326.32,1,0,Decor,143.0,0.0,27.0,123.0
SKU0182,2024-10-21,35,40437.88,1,0,Decor,93.0,253.0,27.0,123.0
SKU0182,2024-10-28,25,30043.0,0,1,Decor,310.0,0.0,27.0,123.0
SKU0182,2024-11-04,31,37253.32,0,0,Decor,277.0,0.0,27.0,123.0
SKU0182,2024-11-11,28,33648.16,0,0,Decor,251.0,0.0,27.0,123.0
SKU0182,2024-11-18,29,34849.88,0,0,Decor,220.0,0.0,27.0,123.0
SKU0182,2024-11-25,48,49030.17,1,0,Decor,165.0,0.0,27.0,123.0
SKU0182,2024-12-02,28,33648.16,0,0,Decor,137.0,0.0,27.0,123.0
SKU0182,2024-12-09,35,42060.2,0,0,Decor,102.0,219.0,27.0,123.0
SKU0182,2024-12-16,35,42060.2,0,0,Decor,286.0,0.0,27.0,123.0
SKU0182,2024-12-23,27,32446.440000000002,0,1,Decor,286.0,0.0,27.0,123.0
SKU0182,2024-12-30,51,53716.880000000005,1,0,Decor,243.0,0.0,27.0,123.0
SKU0182,2025-01-06,42,46686.82,1,0,Decor,181.0,0.0,27.0,123.0
SKU0182,2025-01-13,30,36051.6,0,0,Decor,151.0,0.0,27.0,123.0
SKU0182,2025-01-20,35,42060.200000000004,0,1,Decor,119.0,250.0,27.0,123.0
SKU0182,2025-01-27,37,44463.64,0,0,Decor,69.0,250.0,27.0,123.0
SKU0182,2025-02-03,40,48068.8,0,0,Decor,31.0,250.0,27.0,123.0
SKU0182,2025-02-10,35,42060.200000000004,0,0,Decor,241.0,0.0,27.0,123.0
SKU0182,2025-02-17,34,40858.48,0,0,Decor,207.0,0.0,27.0,123.0
SKU0182,2025-02-24,37,44463.64000000001,0,0,Decor,172.0,0.0,27.0,123.0
SKU0182,2025-03-03,38,45665.36,0,0,Decor,135.0,0.0,27.0,123.0
SKU0182,2025-03-10,42,50472.240000000005,0,0,Decor,333.0,0.0,27.0,123.0
SKU0182,2025-03-17,45,54077.4,0,0,Decor,289.0,0.0,27.0,123.0
SKU0182,2025-03-24,38,45665.36,0,0,Decor,289.0,0.0,27.0,123.0
SKU0182,2025-03-31,43,51673.96000000001,0,0,Decor,232.0,0.0,27.0,123.0
SKU0182,2025-04-07,36,43261.92,0,0,Decor,189.0,0.0,27.0,123.0
SKU0182,2025-04-14,45,54077.4,0,0,Decor,154.0,0.0,27.0,123.0
SKU0182,2025-04-21,39,46867.08,0,0,Decor,107.0,213.0,27.0,123.0
SKU0182,2025-04-28,36,43261.920000000006,0,0,Decor,61.0,213.0,27.0,123.0
SKU0182,2025-05-05,40,48068.8,0,0,Decor,233.0,0.0,27.0,123.0
SKU0182,2025-05-12,35,42060.2,0,0,Decor,196.0,0.0,27.0,123.0
SKU0182,2025-05-19,42,50472.24,0,0,Decor,157.0,0.0,27.0,123.0
SKU0182,2025-05-26,41,49270.520000000004,0,0,Decor,341.0,0.0,27.0,123.0
SKU0182,2025-06-02,32,38455.04,0,0,Decor,309.0,0.0,27.0,123.0
SKU0182,2025-06-09,35,40978.65,1,0,Decor,274.0,0.0,27.0,123.0
SKU0182,2025-06-16,63,65073.15,1,0,Decor,211.0,0.0,27.0,123.0
SKU0182,2025-06-23,39,46867.08,0,0,Decor,211.0,0.0,27.0,123.0
SKU0182,2025-06-30,28,33648.16,0,0,Decor,162.0,0.0,27.0,123.0
SKU0182,2025-07-07,30,36051.6,0,0,Decor,135.0,0.0,27.0,123.0
SKU0182,2025-07-14,33,39656.76,0,0,Decor,104.0,224.0,27.0,123.0
SKU0182,2025-07-21,39,46867.08,0,0,Decor,67.0,224.0,27.0,123.0
SKU0182,2025-07-28,32,38455.04,0,0,Decor,243.0,0.0,27.0,123.0
SKU0182,2025-08-04,28,33648.16,0,0,Decor,209.0,0.0,27.0,123.0
SKU0182,2025-08-11,26,31244.72,0,1,Decor,187.0,0.0,27.0,123.0
SKU0182,2025-08-18,26,31244.72,0,0,Decor,160.0,0.0,27.0,123.0
SKU0182,2025-08-25,31,37253.32,0,0,Decor,160.0,0.0,27.0,123.0
SKU0182,2025-09-01,33,39656.76,0,0,Decor,118.0,192.0,27.0,123.0
SKU0182,2025-09-08,24,28841.28,0,0,Decor,85.0,192.0,27.0,123.0
SKU0182,2025-09-15,27,32446.440000000002,0,0,Decor,62.0,192.0,27.0,123.0
SKU0182,2025-09-22,25,30043.0,0,0,Decor,229.0,0.0,27.0,123.0
SKU0182,2025-09-29,22,26437.84,0,1,Decor,196.0,0.0,27.0,123.0
SKU0182,2025-10-06,29,34849.88,0,0,Decor,172.0,0.0,27.0,123.0
SKU0182,2025-10-13,48,50652.51,1,0,Decor,133.0,0.0,27.0,123.0
SKU0182,2025-10-20,34,37974.35,1,0,Decor,86.0,192.0,27.0,123.0
SKU0182,2025-10-27,22,26437.84,0,1,Decor,54.0,192.0,27.0,123.0
SKU0182,2025-11-03,28,33648.16,0,0,Decor,27.0,192.0,27.0,123.0
SKU0182,2025-11-10,32,38455.04,0,0,Decor,189.0,0.0,27.0,123.0
SKU0182,2025-11-17,29,34849.88,0,0,Decor,161.0,0.0,27.0,123.0
SKU0182,2025-11-24,52,54197.58,1,0,Decor,161.0,0.0,27.0,123.0
SKU0182,2025-12-01,40,46987.25,1,0,Decor,97.0,210.0,27.0,123.0
SKU0182,2025-12-08,29,34849.88,0,0,Decor,270.0,0.0,27.0,123.0
SKU0182,2025-12-15,35,42060.200000000004,0,0,Decor,240.0,0.0,27.0,123.0
SKU0182,2025-12-22,29,34849.88,0,1,Decor,203.0,0.0,27.0,123.0
SKU0183,2025-03-10,46,521023.14,0,0,Small Appliances,99.0,912.0,26.0,529.0
SKU0183,2025-03-17,85,962760.15,0,0,Small Appliances,0.0,912.0,26.0,529.0
SKU0183,2025-03-24,0,0.0,0,0,Small Appliances,0.0,912.0,26.0,529.0
SKU0183,2025-03-31,0,0.0,0,0,Small Appliances,0.0,912.0,26.0,529.0
SKU0183,2025-04-07,79,894800.61,0,0,Small Appliances,0.0,912.0,26.0,529.0
SKU0183,2025-04-14,151,1710315.09,0,0,Small Appliances,787.0,0.0,26.0,529.0
SKU0183,2025-04-21,177,2004806.43,0,0,Small Appliances,633.0,0.0,26.0,529.0
SKU0183,2025-04-28,154,1744294.86,0,0,Small Appliances,404.0,1013.0,26.0,529.0
SKU0183,2025-05-05,171,1936846.89,0,0,Small Appliances,1264.0,0.0,26.0,529.0
SKU0183,2025-05-12,158,1789601.22,0,0,Small Appliances,1102.0,0.0,26.0,529.0
SKU0183,2025-05-19,171,1936846.8900000001,0,0,Small Appliances,934.0,0.0,26.0,529.0
SKU0183,2025-05-26,148,1676335.32,0,0,Small Appliances,716.0,0.0,26.0,529.0
SKU0183,2025-06-02,136,1540416.24,0,0,Small Appliances,580.0,0.0,26.0,529.0
SKU0183,2025-06-09,148,1621967.69,1,0,Small Appliances,432.0,851.0,26.0,529.0
SKU0183,2025-06-16,214,2095985.48,1,0,Small Appliances,218.0,851.0,26.0,529.0
SKU0183,2025-06-23,156,1766948.04,0,0,Small Appliances,218.0,851.0,26.0,529.0
SKU0183,2025-06-30,127,1438476.93,0,0,Small Appliances,874.0,0.0,26.0,529.0
SKU0183,2025-07-07,112,1268578.08,0,0,Small Appliances,752.0,0.0,26.0,529.0
SKU0183,2025-07-14,135,1529089.65,0,0,Small Appliances,636.0,0.0,26.0,529.0
SKU0183,2025-07-21,118,1336537.62,0,0,Small Appliances,1707.0,0.0,26.0,529.0
SKU0183,2025-07-28,121,1370517.39,0,0,Small Appliances,1536.0,0.0,26.0,529.0
SKU0183,2025-08-04,107,1211945.13,0,0,Small Appliances,1425.0,0.0,26.0,529.0
SKU0183,2025-08-11,98,1110005.82,0,1,Small Appliances,1329.0,0.0,26.0,529.0
SKU0183,2025-08-18,99,1121332.41,0,0,Small Appliances,1232.0,0.0,26.0,529.0
SKU0183,2025-08-25,110,1245924.9,0,0,Small Appliances,1232.0,0.0,26.0,529.0
SKU0183,2025-09-01,80,906127.2,0,0,Small Appliances,1086.0,0.0,26.0,529.0
SKU0183,2025-09-08,95,1076026.05,0,0,Small Appliances,1004.0,0.0,26.0,529.0
SKU0183,2025-09-15,109,1234598.31,0,0,Small Appliances,905.0,0.0,26.0,529.0
SKU0183,2025-09-22,96,1087352.6400000001,0,0,Small Appliances,788.0,0.0,26.0,529.0
SKU0183,2025-09-29,103,1166638.77,0,1,Small Appliances,661.0,0.0,26.0,529.0
SKU0183,2025-10-06,85,962760.15,0,0,Small Appliances,556.0,0.0,26.0,529.0
SKU0183,2025-10-13,129,1289532.27,1,0,Small Appliances,473.0,1269.0,26.0,529.0
SKU0183,2025-10-20,113,1198353.22,1,0,Small Appliances,332.0,1269.0,26.0,529.0
SKU0183,2025-10-27,92,1042046.28,0,1,Small Appliances,198.0,1269.0,26.0,529.0
SKU0183,2025-11-03,87,985413.3300000001,0,0,Small Appliances,1376.0,0.0,26.0,529.0
SKU0183,2025-11-10,82,928780.38,0,0,Small Appliances,1304.0,0.0,26.0,529.0
SKU0183,2025-11-17,102,1155312.18,0,0,Small Appliances,1205.0,0.0,26.0,529.0
SKU0183,2025-11-24,144,1406762.48,1,0,Small Appliances,1205.0,0.0,26.0,529.0
SKU0183,2025-12-01,127,1387507.28,1,0,Small Appliances,1013.0,0.0,26.0,529.0
SKU0183,2025-12-08,121,1370517.3900000001,0,0,Small Appliances,901.0,0.0,26.0,529.0
SKU0183,2025-12-15,119,1347864.21,0,0,Small Appliances,776.0,0.0,26.0,529.0
SKU0183,2025-12-22,104,1177965.36,0,1,Small Appliances,660.0,0.0,26.0,529.0
SKU0184,2024-02-05,197,290149.48000000004,0,0,Small Appliances,1.0,2150.0,29.0,992.0
SKU0184,2024-02-12,0,0.0,0,0,Small Appliances,1.0,2150.0,29.0,992.0
SKU0184,2024-02-19,0,0.0,0,0,Small Appliances,1.0,2150.0,29.0,992.0
SKU0184,2024-02-26,0,0.0,0,0,Small Appliances,1.0,2150.0,29.0,992.0
SKU0184,2024-03-04,240,353481.6,0,0,Small Appliances,1989.0,0.0,29.0,992.0
SKU0184,2024-03-11,333,490455.72,0,0,Small Appliances,1649.0,0.0,29.0,992.0
SKU0184,2024-03-18,346,509602.64,0,0,Small Appliances,1318.0,0.0,29.0,992.0
SKU0184,2024-03-25,262,385884.07999999996,0,0,Small Appliances,1318.0,0.0,29.0,992.0
SKU0184,2024-04-01,324,477200.16000000003,0,0,Small Appliances,925.0,2219.0,29.0,992.0
SKU0184,2024-04-08,331,487510.04,0,0,Small Appliances,2806.0,0.0,29.0,992.0
SKU0184,2024-04-15,351,516966.83999999997,0,0,Small Appliances,2472.0,0.0,29.0,992.0
SKU0184,2024-04-22,305,449216.19999999995,0,0,Small Appliances,2132.0,0.0,29.0,992.0
SKU0184,2024-04-29,344,506656.96,0,0,Small Appliances,1692.0,0.0,29.0,992.0
SKU0184,2024-05-06,282,415340.88,0,0,Small Appliances,1381.0,0.0,29.0,992.0
SKU0184,2024-05-13,329,484564.36,0,0,Small Appliances,1114.0,0.0,29.0,992.0
SKU0184,2024-05-20,319,469835.96,0,0,Small Appliances,782.0,2048.0,29.0,992.0
SKU0184,2024-05-27,304,447743.36,0,0,Small Appliances,2391.0,0.0,29.0,992.0
SKU0184,2024-06-03,261,384411.24,0,0,Small Appliances,2105.0,0.0,29.0,992.0
SKU0184,2024-06-10,337,471161.52,1,0,Small Appliances,1803.0,0.0,29.0,992.0
SKU0184,2024-06-17,502,643925.64,1,0,Small Appliances,1283.0,0.0,29.0,992.0
SKU0184,2024-06-24,275,405031.0,0,0,Small Appliances,1283.0,0.0,29.0,992.0
SKU0184,2024-07-01,210,309296.4,0,0,Small Appliances,957.0,2025.0,29.0,992.0
SKU0184,2024-07-08,237,349063.08,0,0,Small Appliances,731.0,2025.0,29.0,992.0
SKU0184,2024-07-15,269,396193.95999999996,0,0,Small Appliances,482.0,2025.0,29.0,992.0
SKU0184,2024-07-22,256,377047.04,0,0,Small Appliances,222.0,2025.0,29.0,992.0
SKU0184,2024-07-29,262,385884.08,0,0,Small Appliances,1871.0,0.0,29.0,992.0
SKU0184,2024-08-05,200,294568.0,0,0,Small Appliances,1642.0,0.0,29.0,992.0
SKU0184,2024-08-12,234,344644.56,0,1,Small Appliances,1421.0,0.0,29.0,992.0
SKU0184,2024-08-19,171,251855.64,0,0,Small Appliances,1238.0,0.0,29.0,992.0
SKU0184,2024-08-26,202,297513.68,0,0,Small Appliances,956.0,2076.0,29.0,992.0
SKU0184,2024-09-02,178,262165.52,0,0,Small Appliances,778.0,2076.0,29.0,992.0
SKU0184,2024-09-09,180,265111.2,0,0,Small Appliances,598.0,2076.0,29.0,992.0
SKU0184,2024-09-16,178,262165.52,0,0,Small Appliances,420.0,2076.0,29.0,992.0
SKU0184,2024-09-23,249,366737.16,0,0,Small Appliances,420.0,2076.0,29.0,992.0
SKU0184,2024-09-30,202,297513.68,0,1,Small Appliances,2200.0,0.0,29.0,992.0
SKU0184,2024-10-07,167,245964.28,0,0,Small Appliances,1988.0,0.0,29.0,992.0
SKU0184,2024-10-14,269,340299.68,1,0,Small Appliances,1790.0,0.0,29.0,992.0
SKU0184,2024-10-21,237,339563.26,1,0,Small Appliances,1522.0,0.0,29.0,992.0
SKU0184,2024-10-28,152,223871.68,0,1,Small Appliances,1243.0,0.0,29.0,992.0
SKU0184,2024-11-04,217,319606.27999999997,0,0,Small Appliances,1047.0,0.0,29.0,992.0
SKU0184,2024-11-11,175,257747.0,0,0,Small Appliances,884.0,2442.0,29.0,992.0
SKU0184,2024-11-18,199,293095.16000000003,0,0,Small Appliances,3131.0,0.0,29.0,992.0
SKU0184,2024-11-25,361,451940.95,1,0,Small Appliances,2709.0,0.0,29.0,992.0
SKU0184,2024-12-02,211,310769.24,0,0,Small Appliances,2498.0,0.0,29.0,992.0
SKU0184,2024-12-09,205,301932.19999999995,0,0,Small Appliances,2293.0,0.0,29.0,992.0
SKU0184,2024-12-16,188,276893.92,0,0,Small Appliances,2105.0,0.0,29.0,992.0
SKU0184,2024-12-23,207,304877.88,0,1,Small Appliances,2105.0,0.0,29.0,992.0
SKU0184,2024-12-30,381,491339.42,1,0,Small Appliances,1742.0,0.0,29.0,992.0
SKU0184,2025-01-06,290,397740.44,1,0,Small Appliances,1338.0,0.0,29.0,992.0
SKU0184,2025-01-13,234,344644.56,0,0,Small Appliances,1132.0,0.0,29.0,992.0
SKU0184,2025-01-20,212,312242.08,0,1,Small Appliances,872.0,2448.0,29.0,992.0
SKU0184,2025-01-27,266,391775.44,0,0,Small Appliances,563.0,2448.0,29.0,992.0
SKU0184,2025-02-03,262,385884.08,0,0,Small Appliances,264.0,2448.0,29.0,992.0
SKU0184,2025-02-10,235,346117.4,0,0,Small Appliances,47.0,2448.0,29.0,992.0
SKU0184,2025-02-17,268,394721.12,0,0,Small Appliances,2233.0,0.0,29.0,992.0
SKU0184,2025-02-24,290,427123.6,0,0,Small Appliances,1944.0,0.0,29.0,992.0
SKU0184,2025-03-03,290,427123.6,0,0,Small Appliances,1645.0,0.0,29.0,992.0
SKU0184,2025-03-10,304,447743.36,0,0,Small Appliances,1356.0,0.0,29.0,992.0
SKU0184,2025-03-17,290,427123.6,0,0,Small Appliances,1049.0,0.0,29.0,992.0
SKU0184,2025-03-24,276,406503.83999999997,0,0,Small Appliances,1049.0,0.0,29.0,992.0
SKU0184,2025-03-31,315,463944.6,0,0,Small Appliances,667.0,1813.0,29.0,992.0
SKU0184,2025-04-07,321,472781.64,0,0,Small Appliances,327.0,1813.0,29.0,992.0
SKU0184,2025-04-14,327,481618.68,0,0,Small Appliances,1835.0,0.0,29.0,992.0
SKU0184,2025-04-21,250,368210.0,0,0,Small Appliances,1530.0,0.0,29.0,992.0
SKU0184,2025-04-28,274,403558.16000000003,0,0,Small Appliances,1171.0,0.0,29.0,992.0
SKU0184,2025-05-05,279,410922.36,0,0,Small Appliances,886.0,1632.0,29.0,992.0
SKU0184,2025-05-12,234,344644.56,0,0,Small Appliances,2275.0,0.0,29.0,992.0
SKU0184,2025-05-19,298,438906.32,0,0,Small Appliances,2005.0,0.0,29.0,992.0
SKU0184,2025-05-26,252,371155.68,0,0,Small Appliances,1643.0,0.0,29.0,992.0
SKU0184,2025-06-02,288,424177.92,0,0,Small Appliances,1355.0,0.0,29.0,992.0
SKU0184,2025-06-09,266,377415.25,1,0,Small Appliances,1089.0,0.0,29.0,992.0
SKU0184,2025-06-16,467,591934.4,1,0,Small Appliances,622.0,2287.0,29.0,992.0
SKU0184,2025-06-23,259,381465.56,0,0,Small Appliances,622.0,2287.0,29.0,992.0
SKU0184,2025-06-30,218,321079.12,0,0,Small Appliances,296.0,2287.0,29.0,992.0
SKU0184,2025-07-07,182,268056.88,0,0,Small Appliances,79.0,2287.0,29.0,992.0
SKU0184,2025-07-14,210,309296.4,0,0,Small Appliances,2189.0,0.0,29.0,992.0
SKU0184,2025-07-21,235,346117.4,0,0,Small Appliances,1955.0,0.0,29.0,992.0
SKU0184,2025-07-28,224,329916.16,0,0,Small Appliances,1628.0,0.0,29.0,992.0
SKU0184,2025-08-04,163,240072.91999999998,0,0,Small Appliances,1436.0,0.0,29.0,992.0
SKU0184,2025-08-11,179,263638.36,0,1,Small Appliances,1280.0,0.0,29.0,992.0
SKU0184,2025-08-18,168,247437.12,0,0,Small Appliances,1098.0,0.0,29.0,992.0
SKU0184,2025-08-25,195,287203.8,0,0,Small Appliances,1098.0,0.0,29.0,992.0
SKU0184,2025-09-01,144,212088.96,0,0,Small Appliances,859.0,2104.0,29.0,992.0
SKU0184,2025-09-08,152,223871.68,0,0,Small Appliances,2813.0,0.0,29.0,992.0
SKU0184,2025-09-15,187,275421.08,0,0,Small Appliances,2658.0,0.0,29.0,992.0
SKU0184,2025-09-22,153,225344.52000000002,0,0,Small Appliances,2487.0,0.0,29.0,992.0
SKU0184,2025-09-29,144,212088.96,0,1,Small Appliances,2261.0,0.0,29.0,992.0
SKU0184,2025-10-06,119,175267.96,0,0,Small Appliances,2127.0,0.0,29.0,992.0
SKU0184,2025-10-13,232,297734.61,1,0,Small Appliances,2004.0,0.0,29.0,992.0
SKU0184,2025-10-20,156,213856.37,1,0,Small Appliances,1741.0,0.0,29.0,992.0
SKU0184,2025-10-27,188,276893.92,0,1,Small Appliances,1524.0,0.0,29.0,992.0
SKU0184,2025-11-03,243,357900.12,0,0,Small Appliances,1292.0,0.0,29.0,992.0
SKU0184,2025-11-10,177,260692.68,0,0,Small Appliances,1105.0,0.0,29.0,992.0
SKU0184,2025-11-17,190,279839.6,0,0,Small Appliances,899.0,1651.0,29.0,992.0
SKU0184,2025-11-24,226,284258.12,1,0,Small Appliances,899.0,1651.0,29.0,992.0
SKU0184,2025-12-01,211,299722.94,1,0,Small Appliances,619.0,1651.0,29.0,992.0
SKU0184,2025-12-08,180,265111.2,0,0,Small Appliances,2090.0,0.0,29.0,992.0
SKU0184,2025-12-15,165,243018.59999999998,0,0,Small Appliances,1900.0,0.0,29.0,992.0
SKU0184,2025-12-22,194,285730.96,0,1,Small Appliances,1736.0,0.0,29.0,992.0
SKU0185,2025-02-24,202,1288026.74,0,0,Furnishings,162.0,700.0,15.0,409.0
SKU0185,2025-03-03,124,790669.88,0,0,Furnishings,1.0,700.0,15.0,409.0
SKU0185,2025-03-10,93,593002.41,0,0,Furnishings,649.0,0.0,15.0,409.0
SKU0185,2025-03-17,276,1759878.12,0,0,Furnishings,367.0,703.0,15.0,409.0
SKU0185,2025-03-24,322,2053191.14,0,0,Furnishings,367.0,703.0,15.0,409.0
SKU0185,2025-03-31,262,1670608.94,0,0,Furnishings,634.0,0.0,15.0,409.0
SKU0185,2025-04-07,300,1912911.0,0,0,Furnishings,356.0,756.0,15.0,409.0
SKU0185,2025-04-14,357,2276364.0900000003,0,0,Furnishings,820.0,0.0,15.0,409.0
SKU0185,2025-04-21,285,1817265.45,0,0,Furnishings,461.0,0.0,15.0,409.0
SKU0185,2025-04-28,294,1874652.78,0,0,Furnishings,919.0,0.0,15.0,409.0
SKU0185,2025-05-05,303,1932040.1099999999,0,0,Furnishings,608.0,0.0,15.0,409.0
SKU0185,2025-05-12,301,1919287.37,0,0,Furnishings,305.0,681.0,15.0,409.0
SKU0185,2025-05-19,196,1249768.52,0,0,Furnishings,28.0,681.0,15.0,409.0
SKU0185,2025-05-26,213,1358166.81,0,0,Furnishings,469.0,0.0,15.0,409.0
SKU0185,2025-06-02,258,1645103.46,0,0,Furnishings,211.0,768.0,15.0,409.0
SKU0185,2025-06-09,265,1639045.91,1,0,Furnishings,713.0,0.0,15.0,409.0
SKU0185,2025-06-16,464,2533969.43,1,0,Furnishings,249.0,857.0,15.0,409.0
SKU0185,2025-06-23,248,1581339.76,0,0,Furnishings,249.0,857.0,15.0,409.0
SKU0185,2025-06-30,223,1421930.51,0,0,Furnishings,790.0,0.0,15.0,409.0
SKU0185,2025-07-07,206,1313532.2200000002,0,0,Furnishings,570.0,0.0,15.0,409.0
SKU0185,2025-07-14,228,1453812.3599999999,0,0,Furnishings,387.0,777.0,15.0,409.0
SKU0185,2025-07-21,224,1428306.88,0,0,Furnishings,120.0,777.0,15.0,409.0
SKU0185,2025-07-28,217,1383672.29,0,0,Furnishings,588.0,0.0,15.0,409.0
SKU0185,2025-08-04,212,1351790.44,0,0,Furnishings,404.0,849.0,15.0,409.0
SKU0185,2025-08-11,185,1179628.45,0,1,Furnishings,1052.0,0.0,15.0,409.0
SKU0185,2025-08-18,219,1396425.03,0,0,Furnishings,823.0,0.0,15.0,409.0
SKU0185,2025-08-25,205,1307155.85,0,0,Furnishings,823.0,0.0,15.0,409.0
SKU0185,2025-09-01,120,765164.4,0,0,Furnishings,546.0,0.0,15.0,409.0
SKU0185,2025-09-08,109,695024.33,0,0,Furnishings,417.0,0.0,15.0,409.0
SKU0185,2025-09-15,159,1013842.83,0,0,Furnishings,292.0,920.0,15.0,409.0
SKU0185,2025-09-22,129,822551.73,0,0,Furnishings,138.0,920.0,15.0,409.0
SKU0185,2025-09-29,118,752411.6599999999,0,1,Furnishings,912.0,0.0,15.0,409.0
SKU0185,2025-10-06,128,816175.36,0,0,Furnishings,773.0,0.0,15.0,409.0
SKU0185,2025-10-13,231,1285476.2,1,0,Furnishings,624.0,0.0,15.0,409.0
SKU0185,2025-10-20,178,1065172.6,1,0,Furnishings,387.0,933.0,15.0,409.0
SKU0185,2025-10-27,122,777917.14,0,1,Furnishings,1133.0,0.0,15.0,409.0
SKU0185,2025-11-03,152,969208.24,0,0,Furnishings,985.0,0.0,15.0,409.0
SKU0185,2025-11-10,184,1173252.08,0,0,Furnishings,799.0,0.0,15.0,409.0
SKU0185,2025-11-17,166,1058477.42,0,0,Furnishings,640.0,0.0,15.0,409.0
SKU0185,2025-11-24,231,1273998.72,1,0,Furnishings,640.0,0.0,15.0,409.0
SKU0185,2025-12-01,168,1022450.93,1,0,Furnishings,324.0,846.0,15.0,409.0
SKU0185,2025-12-08,209,1332661.33,0,0,Furnishings,1003.0,0.0,15.0,409.0
SKU0185,2025-12-15,170,1083982.9,0,0,Furnishings,819.0,0.0,15.0,409.0
SKU0185,2025-12-22,169,1077606.53,0,1,Furnishings,653.0,0.0,15.0,409.0
SKU0186,2024-03-18,20,177454.59999999998,0,0,Furnishings,44.0,183.0,14.0,84.0
SKU0186,2024-03-25,34,301672.82,0,0,Furnishings,44.0,183.0,14.0,84.0
SKU0186,2024-04-01,16,141963.68,0,0,Furnishings,0.0,183.0,14.0,84.0
SKU0186,2024-04-08,49,434763.77,0,0,Furnishings,160.0,0.0,14.0,84.0
SKU0186,2024-04-15,46,408145.58,0,0,Furnishings,109.0,0.0,14.0,84.0
SKU0186,2024-04-22,42,372654.66,0,0,Furnishings,64.0,149.0,14.0,84.0
SKU0186,2024-04-29,38,337163.74,0,0,Furnishings,11.0,149.0,14.0,84.0
SKU0186,2024-05-06,44,390400.12,0,0,Furnishings,119.0,0.0,14.0,84.0
SKU0186,2024-05-13,43,381527.39,0,0,Furnishings,77.0,186.0,14.0,84.0
SKU0186,2024-05-20,50,443636.5,0,0,Furnishings,216.0,0.0,14.0,84.0
SKU0186,2024-05-27,51,452509.23,0,0,Furnishings,146.0,0.0,14.0,84.0
SKU0186,2024-06-03,43,381527.39,0,0,Furnishings,103.0,0.0,14.0,84.0
SKU0186,2024-06-10,59,499534.69,1,0,Furnishings,230.0,0.0,14.0,84.0
SKU0186,2024-06-17,69,535025.63,1,0,Furnishings,157.0,0.0,14.0,84.0
SKU0186,2024-06-24,42,372654.66000000003,0,0,Furnishings,157.0,0.0,14.0,84.0
SKU0186,2024-07-01,42,372654.66,0,0,Furnishings,106.0,0.0,14.0,84.0
SKU0186,2024-07-08,45,399272.85,0,0,Furnishings,62.0,148.0,14.0,84.0
SKU0186,2024-07-15,45,399272.85,0,0,Furnishings,165.0,0.0,14.0,84.0
SKU0186,2024-07-22,45,399272.85,0,0,Furnishings,118.0,0.0,14.0,84.0
SKU0186,2024-07-29,41,363781.93,0,0,Furnishings,53.0,172.0,14.0,84.0
SKU0186,2024-08-05,35,310545.55,0,0,Furnishings,192.0,0.0,14.0,84.0
SKU0186,2024-08-12,42,372654.66,0,1,Furnishings,150.0,0.0,14.0,84.0
SKU0186,2024-08-19,42,372654.66000000003,0,0,Furnishings,107.0,0.0,14.0,84.0
SKU0186,2024-08-26,36,319418.28,0,0,Furnishings,57.0,189.0,14.0,84.0
SKU0186,2024-09-02,39,346036.47000000003,0,0,Furnishings,207.0,0.0,14.0,84.0
SKU0186,2024-09-09,38,337163.74,0,0,Furnishings,169.0,0.0,14.0,84.0
SKU0186,2024-09-16,34,301672.82,0,0,Furnishings,135.0,0.0,14.0,84.0
SKU0186,2024-09-23,31,275054.63,0,0,Furnishings,135.0,0.0,14.0,84.0
SKU0186,2024-09-30,39,346036.47,0,1,Furnishings,92.0,0.0,14.0,84.0
SKU0186,2024-10-07,32,283927.36,0,0,Furnishings,184.0,0.0,14.0,84.0
SKU0186,2024-10-14,58,442749.21,1,0,Furnishings,149.0,0.0,14.0,84.0
SKU0186,2024-10-21,46,397498.3,1,0,Furnishings,89.0,0.0,14.0,84.0
SKU0186,2024-10-28,40,354909.2,0,1,Furnishings,184.0,0.0,14.0,84.0
SKU0186,2024-11-04,38,337163.74,0,0,Furnishings,148.0,0.0,14.0,84.0
SKU0186,2024-11-11,38,337163.74,0,0,Furnishings,111.0,0.0,14.0,84.0
SKU0186,2024-11-18,34,301672.82,0,0,Furnishings,76.0,165.0,14.0,84.0
SKU0186,2024-11-25,69,520385.62,1,0,Furnishings,164.0,0.0,14.0,84.0
SKU0186,2024-12-02,48,425891.04,0,0,Furnishings,116.0,0.0,14.0,84.0
SKU0186,2024-12-09,38,337163.74,0,0,Furnishings,78.0,172.0,14.0,84.0
SKU0186,2024-12-16,40,354909.2,0,0,Furnishings,38.0,172.0,14.0,84.0
SKU0186,2024-12-23,41,363781.93,0,1,Furnishings,38.0,172.0,14.0,84.0
SKU0186,2024-12-30,71,550109.27,1,0,Furnishings,143.0,0.0,14.0,84.0
SKU0186,2025-01-06,55,456058.33,1,0,Furnishings,68.0,204.0,14.0,84.0
SKU0186,2025-01-13,45,399272.85,0,0,Furnishings,228.0,0.0,14.0,84.0
SKU0186,2025-01-20,44,390400.12,0,1,Furnishings,184.0,0.0,14.0,84.0
SKU0186,2025-01-27,45,399272.85,0,0,Furnishings,119.0,0.0,14.0,84.0
SKU0186,2025-02-03,51,452509.23,0,0,Furnishings,68.0,131.0,14.0,84.0
SKU0186,2025-02-10,57,505745.61,0,0,Furnishings,13.0,131.0,14.0,84.0
SKU0186,2025-02-17,28,248436.44,0,0,Furnishings,116.0,0.0,14.0,84.0
SKU0186,2025-02-24,45,399272.85,0,0,Furnishings,71.0,194.0,14.0,84.0
SKU0186,2025-03-03,54,479127.42000000004,0,0,Furnishings,208.0,0.0,14.0,84.0
SKU0186,2025-03-10,54,479127.42,0,0,Furnishings,157.0,0.0,14.0,84.0
SKU0186,2025-03-17,51,452509.23,0,0,Furnishings,106.0,0.0,14.0,84.0
SKU0186,2025-03-24,59,523491.07,0,0,Furnishings,106.0,0.0,14.0,84.0
SKU0186,2025-03-31,54,479127.42,0,0,Furnishings,26.0,208.0,14.0,84.0
SKU0186,2025-04-07,60,532363.8,0,0,Furnishings,176.0,0.0,14.0,84.0
SKU0186,2025-04-14,58,514618.34,0,0,Furnishings,119.0,0.0,14.0,84.0
SKU0186,2025-04-21,58,514618.33999999997,0,0,Furnishings,57.0,188.0,14.0,84.0
SKU0186,2025-04-28,36,319418.28,0,0,Furnishings,188.0,0.0,14.0,84.0
SKU0186,2025-05-05,57,505745.61,0,0,Furnishings,135.0,0.0,14.0,84.0
SKU0186,2025-05-12,56,496872.88,0,0,Furnishings,80.0,156.0,14.0,84.0
SKU0186,2025-05-19,51,452509.23,0,0,Furnishings,26.0,156.0,14.0,84.0
SKU0186,2025-05-26,27,239563.71000000002,0,0,Furnishings,135.0,0.0,14.0,84.0
SKU0186,2025-06-02,54,479127.42,0,0,Furnishings,81.0,141.0,14.0,84.0
SKU0186,2025-06-09,58,494654.69999999995,1,0,Furnishings,164.0,0.0,14.0,84.0
SKU0186,2025-06-16,96,735992.97,1,0,Furnishings,68.0,143.0,14.0,84.0
SKU0186,2025-06-23,56,496872.88,0,0,Furnishings,68.0,143.0,14.0,84.0
SKU0186,2025-06-30,54,479127.42000000004,0,0,Furnishings,139.0,0.0,14.0,84.0
SKU0186,2025-07-07,50,443636.5,0,0,Furnishings,84.0,0.0,14.0,84.0
SKU0186,2025-07-14,57,505745.61,0,0,Furnishings,164.0,0.0,14.0,84.0
SKU0186,2025-07-21,55,488000.15,0,0,Furnishings,106.0,0.0,14.0,84.0
SKU0186,2025-07-28,45,399272.85,0,0,Furnishings,29.0,154.0,14.0,84.0
SKU0186,2025-08-04,32,283927.36,0,0,Furnishings,148.0,0.0,14.0,84.0
SKU0186,2025-08-11,46,408145.57999999996,0,1,Furnishings,105.0,0.0,14.0,84.0
SKU0186,2025-08-18,46,408145.58,0,0,Furnishings,261.0,0.0,14.0,84.0
SKU0186,2025-08-25,43,381527.38999999996,0,0,Furnishings,261.0,0.0,14.0,84.0
SKU0186,2025-09-01,42,372654.66,0,0,Furnishings,200.0,0.0,14.0,84.0
SKU0186,2025-09-08,53,470254.69,0,0,Furnishings,159.0,0.0,14.0,84.0
SKU0186,2025-09-15,38,337163.74,0,0,Furnishings,106.0,0.0,14.0,84.0
SKU0186,2025-09-22,41,363781.93,0,0,Furnishings,67.0,152.0,14.0,84.0
SKU0186,2025-09-29,42,372654.66,0,1,Furnishings,13.0,152.0,14.0,84.0
SKU0186,2025-10-06,41,363781.93,0,0,Furnishings,122.0,0.0,14.0,84.0
SKU0186,2025-10-13,72,558982.01,1,0,Furnishings,75.0,148.0,14.0,84.0
SKU0186,2025-10-20,60,496429.25,1,0,Furnishings,143.0,0.0,14.0,84.0
SKU0186,2025-10-27,39,346036.47,0,1,Furnishings,84.0,198.0,14.0,84.0
SKU0186,2025-11-03,42,372654.66,0,0,Furnishings,41.0,198.0,14.0,84.0
SKU0186,2025-11-10,42,372654.66,0,0,Furnishings,196.0,0.0,14.0,84.0
SKU0186,2025-11-17,45,399272.85,0,0,Furnishings,152.0,0.0,14.0,84.0
SKU0186,2025-11-24,83,636618.4,1,0,Furnishings,152.0,0.0,14.0,84.0
SKU0186,2025-12-01,62,527483.7999999999,1,0,Furnishings,47.0,146.0,14.0,84.0
SKU0186,2025-12-08,20,177454.6,0,0,Furnishings,0.0,146.0,14.0,84.0
SKU0186,2025-12-15,52,461381.96,0,0,Furnishings,122.0,0.0,14.0,84.0
SKU0186,2025-12-22,47,417018.31,0,1,Furnishings,71.0,133.0,14.0,84.0
SKU0187,2024-07-01,72,345655.44000000006,0,0,Furnishings,85.0,621.0,29.0,866.0
SKU0187,2024-07-08,114,547287.78,0,0,Furnishings,85.0,621.0,29.0,866.0
SKU0187,2024-07-15,0,0.0,0,0,Furnishings,1.0,621.0,29.0,866.0
SKU0187,2024-07-22,0,0.0,0,0,Furnishings,1.0,621.0,29.0,866.0
SKU0187,2024-07-29,33,158425.41,0,0,Furnishings,1.0,621.0,29.0,866.0
SKU0187,2024-08-05,147,705713.19,0,0,Furnishings,489.0,507.0,29.0,866.0
SKU0187,2024-08-12,144,691310.88,0,1,Furnishings,343.0,507.0,29.0,866.0
SKU0187,2024-08-19,174,835333.9800000001,0,0,Furnishings,172.0,507.0,29.0,866.0
SKU0187,2024-08-26,134,643303.18,0,0,Furnishings,496.0,0.0,29.0,866.0
SKU0187,2024-09-02,151,724916.27,0,0,Furnishings,345.0,414.0,29.0,866.0
SKU0187,2024-09-09,134,643303.1799999999,0,0,Furnishings,211.0,414.0,29.0,866.0
SKU0187,2024-09-16,160,768123.2,0,0,Furnishings,51.0,414.0,29.0,866.0
SKU0187,2024-09-23,51,244839.27000000002,0,0,Furnishings,51.0,414.0,29.0,866.0
SKU0187,2024-09-30,130,624100.1,0,1,Furnishings,372.0,596.0,29.0,866.0
SKU0187,2024-10-07,110,528084.7,0,0,Furnishings,245.0,596.0,29.0,866.0
SKU0187,2024-10-14,173,710273.9199999999,1,0,Furnishings,135.0,596.0,29.0,866.0
SKU0187,2024-10-21,0,0.0,1,0,Furnishings,1.0,596.0,29.0,866.0
SKU0187,2024-10-28,93,446471.61,0,1,Furnishings,535.0,602.0,29.0,866.0
SKU0187,2024-11-04,152,729717.04,0,0,Furnishings,377.0,602.0,29.0,866.0
SKU0187,2024-11-11,114,547287.78,0,0,Furnishings,263.0,602.0,29.0,866.0
SKU0187,2024-11-18,101,484877.77,0,0,Furnishings,163.0,602.0,29.0,866.0
SKU0187,2024-11-25,246,1003841.01,1,0,Furnishings,493.0,552.0,29.0,866.0
SKU0187,2024-12-02,163,782525.51,0,0,Furnishings,330.0,552.0,29.0,866.0
SKU0187,2024-12-09,151,724916.27,0,0,Furnishings,179.0,552.0,29.0,866.0
SKU0187,2024-12-16,156,748920.12,0,0,Furnishings,23.0,552.0,29.0,866.0
SKU0187,2024-12-23,105,504080.85,0,1,Furnishings,23.0,552.0,29.0,866.0
SKU0187,2024-12-30,272,1147384.03,1,0,Furnishings,349.0,504.0,29.0,866.0
SKU0187,2025-01-06,197,865098.75,1,0,Furnishings,57.0,504.0,29.0,866.0
SKU0187,2025-01-13,0,0.0,0,0,Furnishings,1.0,504.0,29.0,866.0
SKU0187,2025-01-20,56,268843.12,0,1,Furnishings,1.0,504.0,29.0,866.0
SKU0187,2025-01-27,192,921747.8400000001,0,0,Furnishings,282.0,525.0,29.0,866.0
SKU0187,2025-02-03,190,912146.3,0,0,Furnishings,89.0,525.0,29.0,866.0
SKU0187,2025-02-10,66,316850.82,0,0,Furnishings,0.0,525.0,29.0,866.0
SKU0187,2025-02-17,32,153624.64,0,0,Furnishings,513.0,671.0,29.0,866.0
SKU0187,2025-02-24,218,1046567.86,0,0,Furnishings,307.0,671.0,29.0,866.0
SKU0187,2025-03-03,209,1003360.9299999999,0,0,Furnishings,91.0,671.0,29.0,866.0
SKU0187,2025-03-10,66,316850.82,0,0,Furnishings,1.0,671.0,29.0,866.0
SKU0187,2025-03-17,21,100816.17,0,0,Furnishings,672.0,0.0,29.0,866.0
SKU0187,2025-03-24,192,921747.84,0,0,Furnishings,672.0,0.0,29.0,866.0
SKU0187,2025-03-31,234,1123380.18,0,0,Furnishings,372.0,653.0,29.0,866.0
SKU0187,2025-04-07,218,1046567.86,0,0,Furnishings,148.0,653.0,29.0,866.0
SKU0187,2025-04-14,6,28804.62,0,0,Furnishings,1.0,653.0,29.0,866.0
SKU0187,2025-04-21,214,1027364.78,0,0,Furnishings,586.0,615.0,29.0,866.0
SKU0187,2025-04-28,242,1161786.3399999999,0,0,Furnishings,271.0,615.0,29.0,866.0
SKU0187,2025-05-05,198,950552.46,0,0,Furnishings,56.0,615.0,29.0,866.0
SKU0187,2025-05-12,0,0.0,0,0,Furnishings,0.0,615.0,29.0,866.0
SKU0187,2025-05-19,159,763322.4299999999,0,0,Furnishings,517.0,529.0,29.0,866.0
SKU0187,2025-05-26,209,1003360.9299999999,0,0,Furnishings,247.0,529.0,29.0,866.0
SKU0187,2025-06-02,183,878540.91,0,0,Furnishings,64.0,529.0,29.0,866.0
SKU0187,2025-06-09,64,307249.28,1,0,Furnishings,0.0,529.0,29.0,866.0
SKU0187,2025-06-16,227,930629.07,1,0,Furnishings,302.0,638.0,29.0,866.0
SKU0187,2025-06-23,188,902544.76,0,0,Furnishings,302.0,638.0,29.0,866.0
SKU0187,2025-06-30,114,547287.78,0,0,Furnishings,52.0,638.0,29.0,866.0
SKU0187,2025-07-07,0,0.0,0,0,Furnishings,0.0,638.0,29.0,866.0
SKU0187,2025-07-14,77,369659.29000000004,0,0,Furnishings,0.0,638.0,29.0,866.0
SKU0187,2025-07-21,129,619299.33,0,0,Furnishings,517.0,507.0,29.0,866.0
SKU0187,2025-07-28,138,662506.26,0,0,Furnishings,327.0,507.0,29.0,866.0
SKU0187,2025-08-04,165,792127.05,0,0,Furnishings,157.0,507.0,29.0,866.0
SKU0187,2025-08-11,117,561690.09,0,1,Furnishings,550.0,502.0,29.0,866.0
SKU0187,2025-08-18,118,566490.86,0,0,Furnishings,438.0,502.0,29.0,866.0
SKU0187,2025-08-25,135,648103.95,0,0,Furnishings,438.0,502.0,29.0,866.0
SKU0187,2025-09-01,113,542487.01,0,0,Furnishings,250.0,502.0,29.0,866.0
SKU0187,2025-09-08,100,480077.0,0,0,Furnishings,138.0,502.0,29.0,866.0
SKU0187,2025-09-15,93,446471.61000000004,0,0,Furnishings,542.0,488.0,29.0,866.0
SKU0187,2025-09-22,122,585693.9400000001,0,0,Furnishings,440.0,488.0,29.0,866.0
SKU0187,2025-09-29,102,489678.54,0,1,Furnishings,267.0,488.0,29.0,866.0
SKU0187,2025-10-06,127,609697.79,0,0,Furnishings,170.0,488.0,29.0,866.0
SKU0187,2025-10-13,153,645223.48,1,0,Furnishings,528.0,0.0,29.0,866.0
SKU0187,2025-10-20,128,572011.75,1,0,Furnishings,364.0,668.0,29.0,866.0
SKU0187,2025-10-27,81,388862.37,0,1,Furnishings,247.0,668.0,29.0,866.0
SKU0187,2025-11-03,97,465674.69,0,0,Furnishings,146.0,668.0,29.0,866.0
SKU0187,2025-11-10,117,561690.09,0,0,Furnishings,715.0,402.0,29.0,866.0
SKU0187,2025-11-17,121,580893.17,0,0,Furnishings,590.0,402.0,29.0,866.0
SKU0187,2025-11-24,193,801248.52,1,0,Furnishings,590.0,402.0,29.0,866.0
SKU0187,2025-12-01,126,581853.3200000001,1,0,Furnishings,345.0,402.0,29.0,866.0
SKU0187,2025-12-08,130,624100.1000000001,0,0,Furnishings,630.0,0.0,29.0,866.0
SKU0187,2025-12-15,138,662506.26,0,0,Furnishings,507.0,365.0,29.0,866.0
SKU0187,2025-12-22,111,532885.47,0,1,Furnishings,363.0,365.0,29.0,866.0
SKU0188,2025-04-14,43,77634.78,0,0,Furnishings,102.0,510.0,23.0,141.0
SKU0188,2025-04-21,54,97494.84,0,0,Furnishings,50.0,510.0,23.0,141.0
SKU0188,2025-04-28,13,23470.98,0,0,Furnishings,0.0,510.0,23.0,141.0
SKU0188,2025-05-05,18,32498.28,0,0,Furnishings,510.0,0.0,23.0,141.0
SKU0188,2025-05-12,55,99300.3,0,0,Furnishings,453.0,0.0,23.0,141.0
SKU0188,2025-05-19,56,101105.76,0,0,Furnishings,398.0,0.0,23.0,141.0
SKU0188,2025-05-26,54,97494.84,0,0,Furnishings,327.0,0.0,23.0,141.0
SKU0188,2025-06-02,47,84856.62,0,0,Furnishings,280.0,0.0,23.0,141.0
SKU0188,2025-06-09,47,81877.61,1,0,Furnishings,233.0,0.0,23.0,141.0
SKU0188,2025-06-16,88,135860.86000000002,1,0,Furnishings,145.0,0.0,23.0,141.0
SKU0188,2025-06-23,43,77634.78,0,0,Furnishings,145.0,0.0,23.0,141.0
SKU0188,2025-06-30,41,74023.86,0,0,Furnishings,85.0,459.0,23.0,141.0
SKU0188,2025-07-07,30,54163.8,0,0,Furnishings,53.0,459.0,23.0,141.0
SKU0188,2025-07-14,39,70412.94,0,0,Furnishings,17.0,459.0,23.0,141.0
SKU0188,2025-07-21,38,68607.48,0,0,Furnishings,436.0,0.0,23.0,141.0
SKU0188,2025-07-28,40,72218.4,0,0,Furnishings,381.0,0.0,23.0,141.0
SKU0188,2025-08-04,40,72218.4,0,0,Furnishings,343.0,0.0,23.0,141.0
SKU0188,2025-08-11,34,61385.64,0,1,Furnishings,306.0,0.0,23.0,141.0
SKU0188,2025-08-18,33,59580.18,0,0,Furnishings,273.0,0.0,23.0,141.0
SKU0188,2025-08-25,33,59580.18,0,0,Furnishings,273.0,0.0,23.0,141.0
SKU0188,2025-09-01,35,63191.1,0,0,Furnishings,229.0,0.0,23.0,141.0
SKU0188,2025-09-08,33,59580.18,0,0,Furnishings,195.0,0.0,23.0,141.0
SKU0188,2025-09-15,24,43331.04,0,0,Furnishings,161.0,0.0,23.0,141.0
SKU0188,2025-09-22,20,36109.2,0,0,Furnishings,138.0,653.0,23.0,141.0
SKU0188,2025-09-29,34,61385.64,0,1,Furnishings,754.0,0.0,23.0,141.0
SKU0188,2025-10-06,35,63191.1,0,0,Furnishings,724.0,0.0,23.0,141.0
SKU0188,2025-10-13,43,68697.74,1,0,Furnishings,683.0,0.0,23.0,141.0
SKU0188,2025-10-20,44,74565.5,1,0,Furnishings,638.0,0.0,23.0,141.0
SKU0188,2025-10-27,20,36109.2,0,1,Furnishings,600.0,0.0,23.0,141.0
SKU0188,2025-11-03,27,48747.42,0,0,Furnishings,574.0,0.0,23.0,141.0
SKU0188,2025-11-10,26,46941.96,0,0,Furnishings,547.0,0.0,23.0,141.0
SKU0188,2025-11-17,30,54163.8,0,0,Furnishings,520.0,0.0,23.0,141.0
SKU0188,2025-11-24,47,73211.41,1,0,Furnishings,520.0,0.0,23.0,141.0
SKU0188,2025-12-01,34,58677.45,1,0,Furnishings,458.0,0.0,23.0,141.0
SKU0188,2025-12-08,33,59580.18,0,0,Furnishings,430.0,0.0,23.0,141.0
SKU0188,2025-12-15,34,61385.64,0,0,Furnishings,399.0,0.0,23.0,141.0
SKU0188,2025-12-22,29,52358.34,0,1,Furnishings,364.0,0.0,23.0,141.0
SKU0189,2025-02-24,88,171705.6,0,0,Furnishings,178.0,1028.0,23.0,552.0
SKU0189,2025-03-03,155,302436.0,0,0,Furnishings,10.0,1028.0,23.0,552.0
SKU0189,2025-03-10,0,0.0,0,0,Furnishings,0.0,1028.0,23.0,552.0
SKU0189,2025-03-17,21,40975.2,0,0,Furnishings,1029.0,0.0,23.0,552.0
SKU0189,2025-03-24,179,349264.8,0,0,Furnishings,1029.0,0.0,23.0,552.0
SKU0189,2025-03-31,159,310240.8,0,0,Furnishings,790.0,0.0,23.0,552.0
SKU0189,2025-04-07,159,310240.8,0,0,Furnishings,624.0,0.0,23.0,552.0
SKU0189,2025-04-14,151,294631.2,0,0,Furnishings,1533.0,0.0,23.0,552.0
SKU0189,2025-04-21,159,310240.8,0,0,Furnishings,1382.0,0.0,23.0,552.0
SKU0189,2025-04-28,146,284875.2,0,0,Furnishings,1177.0,0.0,23.0,552.0
SKU0189,2025-05-05,140,273168.0,0,0,Furnishings,1035.0,0.0,23.0,552.0
SKU0189,2025-05-12,153,298533.6,0,0,Furnishings,890.0,0.0,23.0,552.0
SKU0189,2025-05-19,134,261460.8,0,0,Furnishings,748.0,0.0,23.0,552.0
SKU0189,2025-05-26,174,339508.8,0,0,Furnishings,528.0,1366.0,23.0,552.0
SKU0189,2025-06-02,140,273168.0,0,0,Furnishings,388.0,1366.0,23.0,552.0
SKU0189,2025-06-09,161,302436.0,1,0,Furnishings,227.0,1366.0,23.0,552.0
SKU0189,2025-06-16,226,374825.52,1,0,Furnishings,1367.0,0.0,23.0,552.0
SKU0189,2025-06-23,169,329752.8,0,0,Furnishings,1367.0,0.0,23.0,552.0
SKU0189,2025-06-30,139,271216.8,0,0,Furnishings,1153.0,0.0,23.0,552.0
SKU0189,2025-07-07,124,241948.8,0,0,Furnishings,1029.0,0.0,23.0,552.0
SKU0189,2025-07-14,142,277070.4,0,0,Furnishings,884.0,0.0,23.0,552.0
SKU0189,2025-07-21,123,239997.6,0,0,Furnishings,746.0,0.0,23.0,552.0
SKU0189,2025-07-28,123,239997.59999999998,0,0,Furnishings,571.0,0.0,23.0,552.0
SKU0189,2025-08-04,101,197071.2,0,0,Furnishings,1540.0,0.0,23.0,552.0
SKU0189,2025-08-11,116,226339.2,0,1,Furnishings,1425.0,0.0,23.0,552.0
SKU0189,2025-08-18,120,234144.0,0,0,Furnishings,1308.0,0.0,23.0,552.0
SKU0189,2025-08-25,133,259509.6,0,0,Furnishings,1308.0,0.0,23.0,552.0
SKU0189,2025-09-01,101,197071.2,0,0,Furnishings,1138.0,0.0,23.0,552.0
SKU0189,2025-09-08,103,200973.6,0,0,Furnishings,1026.0,0.0,23.0,552.0
SKU0189,2025-09-15,90,175608.0,0,0,Furnishings,924.0,0.0,23.0,552.0
SKU0189,2025-09-22,96,187315.2,0,0,Furnishings,832.0,0.0,23.0,552.0
SKU0189,2025-09-29,73,142437.6,0,1,Furnishings,714.0,0.0,23.0,552.0
SKU0189,2025-10-06,98,191217.6,0,0,Furnishings,622.0,0.0,23.0,552.0
SKU0189,2025-10-13,158,272289.96,1,0,Furnishings,1748.0,0.0,23.0,552.0
SKU0189,2025-10-20,145,263607.12,1,0,Furnishings,1570.0,0.0,23.0,552.0
SKU0189,2025-10-27,91,177559.2,0,1,Furnishings,1424.0,0.0,23.0,552.0
SKU0189,2025-11-03,85,165852.0,0,0,Furnishings,1344.0,0.0,23.0,552.0
SKU0189,2025-11-10,101,197071.2,0,0,Furnishings,1251.0,0.0,23.0,552.0
SKU0189,2025-11-17,109,212680.80000000002,0,0,Furnishings,1136.0,0.0,23.0,552.0
SKU0189,2025-11-24,137,229851.36000000002,1,0,Furnishings,1136.0,0.0,23.0,552.0
SKU0189,2025-12-01,115,217363.68,1,0,Furnishings,963.0,0.0,23.0,552.0
SKU0189,2025-12-08,141,275119.2,0,0,Furnishings,858.0,0.0,23.0,552.0
SKU0189,2025-12-15,116,226339.2,0,0,Furnishings,711.0,0.0,23.0,552.0
SKU0189,2025-12-22,111,216583.2,0,1,Furnishings,597.0,0.0,23.0,552.0
SKU0190,2024-12-16,16,163348.96,0,0,Furnishings,303.0,0.0,22.0,297.0
SKU0190,2024-12-23,103,1051558.93,0,1,Furnishings,303.0,0.0,22.0,297.0
SKU0190,2024-12-30,195,1745792.02,1,0,Furnishings,117.0,527.0,22.0,297.0
SKU0190,2025-01-06,5,43389.57,1,0,Furnishings,0.0,527.0,22.0,297.0
SKU0190,2025-01-13,110,1123024.1,0,0,Furnishings,469.0,0.0,22.0,297.0
SKU0190,2025-01-20,113,1153652.03,0,1,Furnishings,358.0,0.0,22.0,297.0
SKU0190,2025-01-27,120,1225117.2,0,0,Furnishings,194.0,544.0,22.0,297.0
SKU0190,2025-02-03,126,1286373.06,0,0,Furnishings,608.0,0.0,22.0,297.0
SKU0190,2025-02-10,136,1388466.16,0,0,Furnishings,482.0,0.0,22.0,297.0
SKU0190,2025-02-17,123,1255745.1300000001,0,0,Furnishings,354.0,0.0,22.0,297.0
SKU0190,2025-02-24,133,1357838.23,0,0,Furnishings,222.0,551.0,22.0,297.0
SKU0190,2025-03-03,154,1572233.74,0,0,Furnishings,69.0,551.0,22.0,297.0
SKU0190,2025-03-10,56,571721.36,0,0,Furnishings,0.0,551.0,22.0,297.0
SKU0190,2025-03-17,62,632977.22,0,0,Furnishings,503.0,0.0,22.0,297.0
SKU0190,2025-03-24,135,1378256.85,0,0,Furnishings,503.0,0.0,22.0,297.0
SKU0190,2025-03-31,139,1419094.09,0,0,Furnishings,306.0,0.0,22.0,297.0
SKU0190,2025-04-07,137,1398675.47,0,0,Furnishings,174.0,505.0,22.0,297.0
SKU0190,2025-04-14,157,1602861.67,0,0,Furnishings,537.0,0.0,22.0,297.0
SKU0190,2025-04-21,152,1551815.1199999999,0,0,Furnishings,373.0,0.0,22.0,297.0
SKU0190,2025-04-28,153,1562024.43,0,0,Furnishings,163.0,556.0,22.0,297.0
SKU0190,2025-05-05,159,1623280.29,0,0,Furnishings,567.0,0.0,22.0,297.0
SKU0190,2025-05-12,134,1368047.54,0,0,Furnishings,416.0,0.0,22.0,297.0
SKU0190,2025-05-19,144,1470140.64,0,0,Furnishings,281.0,546.0,22.0,297.0
SKU0190,2025-05-26,134,1368047.54,0,0,Furnishings,653.0,0.0,22.0,297.0
SKU0190,2025-06-02,135,1378256.85,0,0,Furnishings,518.0,0.0,22.0,297.0
SKU0190,2025-06-09,143,1421646.42,1,0,Furnishings,375.0,0.0,22.0,297.0
SKU0190,2025-06-16,244,2137319.04,1,0,Furnishings,131.0,462.0,22.0,297.0
SKU0190,2025-06-23,129,1317000.99,0,0,Furnishings,131.0,462.0,22.0,297.0
SKU0190,2025-06-30,1,10209.31,0,0,Furnishings,1.0,462.0,22.0,297.0
SKU0190,2025-07-07,114,1163861.34,0,0,Furnishings,436.0,0.0,22.0,297.0
SKU0190,2025-07-14,121,1235326.51,0,0,Furnishings,311.0,0.0,22.0,297.0
SKU0190,2025-07-21,136,1388466.1600000001,0,0,Furnishings,183.0,576.0,22.0,297.0
SKU0190,2025-07-28,114,1163861.34,0,0,Furnishings,574.0,0.0,22.0,297.0
SKU0190,2025-08-04,112,1143442.72,0,0,Furnishings,457.0,0.0,22.0,297.0
SKU0190,2025-08-11,122,1245535.82,0,1,Furnishings,340.0,0.0,22.0,297.0
SKU0190,2025-08-18,90,918837.9,0,0,Furnishings,747.0,0.0,22.0,297.0
SKU0190,2025-08-25,113,1153652.03,0,0,Furnishings,747.0,0.0,22.0,297.0
SKU0190,2025-09-01,105,1071977.55,0,0,Furnishings,601.0,0.0,22.0,297.0
SKU0190,2025-09-08,108,1102605.48,0,0,Furnishings,496.0,0.0,22.0,297.0
SKU0190,2025-09-15,98,1000512.38,0,0,Furnishings,393.0,0.0,22.0,297.0
SKU0190,2025-09-22,108,1102605.48,0,0,Furnishings,297.0,497.0,22.0,297.0
SKU0190,2025-09-29,97,990303.0700000001,0,1,Furnishings,151.0,497.0,22.0,297.0
SKU0190,2025-10-06,102,1041349.62,0,0,Furnishings,546.0,0.0,22.0,297.0
SKU0190,2025-10-13,149,1343545.19,1,0,Furnishings,424.0,0.0,22.0,297.0
SKU0190,2025-10-20,127,1220012.54,1,0,Furnishings,272.0,460.0,22.0,297.0
SKU0190,2025-10-27,110,1123024.1,0,1,Furnishings,579.0,0.0,22.0,297.0
SKU0190,2025-11-03,102,1041349.62,0,0,Furnishings,481.0,0.0,22.0,297.0
SKU0190,2025-11-10,106,1082186.8599999999,0,0,Furnishings,372.0,0.0,22.0,297.0
SKU0190,2025-11-17,101,1031140.31,0,0,Furnishings,273.0,642.0,22.0,297.0
SKU0190,2025-11-24,173,1518124.39,1,0,Furnishings,273.0,642.0,22.0,297.0
SKU0190,2025-12-01,88,849414.59,1,0,Furnishings,57.0,642.0,22.0,297.0
SKU0190,2025-12-08,103,1051558.9300000002,0,0,Furnishings,643.0,0.0,22.0,297.0
SKU0190,2025-12-15,115,1174070.65,0,0,Furnishings,525.0,0.0,22.0,297.0
SKU0190,2025-12-22,111,1133233.41,0,1,Furnishings,409.0,0.0,22.0,297.0
SKU0191,2024-04-29,65,141625.9,0,0,Decor,59.0,932.0,23.0,559.0
SKU0191,2024-05-06,178,387837.08,0,0,Decor,59.0,932.0,23.0,559.0
SKU0191,2024-05-13,0,0.0,0,0,Decor,0.0,932.0,23.0,559.0
SKU0191,2024-05-20,0,0.0,0,0,Decor,0.0,932.0,23.0,559.0
SKU0191,2024-05-27,190,413983.4,0,0,Decor,771.0,0.0,23.0,559.0
SKU0191,2024-06-03,213,464097.18000000005,0,0,Decor,561.0,0.0,23.0,559.0
SKU0191,2024-06-10,274,564651.5700000001,1,0,Decor,312.0,1095.0,23.0,559.0
SKU0191,2024-06-17,364,694075.86,1,0,Decor,1018.0,0.0,23.0,559.0
SKU0191,2024-06-24,222,483706.92,0,0,Decor,1018.0,0.0,23.0,559.0
SKU0191,2024-07-01,181,394373.66000000003,0,0,Decor,743.0,0.0,23.0,559.0
SKU0191,2024-07-08,170,370406.2,0,0,Decor,564.0,0.0,23.0,559.0
SKU0191,2024-07-15,162,352975.32,0,0,Decor,1226.0,0.0,23.0,559.0
SKU0191,2024-07-22,169,368227.34,0,0,Decor,1062.0,0.0,23.0,559.0
SKU0191,2024-07-29,150,326829.0,0,0,Decor,819.0,0.0,23.0,559.0
SKU0191,2024-08-05,140,305040.4,0,0,Decor,683.0,0.0,23.0,559.0
SKU0191,2024-08-12,114,248390.04,0,1,Decor,576.0,0.0,23.0,559.0
SKU0191,2024-08-19,148,322471.28,0,0,Decor,438.0,1045.0,23.0,559.0
SKU0191,2024-08-26,127,276715.22,0,0,Decor,1288.0,0.0,23.0,559.0
SKU0191,2024-09-02,96,209170.56,0,0,Decor,1192.0,0.0,23.0,559.0
SKU0191,2024-09-09,93,202633.98,0,0,Decor,1099.0,0.0,23.0,559.0
SKU0191,2024-09-16,78,169951.08000000002,0,0,Decor,1021.0,0.0,23.0,559.0
SKU0191,2024-09-23,85,185203.1,0,0,Decor,1021.0,0.0,23.0,559.0
SKU0191,2024-09-30,107,233138.02000000002,0,1,Decor,895.0,0.0,23.0,559.0
SKU0191,2024-10-07,76,165593.36000000002,0,0,Decor,809.0,0.0,23.0,559.0
SKU0191,2024-10-14,154,294690.81,1,0,Decor,714.0,0.0,23.0,559.0
SKU0191,2024-10-21,90,188907.16,1,0,Decor,558.0,1145.0,23.0,559.0
SKU0191,2024-10-28,107,233138.02000000002,0,1,Decor,436.0,1145.0,23.0,559.0
SKU0191,2024-11-04,104,226601.44,0,0,Decor,1464.0,0.0,23.0,559.0
SKU0191,2024-11-11,93,202633.98,0,0,Decor,1382.0,0.0,23.0,559.0
SKU0191,2024-11-18,136,296324.96,0,0,Decor,1255.0,0.0,23.0,559.0
SKU0191,2024-11-25,180,333365.58,1,0,Decor,1034.0,0.0,23.0,559.0
SKU0191,2024-12-02,131,285430.66000000003,0,0,Decor,903.0,0.0,23.0,559.0
SKU0191,2024-12-09,129,281072.94,0,0,Decor,774.0,0.0,23.0,559.0
SKU0191,2024-12-16,148,322471.28,0,0,Decor,626.0,0.0,23.0,559.0
SKU0191,2024-12-23,138,300682.68,0,1,Decor,626.0,0.0,23.0,559.0
SKU0191,2024-12-30,224,427601.27,1,0,Decor,409.0,944.0,23.0,559.0
SKU0191,2025-01-06,189,386311.88,1,0,Decor,162.0,944.0,23.0,559.0
SKU0191,2025-01-13,178,387837.08,0,0,Decor,944.0,0.0,23.0,559.0
SKU0191,2025-01-20,169,368227.34,0,1,Decor,771.0,0.0,23.0,559.0
SKU0191,2025-01-27,196,427056.56,0,0,Decor,510.0,1282.0,23.0,559.0
SKU0191,2025-02-03,208,453202.88,0,0,Decor,1576.0,0.0,23.0,559.0
SKU0191,2025-02-10,200,435772.0,0,0,Decor,1379.0,0.0,23.0,559.0
SKU0191,2025-02-17,177,385658.22000000003,0,0,Decor,1196.0,0.0,23.0,559.0
SKU0191,2025-02-24,195,424877.7,0,0,Decor,1011.0,0.0,23.0,559.0
SKU0191,2025-03-03,213,464097.18000000005,0,0,Decor,798.0,0.0,23.0,559.0
SKU0191,2025-03-10,230,501137.80000000005,0,0,Decor,557.0,973.0,23.0,559.0
SKU0191,2025-03-17,220,479349.2,0,0,Decor,1323.0,0.0,23.0,559.0
SKU0191,2025-03-24,225,490243.5,0,0,Decor,1323.0,0.0,23.0,559.0
SKU0191,2025-03-31,233,507674.38,0,0,Decor,983.0,0.0,23.0,559.0
SKU0191,2025-04-07,250,544715.0,0,0,Decor,762.0,0.0,23.0,559.0
SKU0191,2025-04-14,233,507674.38,0,0,Decor,510.0,1087.0,23.0,559.0
SKU0191,2025-04-21,240,522926.4,0,0,Decor,282.0,1087.0,23.0,559.0
SKU0191,2025-04-28,106,230959.16,0,0,Decor,1.0,1087.0,23.0,559.0
SKU0191,2025-05-05,123,267999.78,0,0,Decor,1055.0,0.0,23.0,559.0
SKU0191,2025-05-12,225,490243.5,0,0,Decor,826.0,0.0,23.0,559.0
SKU0191,2025-05-19,239,520747.54000000004,0,0,Decor,600.0,0.0,23.0,559.0
SKU0191,2025-05-26,241,525105.26,0,0,Decor,1325.0,0.0,23.0,559.0
SKU0191,2025-06-02,210,457560.6,0,0,Decor,1115.0,0.0,23.0,559.0
SKU0191,2025-06-09,245,517479.25,1,0,Decor,870.0,0.0,23.0,559.0
SKU0191,2025-06-16,373,698978.29,1,0,Decor,1593.0,0.0,23.0,559.0
SKU0191,2025-06-23,199,433593.14,0,0,Decor,1593.0,0.0,23.0,559.0
SKU0191,2025-06-30,177,385658.22,0,0,Decor,1334.0,0.0,23.0,559.0
SKU0191,2025-07-07,141,307219.26,0,0,Decor,1176.0,0.0,23.0,559.0
SKU0191,2025-07-14,140,305040.4,0,0,Decor,1027.0,0.0,23.0,559.0
SKU0191,2025-07-21,141,307219.26,0,0,Decor,889.0,0.0,23.0,559.0
SKU0191,2025-07-28,144,313755.83999999997,0,0,Decor,688.0,0.0,23.0,559.0
SKU0191,2025-08-04,102,222243.72,0,0,Decor,576.0,0.0,23.0,559.0
SKU0191,2025-08-11,131,285430.66000000003,0,1,Decor,457.0,891.0,23.0,559.0
SKU0191,2025-08-18,156,339902.16,0,0,Decor,304.0,891.0,23.0,559.0
SKU0191,2025-08-25,113,246211.18,0,0,Decor,304.0,891.0,23.0,559.0
SKU0191,2025-09-01,131,285430.66,0,0,Decor,1019.0,0.0,23.0,559.0
SKU0191,2025-09-08,96,209170.56,0,0,Decor,900.0,0.0,23.0,559.0
SKU0191,2025-09-15,135,294146.1,0,0,Decor,789.0,0.0,23.0,559.0
SKU0191,2025-09-22,80,174308.80000000002,0,0,Decor,667.0,0.0,23.0,559.0
SKU0191,2025-09-29,85,185203.1,0,1,Decor,544.0,1321.0,23.0,559.0
SKU0191,2025-10-06,75,163414.5,0,0,Decor,486.0,1321.0,23.0,559.0
SKU0191,2025-10-13,152,290006.26,1,0,Decor,1709.0,0.0,23.0,559.0
SKU0191,2025-10-20,119,241962.4,1,0,Decor,1535.0,0.0,23.0,559.0
SKU0191,2025-10-27,76,165593.36000000002,0,1,Decor,1418.0,0.0,23.0,559.0
SKU0191,2025-11-03,86,187381.96,0,0,Decor,1349.0,0.0,23.0,559.0
SKU0191,2025-11-10,100,217886.0,0,0,Decor,1235.0,0.0,23.0,559.0
SKU0191,2025-11-17,107,233138.02,0,0,Decor,1125.0,0.0,23.0,559.0
SKU0191,2025-11-24,150,284668.05,1,0,Decor,1125.0,0.0,23.0,559.0
SKU0191,2025-12-01,140,291313.58,1,0,Decor,927.0,0.0,23.0,559.0
SKU0191,2025-12-08,133,289788.38,0,0,Decor,817.0,0.0,23.0,559.0
SKU0191,2025-12-15,122,265820.92,0,0,Decor,675.0,0.0,23.0,559.0
SKU0191,2025-12-22,117,254926.62,0,1,Decor,558.0,1063.0,23.0,559.0
SKU0192,2025-01-20,49,257591.03999999998,0,1,Small Appliances,725.0,0.0,9.0,182.0
SKU0192,2025-01-27,116,609807.36,0,0,Small Appliances,725.0,0.0,9.0,182.0
SKU0192,2025-02-03,126,662376.9600000001,0,0,Small Appliances,598.0,0.0,9.0,182.0
SKU0192,2025-02-10,120,630835.2,0,0,Small Appliances,484.0,0.0,9.0,182.0
SKU0192,2025-02-17,139,730717.4400000001,0,0,Small Appliances,339.0,0.0,9.0,182.0
SKU0192,2025-02-24,125,657120.0,0,0,Small Appliances,216.0,0.0,9.0,182.0
SKU0192,2025-03-03,125,657120.0,0,0,Small Appliances,90.0,622.0,9.0,182.0
SKU0192,2025-03-10,152,799057.92,0,0,Small Appliances,573.0,0.0,9.0,182.0
SKU0192,2025-03-17,136,714946.5599999999,0,0,Small Appliances,426.0,0.0,9.0,182.0
SKU0192,2025-03-24,132,693918.72,0,0,Small Appliances,426.0,0.0,9.0,182.0
SKU0192,2025-03-31,124,651863.04,0,0,Small Appliances,244.0,0.0,9.0,182.0
SKU0192,2025-04-07,135,709689.6,0,0,Small Appliances,117.0,796.0,9.0,182.0
SKU0192,2025-04-14,140,735974.4,0,0,Small Appliances,775.0,0.0,9.0,182.0
SKU0192,2025-04-21,140,735974.4,0,0,Small Appliances,631.0,0.0,9.0,182.0
SKU0192,2025-04-28,144,757002.24,0,0,Small Appliances,435.0,0.0,9.0,182.0
SKU0192,2025-05-05,119,625578.24,0,0,Small Appliances,319.0,0.0,9.0,182.0
SKU0192,2025-05-12,163,856884.48,0,0,Small Appliances,175.0,695.0,9.0,182.0
SKU0192,2025-05-19,118,620321.28,0,0,Small Appliances,721.0,0.0,9.0,182.0
SKU0192,2025-05-26,127,667633.9199999999,0,0,Small Appliances,562.0,0.0,9.0,182.0
SKU0192,2025-06-02,136,714946.56,0,0,Small Appliances,426.0,0.0,9.0,182.0
SKU0192,2025-06-09,141,733345.92,1,0,Small Appliances,285.0,0.0,9.0,182.0
SKU0192,2025-06-16,209,945727.11,1,0,Small Appliances,76.0,833.0,9.0,182.0
SKU0192,2025-06-23,142,746488.32,0,0,Small Appliances,76.0,833.0,9.0,182.0
SKU0192,2025-06-30,99,520439.04,0,0,Small Appliances,729.0,0.0,9.0,182.0
SKU0192,2025-07-07,90,473126.39999999997,0,0,Small Appliances,646.0,0.0,9.0,182.0
SKU0192,2025-07-14,96,504668.16000000003,0,0,Small Appliances,546.0,0.0,9.0,182.0
SKU0192,2025-07-21,105,551980.8,0,0,Small Appliances,444.0,0.0,9.0,182.0
SKU0192,2025-07-28,111,583522.56,0,0,Small Appliances,287.0,0.0,9.0,182.0
SKU0192,2025-08-04,86,452098.56,0,0,Small Appliances,198.0,0.0,9.0,182.0
SKU0192,2025-08-11,91,478383.36,0,1,Small Appliances,113.0,786.0,9.0,182.0
SKU0192,2025-08-18,86,452098.56,0,0,Small Appliances,800.0,0.0,9.0,182.0
SKU0192,2025-08-25,83,436327.68,0,0,Small Appliances,800.0,0.0,9.0,182.0
SKU0192,2025-09-01,80,420556.8,0,0,Small Appliances,695.0,0.0,9.0,182.0
SKU0192,2025-09-08,84,441584.64,0,0,Small Appliances,616.0,0.0,9.0,182.0
SKU0192,2025-09-15,77,404785.92,0,0,Small Appliances,534.0,0.0,9.0,182.0
SKU0192,2025-09-22,79,415299.83999999997,0,0,Small Appliances,456.0,0.0,9.0,182.0
SKU0192,2025-09-29,67,352216.32,0,1,Small Appliances,347.0,0.0,9.0,182.0
SKU0192,2025-10-06,68,357473.27999999997,0,0,Small Appliances,279.0,0.0,9.0,182.0
SKU0192,2025-10-13,126,591408.0,1,0,Small Appliances,191.0,0.0,9.0,182.0
SKU0192,2025-10-20,111,542518.27,1,0,Small Appliances,869.0,0.0,9.0,182.0
SKU0192,2025-10-27,70,367987.2,0,1,Small Appliances,768.0,0.0,9.0,182.0
SKU0192,2025-11-03,78,410042.88,0,0,Small Appliances,685.0,0.0,9.0,182.0
SKU0192,2025-11-10,94,494154.24,0,0,Small Appliances,604.0,0.0,9.0,182.0
SKU0192,2025-11-17,97,509925.12,0,0,Small Appliances,501.0,0.0,9.0,182.0
SKU0192,2025-11-24,136,624264.0,1,0,Small Appliances,501.0,0.0,9.0,182.0
SKU0192,2025-12-01,109,551717.95,1,0,Small Appliances,324.0,0.0,9.0,182.0
SKU0192,2025-12-08,69,362730.24,0,0,Small Appliances,234.0,0.0,9.0,182.0
SKU0192,2025-12-15,93,488897.28,0,0,Small Appliances,159.0,619.0,9.0,182.0
SKU0192,2025-12-22,72,378501.12,0,1,Small Appliances,687.0,0.0,9.0,182.0
SKU0193,2024-08-05,45,56972.25,0,0,Decor,186.0,0.0,8.0,59.0
SKU0193,2024-08-12,59,74696.95,0,1,Decor,134.0,0.0,8.0,59.0
SKU0193,2024-08-19,56,70898.8,0,0,Decor,73.0,0.0,8.0,59.0
SKU0193,2024-08-26,53,67100.65,0,0,Decor,4.0,27.0,8.0,59.0
SKU0193,2024-09-02,13,16458.65,0,0,Decor,18.0,42.0,8.0,59.0
SKU0193,2024-09-09,19,24054.95,0,0,Decor,41.0,31.0,8.0,59.0
SKU0193,2024-09-16,40,50642.0,0,0,Decor,32.0,0.0,8.0,59.0
SKU0193,2024-09-23,32,40513.6,0,0,Decor,32.0,0.0,8.0,59.0
SKU0193,2024-09-30,26,32917.3,0,1,Decor,18.0,39.0,8.0,59.0
SKU0193,2024-10-07,19,24054.95,0,0,Decor,39.0,0.0,8.0,59.0
SKU0193,2024-10-14,47,52097.93,1,0,Decor,0.0,27.0,8.0,59.0
SKU0193,2024-10-21,19,24054.95,1,0,Decor,1.0,42.0,8.0,59.0
SKU0193,2024-10-28,35,44311.75,0,1,Decor,33.0,45.0,8.0,59.0
SKU0193,2024-11-04,23,29119.15,0,0,Decor,1.0,45.0,8.0,59.0
SKU0193,2024-11-11,43,54440.15,0,0,Decor,4.0,44.0,8.0,59.0
SKU0193,2024-11-18,44,55706.2,0,0,Decor,10.0,32.0,8.0,59.0
SKU0193,2024-11-25,33,35512.7,1,0,Decor,0.0,29.0,8.0,59.0
SKU0193,2024-12-02,28,35449.4,0,0,Decor,1.0,35.0,8.0,59.0
SKU0193,2024-12-09,18,22788.9,0,0,Decor,17.0,30.0,8.0,59.0
SKU0193,2024-12-16,34,43045.700000000004,0,0,Decor,13.0,34.0,8.0,59.0
SKU0193,2024-12-23,21,26587.05,0,1,Decor,13.0,34.0,8.0,59.0
SKU0193,2024-12-30,34,39057.64,1,0,Decor,0.0,45.0,8.0,59.0
SKU0193,2025-01-06,35,38234.71,1,0,Decor,1.0,35.0,8.0,59.0
SKU0193,2025-01-13,36,45577.8,0,0,Decor,8.0,34.0,8.0,59.0
SKU0193,2025-01-20,33,41779.65,0,1,Decor,13.0,0.0,8.0,59.0
SKU0193,2025-01-27,0,0.0,0,0,Decor,1.0,32.0,8.0,59.0
SKU0193,2025-02-03,22,27853.1,0,0,Decor,16.0,41.0,8.0,59.0
SKU0193,2025-02-10,22,27853.1,0,0,Decor,34.0,0.0,8.0,59.0
SKU0193,2025-02-17,32,40513.6,0,0,Decor,46.0,44.0,8.0,59.0
SKU0193,2025-02-24,46,58238.3,0,0,Decor,44.0,0.0,8.0,59.0
SKU0193,2025-03-03,41,51908.05,0,0,Decor,0.0,46.0,8.0,59.0
SKU0193,2025-03-10,46,58238.3,0,0,Decor,1.0,43.0,8.0,59.0
SKU0193,2025-03-17,43,54440.15,0,0,Decor,1.0,0.0,8.0,59.0
SKU0193,2025-03-24,0,0.0,0,0,Decor,1.0,0.0,8.0,59.0
SKU0193,2025-03-31,24,30385.2,0,0,Decor,1.0,32.0,8.0,59.0
SKU0193,2025-04-07,36,45577.8,0,0,Decor,0.0,43.0,8.0,59.0
SKU0193,2025-04-14,28,35449.4,0,0,Decor,0.0,34.0,8.0,59.0
SKU0193,2025-04-21,30,37981.5,0,0,Decor,1.0,31.0,8.0,59.0
SKU0193,2025-04-28,22,27853.100000000002,0,0,Decor,1.0,42.0,8.0,59.0
SKU0193,2025-05-05,43,54440.15,0,0,Decor,7.0,0.0,8.0,59.0
SKU0193,2025-05-12,27,34183.35,0,0,Decor,1.0,36.0,8.0,59.0
SKU0193,2025-05-19,36,45577.8,0,0,Decor,10.0,0.0,8.0,59.0
SKU0193,2025-05-26,24,30385.2,0,0,Decor,15.0,25.0,8.0,59.0
SKU0193,2025-06-02,30,37981.5,0,0,Decor,10.0,44.0,8.0,59.0
SKU0193,2025-06-09,27,31904.46,1,0,Decor,27.0,35.0,8.0,59.0
SKU0193,2025-06-16,34,38108.11,1,0,Decor,28.0,36.0,8.0,59.0
SKU0193,2025-06-23,27,34183.35,0,0,Decor,28.0,36.0,8.0,59.0
SKU0193,2025-06-30,36,45577.8,0,0,Decor,17.0,40.0,8.0,59.0
SKU0193,2025-07-07,38,48109.9,0,0,Decor,29.0,47.0,8.0,59.0
SKU0193,2025-07-14,40,50642.0,0,0,Decor,47.0,37.0,8.0,59.0
SKU0193,2025-07-21,26,32917.3,0,0,Decor,1.0,37.0,8.0,59.0
SKU0193,2025-07-28,43,54440.15,0,0,Decor,32.0,25.0,8.0,59.0
SKU0193,2025-08-04,26,32917.3,0,0,Decor,25.0,0.0,8.0,59.0
SKU0193,2025-08-11,21,26587.05,0,1,Decor,0.0,35.0,8.0,59.0
SKU0193,2025-08-18,31,39247.55,0,0,Decor,1.0,26.0,8.0,59.0
SKU0193,2025-08-25,26,32917.3,0,0,Decor,1.0,26.0,8.0,59.0
SKU0193,2025-09-01,36,45577.8,0,0,Decor,40.0,0.0,8.0,59.0
SKU0193,2025-09-08,37,46843.85,0,0,Decor,1.0,38.0,8.0,59.0
SKU0193,2025-09-15,24,30385.2,0,0,Decor,0.0,25.0,8.0,59.0
SKU0193,2025-09-22,14,17724.7,0,0,Decor,3.0,41.0,8.0,59.0
SKU0193,2025-09-29,42,53174.1,0,1,Decor,6.0,33.0,8.0,59.0
SKU0193,2025-10-06,23,29119.15,0,0,Decor,7.0,0.0,8.0,59.0
SKU0193,2025-10-13,0,0.0,1,0,Decor,0.0,46.0,8.0,59.0
SKU0193,2025-10-20,44,52667.68,1,0,Decor,18.0,42.0,8.0,59.0
SKU0193,2025-10-27,33,41779.65,0,1,Decor,17.0,38.0,8.0,59.0
SKU0193,2025-11-03,38,48109.9,0,0,Decor,12.0,31.0,8.0,59.0
SKU0193,2025-11-10,33,41779.65,0,0,Decor,14.0,39.0,8.0,59.0
SKU0193,2025-11-17,15,18990.75,0,0,Decor,35.0,0.0,8.0,59.0
SKU0193,2025-11-24,49,54440.14,1,0,Decor,35.0,0.0,8.0,59.0
SKU0193,2025-12-01,29,35006.28,1,0,Decor,19.0,45.0,8.0,59.0
SKU0193,2025-12-08,43,54440.15,0,0,Decor,38.0,26.0,8.0,59.0
SKU0193,2025-12-15,26,32917.3,0,0,Decor,22.0,25.0,8.0,59.0
SKU0193,2025-12-22,26,32917.299999999996,0,1,Decor,26.0,0.0,8.0,59.0
SKU0194,2025-04-21,313,610878.97,0,0,Decor,201.0,701.0,11.0,362.0
SKU0194,2025-04-28,56,109294.64,0,0,Decor,1.0,701.0,11.0,362.0
SKU0194,2025-05-05,317,618685.73,0,0,Decor,423.0,0.0,11.0,362.0
SKU0194,2025-05-12,347,677236.4299999999,0,0,Decor,760.0,0.0,11.0,362.0
SKU0194,2025-05-19,324,632347.56,0,0,Decor,421.0,0.0,11.0,362.0
SKU0194,2025-05-26,319,622589.11,0,0,Decor,0.0,715.0,11.0,362.0
SKU0194,2025-06-02,148,288850.12,0,0,Decor,567.0,0.0,11.0,362.0
SKU0194,2025-06-09,291,549498.3200000001,1,0,Decor,891.0,0.0,11.0,362.0
SKU0194,2025-06-16,584,974673.99,1,0,Decor,307.0,659.0,11.0,362.0
SKU0194,2025-06-23,278,542569.82,0,0,Decor,307.0,659.0,11.0,362.0
SKU0194,2025-06-30,252,491825.88,0,0,Decor,583.0,0.0,11.0,362.0
SKU0194,2025-07-07,233,454743.77,0,0,Decor,353.0,863.0,11.0,362.0
SKU0194,2025-07-14,250,487922.5,0,0,Decor,128.0,863.0,11.0,362.0
SKU0194,2025-07-21,223,435226.87,0,0,Decor,736.0,0.0,11.0,362.0
SKU0194,2025-07-28,233,454743.77,0,0,Decor,403.0,0.0,11.0,362.0
SKU0194,2025-08-04,212,413758.28,0,0,Decor,197.0,587.0,11.0,362.0
SKU0194,2025-08-11,174,339594.06,0,1,Decor,593.0,0.0,11.0,362.0
SKU0194,2025-08-18,182,355207.58,0,0,Decor,411.0,0.0,11.0,362.0
SKU0194,2025-08-25,217,423516.73,0,0,Decor,411.0,0.0,11.0,362.0
SKU0194,2025-09-01,131,255671.39,0,0,Decor,718.0,0.0,11.0,362.0
SKU0194,2025-09-08,173,337642.37,0,0,Decor,579.0,0.0,11.0,362.0
SKU0194,2025-09-15,125,243961.25,0,0,Decor,414.0,0.0,11.0,362.0
SKU0194,2025-09-22,165,322028.85,0,0,Decor,1128.0,0.0,11.0,362.0
SKU0194,2025-09-29,129,251768.01,0,1,Decor,924.0,0.0,11.0,362.0
SKU0194,2025-10-06,164,320077.16,0,0,Decor,784.0,0.0,11.0,362.0
SKU0194,2025-10-13,237,403414.32,1,0,Decor,616.0,0.0,11.0,362.0
SKU0194,2025-10-20,202,362038.49,1,0,Decor,325.0,756.0,11.0,362.0
SKU0194,2025-10-27,150,292753.5,0,1,Decor,874.0,0.0,11.0,362.0
SKU0194,2025-11-03,167,325932.23,0,0,Decor,724.0,0.0,11.0,362.0
SKU0194,2025-11-10,171,333738.99,0,0,Decor,539.0,0.0,11.0,362.0
SKU0194,2025-11-17,146,284946.74,0,0,Decor,399.0,0.0,11.0,362.0
SKU0194,2025-11-24,290,483726.57,1,0,Decor,399.0,0.0,11.0,362.0
SKU0194,2025-12-01,187,353548.64,1,0,Decor,620.0,0.0,11.0,362.0
SKU0194,2025-12-08,233,454743.77,0,0,Decor,428.0,0.0,11.0,362.0
SKU0194,2025-12-15,215,419613.35,0,0,Decor,213.0,657.0,11.0,362.0
SKU0194,2025-12-22,186,363014.33999999997,0,1,Decor,646.0,0.0,11.0,362.0
SKU0195,2024-01-15,53,95519.78,0,0,Furnishings,1.0,1709.0,23.0,790.0
SKU0195,2024-01-22,0,0.0,0,1,Furnishings,1.0,1709.0,23.0,790.0
SKU0195,2024-01-29,0,0.0,0,0,Furnishings,1.0,1709.0,23.0,790.0
SKU0195,2024-02-05,113,203655.38,0,0,Furnishings,1710.0,0.0,23.0,790.0
SKU0195,2024-02-12,324,583932.24,0,0,Furnishings,1369.0,0.0,23.0,790.0
SKU0195,2024-02-19,362,652418.12,0,0,Furnishings,1022.0,0.0,23.0,790.0
SKU0195,2024-02-26,345,621779.7,0,0,Furnishings,642.0,1385.0,23.0,790.0
SKU0195,2024-03-04,365,657824.9,0,0,Furnishings,1655.0,0.0,23.0,790.0
SKU0195,2024-03-11,378,681254.28,0,0,Furnishings,1293.0,0.0,23.0,790.0
SKU0195,2024-03-18,342,616372.9199999999,0,0,Furnishings,932.0,0.0,23.0,790.0
SKU0195,2024-03-25,355,639802.2999999999,0,0,Furnishings,932.0,0.0,23.0,790.0
SKU0195,2024-04-01,365,657824.9,0,0,Furnishings,464.0,1469.0,23.0,790.0
SKU0195,2024-04-08,146,263129.96,0,0,Furnishings,95.0,1469.0,23.0,790.0
SKU0195,2024-04-15,160,288361.6,0,0,Furnishings,0.0,1469.0,23.0,790.0
SKU0195,2024-04-22,311,560502.86,0,0,Furnishings,1264.0,0.0,23.0,790.0
SKU0195,2024-04-29,371,668638.46,0,0,Furnishings,811.0,0.0,23.0,790.0
SKU0195,2024-05-06,362,652418.12,0,0,Furnishings,439.0,1855.0,23.0,790.0
SKU0195,2024-05-13,340,612768.4,0,0,Furnishings,1937.0,0.0,23.0,790.0
SKU0195,2024-05-20,351,632593.26,0,0,Furnishings,1596.0,0.0,23.0,790.0
SKU0195,2024-05-27,317,571316.42,0,0,Furnishings,1131.0,0.0,23.0,790.0
SKU0195,2024-06-03,315,567711.9,0,0,Furnishings,835.0,0.0,23.0,790.0
SKU0195,2024-06-10,319,544913.31,1,0,Furnishings,536.0,1884.0,23.0,790.0
SKU0195,2024-06-17,478,737935.35,1,0,Furnishings,0.0,1884.0,23.0,790.0
SKU0195,2024-06-24,238,428937.88,0,0,Furnishings,0.0,1884.0,23.0,790.0
SKU0195,2024-07-01,203,365858.77999999997,0,0,Furnishings,1607.0,0.0,23.0,790.0
SKU0195,2024-07-08,217,391090.42000000004,0,0,Furnishings,1402.0,0.0,23.0,790.0
SKU0195,2024-07-15,211,380276.86,0,0,Furnishings,1187.0,0.0,23.0,790.0
SKU0195,2024-07-22,258,464983.08,0,0,Furnishings,1000.0,0.0,23.0,790.0
SKU0195,2024-07-29,217,391090.42,0,0,Furnishings,596.0,1746.0,23.0,790.0
SKU0195,2024-08-05,223,401903.98,0,0,Furnishings,383.0,1746.0,23.0,790.0
SKU0195,2024-08-12,171,308186.46,0,1,Furnishings,1925.0,0.0,23.0,790.0
SKU0195,2024-08-19,213,383881.38,0,0,Furnishings,1747.0,0.0,23.0,790.0
SKU0195,2024-08-26,194,349638.44,0,0,Furnishings,1484.0,0.0,23.0,790.0
SKU0195,2024-09-02,166,299175.16,0,0,Furnishings,1318.0,0.0,23.0,790.0
SKU0195,2024-09-09,109,196446.34,0,0,Furnishings,1209.0,0.0,23.0,790.0
SKU0195,2024-09-16,129,232491.54,0,0,Furnishings,1080.0,0.0,23.0,790.0
SKU0195,2024-09-23,167,300977.42,0,0,Furnishings,1080.0,0.0,23.0,790.0
SKU0195,2024-09-30,157,282954.82,0,1,Furnishings,867.0,0.0,23.0,790.0
SKU0195,2024-10-07,124,223480.24,0,0,Furnishings,714.0,1225.0,23.0,790.0
SKU0195,2024-10-14,245,383971.46,1,0,Furnishings,552.0,1225.0,23.0,790.0
SKU0195,2024-10-21,192,341438.16000000003,1,0,Furnishings,1552.0,0.0,23.0,790.0
SKU0195,2024-10-28,136,245107.36,0,1,Furnishings,1331.0,0.0,23.0,790.0
SKU0195,2024-11-04,111,200050.86,0,0,Furnishings,1207.0,0.0,23.0,790.0
SKU0195,2024-11-11,146,263129.96,0,0,Furnishings,1062.0,0.0,23.0,790.0
SKU0195,2024-11-18,133,239700.58000000002,0,0,Furnishings,933.0,0.0,23.0,790.0
SKU0195,2024-11-25,263,402895.22000000003,1,0,Furnishings,632.0,1420.0,23.0,790.0
SKU0195,2024-12-02,200,360452.0,0,0,Furnishings,1851.0,0.0,23.0,790.0
SKU0195,2024-12-09,184,331615.83999999997,0,0,Furnishings,1667.0,0.0,23.0,790.0
SKU0195,2024-12-16,173,311790.98,0,0,Furnishings,1494.0,0.0,23.0,790.0
SKU0195,2024-12-23,157,282954.82,0,1,Furnishings,1494.0,0.0,23.0,790.0
SKU0195,2024-12-30,378,592583.1,1,0,Furnishings,1180.0,0.0,23.0,790.0
SKU0195,2025-01-06,269,456422.35,1,0,Furnishings,809.0,0.0,23.0,790.0
SKU0195,2025-01-13,194,349638.44,0,0,Furnishings,579.0,1833.0,23.0,790.0
SKU0195,2025-01-20,185,333418.10000000003,0,1,Furnishings,2236.0,0.0,23.0,790.0
SKU0195,2025-01-27,273,492016.98,0,0,Furnishings,1911.0,0.0,23.0,790.0
SKU0195,2025-02-03,252,454169.52,0,0,Furnishings,1624.0,0.0,23.0,790.0
SKU0195,2025-02-10,239,430740.14,0,0,Furnishings,1413.0,0.0,23.0,790.0
SKU0195,2025-02-17,263,473994.38,0,0,Furnishings,1146.0,0.0,23.0,790.0
SKU0195,2025-02-24,248,446960.48,0,0,Furnishings,893.0,0.0,23.0,790.0
SKU0195,2025-03-03,309,556898.34,0,0,Furnishings,2207.0,0.0,23.0,790.0
SKU0195,2025-03-10,279,502830.54,0,0,Furnishings,1918.0,0.0,23.0,790.0
SKU0195,2025-03-17,308,555096.08,0,0,Furnishings,1638.0,0.0,23.0,790.0
SKU0195,2025-03-24,280,504632.8,0,0,Furnishings,1638.0,0.0,23.0,790.0
SKU0195,2025-03-31,276,497423.76,0,0,Furnishings,1216.0,0.0,23.0,790.0
SKU0195,2025-04-07,337,607361.62,0,0,Furnishings,907.0,0.0,23.0,790.0
SKU0195,2025-04-14,295,531666.7,0,0,Furnishings,590.0,1366.0,23.0,790.0
SKU0195,2025-04-21,347,625384.22,0,0,Furnishings,1655.0,0.0,23.0,790.0
SKU0195,2025-04-28,337,607361.62,0,0,Furnishings,1199.0,0.0,23.0,790.0
SKU0195,2025-05-05,280,504632.8,0,0,Furnishings,910.0,0.0,23.0,790.0
SKU0195,2025-05-12,284,511841.83999999997,0,0,Furnishings,1894.0,0.0,23.0,790.0
SKU0195,2025-05-19,267,481203.42,0,0,Furnishings,1651.0,0.0,23.0,790.0
SKU0195,2025-05-26,289,520853.14,0,0,Furnishings,1283.0,0.0,23.0,790.0
SKU0195,2025-06-02,271,488412.46,0,0,Furnishings,1012.0,0.0,23.0,790.0
SKU0195,2025-06-09,271,473273.48,1,0,Furnishings,741.0,1227.0,23.0,790.0
SKU0195,2025-06-16,392,608623.2,1,0,Furnishings,349.0,1227.0,23.0,790.0
SKU0195,2025-06-23,250,450565.0,0,0,Furnishings,349.0,1227.0,23.0,790.0
SKU0195,2025-06-30,210,378474.6,0,0,Furnishings,1253.0,0.0,23.0,790.0
SKU0195,2025-07-07,234,421728.84,0,0,Furnishings,1044.0,0.0,23.0,790.0
SKU0195,2025-07-14,212,382079.12,0,0,Furnishings,803.0,0.0,23.0,790.0
SKU0195,2025-07-21,237,427135.62,0,0,Furnishings,1813.0,0.0,23.0,790.0
SKU0195,2025-07-28,189,340627.14,0,0,Furnishings,1493.0,0.0,23.0,790.0
SKU0195,2025-08-04,188,338824.88,0,0,Furnishings,1315.0,0.0,23.0,790.0
SKU0195,2025-08-11,82,147785.32,0,1,Furnishings,1218.0,0.0,23.0,790.0
SKU0195,2025-08-18,141,254118.66,0,0,Furnishings,1085.0,0.0,23.0,790.0
SKU0195,2025-08-25,139,250514.14,0,0,Furnishings,1085.0,0.0,23.0,790.0
SKU0195,2025-09-01,122,219875.72,0,0,Furnishings,896.0,0.0,23.0,790.0
SKU0195,2025-09-08,107,192841.82,0,0,Furnishings,798.0,0.0,23.0,790.0
SKU0195,2025-09-15,88,158598.88,0,0,Furnishings,682.0,1949.0,23.0,790.0
SKU0195,2025-09-22,112,201853.12,0,0,Furnishings,580.0,1949.0,23.0,790.0
SKU0195,2025-09-29,65,117146.90000000001,0,1,Furnishings,2416.0,0.0,23.0,790.0
SKU0195,2025-10-06,108,194644.08000000002,0,0,Furnishings,2325.0,0.0,23.0,790.0
SKU0195,2025-10-13,121,186984.47,1,0,Furnishings,2229.0,0.0,23.0,790.0
SKU0195,2025-10-20,146,248801.99,1,0,Furnishings,2064.0,0.0,23.0,790.0
SKU0195,2025-10-27,94,169412.44,0,1,Furnishings,1914.0,0.0,23.0,790.0
SKU0195,2025-11-03,113,203655.38,0,0,Furnishings,1804.0,0.0,23.0,790.0
SKU0195,2025-11-10,116,209062.16,0,0,Furnishings,1677.0,0.0,23.0,790.0
SKU0195,2025-11-17,104,187435.04,0,0,Furnishings,1578.0,0.0,23.0,790.0
SKU0195,2025-11-24,144,220596.62,1,0,Furnishings,1578.0,0.0,23.0,790.0
SKU0195,2025-12-01,169,297282.79,1,0,Furnishings,1402.0,0.0,23.0,790.0
SKU0195,2025-12-08,142,255920.92,0,0,Furnishings,1233.0,0.0,23.0,790.0
SKU0195,2025-12-15,157,282954.82,0,0,Furnishings,1101.0,0.0,23.0,790.0
SKU0195,2025-12-22,120,216271.2,0,1,Furnishings,945.0,0.0,23.0,790.0
SKU0196,2024-08-19,44,186326.8,0,0,Decor,121.0,276.0,22.0,181.0
SKU0196,2024-08-26,57,241377.90000000002,0,0,Decor,49.0,276.0,22.0,181.0
SKU0196,2024-09-02,48,203265.6,0,0,Decor,1.0,276.0,22.0,181.0
SKU0196,2024-09-09,23,97398.1,0,0,Decor,254.0,0.0,22.0,181.0
SKU0196,2024-09-16,56,237143.2,0,0,Decor,198.0,0.0,22.0,181.0
SKU0196,2024-09-23,49,207500.3,0,0,Decor,198.0,0.0,22.0,181.0
SKU0196,2024-09-30,49,207500.3,0,1,Decor,137.0,451.0,22.0,181.0
SKU0196,2024-10-07,51,215969.7,0,0,Decor,537.0,0.0,22.0,181.0
SKU0196,2024-10-14,80,289865.2,1,0,Decor,482.0,0.0,22.0,181.0
SKU0196,2024-10-21,57,233755.44,1,0,Decor,399.0,0.0,22.0,181.0
SKU0196,2024-10-28,49,207500.3,0,1,Decor,321.0,0.0,22.0,181.0
SKU0196,2024-11-04,51,215969.7,0,0,Decor,277.0,0.0,22.0,181.0
SKU0196,2024-11-11,45,190561.5,0,0,Decor,229.0,0.0,22.0,181.0
SKU0196,2024-11-18,52,220204.40000000002,0,0,Decor,176.0,354.0,22.0,181.0
SKU0196,2024-11-25,91,327554.03,1,0,Decor,75.0,354.0,22.0,181.0
SKU0196,2024-12-02,60,254082.0,0,0,Decor,369.0,0.0,22.0,181.0
SKU0196,2024-12-09,57,241377.90000000002,0,0,Decor,312.0,0.0,22.0,181.0
SKU0196,2024-12-16,57,241377.90000000002,0,0,Decor,255.0,0.0,22.0,181.0
SKU0196,2024-12-23,46,194796.19999999998,0,1,Decor,255.0,0.0,22.0,181.0
SKU0196,2024-12-30,100,373288.81,1,0,Decor,167.0,389.0,22.0,181.0
SKU0196,2025-01-06,79,313579.54,1,0,Decor,65.0,389.0,22.0,181.0
SKU0196,2025-01-13,29,122806.29999999999,0,0,Decor,1.0,389.0,22.0,181.0
SKU0196,2025-01-20,49,207500.30000000002,0,1,Decor,378.0,0.0,22.0,181.0
SKU0196,2025-01-27,60,254082.0,0,0,Decor,287.0,0.0,22.0,181.0
SKU0196,2025-02-03,69,292194.3,0,0,Decor,219.0,0.0,22.0,181.0
SKU0196,2025-02-10,64,271020.8,0,0,Decor,158.0,365.0,22.0,181.0
SKU0196,2025-02-17,58,245612.59999999998,0,0,Decor,98.0,365.0,22.0,181.0
SKU0196,2025-02-24,72,304898.4,0,0,Decor,29.0,365.0,22.0,181.0
SKU0196,2025-03-03,46,194796.2,0,0,Decor,345.0,0.0,22.0,181.0
SKU0196,2025-03-10,73,309133.1,0,0,Decor,270.0,0.0,22.0,181.0
SKU0196,2025-03-17,81,343010.7,0,0,Decor,194.0,0.0,22.0,181.0
SKU0196,2025-03-24,65,275255.5,0,0,Decor,194.0,0.0,22.0,181.0
SKU0196,2025-03-31,72,304898.4,0,0,Decor,491.0,0.0,22.0,181.0
SKU0196,2025-04-07,83,351480.1,0,0,Decor,416.0,0.0,22.0,181.0
SKU0196,2025-04-14,79,334541.3,0,0,Decor,330.0,0.0,22.0,181.0
SKU0196,2025-04-21,68,287959.6,0,0,Decor,257.0,0.0,22.0,181.0
SKU0196,2025-04-28,76,321837.2,0,0,Decor,161.0,295.0,22.0,181.0
SKU0196,2025-05-05,70,296429.0,0,0,Decor,89.0,295.0,22.0,181.0
SKU0196,2025-05-12,71,300663.7,0,0,Decor,318.0,0.0,22.0,181.0
SKU0196,2025-05-19,74,313367.8,0,0,Decor,248.0,0.0,22.0,181.0
SKU0196,2025-05-26,74,313367.8,0,0,Decor,139.0,423.0,22.0,181.0
SKU0196,2025-06-02,73,309133.1,0,0,Decor,488.0,0.0,22.0,181.0
SKU0196,2025-06-09,73,302145.84,1,0,Decor,415.0,0.0,22.0,181.0
SKU0196,2025-06-16,120,438291.45,1,0,Decor,295.0,0.0,22.0,181.0
SKU0196,2025-06-23,73,309133.10000000003,0,0,Decor,295.0,0.0,22.0,181.0
SKU0196,2025-06-30,66,279490.2,0,0,Decor,206.0,0.0,22.0,181.0
SKU0196,2025-07-07,65,275255.5,0,0,Decor,134.0,325.0,22.0,181.0
SKU0196,2025-07-14,53,224439.1,0,0,Decor,78.0,325.0,22.0,181.0
SKU0196,2025-07-21,58,245612.6,0,0,Decor,345.0,0.0,22.0,181.0
SKU0196,2025-07-28,60,254082.0,0,0,Decor,255.0,0.0,22.0,181.0
SKU0196,2025-08-04,59,249847.30000000002,0,0,Decor,203.0,0.0,22.0,181.0
SKU0196,2025-08-11,53,224439.1,0,1,Decor,147.0,325.0,22.0,181.0
SKU0196,2025-08-18,50,211735.0,0,0,Decor,95.0,325.0,22.0,181.0
SKU0196,2025-08-25,50,211735.0,0,0,Decor,95.0,325.0,22.0,181.0
SKU0196,2025-09-01,42,177857.4,0,0,Decor,351.0,0.0,22.0,181.0
SKU0196,2025-09-08,42,177857.4,0,0,Decor,311.0,0.0,22.0,181.0
SKU0196,2025-09-15,52,220204.40000000002,0,0,Decor,266.0,0.0,22.0,181.0
SKU0196,2025-09-22,52,220204.4,0,0,Decor,215.0,0.0,22.0,181.0
SKU0196,2025-09-29,43,182092.1,0,1,Decor,147.0,403.0,22.0,181.0
SKU0196,2025-10-06,41,173622.7,0,0,Decor,105.0,403.0,22.0,181.0
SKU0196,2025-10-13,71,266997.82,1,0,Decor,462.0,0.0,22.0,181.0
SKU0196,2025-10-20,62,246671.27000000002,1,0,Decor,384.0,0.0,22.0,181.0
SKU0196,2025-10-27,57,241377.9,0,1,Decor,307.0,0.0,22.0,181.0
SKU0196,2025-11-03,51,215969.7,0,0,Decor,255.0,0.0,22.0,181.0
SKU0196,2025-11-10,45,190561.5,0,0,Decor,209.0,0.0,22.0,181.0
SKU0196,2025-11-17,48,203265.59999999998,0,0,Decor,160.0,306.0,22.0,181.0
SKU0196,2025-11-24,87,317602.48,1,0,Decor,160.0,306.0,22.0,181.0
SKU0196,2025-12-01,61,250694.24000000002,1,0,Decor,362.0,0.0,22.0,181.0
SKU0196,2025-12-08,56,237143.2,0,0,Decor,305.0,0.0,22.0,181.0
SKU0196,2025-12-15,63,266786.1,0,0,Decor,246.0,0.0,22.0,181.0
SKU0196,2025-12-22,57,241377.9,0,1,Decor,184.0,0.0,22.0,181.0
SKU0197,2025-02-10,10,73006.8,0,0,Small Appliances,289.0,0.0,25.0,93.0
SKU0197,2025-02-17,28,204419.04,0,0,Small Appliances,264.0,0.0,25.0,93.0
SKU0197,2025-02-24,23,167915.64,0,0,Small Appliances,240.0,0.0,25.0,93.0
SKU0197,2025-03-03,28,204419.04,0,0,Small Appliances,213.0,0.0,25.0,93.0
SKU0197,2025-03-10,26,189817.68,0,0,Small Appliances,187.0,0.0,25.0,93.0
SKU0197,2025-03-17,29,211719.72,0,0,Small Appliances,157.0,0.0,25.0,93.0
SKU0197,2025-03-24,25,182517.0,0,0,Small Appliances,157.0,0.0,25.0,93.0
SKU0197,2025-03-31,25,182517.0,0,0,Small Appliances,123.0,0.0,25.0,93.0
SKU0197,2025-04-07,27,197118.36000000002,0,0,Small Appliances,95.0,0.0,25.0,93.0
SKU0197,2025-04-14,23,167915.64,0,0,Small Appliances,70.0,38.0,25.0,93.0
SKU0197,2025-04-21,22,160614.96000000002,0,0,Small Appliances,47.0,38.0,25.0,93.0
SKU0197,2025-04-28,29,211719.72,0,0,Small Appliances,51.0,42.0,25.0,93.0
SKU0197,2025-05-05,27,197118.36000000002,0,0,Small Appliances,22.0,42.0,25.0,93.0
SKU0197,2025-05-12,14,102209.52,0,0,Small Appliances,0.0,42.0,25.0,93.0
SKU0197,2025-05-19,4,29202.72,0,0,Small Appliances,0.0,42.0,25.0,93.0
SKU0197,2025-05-26,29,211719.72,0,0,Small Appliances,10.0,63.0,25.0,93.0
SKU0197,2025-06-02,9,65706.12,0,0,Small Appliances,1.0,63.0,25.0,93.0
SKU0197,2025-06-09,0,0.0,1,0,Small Appliances,1.0,63.0,25.0,93.0
SKU0197,2025-06-16,21,132507.34,1,0,Small Appliances,43.0,61.0,25.0,93.0
SKU0197,2025-06-23,25,182517.0,0,0,Small Appliances,43.0,61.0,25.0,93.0
SKU0197,2025-06-30,17,124111.56,0,0,Small Appliances,10.0,61.0,25.0,93.0
SKU0197,2025-07-07,0,0.0,0,0,Small Appliances,1.0,61.0,25.0,93.0
SKU0197,2025-07-14,18,131412.24,0,0,Small Appliances,56.0,73.0,25.0,93.0
SKU0197,2025-07-21,24,175216.32,0,0,Small Appliances,34.0,73.0,25.0,93.0
SKU0197,2025-07-28,19,138712.92,0,0,Small Appliances,1.0,73.0,25.0,93.0
SKU0197,2025-08-04,11,80307.48000000001,0,0,Small Appliances,70.0,0.0,25.0,93.0
SKU0197,2025-08-11,30,219020.40000000002,0,1,Small Appliances,41.0,55.0,25.0,93.0
SKU0197,2025-08-18,22,160614.96000000002,0,0,Small Appliances,15.0,55.0,25.0,93.0
SKU0197,2025-08-25,10,73006.8,0,0,Small Appliances,15.0,55.0,25.0,93.0
SKU0197,2025-09-01,19,138712.92,0,0,Small Appliances,55.0,38.0,25.0,93.0
SKU0197,2025-09-08,23,167915.64,0,0,Small Appliances,34.0,38.0,25.0,93.0
SKU0197,2025-09-15,13,94908.84,0,0,Small Appliances,10.0,38.0,25.0,93.0
SKU0197,2025-09-22,5,36503.4,0,0,Small Appliances,0.0,38.0,25.0,93.0
SKU0197,2025-09-29,23,167915.64,0,1,Small Appliances,22.0,58.0,25.0,93.0
SKU0197,2025-10-06,10,73006.8,0,0,Small Appliances,0.0,58.0,25.0,93.0
SKU0197,2025-10-13,0,0.0,1,0,Small Appliances,0.0,58.0,25.0,93.0
SKU0197,2025-10-20,17,124111.56,1,0,Small Appliances,55.0,52.0,25.0,93.0
SKU0197,2025-10-27,18,131412.24,0,1,Small Appliances,25.0,52.0,25.0,93.0
SKU0197,2025-11-03,22,160614.96000000002,0,0,Small Appliances,5.0,52.0,25.0,93.0
SKU0197,2025-11-10,2,14601.36,0,0,Small Appliances,52.0,39.0,25.0,93.0
SKU0197,2025-11-17,22,160614.96000000002,0,0,Small Appliances,32.0,39.0,25.0,93.0
SKU0197,2025-11-24,28,178136.6,1,0,Small Appliances,32.0,39.0,25.0,93.0
SKU0197,2025-12-01,0,0.0,1,0,Small Appliances,0.0,39.0,25.0,93.0
SKU0197,2025-12-08,16,116810.88,0,0,Small Appliances,0.0,39.0,25.0,93.0
SKU0197,2025-12-15,23,167915.64,0,0,Small Appliances,18.0,42.0,25.0,93.0
SKU0197,2025-12-22,0,0.0,0,1,Small Appliances,0.0,42.0,25.0,93.0
SKU0198,2024-06-17,197,127896.9,1,0,Small Appliances,136.0,321.0,7.0,179.0
SKU0198,2024-06-24,193,142806.49,0,0,Small Appliances,136.0,321.0,7.0,179.0
SKU0198,2024-07-01,178,131707.54,0,0,Small Appliances,204.0,0.0,7.0,179.0
SKU0198,2024-07-08,105,77692.65000000001,0,0,Small Appliances,32.0,285.0,7.0,179.0
SKU0198,2024-07-15,168,124308.24,0,0,Small Appliances,213.0,0.0,7.0,179.0
SKU0198,2024-07-22,175,129487.75,0,0,Small Appliances,48.0,309.0,7.0,179.0
SKU0198,2024-07-29,155,114689.15,0,0,Small Appliances,437.0,0.0,7.0,179.0
SKU0198,2024-08-05,138,102110.34,0,0,Small Appliances,305.0,0.0,7.0,179.0
SKU0198,2024-08-12,146,108029.78,0,1,Small Appliances,154.0,437.0,7.0,179.0
SKU0198,2024-08-19,136,100630.48,0,0,Small Appliances,460.0,0.0,7.0,179.0
SKU0198,2024-08-26,154,113949.22,0,0,Small Appliances,254.0,0.0,7.0,179.0
SKU0198,2024-09-02,90,66593.7,0,0,Small Appliances,164.0,367.0,7.0,179.0
SKU0198,2024-09-09,121,89531.53,0,0,Small Appliances,410.0,0.0,7.0,179.0
SKU0198,2024-09-16,136,100630.48000000001,0,0,Small Appliances,274.0,0.0,7.0,179.0
SKU0198,2024-09-23,157,116169.01000000001,0,0,Small Appliances,274.0,0.0,7.0,179.0
SKU0198,2024-09-30,80,59194.4,0,1,Small Appliances,79.0,334.0,7.0,179.0
SKU0198,2024-10-07,147,108769.70999999999,0,0,Small Appliances,314.0,0.0,7.0,179.0
SKU0198,2024-10-14,188,119461.7,1,0,Small Appliances,189.0,0.0,7.0,179.0
SKU0198,2024-10-21,80,55975.7,1,0,Small Appliances,1.0,383.0,7.0,179.0
SKU0198,2024-10-28,137,101370.41,0,1,Small Appliances,230.0,0.0,7.0,179.0
SKU0198,2024-11-04,171,126528.03,0,0,Small Appliances,443.0,0.0,7.0,179.0
SKU0198,2024-11-11,116,85831.88,0,0,Small Appliances,290.0,0.0,7.0,179.0
SKU0198,2024-11-18,144,106549.92,0,0,Small Appliances,174.0,393.0,7.0,179.0
SKU0198,2024-11-25,202,127045.97,1,0,Small Appliances,323.0,0.0,7.0,179.0
SKU0198,2024-12-02,161,119128.73,0,0,Small Appliances,162.0,447.0,7.0,179.0
SKU0198,2024-12-09,152,112469.36,0,0,Small Appliances,457.0,0.0,7.0,179.0
SKU0198,2024-12-16,131,96930.83,0,0,Small Appliances,326.0,0.0,7.0,179.0
SKU0198,2024-12-23,123,91011.39,0,1,Small Appliances,326.0,0.0,7.0,179.0
SKU0198,2024-12-30,259,168223.09,1,0,Small Appliances,460.0,0.0,7.0,179.0
SKU0198,2025-01-06,238,163339.55,1,0,Small Appliances,465.0,0.0,7.0,179.0
SKU0198,2025-01-13,147,108769.71,0,0,Small Appliances,295.0,0.0,7.0,179.0
SKU0198,2025-01-20,115,85091.95,0,1,Small Appliances,176.0,393.0,7.0,179.0
SKU0198,2025-01-27,175,129487.75,0,0,Small Appliances,354.0,0.0,7.0,179.0
SKU0198,2025-02-03,229,169443.97,0,0,Small Appliances,123.0,367.0,7.0,179.0
SKU0198,2025-02-10,142,105070.06,0,0,Small Appliances,340.0,0.0,7.0,179.0
SKU0198,2025-02-17,179,132447.47,0,0,Small Appliances,164.0,436.0,7.0,179.0
SKU0198,2025-02-24,157,116169.01,0,0,Small Appliances,446.0,0.0,7.0,179.0
SKU0198,2025-03-03,201,148725.93,0,0,Small Appliances,240.0,0.0,7.0,179.0
SKU0198,2025-03-10,239,176843.27,0,0,Small Appliances,347.0,0.0,7.0,179.0
SKU0198,2025-03-17,186,137626.97999999998,0,0,Small Appliances,153.0,345.0,7.0,179.0
SKU0198,2025-03-24,205,151685.65,0,0,Small Appliances,153.0,345.0,7.0,179.0
SKU0198,2025-03-31,187,138366.91,0,0,Small Appliances,207.0,0.0,7.0,179.0
SKU0198,2025-04-07,182,134667.26,0,0,Small Appliances,30.0,352.0,7.0,179.0
SKU0198,2025-04-14,204,150945.72,0,0,Small Appliances,187.0,0.0,7.0,179.0
SKU0198,2025-04-21,127,93971.11,0,0,Small Appliances,0.0,330.0,7.0,179.0
SKU0198,2025-04-28,223,165004.39,0,0,Small Appliances,540.0,0.0,7.0,179.0
SKU0198,2025-05-05,179,132447.47,0,0,Small Appliances,351.0,0.0,7.0,179.0
SKU0198,2025-05-12,220,162784.6,0,0,Small Appliances,141.0,278.0,7.0,179.0
SKU0198,2025-05-19,163,120608.59,0,0,Small Appliances,248.0,0.0,7.0,179.0
SKU0198,2025-05-26,183,135407.19,0,0,Small Appliances,399.0,0.0,7.0,179.0
SKU0198,2025-06-02,169,125048.17,0,0,Small Appliances,230.0,0.0,7.0,179.0
SKU0198,2025-06-09,231,167705.13,1,0,Small Appliances,337.0,0.0,7.0,179.0
SKU0198,2025-06-16,319,202185.84,1,0,Small Appliances,18.0,374.0,7.0,179.0
SKU0198,2025-06-23,97,71773.20999999999,0,0,Small Appliances,18.0,374.0,7.0,179.0
SKU0198,2025-06-30,196,145026.28,0,0,Small Appliances,238.0,0.0,7.0,179.0
SKU0198,2025-07-07,168,124308.24,0,0,Small Appliances,42.0,446.0,7.0,179.0
SKU0198,2025-07-14,148,109509.64,0,0,Small Appliances,328.0,0.0,7.0,179.0
SKU0198,2025-07-21,151,111729.43,0,0,Small Appliances,196.0,0.0,7.0,179.0
SKU0198,2025-07-28,121,89531.53,0,0,Small Appliances,359.0,0.0,7.0,179.0
SKU0198,2025-08-04,129,95450.97,0,0,Small Appliances,247.0,0.0,7.0,179.0
SKU0198,2025-08-11,89,65853.77,0,1,Small Appliances,502.0,0.0,7.0,179.0
SKU0198,2025-08-18,126,93231.18,0,0,Small Appliances,397.0,0.0,7.0,179.0
SKU0198,2025-08-25,133,98410.69,0,0,Small Appliances,397.0,0.0,7.0,179.0
SKU0198,2025-09-01,135,99890.55,0,0,Small Appliances,195.0,0.0,7.0,179.0
SKU0198,2025-09-08,147,108769.70999999999,0,0,Small Appliances,70.0,392.0,7.0,179.0
SKU0198,2025-09-15,163,120608.59,0,0,Small Appliances,314.0,0.0,7.0,179.0
SKU0198,2025-09-22,133,98410.69,0,0,Small Appliances,162.0,397.0,7.0,179.0
SKU0198,2025-09-29,104,76952.72,0,1,Small Appliances,383.0,0.0,7.0,179.0
SKU0198,2025-10-06,111,82132.23,0,0,Small Appliances,288.0,0.0,7.0,179.0
SKU0198,2025-10-13,124,79653.46,1,0,Small Appliances,178.0,346.0,7.0,179.0
SKU0198,2025-10-20,134,93712.14,1,0,Small Appliances,379.0,0.0,7.0,179.0
SKU0198,2025-10-27,112,82872.16,0,1,Small Appliances,209.0,0.0,7.0,179.0
SKU0198,2025-11-03,91,67333.63,0,0,Small Appliances,387.0,0.0,7.0,179.0
SKU0198,2025-11-10,133,98410.69,0,0,Small Appliances,263.0,0.0,7.0,179.0
SKU0198,2025-11-17,99,73253.07,0,0,Small Appliances,150.0,282.0,7.0,179.0
SKU0198,2025-11-24,219,141844.59,1,0,Small Appliances,150.0,282.0,7.0,179.0
SKU0198,2025-12-01,127,90641.42,1,0,Small Appliances,178.0,413.0,7.0,179.0
SKU0198,2025-12-08,120,88791.6,0,0,Small Appliances,486.0,0.0,7.0,179.0
SKU0198,2025-12-15,155,114689.15000000001,0,0,Small Appliances,343.0,0.0,7.0,179.0
SKU0198,2025-12-22,161,119128.73000000001,0,1,Small Appliances,193.0,0.0,7.0,179.0
SKU0199,2025-01-06,65,434195.44999999995,0,0,Decor,168.0,237.0,15.0,545.0
SKU0199,2025-01-13,191,1275866.63,0,0,Decor,168.0,237.0,15.0,545.0
SKU0199,2025-01-20,96,641273.28,0,1,Decor,0.0,237.0,15.0,545.0
SKU0199,2025-01-27,181,1209067.33,0,0,Decor,65.0,243.0,15.0,545.0
SKU0199,2025-02-03,41,273877.13,0,0,Decor,0.0,243.0,15.0,545.0
SKU0199,2025-02-10,243,1623222.99,0,0,Decor,10.0,349.0,15.0,545.0
SKU0199,2025-02-17,0,0.0,0,0,Decor,0.0,349.0,15.0,545.0
SKU0199,2025-02-24,236,1576463.48,0,0,Decor,143.0,407.0,15.0,545.0
SKU0199,2025-03-03,113,754832.09,0,0,Decor,1.0,407.0,15.0,545.0
SKU0199,2025-03-10,195,1302586.3499999999,0,0,Decor,239.0,358.0,15.0,545.0
SKU0199,2025-03-17,212,1416145.1600000001,0,0,Decor,0.0,358.0,15.0,545.0
SKU0199,2025-03-24,149,995309.57,0,0,Decor,0.0,358.0,15.0,545.0
SKU0199,2025-03-31,209,1396105.37,0,0,Decor,105.0,425.0,15.0,545.0
SKU0199,2025-04-07,103,688032.79,0,0,Decor,1.0,425.0,15.0,545.0
SKU0199,2025-04-14,296,1977259.28,0,0,Decor,224.0,252.0,15.0,545.0
SKU0199,2025-04-21,85,567794.05,0,0,Decor,1.0,252.0,15.0,545.0
SKU0199,2025-04-28,193,1289226.49,0,0,Decor,4.0,392.0,15.0,545.0
SKU0199,2025-05-05,36,240477.48,0,0,Decor,1.0,392.0,15.0,545.0
SKU0199,2025-05-12,305,2037378.65,0,0,Decor,143.0,242.0,15.0,545.0
SKU0199,2025-05-19,52,347356.36000000004,0,0,Decor,0.0,242.0,15.0,545.0
SKU0199,2025-05-26,242,1616543.06,0,0,Decor,0.0,266.0,15.0,545.0
SKU0199,2025-06-02,0,0.0,0,0,Decor,0.0,266.0,15.0,545.0
SKU0199,2025-06-09,232,1498642.2999999998,1,0,Decor,35.0,237.0,15.0,545.0
SKU0199,2025-06-16,34,193049.98,1,0,Decor,1.0,237.0,15.0,545.0
SKU0199,2025-06-23,159,1062108.87,0,0,Decor,1.0,237.0,15.0,545.0
SKU0199,2025-06-30,78,521034.54000000004,0,0,Decor,10.0,354.0,15.0,545.0
SKU0199,2025-07-07,100,667993.0,0,0,Decor,1.0,354.0,15.0,545.0
SKU0199,2025-07-14,221,1476264.53,0,0,Decor,184.0,382.0,15.0,545.0
SKU0199,2025-07-21,85,567794.05,0,0,Decor,0.0,382.0,15.0,545.0
SKU0199,2025-07-28,188,1255826.8399999999,0,0,Decor,176.0,329.0,15.0,545.0
SKU0199,2025-08-04,174,1162307.82,0,0,Decor,336.0,225.0,15.0,545.0
SKU0199,2025-08-11,160,1068788.8,0,1,Decor,181.0,225.0,15.0,545.0
SKU0199,2025-08-18,159,1062108.87,0,0,Decor,17.0,225.0,15.0,545.0
SKU0199,2025-08-25,173,1155627.89,0,0,Decor,17.0,225.0,15.0,545.0
SKU0199,2025-09-01,31,207077.83000000002,0,0,Decor,9.0,319.0,15.0,545.0
SKU0199,2025-09-08,151,1008669.43,0,0,Decor,292.0,0.0,15.0,545.0
SKU0199,2025-09-15,127,848351.11,0,0,Decor,146.0,226.0,15.0,545.0
SKU0199,2025-09-22,168,1122228.24,0,0,Decor,243.0,400.0,15.0,545.0
SKU0199,2025-09-29,100,667993.0,0,1,Decor,34.0,400.0,15.0,545.0
SKU0199,2025-10-06,94,627913.42,0,0,Decor,369.0,372.0,15.0,545.0
SKU0199,2025-10-13,197,1154625.8900000001,1,0,Decor,232.0,372.0,15.0,545.0
SKU0199,2025-10-20,134,850021.09,1,0,Decor,402.0,0.0,15.0,545.0
SKU0199,2025-10-27,128,855031.04,0,1,Decor,229.0,386.0,15.0,545.0
SKU0199,2025-11-03,146,975269.78,0,0,Decor,483.0,241.0,15.0,545.0
SKU0199,2025-11-10,113,754832.09,0,0,Decor,352.0,241.0,15.0,545.0
SKU0199,2025-11-17,135,901790.55,0,0,Decor,471.0,0.0,15.0,545.0
SKU0199,2025-11-24,180,1032049.19,1,0,Decor,471.0,0.0,15.0,545.0
SKU0199,2025-12-01,198,1278538.6,1,0,Decor,229.0,358.0,15.0,545.0
SKU0199,2025-12-08,142,948550.06,0,0,Decor,417.0,0.0,15.0,545.0
SKU0199,2025-12-15,181,1209067.33,0,0,Decor,260.0,327.0,15.0,545.0
SKU0199,2025-12-22,193,1289226.49,0,1,Decor,402.0,0.0,15.0,545.0
SKU0200,2024-11-11,54,24129.36,0,0,Decor,83.0,2281.0,29.0,915.0
SKU0200,2024-11-18,46,20554.64,0,0,Decor,0.0,2281.0,29.0,915.0
SKU0200,2024-11-25,0,0.0,1,0,Decor,0.0,2281.0,29.0,915.0
SKU0200,2024-12-02,0,0.0,0,0,Decor,0.0,2281.0,29.0,915.0
SKU0200,2024-12-09,17,7596.28,0,0,Decor,2264.0,0.0,29.0,915.0
SKU0200,2024-12-16,177,79090.68,0,0,Decor,2087.0,0.0,29.0,915.0
SKU0200,2024-12-23,192,85793.28,0,1,Decor,2087.0,0.0,29.0,915.0
SKU0200,2024-12-30,271,106549.0,1,0,Decor,1785.0,0.0,29.0,915.0
SKU0200,2025-01-06,271,112112.16,1,0,Decor,1457.0,0.0,29.0,915.0
SKU0200,2025-01-13,220,98304.79999999999,0,0,Decor,1244.0,0.0,29.0,915.0
SKU0200,2025-01-20,189,84452.76,0,1,Decor,1019.0,0.0,29.0,915.0
SKU0200,2025-01-27,214,95623.76,0,0,Decor,761.0,1973.0,29.0,915.0
SKU0200,2025-02-03,249,111263.16,0,0,Decor,510.0,1973.0,29.0,915.0
SKU0200,2025-02-10,238,106347.92,0,0,Decor,2242.0,0.0,29.0,915.0
SKU0200,2025-02-17,234,104560.56,0,0,Decor,2005.0,0.0,29.0,915.0
SKU0200,2025-02-24,223,99645.31999999999,0,0,Decor,1783.0,0.0,29.0,915.0
SKU0200,2025-03-03,248,110816.32,0,0,Decor,1537.0,0.0,29.0,915.0
SKU0200,2025-03-10,295,131817.8,0,0,Decor,1242.0,0.0,29.0,915.0
SKU0200,2025-03-17,301,134498.84,0,0,Decor,957.0,0.0,29.0,915.0
SKU0200,2025-03-24,261,116625.24,0,0,Decor,957.0,0.0,29.0,915.0
SKU0200,2025-03-31,290,129583.6,0,0,Decor,562.0,1801.0,29.0,915.0
SKU0200,2025-04-07,264,117965.76,0,0,Decor,275.0,1801.0,29.0,915.0
SKU0200,2025-04-14,301,134498.84,0,0,Decor,1808.0,0.0,29.0,915.0
SKU0200,2025-04-21,287,128243.08,0,0,Decor,1514.0,0.0,29.0,915.0
SKU0200,2025-04-28,285,127349.4,0,0,Decor,1116.0,0.0,29.0,915.0
SKU0200,2025-05-05,272,121540.48,0,0,Decor,2959.0,0.0,29.0,915.0
SKU0200,2025-05-12,291,130030.43999999999,0,0,Decor,2688.0,0.0,29.0,915.0
SKU0200,2025-05-19,278,124221.51999999999,0,0,Decor,2398.0,0.0,29.0,915.0
SKU0200,2025-05-26,259,115731.56,0,0,Decor,2045.0,0.0,29.0,915.0
SKU0200,2025-06-02,259,115731.56,0,0,Decor,1786.0,0.0,29.0,915.0
SKU0200,2025-06-09,256,111777.03,1,0,Decor,1530.0,0.0,29.0,915.0
SKU0200,2025-06-16,445,171296.11,1,0,Decor,1085.0,0.0,29.0,915.0
SKU0200,2025-06-23,222,99198.48,0,0,Decor,1085.0,0.0,29.0,915.0
SKU0200,2025-06-30,214,95623.76,0,0,Decor,787.0,1905.0,29.0,915.0
SKU0200,2025-07-07,232,103666.88,0,0,Decor,2471.0,0.0,29.0,915.0
SKU0200,2025-07-14,215,96070.59999999999,0,0,Decor,2251.0,0.0,29.0,915.0
SKU0200,2025-07-21,254,113497.36,0,0,Decor,2034.0,0.0,29.0,915.0
SKU0200,2025-07-28,208,92942.72,0,0,Decor,1685.0,0.0,29.0,915.0
SKU0200,2025-08-04,192,85793.28,0,0,Decor,1512.0,0.0,29.0,915.0
SKU0200,2025-08-11,196,87580.64,0,1,Decor,1299.0,0.0,29.0,915.0
SKU0200,2025-08-18,210,93836.4,0,0,Decor,1092.0,0.0,29.0,915.0
SKU0200,2025-08-25,176,78643.84,0,0,Decor,1092.0,0.0,29.0,915.0
SKU0200,2025-09-01,161,71941.23999999999,0,0,Decor,2940.0,0.0,29.0,915.0
SKU0200,2025-09-08,132,58982.88,0,0,Decor,2772.0,0.0,29.0,915.0
SKU0200,2025-09-15,156,69707.04,0,0,Decor,2642.0,0.0,29.0,915.0
SKU0200,2025-09-22,135,60323.4,0,0,Decor,2499.0,0.0,29.0,915.0
SKU0200,2025-09-29,140,62557.6,0,1,Decor,2298.0,0.0,29.0,915.0
SKU0200,2025-10-06,154,68813.36,0,0,Decor,2150.0,0.0,29.0,915.0
SKU0200,2025-10-13,250,98639.94,1,0,Decor,1990.0,0.0,29.0,915.0
SKU0200,2025-10-20,180,74599.94,1,0,Decor,1730.0,0.0,29.0,915.0
SKU0200,2025-10-27,159,71047.56,0,1,Decor,1519.0,0.0,29.0,915.0
SKU0200,2025-11-03,183,81771.72,0,0,Decor,1321.0,0.0,29.0,915.0
SKU0200,2025-11-10,164,73281.76000000001,0,0,Decor,1173.0,0.0,29.0,915.0
SKU0200,2025-11-17,161,71941.24,0,0,Decor,997.0,0.0,29.0,915.0
SKU0200,2025-11-24,270,104292.45,1,0,Decor,997.0,0.0,29.0,915.0
SKU0200,2025-12-01,245,105320.19,1,0,Decor,2349.0,0.0,29.0,915.0
SKU0200,2025-12-08,218,97411.12,0,0,Decor,2134.0,0.0,29.0,915.0
SKU0200,2025-12-15,186,83112.23999999999,0,0,Decor,1921.0,0.0,29.0,915.0
SKU0200,2025-12-22,181,80878.04,0,1,Decor,1741.0,0.0,29.0,915.0
