date,sku_id,on_hand_units,on_order_units,lead_time_days,reorder_point
2024-08-08,SKU0001,180.0,0.0,10,42.0
2024-08-15,SKU0001,151.0,0.0,10,42.0
2024-08-22,SKU0001,117.0,0.0,10,42.0
2024-09-01,SKU0001,79.0,0.0,10,42.0
2024-09-08,SKU0001,50.0,0.0,10,42.0
2024-09-15,SKU0001,28.0,91.0,10,42.0
2024-09-22,SKU0001,95.0,0.0,10,42.0
2024-10-01,SKU0001,58.0,0.0,10,42.0
2024-10-08,SKU0001,32.0,84.0,10,42.0
2024-10-15,SKU0001,6.0,84.0,10,42.0
2024-10-22,SKU0001,50.0,0.0,10,42.0
2024-11-01,SKU0001,83.0,0.0,10,42.0
2024-11-08,SKU0001,54.0,0.0,10,42.0
2024-11-15,SKU0001,110.0,0.0,10,42.0
2024-11-22,SKU0001,77.0,0.0,10,42.0
2024-12-01,SKU0001,16.0,94.0,10,42.0
2024-12-08,SKU0001,85.0,0.0,10,42.0
2024-12-15,SKU0001,58.0,0.0,10,42.0
2024-12-22,SKU0001,28.0,94.0,10,42.0
2025-01-01,SKU0001,72.0,0.0,10,42.0
2025-01-08,SKU0001,22.0,71.0,10,42.0
2025-01-15,SKU0001,68.0,0.0,10,42.0
2025-01-22,SKU0001,39.0,85.0,10,42.0
2025-02-01,SKU0001,80.0,0.0,10,42.0
2025-02-08,SKU0001,41.0,72.0,10,42.0
2025-02-15,SKU0001,84.0,0.0,10,42.0
2025-02-22,SKU0001,49.0,0.0,10,42.0
2025-03-01,SKU0001,23.0,68.0,10,42.0
2025-03-08,SKU0001,52.0,0.0,10,42.0
2025-03-15,SKU0001,88.0,0.0,10,42.0
2025-03-22,SKU0001,45.0,0.0,10,42.0
2025-04-01,SKU0001,78.0,0.0,10,42.0
2025-04-08,SKU0001,38.0,79.0,10,42.0
2025-04-15,SKU0001,80.0,0.0,10,42.0
2025-04-22,SKU0001,39.0,65.0,10,42.0
2025-05-01,SKU0001,54.0,0.0,10,42.0
2025-05-08,SKU0001,22.0,87.0,10,42.0
2025-05-15,SKU0001,81.0,0.0,10,42.0
2025-05-22,SKU0001,48.0,0.0,10,42.0
2025-06-01,SKU0001,1.0,68.0,10,42.0
2025-06-08,SKU0001,45.0,0.0,10,42.0
2025-06-15,SKU0001,81.0,0.0,10,42.0
2025-06-22,SKU0001,12.0,85.0,10,42.0
2025-07-01,SKU0001,50.0,0.0,10,42.0
2025-07-08,SKU0001,18.0,82.0,10,42.0
2025-07-15,SKU0001,70.0,0.0,10,42.0
2025-07-22,SKU0001,36.0,93.0,10,42.0
2025-08-01,SKU0001,89.0,0.0,10,42.0
2025-08-08,SKU0001,58.0,0.0,10,42.0
2025-08-15,SKU0001,30.0,69.0,10,42.0
2025-08-22,SKU0001,70.0,0.0,10,42.0
2025-09-01,SKU0001,116.0,0.0,10,42.0
2025-09-08,SKU0001,87.0,0.0,10,42.0
2025-09-15,SKU0001,66.0,0.0,10,42.0
2025-09-22,SKU0001,34.0,65.0,10,42.0
2025-10-01,SKU0001,66.0,0.0,10,42.0
2025-10-08,SKU0001,34.0,81.0,10,42.0
2025-10-15,SKU0001,91.0,0.0,10,42.0
2025-10-22,SKU0001,40.0,78.0,10,42.0
2025-11-01,SKU0001,84.0,0.0,10,42.0
2025-11-08,SKU0001,56.0,0.0,10,42.0
2025-11-15,SKU0001,26.0,74.0,10,42.0
2025-11-22,SKU0001,78.0,0.0,10,42.0
2025-12-01,SKU0001,95.0,0.0,10,42.0
2025-12-08,SKU0001,65.0,0.0,10,42.0
2025-12-15,SKU0001,37.0,71.0,10,42.0
2025-12-22,SKU0001,80.0,0.0,10,42.0
2025-01-15,SKU0002,316.0,799.0,28,468.0
2025-01-22,SKU0002,204.0,799.0,28,468.0
2025-02-01,SKU0002,29.0,799.0,28,468.0
2025-02-08,SKU0002,0.0,799.0,28,468.0
2025-02-15,SKU0002,745.0,0.0,28,468.0
2025-02-22,SKU0002,601.0,0.0,28,468.0
2025-03-01,SKU0002,438.0,1099.0,28,468.0
2025-03-08,SKU0002,288.0,1099.0,28,468.0
2025-03-15,SKU0002,1243.0,0.0,28,468.0
2025-03-22,SKU0002,1106.0,0.0,28,468.0
2025-04-01,SKU0002,912.0,0.0,28,468.0
2025-04-08,SKU0002,753.0,0.0,28,468.0
2025-04-15,SKU0002,620.0,0.0,28,468.0
2025-04-22,SKU0002,488.0,0.0,28,468.0
2025-05-01,SKU0002,312.0,966.0,28,468.0
2025-05-08,SKU0002,1174.0,0.0,28,468.0
2025-05-15,SKU0002,1064.0,0.0,28,468.0
2025-05-22,SKU0002,935.0,0.0,28,468.0
2025-06-01,SKU0002,800.0,0.0,28,468.0
2025-06-08,SKU0002,703.0,0.0,28,468.0
2025-06-15,SKU0002,602.0,0.0,28,468.0
2025-06-22,SKU0002,437.0,738.0,28,468.0
2025-07-01,SKU0002,312.0,738.0,28,468.0
2025-07-08,SKU0002,999.0,0.0,28,468.0
2025-07-15,SKU0002,931.0,0.0,28,468.0
2025-07-22,SKU0002,853.0,0.0,28,468.0
2025-08-01,SKU0002,756.0,0.0,28,468.0
2025-08-08,SKU0002,721.0,0.0,28,468.0
2025-08-15,SKU0002,679.0,0.0,28,468.0
2025-08-22,SKU0002,644.0,0.0,28,468.0
2025-09-01,SKU0002,581.0,0.0,28,468.0
2025-09-08,SKU0002,534.0,0.0,28,468.0
2025-09-15,SKU0002,498.0,0.0,28,468.0
2025-09-22,SKU0002,463.0,1100.0,28,468.0
2025-10-01,SKU0002,1540.0,0.0,28,468.0
2025-10-08,SKU0002,1514.0,0.0,28,468.0
2025-10-15,SKU0002,1479.0,0.0,28,468.0
2025-10-22,SKU0002,1429.0,0.0,28,468.0
2025-11-01,SKU0002,1403.0,0.0,28,468.0
2025-11-08,SKU0002,1394.0,0.0,28,468.0
2025-11-15,SKU0002,1370.0,0.0,28,468.0
2025-11-22,SKU0002,1351.0,0.0,28,468.0
2025-12-01,SKU0002,1309.0,0.0,28,468.0
2025-12-08,SKU0002,1288.0,0.0,28,468.0
2025-12-15,SKU0002,1286.0,0.0,28,468.0
2025-12-22,SKU0002,1273.0,0.0,28,468.0
2025-04-08,SKU0003,118.0,755.0,17,357.0
2025-04-15,SKU0003,0.0,755.0,17,357.0
2025-04-22,SKU0003,0.0,755.0,17,357.0
2025-05-01,SKU0003,577.0,0.0,17,357.0
2025-05-08,SKU0003,384.0,0.0,17,357.0
2025-05-15,SKU0003,732.0,0.0,17,357.0
2025-05-22,SKU0003,536.0,0.0,17,357.0
2025-06-01,SKU0003,287.0,841.0,17,357.0
2025-06-08,SKU0003,114.0,841.0,17,357.0
2025-06-15,SKU0003,841.0,0.0,17,357.0
2025-06-22,SKU0003,557.0,0.0,17,357.0
2025-07-01,SKU0003,344.0,541.0,17,357.0
2025-07-08,SKU0003,755.0,0.0,17,357.0
2025-07-15,SKU0003,626.0,0.0,17,357.0
2025-07-22,SKU0003,488.0,0.0,17,357.0
2025-08-01,SKU0003,283.0,646.0,17,357.0
2025-08-08,SKU0003,817.0,0.0,17,357.0
2025-08-15,SKU0003,706.0,0.0,17,357.0
2025-08-22,SKU0003,589.0,0.0,17,357.0
2025-09-01,SKU0003,419.0,0.0,17,357.0
2025-09-08,SKU0003,920.0,0.0,17,357.0
2025-09-15,SKU0003,827.0,0.0,17,357.0
2025-09-22,SKU0003,735.0,0.0,17,357.0
2025-10-01,SKU0003,614.0,0.0,17,357.0
2025-10-08,SKU0003,526.0,0.0,17,357.0
2025-10-15,SKU0003,440.0,0.0,17,357.0
2025-10-22,SKU0003,301.0,650.0,17,357.0
2025-11-01,SKU0003,841.0,0.0,17,357.0
2025-11-08,SKU0003,744.0,0.0,17,357.0
2025-11-15,SKU0003,643.0,0.0,17,357.0
2025-11-22,SKU0003,567.0,0.0,17,357.0
2025-12-01,SKU0003,378.0,0.0,17,357.0
2025-12-08,SKU0003,285.0,645.0,17,357.0
2025-12-15,SKU0003,182.0,645.0,17,357.0
2025-12-22,SKU0003,723.0,0.0,17,357.0
2024-10-08,SKU0004,228.0,0.0,10,53.0
2024-10-15,SKU0004,190.0,0.0,10,53.0
2024-10-22,SKU0004,146.0,0.0,10,53.0
2024-11-01,SKU0004,99.0,0.0,10,53.0
2024-11-08,SKU0004,71.0,0.0,10,53.0
2024-11-15,SKU0004,42.0,87.0,10,53.0
2024-11-22,SKU0004,5.0,87.0,10,53.0
2024-12-01,SKU0004,37.0,122.0,10,53.0
2024-12-08,SKU0004,122.0,0.0,10,53.0
2024-12-15,SKU0004,90.0,0.0,10,53.0
2024-12-22,SKU0004,59.0,0.0,10,53.0
2025-01-01,SKU0004,10.0,111.0,10,53.0
2025-01-08,SKU0004,66.0,0.0,10,53.0
2025-01-15,SKU0004,34.0,84.0,10,53.0
2025-01-22,SKU0004,86.0,0.0,10,53.0
2025-02-01,SKU0004,129.0,0.0,10,53.0
2025-02-08,SKU0004,92.0,0.0,10,53.0
2025-02-15,SKU0004,51.0,116.0,10,53.0
2025-02-22,SKU0004,129.0,0.0,10,53.0
2025-03-01,SKU0004,96.0,0.0,10,53.0
2025-03-08,SKU0004,57.0,0.0,10,53.0
2025-03-15,SKU0004,146.0,0.0,10,53.0
2025-03-22,SKU0004,105.0,0.0,10,53.0
2025-04-01,SKU0004,43.0,95.0,10,53.0
2025-04-08,SKU0004,96.0,0.0,10,53.0
2025-04-15,SKU0004,49.0,100.0,10,53.0
2025-04-22,SKU0004,107.0,0.0,10,53.0
2025-05-01,SKU0004,50.0,80.0,10,53.0
2025-05-08,SKU0004,88.0,0.0,10,53.0
2025-05-15,SKU0004,47.0,101.0,10,53.0
2025-05-22,SKU0004,109.0,0.0,10,53.0
2025-06-01,SKU0004,62.0,0.0,10,53.0
2025-06-08,SKU0004,19.0,126.0,10,53.0
2025-06-15,SKU0004,100.0,0.0,10,53.0
2025-06-22,SKU0004,139.0,0.0,10,53.0
2025-07-01,SKU0004,87.0,0.0,10,53.0
2025-07-08,SKU0004,51.0,106.0,10,53.0
2025-07-15,SKU0004,124.0,0.0,10,53.0
2025-07-22,SKU0004,92.0,0.0,10,53.0
2025-08-01,SKU0004,153.0,0.0,10,53.0
2025-08-08,SKU0004,122.0,0.0,10,53.0
2025-08-15,SKU0004,93.0,0.0,10,53.0
2025-08-22,SKU0004,60.0,0.0,10,53.0
2025-09-01,SKU0004,103.0,0.0,10,53.0
2025-09-08,SKU0004,76.0,0.0,10,53.0
2025-09-15,SKU0004,47.0,110.0,10,53.0
2025-09-22,SKU0004,128.0,0.0,10,53.0
2025-10-01,SKU0004,92.0,0.0,10,53.0
2025-10-08,SKU0004,63.0,0.0,10,53.0
2025-10-15,SKU0004,31.0,124.0,10,53.0
2025-10-22,SKU0004,112.0,0.0,10,53.0
2025-11-01,SKU0004,78.0,0.0,10,53.0
2025-11-08,SKU0004,134.0,0.0,10,53.0
2025-11-15,SKU0004,102.0,0.0,10,53.0
2025-11-22,SKU0004,74.0,0.0,10,53.0
2025-12-01,SKU0004,102.0,0.0,10,53.0
2025-12-08,SKU0004,68.0,0.0,10,53.0
2025-12-15,SKU0004,37.0,120.0,10,53.0
2025-12-22,SKU0004,124.0,0.0,10,53.0
2024-07-01,SKU0005,39.0,160.0,10,206.0
2024-07-08,SKU0005,119.0,159.0,10,206.0
2024-07-15,SKU0005,0.0,159.0,10,206.0
2024-07-22,SKU0005,50.0,153.0,10,206.0
2024-08-01,SKU0005,43.0,129.0,10,206.0
2024-08-08,SKU0005,81.0,117.0,10,206.0
2024-08-15,SKU0005,118.0,95.0,10,206.0
2024-08-22,SKU0005,20.0,95.0,10,206.0
2024-09-01,SKU0005,0.0,121.0,10,206.0
2024-09-08,SKU0005,60.0,91.0,10,206.0
2024-09-15,SKU0005,79.0,0.0,10,206.0
2024-09-22,SKU0005,1.0,163.0,10,206.0
2024-10-01,SKU0005,68.0,89.0,10,206.0
2024-10-08,SKU0005,77.0,104.0,10,206.0
2024-10-15,SKU0005,91.0,135.0,10,206.0
2024-10-22,SKU0005,0.0,135.0,10,206.0
2024-11-01,SKU0005,26.0,100.0,10,206.0
2024-11-08,SKU0005,49.0,101.0,10,206.0
2024-11-15,SKU0005,75.0,120.0,10,206.0
2024-11-22,SKU0005,13.0,120.0,10,206.0
2024-12-01,SKU0005,1.0,161.0,10,206.0
2024-12-08,SKU0005,108.0,110.0,10,206.0
2024-12-15,SKU0005,156.0,86.0,10,206.0
2024-12-22,SKU0005,72.0,86.0,10,206.0
2025-01-01,SKU0005,72.0,82.0,10,206.0
2025-01-08,SKU0005,34.0,89.0,10,206.0
2025-01-15,SKU0005,57.0,89.0,10,206.0
2025-01-22,SKU0005,91.0,0.0,10,206.0
2025-02-01,SKU0005,170.0,111.0,10,206.0
2025-02-08,SKU0005,88.0,111.0,10,206.0
2025-02-15,SKU0005,137.0,149.0,10,206.0
2025-02-22,SKU0005,237.0,0.0,10,206.0
2025-03-01,SKU0005,187.0,128.0,10,206.0
2025-03-08,SKU0005,260.0,0.0,10,206.0
2025-03-15,SKU0005,225.0,0.0,10,206.0
2025-03-22,SKU0005,205.0,161.0,10,206.0
2025-04-01,SKU0005,305.0,0.0,10,206.0
2025-04-08,SKU0005,258.0,0.0,10,206.0
2025-04-15,SKU0005,205.0,0.0,10,206.0
2025-04-22,SKU0005,343.0,0.0,10,206.0
2025-05-01,SKU0005,289.0,0.0,10,206.0
2025-05-08,SKU0005,258.0,0.0,10,206.0
2025-05-15,SKU0005,229.0,0.0,10,206.0
2025-05-22,SKU0005,205.0,125.0,10,206.0
2025-06-01,SKU0005,302.0,0.0,10,206.0
2025-06-08,SKU0005,295.0,0.0,10,206.0
2025-06-15,SKU0005,262.0,0.0,10,206.0
2025-06-22,SKU0005,237.0,0.0,10,206.0
2025-07-01,SKU0005,335.0,0.0,10,206.0
2025-07-08,SKU0005,315.0,0.0,10,206.0
2025-07-15,SKU0005,301.0,0.0,10,206.0
2025-07-22,SKU0005,300.0,0.0,10,206.0
2025-08-01,SKU0005,285.0,0.0,10,206.0
2025-08-08,SKU0005,281.0,0.0,10,206.0
2025-08-15,SKU0005,276.0,0.0,10,206.0
2025-08-22,SKU0005,272.0,0.0,10,206.0
2025-09-01,SKU0005,271.0,0.0,10,206.0
2025-09-08,SKU0005,260.0,0.0,10,206.0
2025-09-15,SKU0005,258.0,0.0,10,206.0
2025-09-22,SKU0005,254.0,0.0,10,206.0
2025-10-01,SKU0005,246.0,0.0,10,206.0
2025-10-08,SKU0005,238.0,0.0,10,206.0
2025-10-15,SKU0005,228.0,0.0,10,206.0
2025-10-22,SKU0005,217.0,0.0,10,206.0
2025-11-01,SKU0005,317.0,0.0,10,206.0
2025-11-08,SKU0005,299.0,0.0,10,206.0
2025-11-15,SKU0005,295.0,0.0,10,206.0
2025-11-22,SKU0005,275.0,0.0,10,206.0
2025-12-01,SKU0005,256.0,0.0,10,206.0
2025-12-08,SKU0005,248.0,0.0,10,206.0
2025-12-15,SKU0005,234.0,0.0,10,206.0
2025-12-22,SKU0005,218.0,0.0,10,206.0
2024-08-22,SKU0006,29.0,329.0,16,180.0
2024-09-01,SKU0006,0.0,329.0,16,180.0
2024-09-08,SKU0006,316.0,0.0,16,180.0
2024-09-15,SKU0006,235.0,0.0,16,180.0
2024-09-22,SKU0006,460.0,0.0,16,180.0
2024-10-01,SKU0006,351.0,0.0,16,180.0
2024-10-08,SKU0006,285.0,0.0,16,180.0
2024-10-15,SKU0006,184.0,0.0,16,180.0
2024-10-22,SKU0006,59.0,332.0,16,180.0
2024-11-01,SKU0006,260.0,0.0,16,180.0
2024-11-08,SKU0006,195.0,0.0,16,180.0
2024-11-15,SKU0006,115.0,391.0,16,180.0
2024-11-22,SKU0006,32.0,391.0,16,180.0
2024-12-01,SKU0006,260.0,0.0,16,180.0
2024-12-08,SKU0006,165.0,424.0,16,180.0
2024-12-15,SKU0006,503.0,0.0,16,180.0
2024-12-22,SKU0006,441.0,0.0,16,180.0
2025-01-01,SKU0006,303.0,0.0,16,180.0
2025-01-08,SKU0006,154.0,438.0,16,180.0
2025-01-15,SKU0006,527.0,0.0,16,180.0
2025-01-22,SKU0006,438.0,0.0,16,180.0
2025-02-01,SKU0006,308.0,0.0,16,180.0
2025-02-08,SKU0006,195.0,0.0,16,180.0
2025-02-15,SKU0006,491.0,0.0,16,180.0
2025-02-22,SKU0006,412.0,0.0,16,180.0
2025-03-01,SKU0006,310.0,0.0,16,180.0
2025-03-08,SKU0006,221.0,0.0,16,180.0
2025-03-15,SKU0006,120.0,320.0,16,180.0
2025-03-22,SKU0006,334.0,0.0,16,180.0
2025-04-01,SKU0006,211.0,0.0,16,180.0
2025-04-08,SKU0006,95.0,450.0,16,180.0
2025-04-15,SKU0006,7.0,450.0,16,180.0
2025-04-22,SKU0006,397.0,0.0,16,180.0
2025-05-01,SKU0006,283.0,0.0,16,180.0
2025-05-08,SKU0006,175.0,426.0,16,180.0
2025-05-15,SKU0006,76.0,426.0,16,180.0
2025-05-22,SKU0006,404.0,0.0,16,180.0
2025-06-01,SKU0006,282.0,0.0,16,180.0
2025-06-08,SKU0006,188.0,0.0,16,180.0
2025-06-15,SKU0006,99.0,429.0,16,180.0
2025-06-22,SKU0006,424.0,0.0,16,180.0
2025-07-01,SKU0006,303.0,0.0,16,180.0
2025-07-08,SKU0006,241.0,0.0,16,180.0
2025-07-15,SKU0006,182.0,0.0,16,180.0
2025-07-22,SKU0006,102.0,346.0,16,180.0
2025-08-01,SKU0006,356.0,0.0,16,180.0
2025-08-08,SKU0006,289.0,0.0,16,180.0
2025-08-15,SKU0006,226.0,0.0,16,180.0
2025-08-22,SKU0006,134.0,389.0,16,180.0
2025-09-01,SKU0006,417.0,0.0,16,180.0
2025-09-08,SKU0006,354.0,0.0,16,180.0
2025-09-15,SKU0006,279.0,0.0,16,180.0
2025-09-22,SKU0006,235.0,0.0,16,180.0
2025-10-01,SKU0006,138.0,341.0,16,180.0
2025-10-08,SKU0006,96.0,341.0,16,180.0
2025-10-15,SKU0006,377.0,0.0,16,180.0
2025-10-22,SKU0006,270.0,0.0,16,180.0
2025-11-01,SKU0006,155.0,419.0,16,180.0
2025-11-08,SKU0006,109.0,419.0,16,180.0
2025-11-15,SKU0006,467.0,0.0,16,180.0
2025-11-22,SKU0006,395.0,0.0,16,180.0
2025-12-01,SKU0006,281.0,0.0,16,180.0
2025-12-08,SKU0006,198.0,0.0,16,180.0
2025-12-15,SKU0006,464.0,0.0,16,180.0
2025-12-22,SKU0006,408.0,0.0,16,180.0
2025-05-01,SKU0007,36.0,833.0,12,515.0
2025-05-08,SKU0007,1.0,833.0,12,515.0
2025-05-15,SKU0007,607.0,0.0,12,515.0
2025-05-22,SKU0007,1132.0,0.0,12,515.0
2025-06-01,SKU0007,729.0,0.0,12,515.0
2025-06-08,SKU0007,439.0,1220.0,12,515.0
2025-06-15,SKU0007,1326.0,0.0,12,515.0
2025-06-22,SKU0007,860.0,0.0,12,515.0
2025-07-01,SKU0007,485.0,1287.0,12,515.0
2025-07-08,SKU0007,242.0,1287.0,12,515.0
2025-07-15,SKU0007,1247.0,0.0,12,515.0
2025-07-22,SKU0007,951.0,0.0,12,515.0
2025-08-01,SKU0007,592.0,0.0,12,515.0
2025-08-08,SKU0007,303.0,779.0,12,515.0
2025-08-15,SKU0007,790.0,0.0,12,515.0
2025-08-22,SKU0007,511.0,803.0,12,515.0
2025-09-01,SKU0007,916.0,0.0,12,515.0
2025-09-08,SKU0007,683.0,0.0,12,515.0
2025-09-15,SKU0007,440.0,808.0,12,515.0
2025-09-22,SKU0007,1003.0,0.0,12,515.0
2025-10-01,SKU0007,677.0,0.0,12,515.0
2025-10-08,SKU0007,439.0,1234.0,12,515.0
2025-10-15,SKU0007,1417.0,0.0,12,515.0
2025-10-22,SKU0007,1047.0,0.0,12,515.0
2025-11-01,SKU0007,695.0,0.0,12,515.0
2025-11-08,SKU0007,449.0,1035.0,12,515.0
2025-11-15,SKU0007,196.0,1035.0,12,515.0
2025-11-22,SKU0007,971.0,0.0,12,515.0
2025-12-01,SKU0007,473.0,1274.0,12,515.0
2025-12-08,SKU0007,214.0,1274.0,12,515.0
2025-12-15,SKU0007,1198.0,0.0,12,515.0
2025-12-22,SKU0007,932.0,0.0,12,515.0
2024-03-08,SKU0008,82.0,188.0,8,95.0
2024-03-15,SKU0008,170.0,0.0,8,95.0
2024-03-22,SKU0008,257.0,0.0,8,95.0
2024-04-01,SKU0008,106.0,0.0,8,95.0
2024-04-08,SKU0008,206.0,0.0,8,95.0
2024-04-15,SKU0008,99.0,0.0,8,95.0
2024-04-22,SKU0008,148.0,0.0,8,95.0
2024-05-01,SKU0008,145.0,0.0,8,95.0
2024-05-08,SKU0008,197.0,0.0,8,95.0
2024-05-15,SKU0008,81.0,158.0,8,95.0
2024-05-22,SKU0008,120.0,0.0,8,95.0
2024-06-01,SKU0008,224.0,0.0,8,95.0
2024-06-08,SKU0008,122.0,0.0,8,95.0
2024-06-15,SKU0008,19.0,230.0,8,95.0
2024-06-22,SKU0008,114.0,0.0,8,95.0
2024-07-01,SKU0008,190.0,0.0,8,95.0
2024-07-08,SKU0008,102.0,0.0,8,95.0
2024-07-15,SKU0008,174.0,0.0,8,95.0
2024-07-22,SKU0008,94.0,225.0,8,95.0
2024-08-01,SKU0008,187.0,0.0,8,95.0
2024-08-08,SKU0008,116.0,0.0,8,95.0
2024-08-15,SKU0008,47.0,226.0,8,95.0
2024-08-22,SKU0008,209.0,0.0,8,95.0
2024-09-01,SKU0008,108.0,0.0,8,95.0
2024-09-08,SKU0008,200.0,0.0,8,95.0
2024-09-15,SKU0008,133.0,0.0,8,95.0
2024-09-22,SKU0008,244.0,0.0,8,95.0
2024-10-01,SKU0008,171.0,0.0,8,95.0
2024-10-08,SKU0008,115.0,0.0,8,95.0
2024-10-15,SKU0008,230.0,0.0,8,95.0
2024-10-22,SKU0008,142.0,0.0,8,95.0
2024-11-01,SKU0008,217.0,0.0,8,95.0
2024-11-08,SKU0008,146.0,0.0,8,95.0
2024-11-15,SKU0008,84.0,173.0,8,95.0
2024-11-22,SKU0008,201.0,0.0,8,95.0
2024-12-01,SKU0008,68.0,144.0,8,95.0
2024-12-08,SKU0008,138.0,0.0,8,95.0
2024-12-15,SKU0008,55.0,171.0,8,95.0
2024-12-22,SKU0008,157.0,0.0,8,95.0
2025-01-01,SKU0008,36.0,216.0,8,95.0
2025-01-08,SKU0008,109.0,0.0,8,95.0
2025-01-15,SKU0008,210.0,0.0,8,95.0
2025-01-22,SKU0008,102.0,0.0,8,95.0
2025-02-01,SKU0008,190.0,0.0,8,95.0
2025-02-08,SKU0008,73.0,160.0,8,95.0
2025-02-15,SKU0008,122.0,0.0,8,95.0
2025-02-22,SKU0008,233.0,0.0,8,95.0
2025-03-01,SKU0008,107.0,0.0,8,95.0
2025-03-08,SKU0008,170.0,0.0,8,95.0
2025-03-15,SKU0008,33.0,224.0,8,95.0
2025-03-22,SKU0008,122.0,0.0,8,95.0
2025-04-01,SKU0008,236.0,0.0,8,95.0
2025-04-08,SKU0008,95.0,202.0,8,95.0
2025-04-15,SKU0008,149.0,0.0,8,95.0
2025-04-22,SKU0008,8.0,229.0,8,95.0
2025-05-01,SKU0008,103.0,0.0,8,95.0
2025-05-08,SKU0008,128.0,0.0,8,95.0
2025-05-15,SKU0008,130.0,0.0,8,95.0
2025-05-22,SKU0008,150.0,0.0,8,95.0
2025-06-01,SKU0008,168.0,0.0,8,95.0
2025-06-08,SKU0008,41.0,192.0,8,95.0
2025-06-15,SKU0008,134.0,0.0,8,95.0
2025-06-22,SKU0008,181.0,0.0,8,95.0
2025-07-01,SKU0008,239.0,0.0,8,95.0
2025-07-08,SKU0008,131.0,0.0,8,95.0
2025-07-15,SKU0008,195.0,0.0,8,95.0
2025-07-22,SKU0008,90.0,215.0,8,95.0
2025-08-01,SKU0008,186.0,0.0,8,95.0
2025-08-08,SKU0008,98.0,0.0,8,95.0
2025-08-15,SKU0008,176.0,0.0,8,95.0
2025-08-22,SKU0008,90.0,146.0,8,95.0
2025-09-01,SKU0008,122.0,0.0,8,95.0
2025-09-08,SKU0008,253.0,0.0,8,95.0
2025-09-15,SKU0008,192.0,0.0,8,95.0
2025-09-22,SKU0008,111.0,0.0,8,95.0
2025-10-01,SKU0008,25.0,232.0,8,95.0
2025-10-08,SKU0008,184.0,0.0,8,95.0
2025-10-15,SKU0008,117.0,0.0,8,95.0
2025-10-22,SKU0008,202.0,0.0,8,95.0
2025-11-01,SKU0008,108.0,0.0,8,95.0
2025-11-08,SKU0008,33.0,229.0,8,95.0
2025-11-15,SKU0008,184.0,0.0,8,95.0
2025-11-22,SKU0008,109.0,0.0,8,95.0
2025-12-01,SKU0008,161.0,0.0,8,95.0
2025-12-08,SKU0008,69.0,226.0,8,95.0
2025-12-15,SKU0008,207.0,0.0,8,95.0
2025-12-22,SKU0008,113.0,0.0,8,95.0
2025-02-22,SKU0009,95.0,594.0,18,285.0
2025-03-01,SKU0009,0.0,594.0,18,285.0
2025-03-08,SKU0009,0.0,594.0,18,285.0
2025-03-15,SKU0009,465.0,0.0,18,285.0
2025-03-22,SKU0009,324.0,0.0,18,285.0
2025-04-01,SKU0009,764.0,0.0,18,285.0
2025-04-08,SKU0009,593.0,0.0,18,285.0
2025-04-15,SKU0009,430.0,0.0,18,285.0
2025-04-22,SKU0009,269.0,611.0,18,285.0
2025-05-01,SKU0009,54.0,611.0,18,285.0
2025-05-08,SKU0009,492.0,0.0,18,285.0
2025-05-15,SKU0009,337.0,0.0,18,285.0
2025-05-22,SKU0009,743.0,0.0,18,285.0
2025-06-01,SKU0009,543.0,0.0,18,285.0
2025-06-08,SKU0009,408.0,0.0,18,285.0
2025-06-15,SKU0009,244.0,436.0,18,285.0
2025-06-22,SKU0009,2.0,436.0,18,285.0
2025-07-01,SKU0009,356.0,0.0,18,285.0
2025-07-08,SKU0009,247.0,663.0,18,285.0
2025-07-15,SKU0009,786.0,0.0,18,285.0
2025-07-22,SKU0009,659.0,0.0,18,285.0
2025-08-01,SKU0009,505.0,0.0,18,285.0
2025-08-08,SKU0009,411.0,0.0,18,285.0
2025-08-15,SKU0009,333.0,0.0,18,285.0
2025-08-22,SKU0009,214.0,520.0,18,285.0
2025-09-01,SKU0009,87.0,520.0,18,285.0
2025-09-08,SKU0009,529.0,0.0,18,285.0
2025-09-15,SKU0009,474.0,0.0,18,285.0
2025-09-22,SKU0009,396.0,0.0,18,285.0
2025-10-01,SKU0009,310.0,0.0,18,285.0
2025-10-08,SKU0009,241.0,704.0,18,285.0
2025-10-15,SKU0009,882.0,0.0,18,285.0
2025-10-22,SKU0009,792.0,0.0,18,285.0
2025-11-01,SKU0009,706.0,0.0,18,285.0
2025-11-08,SKU0009,641.0,0.0,18,285.0
2025-11-15,SKU0009,572.0,0.0,18,285.0
2025-11-22,SKU0009,489.0,0.0,18,285.0
2025-12-01,SKU0009,352.0,0.0,18,285.0
2025-12-08,SKU0009,284.0,647.0,18,285.0
2025-12-15,SKU0009,215.0,647.0,18,285.0
2025-12-22,SKU0009,142.0,647.0,18,285.0
2024-07-15,SKU0010,245.0,1382.0,20,424.0
2024-07-22,SKU0010,110.0,1382.0,20,424.0
2024-08-01,SKU0010,1383.0,0.0,20,424.0
2024-08-08,SKU0010,1221.0,0.0,20,424.0
2024-08-15,SKU0010,1041.0,0.0,20,424.0
2024-08-22,SKU0010,876.0,0.0,20,424.0
2024-09-01,SKU0010,655.0,0.0,20,424.0
2024-09-08,SKU0010,510.0,0.0,20,424.0
2024-09-15,SKU0010,358.0,2041.0,20,424.0
2024-09-22,SKU0010,186.0,2041.0,20,424.0
2024-10-01,SKU0010,2049.0,0.0,20,424.0
2024-10-08,SKU0010,1874.0,0.0,20,424.0
2024-10-15,SKU0010,1701.0,0.0,20,424.0
2024-10-22,SKU0010,1497.0,0.0,20,424.0
2024-11-01,SKU0010,1322.0,0.0,20,424.0
2024-11-08,SKU0010,1202.0,0.0,20,424.0
2024-11-15,SKU0010,1042.0,0.0,20,424.0
2024-11-22,SKU0010,900.0,0.0,20,424.0
2024-12-01,SKU0010,597.0,0.0,20,424.0
2024-12-08,SKU0010,418.0,1554.0,20,424.0
2024-12-15,SKU0010,272.0,1554.0,20,424.0
2024-12-22,SKU0010,1668.0,0.0,20,424.0
2025-01-01,SKU0010,1405.0,0.0,20,424.0
2025-01-08,SKU0010,1124.0,0.0,20,424.0
2025-01-15,SKU0010,947.0,0.0,20,424.0
2025-01-22,SKU0010,787.0,0.0,20,424.0
2025-02-01,SKU0010,569.0,0.0,20,424.0
2025-02-08,SKU0010,336.0,1295.0,20,424.0
2025-02-15,SKU0010,102.0,1295.0,20,424.0
2025-02-22,SKU0010,1213.0,0.0,20,424.0
2025-03-01,SKU0010,1034.0,0.0,20,424.0
2025-03-08,SKU0010,812.0,0.0,20,424.0
2025-03-15,SKU0010,605.0,0.0,20,424.0
2025-03-22,SKU0010,423.0,1584.0,20,424.0
2025-04-01,SKU0010,1700.0,0.0,20,424.0
2025-04-08,SKU0010,1489.0,0.0,20,424.0
2025-04-15,SKU0010,1305.0,0.0,20,424.0
2025-04-22,SKU0010,1135.0,0.0,20,424.0
2025-05-01,SKU0010,812.0,0.0,20,424.0
2025-05-08,SKU0010,611.0,0.0,20,424.0
2025-05-15,SKU0010,389.0,1324.0,20,424.0
2025-05-22,SKU0010,138.0,1324.0,20,424.0
2025-06-01,SKU0010,1205.0,0.0,20,424.0
2025-06-08,SKU0010,973.0,0.0,20,424.0
2025-06-15,SKU0010,711.0,0.0,20,424.0
2025-06-22,SKU0010,405.0,1992.0,20,424.0
2025-07-01,SKU0010,129.0,1992.0,20,424.0
2025-07-08,SKU0010,1971.0,0.0,20,424.0
2025-07-15,SKU0010,1789.0,0.0,20,424.0
2025-07-22,SKU0010,1635.0,0.0,20,424.0
2025-08-01,SKU0010,1398.0,0.0,20,424.0
2025-08-08,SKU0010,1273.0,0.0,20,424.0
2025-08-15,SKU0010,1102.0,0.0,20,424.0
2025-08-22,SKU0010,923.0,0.0,20,424.0
2025-09-01,SKU0010,715.0,0.0,20,424.0
2025-09-08,SKU0010,583.0,0.0,20,424.0
2025-09-15,SKU0010,470.0,0.0,20,424.0
2025-09-22,SKU0010,306.0,1815.0,20,424.0
2025-10-01,SKU0010,1964.0,0.0,20,424.0
2025-10-08,SKU0010,1843.0,0.0,20,424.0
2025-10-15,SKU0010,1691.0,0.0,20,424.0
2025-10-22,SKU0010,1420.0,0.0,20,424.0
2025-11-01,SKU0010,1247.0,0.0,20,424.0
2025-11-08,SKU0010,1087.0,0.0,20,424.0
2025-11-15,SKU0010,925.0,0.0,20,424.0
2025-11-22,SKU0010,799.0,0.0,20,424.0
2025-12-01,SKU0010,555.0,0.0,20,424.0
2025-12-08,SKU0010,406.0,2067.0,20,424.0
2025-12-15,SKU0010,2303.0,0.0,20,424.0
2025-12-22,SKU0010,2125.0,0.0,20,424.0
2024-01-08,SKU0011,177.0,449.0,11,224.0
2024-01-15,SKU0011,450.0,0.0,11,224.0
2024-01-22,SKU0011,297.0,0.0,11,224.0
2024-02-01,SKU0011,458.0,0.0,11,224.0
2024-02-08,SKU0011,239.0,0.0,11,224.0
2024-02-15,SKU0011,58.0,377.0,11,224.0
2024-02-22,SKU0011,248.0,0.0,11,224.0
2024-03-01,SKU0011,550.0,0.0,11,224.0
2024-03-08,SKU0011,321.0,0.0,11,224.0
2024-03-15,SKU0011,108.0,416.0,11,224.0
2024-03-22,SKU0011,387.0,0.0,11,224.0
2024-04-01,SKU0011,445.0,0.0,11,224.0
2024-04-08,SKU0011,209.0,514.0,11,224.0
2024-04-15,SKU0011,506.0,0.0,11,224.0
2024-04-22,SKU0011,256.0,0.0,11,224.0
2024-05-01,SKU0011,1.0,433.0,11,224.0
2024-05-08,SKU0011,314.0,0.0,11,224.0
2024-05-15,SKU0011,521.0,0.0,11,224.0
2024-05-22,SKU0011,285.0,0.0,11,224.0
2024-06-01,SKU0011,472.0,0.0,11,224.0
2024-06-08,SKU0011,301.0,0.0,11,224.0
2024-06-15,SKU0011,78.0,461.0,11,224.0
2024-06-22,SKU0011,237.0,0.0,11,224.0
2024-07-01,SKU0011,462.0,0.0,11,224.0
2024-07-08,SKU0011,329.0,0.0,11,224.0
2024-07-15,SKU0011,170.0,468.0,11,224.0
2024-07-22,SKU0011,475.0,0.0,11,224.0
2024-08-01,SKU0011,224.0,0.0,11,224.0
2024-08-08,SKU0011,81.0,397.0,11,224.0
2024-08-15,SKU0011,365.0,0.0,11,224.0
2024-08-22,SKU0011,229.0,0.0,11,224.0
2024-09-01,SKU0011,63.0,354.0,11,224.0
2024-09-08,SKU0011,323.0,0.0,11,224.0
2024-09-15,SKU0011,221.0,553.0,11,224.0
2024-09-22,SKU0011,120.0,553.0,11,224.0
2024-10-01,SKU0011,541.0,0.0,11,224.0
2024-10-08,SKU0011,443.0,0.0,11,224.0
2024-10-15,SKU0011,318.0,0.0,11,224.0
2024-10-22,SKU0011,174.0,432.0,11,224.0
2024-11-01,SKU0011,457.0,0.0,11,224.0
2024-11-08,SKU0011,372.0,0.0,11,224.0
2024-11-15,SKU0011,287.0,0.0,11,224.0
2024-11-22,SKU0011,191.0,551.0,11,224.0
2024-12-01,SKU0011,529.0,0.0,11,224.0
2024-12-08,SKU0011,428.0,0.0,11,224.0
2024-12-15,SKU0011,316.0,0.0,11,224.0
2024-12-22,SKU0011,585.0,0.0,11,224.0
2025-01-01,SKU0011,404.0,0.0,11,224.0
2025-01-08,SKU0011,166.0,424.0,11,224.0
2025-01-15,SKU0011,455.0,0.0,11,224.0
2025-01-22,SKU0011,314.0,0.0,11,224.0
2025-02-01,SKU0011,131.0,357.0,11,224.0
2025-02-08,SKU0011,318.0,0.0,11,224.0
2025-02-15,SKU0011,612.0,0.0,11,224.0
2025-02-22,SKU0011,438.0,0.0,11,224.0
2025-03-01,SKU0011,285.0,0.0,11,224.0
2025-03-08,SKU0011,572.0,0.0,11,224.0
2025-03-15,SKU0011,392.0,0.0,11,224.0
2025-03-22,SKU0011,216.0,446.0,11,224.0
2025-04-01,SKU0011,401.0,0.0,11,224.0
2025-04-08,SKU0011,227.0,0.0,11,224.0
2025-04-15,SKU0011,581.0,0.0,11,224.0
2025-04-22,SKU0011,400.0,0.0,11,224.0
2025-05-01,SKU0011,158.0,498.0,11,224.0
2025-05-08,SKU0011,480.0,0.0,11,224.0
2025-05-15,SKU0011,301.0,0.0,11,224.0
2025-05-22,SKU0011,135.0,454.0,11,224.0
2025-06-01,SKU0011,347.0,0.0,11,224.0
2025-06-08,SKU0011,186.0,516.0,11,224.0
2025-06-15,SKU0011,542.0,0.0,11,224.0
2025-06-22,SKU0011,289.0,0.0,11,224.0
2025-07-01,SKU0011,584.0,0.0,11,224.0
2025-07-08,SKU0011,452.0,0.0,11,224.0
2025-07-15,SKU0011,310.0,0.0,11,224.0
2025-07-22,SKU0011,175.0,351.0,11,224.0
2025-08-01,SKU0011,353.0,0.0,11,224.0
2025-08-08,SKU0011,245.0,0.0,11,224.0
2025-08-15,SKU0011,158.0,375.0,11,224.0
2025-08-22,SKU0011,422.0,0.0,11,224.0
2025-09-01,SKU0011,279.0,0.0,11,224.0
2025-09-08,SKU0011,207.0,394.0,11,224.0
2025-09-15,SKU0011,511.0,0.0,11,224.0
2025-09-22,SKU0011,451.0,0.0,11,224.0
2025-10-01,SKU0011,330.0,0.0,11,224.0
2025-10-08,SKU0011,267.0,0.0,11,224.0
2025-10-15,SKU0011,564.0,0.0,11,224.0
2025-10-22,SKU0011,427.0,0.0,11,224.0
2025-11-01,SKU0011,344.0,0.0,11,224.0
2025-11-08,SKU0011,271.0,0.0,11,224.0
2025-11-15,SKU0011,208.0,404.0,11,224.0
2025-11-22,SKU0011,550.0,0.0,11,224.0
2025-12-01,SKU0011,380.0,0.0,11,224.0
2025-12-08,SKU0011,301.0,0.0,11,224.0
2025-12-15,SKU0011,205.0,488.0,11,224.0
2025-12-22,SKU0011,623.0,0.0,11,224.0
2024-08-22,SKU0012,169.0,881.0,24,398.0
2024-09-01,SKU0012,6.0,881.0,24,398.0
2024-09-08,SKU0012,1.0,881.0,24,398.0
2024-09-15,SKU0012,816.0,0.0,24,398.0
2024-09-22,SKU0012,713.0,0.0,24,398.0
2024-10-01,SKU0012,600.0,0.0,24,398.0
2024-10-08,SKU0012,502.0,0.0,24,398.0
2024-10-15,SKU0012,387.0,838.0,24,398.0
2024-10-22,SKU0012,228.0,838.0,24,398.0
2024-11-01,SKU0012,910.0,0.0,24,398.0
2024-11-08,SKU0012,781.0,0.0,24,398.0
2024-11-15,SKU0012,658.0,0.0,24,398.0
2024-11-22,SKU0012,548.0,0.0,24,398.0
2024-12-01,SKU0012,325.0,815.0,24,398.0
2024-12-08,SKU0012,207.0,815.0,24,398.0
2024-12-15,SKU0012,903.0,0.0,24,398.0
2024-12-22,SKU0012,769.0,0.0,24,398.0
2025-01-01,SKU0012,577.0,0.0,24,398.0
2025-01-08,SKU0012,1098.0,0.0,24,398.0
2025-01-15,SKU0012,950.0,0.0,24,398.0
2025-01-22,SKU0012,791.0,0.0,24,398.0
2025-02-01,SKU0012,566.0,0.0,24,398.0
2025-02-08,SKU0012,394.0,732.0,24,398.0
2025-02-15,SKU0012,215.0,732.0,24,398.0
2025-02-22,SKU0012,46.0,732.0,24,398.0
2025-03-01,SKU0012,642.0,0.0,24,398.0
2025-03-08,SKU0012,466.0,0.0,24,398.0
2025-03-15,SKU0012,282.0,766.0,24,398.0
2025-03-22,SKU0012,869.0,0.0,24,398.0
2025-04-01,SKU0012,627.0,0.0,24,398.0
2025-04-08,SKU0012,446.0,0.0,24,398.0
2025-04-15,SKU0012,1138.0,0.0,24,398.0
2025-04-22,SKU0012,949.0,0.0,24,398.0
2025-05-01,SKU0012,715.0,0.0,24,398.0
2025-05-08,SKU0012,525.0,0.0,24,398.0
2025-05-15,SKU0012,328.0,857.0,24,398.0
2025-05-22,SKU0012,134.0,857.0,24,398.0
2025-06-01,SKU0012,858.0,0.0,24,398.0
2025-06-08,SKU0012,671.0,0.0,24,398.0
2025-06-15,SKU0012,481.0,0.0,24,398.0
2025-06-22,SKU0012,173.0,605.0,24,398.0
2025-07-01,SKU0012,573.0,0.0,24,398.0
2025-07-08,SKU0012,402.0,0.0,24,398.0
2025-07-15,SKU0012,231.0,943.0,24,398.0
2025-07-22,SKU0012,1025.0,0.0,24,398.0
2025-08-01,SKU0012,802.0,0.0,24,398.0
2025-08-08,SKU0012,677.0,0.0,24,398.0
2025-08-15,SKU0012,540.0,0.0,24,398.0
2025-08-22,SKU0012,415.0,0.0,24,398.0
2025-09-01,SKU0012,237.0,715.0,24,398.0
2025-09-08,SKU0012,848.0,0.0,24,398.0
2025-09-15,SKU0012,717.0,0.0,24,398.0
2025-09-22,SKU0012,616.0,0.0,24,398.0
2025-10-01,SKU0012,468.0,0.0,24,398.0
2025-10-08,SKU0012,351.0,903.0,24,398.0
2025-10-15,SKU0012,205.0,903.0,24,398.0
2025-10-22,SKU0012,0.0,903.0,24,398.0
2025-11-01,SKU0012,765.0,0.0,24,398.0
2025-11-08,SKU0012,636.0,0.0,24,398.0
2025-11-15,SKU0012,505.0,0.0,24,398.0
2025-11-22,SKU0012,390.0,743.0,24,398.0
2025-12-01,SKU0012,118.0,743.0,24,398.0
2025-12-08,SKU0012,1.0,743.0,24,398.0
2025-12-15,SKU0012,660.0,0.0,24,398.0
2025-12-22,SKU0012,513.0,0.0,24,398.0
2024-09-01,SKU0013,1.0,389.0,19,784.0
2024-09-08,SKU0013,1.0,389.0,19,784.0
2024-09-15,SKU0013,293.0,597.0,19,784.0
2024-09-22,SKU0013,109.0,597.0,19,784.0
2024-10-01,SKU0013,556.0,612.0,19,784.0
2024-10-08,SKU0013,354.0,612.0,19,784.0
2024-10-15,SKU0013,143.0,612.0,19,784.0
2024-10-22,SKU0013,473.0,375.0,19,784.0
2024-11-01,SKU0013,173.0,375.0,19,784.0
2024-11-08,SKU0013,344.0,623.0,19,784.0
2024-11-15,SKU0013,149.0,623.0,19,784.0
2024-11-22,SKU0013,6.0,623.0,19,784.0
2024-12-01,SKU0013,349.0,354.0,19,784.0
2024-12-08,SKU0013,153.0,354.0,19,784.0
2024-12-15,SKU0013,354.0,0.0,19,784.0
2024-12-22,SKU0013,92.0,417.0,19,784.0
2025-01-01,SKU0013,1.0,417.0,19,784.0
2025-01-08,SKU0013,115.0,508.0,19,784.0
2025-01-15,SKU0013,1.0,508.0,19,784.0
2025-01-22,SKU0013,508.0,488.0,19,784.0
2025-02-01,SKU0013,232.0,488.0,19,784.0
2025-02-08,SKU0013,0.0,488.0,19,784.0
2025-02-15,SKU0013,281.0,394.0,19,784.0
2025-02-22,SKU0013,1.0,394.0,19,784.0
2025-03-01,SKU0013,395.0,0.0,19,784.0
2025-03-08,SKU0013,74.0,595.0,19,784.0
2025-03-15,SKU0013,1.0,595.0,19,784.0
2025-03-22,SKU0013,530.0,557.0,19,784.0
2025-04-01,SKU0013,99.0,557.0,19,784.0
2025-04-08,SKU0013,557.0,0.0,19,784.0
2025-04-15,SKU0013,242.0,491.0,19,784.0
2025-04-22,SKU0013,0.0,491.0,19,784.0
2025-05-01,SKU0013,295.0,549.0,19,784.0
2025-05-08,SKU0013,29.0,549.0,19,784.0
2025-05-15,SKU0013,1.0,549.0,19,784.0
2025-05-22,SKU0013,258.0,454.0,19,784.0
2025-06-01,SKU0013,0.0,454.0,19,784.0
2025-06-08,SKU0013,290.0,624.0,19,784.0
2025-06-15,SKU0013,3.0,624.0,19,784.0
2025-06-22,SKU0013,1.0,624.0,19,784.0
2025-07-01,SKU0013,289.0,495.0,19,784.0
2025-07-08,SKU0013,1.0,495.0,19,784.0
2025-07-15,SKU0013,358.0,402.0,19,784.0
2025-07-22,SKU0013,82.0,402.0,19,784.0
2025-08-01,SKU0013,369.0,383.0,19,784.0
2025-08-08,SKU0013,69.0,383.0,19,784.0
2025-08-15,SKU0013,0.0,383.0,19,784.0
2025-08-22,SKU0013,255.0,605.0,19,784.0
2025-09-01,SKU0013,1.0,605.0,19,784.0
2025-09-08,SKU0013,583.0,513.0,19,784.0
2025-09-15,SKU0013,288.0,513.0,19,784.0
2025-09-22,SKU0013,35.0,513.0,19,784.0
2025-10-01,SKU0013,329.0,379.0,19,784.0
2025-10-08,SKU0013,131.0,379.0,19,784.0
2025-10-15,SKU0013,380.0,0.0,19,784.0
2025-10-22,SKU0013,1.0,554.0,19,784.0
2025-11-01,SKU0013,1.0,554.0,19,784.0
2025-11-08,SKU0013,304.0,439.0,19,784.0
2025-11-15,SKU0013,69.0,439.0,19,784.0
2025-11-22,SKU0013,439.0,0.0,19,784.0
2025-12-01,SKU0013,0.0,618.0,19,784.0
2025-12-08,SKU0013,0.0,618.0,19,784.0
2025-12-15,SKU0013,455.0,439.0,19,784.0
2025-12-22,SKU0013,171.0,439.0,19,784.0
2024-10-08,SKU0014,285.0,602.0,16,316.0
2024-10-15,SKU0014,205.0,602.0,16,316.0
2024-10-22,SKU0014,676.0,0.0,16,316.0
2024-11-01,SKU0014,583.0,0.0,16,316.0
2024-11-08,SKU0014,502.0,0.0,16,316.0
2024-11-15,SKU0014,430.0,0.0,16,316.0
2024-11-22,SKU0014,349.0,0.0,16,316.0
2024-12-01,SKU0014,177.0,722.0,16,316.0
2024-12-08,SKU0014,72.0,722.0,16,316.0
2024-12-15,SKU0014,682.0,0.0,16,316.0
2024-12-22,SKU0014,577.0,0.0,16,316.0
2025-01-01,SKU0014,360.0,0.0,16,316.0
2025-01-08,SKU0014,122.0,739.0,16,316.0
2025-01-15,SKU0014,723.0,0.0,16,316.0
2025-01-22,SKU0014,579.0,0.0,16,316.0
2025-02-01,SKU0014,383.0,0.0,16,316.0
2025-02-08,SKU0014,209.0,605.0,16,316.0
2025-02-15,SKU0014,628.0,0.0,16,316.0
2025-02-22,SKU0014,433.0,0.0,16,316.0
2025-03-01,SKU0014,249.0,709.0,16,316.0
2025-03-08,SKU0014,53.0,709.0,16,316.0
2025-03-15,SKU0014,710.0,0.0,16,316.0
2025-03-22,SKU0014,506.0,0.0,16,316.0
2025-04-01,SKU0014,875.0,0.0,16,316.0
2025-04-08,SKU0014,657.0,0.0,16,316.0
2025-04-15,SKU0014,434.0,0.0,16,316.0
2025-04-22,SKU0014,221.0,786.0,16,316.0
2025-05-01,SKU0014,0.0,786.0,16,316.0
2025-05-08,SKU0014,606.0,0.0,16,316.0
2025-05-15,SKU0014,391.0,0.0,16,316.0
2025-05-22,SKU0014,176.0,508.0,16,316.0
2025-06-01,SKU0014,1.0,508.0,16,316.0
2025-06-08,SKU0014,376.0,0.0,16,316.0
2025-06-15,SKU0014,163.0,629.0,16,316.0
2025-06-22,SKU0014,531.0,0.0,16,316.0
2025-07-01,SKU0014,296.0,721.0,16,316.0
2025-07-08,SKU0014,864.0,0.0,16,316.0
2025-07-15,SKU0014,716.0,0.0,16,316.0
2025-07-22,SKU0014,552.0,0.0,16,316.0
2025-08-01,SKU0014,368.0,0.0,16,316.0
2025-08-08,SKU0014,271.0,711.0,16,316.0
2025-08-15,SKU0014,157.0,711.0,16,316.0
2025-08-22,SKU0014,750.0,0.0,16,316.0
2025-09-01,SKU0014,583.0,0.0,16,316.0
2025-09-08,SKU0014,488.0,0.0,16,316.0
2025-09-15,SKU0014,400.0,0.0,16,316.0
2025-09-22,SKU0014,318.0,0.0,16,316.0
2025-10-01,SKU0014,230.0,712.0,16,316.0
2025-10-08,SKU0014,154.0,712.0,16,316.0
2025-10-15,SKU0014,786.0,0.0,16,316.0
2025-10-22,SKU0014,663.0,0.0,16,316.0
2025-11-01,SKU0014,564.0,0.0,16,316.0
2025-11-08,SKU0014,485.0,0.0,16,316.0
2025-11-15,SKU0014,402.0,0.0,16,316.0
2025-11-22,SKU0014,312.0,663.0,16,316.0
2025-12-01,SKU0014,795.0,0.0,16,316.0
2025-12-08,SKU0014,695.0,0.0,16,316.0
2025-12-15,SKU0014,586.0,0.0,16,316.0
2025-12-22,SKU0014,465.0,0.0,16,316.0
2024-08-01,SKU0015,309.0,0.0,8,170.0
2024-08-08,SKU0015,208.0,0.0,8,170.0
2024-08-15,SKU0015,102.0,382.0,8,170.0
2024-08-22,SKU0015,375.0,0.0,8,170.0
2024-09-01,SKU0015,227.0,0.0,8,170.0
2024-09-08,SKU0015,138.0,318.0,8,170.0
2024-09-15,SKU0015,369.0,0.0,8,170.0
2024-09-22,SKU0015,271.0,0.0,8,170.0
2024-10-01,SKU0015,139.0,361.0,8,170.0
2024-10-08,SKU0015,427.0,0.0,8,170.0
2024-10-15,SKU0015,324.0,0.0,8,170.0
2024-10-22,SKU0015,154.0,371.0,8,170.0
2024-11-01,SKU0015,385.0,0.0,8,170.0
2024-11-08,SKU0015,295.0,0.0,8,170.0
2024-11-15,SKU0015,200.0,0.0,8,170.0
2024-11-22,SKU0015,385.0,0.0,8,170.0
2024-12-01,SKU0015,192.0,0.0,8,170.0
2024-12-08,SKU0015,484.0,0.0,8,170.0
2024-12-15,SKU0015,380.0,0.0,8,170.0
2024-12-22,SKU0015,270.0,0.0,8,170.0
2025-01-01,SKU0015,105.0,293.0,8,170.0
2025-01-08,SKU0015,275.0,0.0,8,170.0
2025-01-15,SKU0015,161.0,352.0,8,170.0
2025-01-22,SKU0015,71.0,352.0,8,170.0
2025-02-01,SKU0015,264.0,0.0,8,170.0
2025-02-08,SKU0015,436.0,0.0,8,170.0
2025-02-15,SKU0015,305.0,0.0,8,170.0
2025-02-22,SKU0015,186.0,0.0,8,170.0
2025-03-01,SKU0015,57.0,310.0,8,170.0
2025-03-08,SKU0015,252.0,0.0,8,170.0
2025-03-15,SKU0015,121.0,386.0,8,170.0
2025-03-22,SKU0015,382.0,0.0,8,170.0
2025-04-01,SKU0015,207.0,0.0,8,170.0
2025-04-08,SKU0015,426.0,0.0,8,170.0
2025-04-15,SKU0015,301.0,0.0,8,170.0
2025-04-22,SKU0015,168.0,311.0,8,170.0
2025-05-01,SKU0015,301.0,0.0,8,170.0
2025-05-08,SKU0015,162.0,389.0,8,170.0
2025-05-15,SKU0015,404.0,0.0,8,170.0
2025-05-22,SKU0015,270.0,0.0,8,170.0
2025-06-01,SKU0015,525.0,0.0,8,170.0
2025-06-08,SKU0015,405.0,0.0,8,170.0
2025-06-15,SKU0015,262.0,0.0,8,170.0
2025-06-22,SKU0015,66.0,403.0,8,170.0
2025-07-01,SKU0015,330.0,0.0,8,170.0
2025-07-08,SKU0015,239.0,0.0,8,170.0
2025-07-15,SKU0015,126.0,415.0,8,170.0
2025-07-22,SKU0015,432.0,0.0,8,170.0
2025-08-01,SKU0015,308.0,0.0,8,170.0
2025-08-08,SKU0015,218.0,0.0,8,170.0
2025-08-15,SKU0015,129.0,397.0,8,170.0
2025-08-22,SKU0015,440.0,0.0,8,170.0
2025-09-01,SKU0015,316.0,0.0,8,170.0
2025-09-08,SKU0015,221.0,0.0,8,170.0
2025-09-15,SKU0015,120.0,334.0,8,170.0
2025-09-22,SKU0015,368.0,0.0,8,170.0
2025-10-01,SKU0015,256.0,0.0,8,170.0
2025-10-08,SKU0015,189.0,0.0,8,170.0
2025-10-15,SKU0015,406.0,0.0,8,170.0
2025-10-22,SKU0015,281.0,0.0,8,170.0
2025-11-01,SKU0015,177.0,0.0,8,170.0
2025-11-08,SKU0015,403.0,0.0,8,170.0
2025-11-15,SKU0015,316.0,0.0,8,170.0
2025-11-22,SKU0015,238.0,0.0,8,170.0
2025-12-01,SKU0015,341.0,0.0,8,170.0
2025-12-08,SKU0015,267.0,0.0,8,170.0
2025-12-15,SKU0015,184.0,0.0,8,170.0
2025-12-22,SKU0015,109.0,421.0,8,170.0
2024-06-01,SKU0016,27.0,76.0,11,120.0
2024-06-08,SKU0016,59.0,82.0,11,120.0
2024-06-15,SKU0016,1.0,82.0,11,120.0
2024-06-22,SKU0016,3.0,55.0,11,120.0
2024-07-01,SKU0016,35.0,79.0,11,120.0
2024-07-08,SKU0016,1.0,79.0,11,120.0
2024-07-15,SKU0016,29.0,83.0,11,120.0
2024-07-22,SKU0016,65.0,93.0,11,120.0
2024-08-01,SKU0016,85.0,0.0,11,120.0
2024-08-08,SKU0016,35.0,83.0,11,120.0
2024-08-15,SKU0016,62.0,79.0,11,120.0
2024-08-22,SKU0016,83.0,70.0,11,120.0
2024-09-01,SKU0016,14.0,70.0,11,120.0
2024-09-08,SKU0016,34.0,76.0,11,120.0
2024-09-15,SKU0016,62.0,48.0,11,120.0
2024-09-22,SKU0016,14.0,48.0,11,120.0
2024-10-01,SKU0016,1.0,59.0,11,120.0
2024-10-08,SKU0016,39.0,89.0,11,120.0
2024-10-15,SKU0016,0.0,89.0,11,120.0
2024-10-22,SKU0016,27.0,76.0,11,120.0
2024-11-01,SKU0016,44.0,77.0,11,120.0
2024-11-08,SKU0016,72.0,66.0,11,120.0
2024-11-15,SKU0016,15.0,66.0,11,120.0
2024-11-22,SKU0016,29.0,73.0,11,120.0
2024-12-01,SKU0016,53.0,77.0,11,120.0
2024-12-08,SKU0016,0.0,77.0,11,120.0
2024-12-15,SKU0016,34.0,49.0,11,120.0
2024-12-22,SKU0016,42.0,0.0,11,120.0
2025-01-01,SKU0016,71.0,50.0,11,120.0
2025-01-08,SKU0016,0.0,50.0,11,120.0
2025-01-15,SKU0016,14.0,58.0,11,120.0
2025-01-22,SKU0016,0.0,58.0,11,120.0
2025-02-01,SKU0016,1.0,92.0,11,120.0
2025-02-08,SKU0016,22.0,82.0,11,120.0
2025-02-15,SKU0016,78.0,63.0,11,120.0
2025-02-22,SKU0016,0.0,63.0,11,120.0
2025-03-01,SKU0016,10.0,86.0,11,120.0
2025-03-08,SKU0016,87.0,0.0,11,120.0
2025-03-15,SKU0016,1.0,50.0,11,120.0
2025-03-22,SKU0016,17.0,69.0,11,120.0
2025-04-01,SKU0016,39.0,95.0,11,120.0
2025-04-08,SKU0016,1.0,95.0,11,120.0
2025-04-15,SKU0016,30.0,62.0,11,120.0
2025-04-22,SKU0016,47.0,0.0,11,120.0
2025-05-01,SKU0016,0.0,63.0,11,120.0
2025-05-08,SKU0016,1.0,83.0,11,120.0
2025-05-15,SKU0016,53.0,96.0,11,120.0
2025-05-22,SKU0016,1.0,96.0,11,120.0
2025-06-01,SKU0016,1.0,81.0,11,120.0
2025-06-08,SKU0016,41.0,75.0,11,120.0
2025-06-15,SKU0016,76.0,0.0,11,120.0
2025-06-22,SKU0016,0.0,94.0,11,120.0
2025-07-01,SKU0016,39.0,95.0,11,120.0
2025-07-08,SKU0016,76.0,64.0,11,120.0
2025-07-15,SKU0016,1.0,64.0,11,120.0
2025-07-22,SKU0016,16.0,62.0,11,120.0
2025-08-01,SKU0016,19.0,48.0,11,120.0
2025-08-08,SKU0016,0.0,48.0,11,120.0
2025-08-15,SKU0016,0.0,65.0,11,120.0
2025-08-22,SKU0016,43.0,0.0,11,120.0
2025-09-01,SKU0016,69.0,50.0,11,120.0
2025-09-08,SKU0016,0.0,50.0,11,120.0
2025-09-15,SKU0016,19.0,81.0,11,120.0
2025-09-22,SKU0016,81.0,48.0,11,120.0
2025-10-01,SKU0016,0.0,48.0,11,120.0
2025-10-08,SKU0016,1.0,51.0,11,120.0
2025-10-15,SKU0016,34.0,48.0,11,120.0
2025-10-22,SKU0016,1.0,48.0,11,120.0
2025-11-01,SKU0016,1.0,60.0,11,120.0
2025-11-08,SKU0016,26.0,84.0,11,120.0
2025-11-15,SKU0016,0.0,84.0,11,120.0
2025-11-22,SKU0016,24.0,84.0,11,120.0
2025-12-01,SKU0016,17.0,49.0,11,120.0
2025-12-08,SKU0016,50.0,48.0,11,120.0
2025-12-15,SKU0016,1.0,48.0,11,120.0
2025-12-22,SKU0016,23.0,0.0,11,120.0
2024-07-22,SKU0017,94.0,1473.0,27,914.0
2024-08-01,SKU0017,1.0,1473.0,27,914.0
2024-08-08,SKU0017,1.0,1473.0,27,914.0
2024-08-15,SKU0017,1.0,1473.0,27,914.0
2024-08-22,SKU0017,1364.0,0.0,27,914.0
2024-09-01,SKU0017,1115.0,0.0,27,914.0
2024-09-08,SKU0017,978.0,0.0,27,914.0
2024-09-15,SKU0017,2907.0,0.0,27,914.0
2024-09-22,SKU0017,2730.0,0.0,27,914.0
2024-10-01,SKU0017,2541.0,0.0,27,914.0
2024-10-08,SKU0017,2404.0,0.0,27,914.0
2024-10-15,SKU0017,2240.0,0.0,27,914.0
2024-10-22,SKU0017,1989.0,0.0,27,914.0
2024-11-01,SKU0017,1784.0,0.0,27,914.0
2024-11-08,SKU0017,1620.0,0.0,27,914.0
2024-11-15,SKU0017,1436.0,0.0,27,914.0
2024-11-22,SKU0017,1281.0,0.0,27,914.0
2024-12-01,SKU0017,957.0,0.0,27,914.0
2024-12-08,SKU0017,2580.0,0.0,27,914.0
2024-12-15,SKU0017,2377.0,0.0,27,914.0
2024-12-22,SKU0017,2186.0,0.0,27,914.0
2025-01-01,SKU0017,1852.0,0.0,27,914.0
2025-01-08,SKU0017,1416.0,0.0,27,914.0
2025-01-15,SKU0017,1166.0,0.0,27,914.0
2025-01-22,SKU0017,923.0,0.0,27,914.0
2025-02-01,SKU0017,2504.0,0.0,27,914.0
2025-02-08,SKU0017,2229.0,0.0,27,914.0
2025-02-15,SKU0017,1924.0,0.0,27,914.0
2025-02-22,SKU0017,1625.0,0.0,27,914.0
2025-03-01,SKU0017,1324.0,0.0,27,914.0
2025-03-08,SKU0017,999.0,0.0,27,914.0
2025-03-15,SKU0017,662.0,1654.0,27,914.0
2025-03-22,SKU0017,2008.0,0.0,27,914.0
2025-04-01,SKU0017,1518.0,0.0,27,914.0
2025-04-08,SKU0017,1193.0,0.0,27,914.0
2025-04-15,SKU0017,847.0,1896.0,27,914.0
2025-04-22,SKU0017,2417.0,0.0,27,914.0
2025-05-01,SKU0017,1974.0,0.0,27,914.0
2025-05-08,SKU0017,1638.0,0.0,27,914.0
2025-05-15,SKU0017,1284.0,0.0,27,914.0
2025-05-22,SKU0017,921.0,0.0,27,914.0
2025-06-01,SKU0017,453.0,2072.0,27,914.0
2025-06-08,SKU0017,141.0,2072.0,27,914.0
2025-06-15,SKU0017,1867.0,0.0,27,914.0
2025-06-22,SKU0017,1370.0,0.0,27,914.0
2025-07-01,SKU0017,983.0,0.0,27,914.0
2025-07-08,SKU0017,2310.0,0.0,27,914.0
2025-07-15,SKU0017,2056.0,0.0,27,914.0
2025-07-22,SKU0017,1799.0,0.0,27,914.0
2025-08-01,SKU0017,1435.0,0.0,27,914.0
2025-08-08,SKU0017,1235.0,0.0,27,914.0
2025-08-15,SKU0017,1037.0,0.0,27,914.0
2025-08-22,SKU0017,818.0,2246.0,27,914.0
2025-09-01,SKU0017,2775.0,0.0,27,914.0
2025-09-08,SKU0017,2586.0,0.0,27,914.0
2025-09-15,SKU0017,2409.0,0.0,27,914.0
2025-09-22,SKU0017,2230.0,0.0,27,914.0
2025-10-01,SKU0017,1977.0,0.0,27,914.0
2025-10-08,SKU0017,1808.0,0.0,27,914.0
2025-10-15,SKU0017,1613.0,0.0,27,914.0
2025-10-22,SKU0017,1324.0,0.0,27,914.0
2025-11-01,SKU0017,1063.0,0.0,27,914.0
2025-11-08,SKU0017,890.0,2020.0,27,914.0
2025-11-15,SKU0017,708.0,2020.0,27,914.0
2025-11-22,SKU0017,2545.0,0.0,27,914.0
2025-12-01,SKU0017,2152.0,0.0,27,914.0
2025-12-08,SKU0017,1946.0,0.0,27,914.0
2025-12-15,SKU0017,1701.0,0.0,27,914.0
2025-12-22,SKU0017,1476.0,0.0,27,914.0
2025-01-01,SKU0018,1.0,1602.0,25,977.0
2025-01-08,SKU0018,1.0,1602.0,25,977.0
2025-01-15,SKU0018,1.0,1602.0,25,977.0
2025-01-22,SKU0018,1551.0,0.0,25,977.0
2025-02-01,SKU0018,1163.0,0.0,25,977.0
2025-02-08,SKU0018,865.0,1984.0,25,977.0
2025-02-15,SKU0018,2589.0,0.0,25,977.0
2025-02-22,SKU0018,2296.0,0.0,25,977.0
2025-03-01,SKU0018,2013.0,0.0,25,977.0
2025-03-08,SKU0018,1742.0,0.0,25,977.0
2025-03-15,SKU0018,1408.0,0.0,25,977.0
2025-03-22,SKU0018,1102.0,0.0,25,977.0
2025-04-01,SKU0018,665.0,1655.0,25,977.0
2025-04-08,SKU0018,2032.0,0.0,25,977.0
2025-04-15,SKU0018,1747.0,0.0,25,977.0
2025-04-22,SKU0018,1389.0,0.0,25,977.0
2025-05-01,SKU0018,975.0,2126.0,25,977.0
2025-05-08,SKU0018,691.0,2126.0,25,977.0
2025-05-15,SKU0018,398.0,2126.0,25,977.0
2025-05-22,SKU0018,91.0,2126.0,25,977.0
2025-06-01,SKU0018,1836.0,0.0,25,977.0
2025-06-08,SKU0018,1547.0,0.0,25,977.0
2025-06-15,SKU0018,1238.0,0.0,25,977.0
2025-06-22,SKU0018,2681.0,0.0,25,977.0
2025-07-01,SKU0018,2278.0,0.0,25,977.0
2025-07-08,SKU0018,2029.0,0.0,25,977.0
2025-07-15,SKU0018,1766.0,0.0,25,977.0
2025-07-22,SKU0018,1495.0,0.0,25,977.0
2025-08-01,SKU0018,1125.0,0.0,25,977.0
2025-08-08,SKU0018,912.0,2195.0,25,977.0
2025-08-15,SKU0018,2814.0,0.0,25,977.0
2025-08-22,SKU0018,2561.0,0.0,25,977.0
2025-09-01,SKU0018,2215.0,0.0,25,977.0
2025-09-08,SKU0018,1975.0,0.0,25,977.0
2025-09-15,SKU0018,1776.0,0.0,25,977.0
2025-09-22,SKU0018,1554.0,0.0,25,977.0
2025-10-01,SKU0018,1207.0,0.0,25,977.0
2025-10-08,SKU0018,957.0,2178.0,25,977.0
2025-10-15,SKU0018,724.0,2178.0,25,977.0
2025-10-22,SKU0018,363.0,2178.0,25,977.0
2025-11-01,SKU0018,2254.0,0.0,25,977.0
2025-11-08,SKU0018,1996.0,0.0,25,977.0
2025-11-15,SKU0018,1759.0,0.0,25,977.0
2025-11-22,SKU0018,1544.0,0.0,25,977.0
2025-12-01,SKU0018,1085.0,0.0,25,977.0
2025-12-08,SKU0018,824.0,2260.0,25,977.0
2025-12-15,SKU0018,2869.0,0.0,25,977.0
2025-12-22,SKU0018,2648.0,0.0,25,977.0
2024-12-15,SKU0019,105.0,358.0,28,216.0
2024-12-22,SKU0019,63.0,358.0,28,216.0
2025-01-01,SKU0019,0.0,358.0,28,216.0
2025-01-08,SKU0019,0.0,358.0,28,216.0
2025-01-15,SKU0019,324.0,0.0,28,216.0
2025-01-22,SKU0019,275.0,0.0,28,216.0
2025-02-01,SKU0019,201.0,398.0,28,216.0
2025-02-08,SKU0019,532.0,0.0,28,216.0
2025-02-15,SKU0019,464.0,0.0,28,216.0
2025-02-22,SKU0019,398.0,0.0,28,216.0
2025-03-01,SKU0019,337.0,0.0,28,216.0
2025-03-08,SKU0019,269.0,0.0,28,216.0
2025-03-15,SKU0019,198.0,400.0,28,216.0
2025-03-22,SKU0019,122.0,400.0,28,216.0
2025-04-01,SKU0019,16.0,400.0,28,216.0
2025-04-08,SKU0019,366.0,0.0,28,216.0
2025-04-15,SKU0019,283.0,0.0,28,216.0
2025-04-22,SKU0019,205.0,479.0,28,216.0
2025-05-01,SKU0019,102.0,479.0,28,216.0
2025-05-08,SKU0019,505.0,0.0,28,216.0
2025-05-15,SKU0019,426.0,0.0,28,216.0
2025-05-22,SKU0019,355.0,0.0,28,216.0
2025-06-01,SKU0019,248.0,0.0,28,216.0
2025-06-08,SKU0019,178.0,381.0,28,216.0
2025-06-15,SKU0019,100.0,381.0,28,216.0
2025-06-22,SKU0019,0.0,381.0,28,216.0
2025-07-01,SKU0019,353.0,0.0,28,216.0
2025-07-08,SKU0019,297.0,0.0,28,216.0
2025-07-15,SKU0019,230.0,0.0,28,216.0
2025-07-22,SKU0019,164.0,446.0,28,216.0
2025-08-01,SKU0019,521.0,0.0,28,216.0
2025-08-08,SKU0019,468.0,0.0,28,216.0
2025-08-15,SKU0019,411.0,0.0,28,216.0
2025-08-22,SKU0019,355.0,0.0,28,216.0
2025-09-01,SKU0019,285.0,0.0,28,216.0
2025-09-08,SKU0019,231.0,0.0,28,216.0
2025-09-15,SKU0019,184.0,336.0,28,216.0
2025-09-22,SKU0019,472.0,0.0,28,216.0
2025-10-01,SKU0019,408.0,0.0,28,216.0
2025-10-08,SKU0019,371.0,0.0,28,216.0
2025-10-15,SKU0019,311.0,0.0,28,216.0
2025-10-22,SKU0019,238.0,0.0,28,216.0
2025-11-01,SKU0019,169.0,327.0,28,216.0
2025-11-08,SKU0019,112.0,327.0,28,216.0
2025-11-15,SKU0019,389.0,0.0,28,216.0
2025-11-22,SKU0019,334.0,0.0,28,216.0
2025-12-01,SKU0019,219.0,0.0,28,216.0
2025-12-08,SKU0019,154.0,429.0,28,216.0
2025-12-15,SKU0019,522.0,0.0,28,216.0
2025-12-22,SKU0019,462.0,0.0,28,216.0
2024-07-01,SKU0020,58.0,1320.0,21,645.0
2024-07-08,SKU0020,0.0,1320.0,21,645.0
2024-07-15,SKU0020,0.0,1320.0,21,645.0
2024-07-22,SKU0020,1263.0,0.0,21,645.0
2024-08-01,SKU0020,932.0,0.0,21,645.0
2024-08-08,SKU0020,724.0,0.0,21,645.0
2024-08-15,SKU0020,533.0,1492.0,21,645.0
2024-08-22,SKU0020,314.0,1492.0,21,645.0
2024-09-01,SKU0020,1562.0,0.0,21,645.0
2024-09-08,SKU0020,1370.0,0.0,21,645.0
2024-09-15,SKU0020,1181.0,0.0,21,645.0
2024-09-22,SKU0020,965.0,0.0,21,645.0
2024-10-01,SKU0020,696.0,0.0,21,645.0
2024-10-08,SKU0020,498.0,1158.0,21,645.0
2024-10-15,SKU0020,1425.0,0.0,21,645.0
2024-10-22,SKU0020,1108.0,0.0,21,645.0
2024-11-01,SKU0020,829.0,0.0,21,645.0
2024-11-08,SKU0020,647.0,0.0,21,645.0
2024-11-15,SKU0020,421.0,1544.0,21,645.0
2024-11-22,SKU0020,201.0,1544.0,21,645.0
2024-12-01,SKU0020,1334.0,0.0,21,645.0
2024-12-08,SKU0020,1142.0,0.0,21,645.0
2024-12-15,SKU0020,940.0,0.0,21,645.0
2024-12-22,SKU0020,725.0,0.0,21,645.0
2025-01-01,SKU0020,387.0,1590.0,21,645.0
2025-01-08,SKU0020,1590.0,0.0,21,645.0
2025-01-15,SKU0020,1325.0,0.0,21,645.0
2025-01-22,SKU0020,1100.0,0.0,21,645.0
2025-02-01,SKU0020,767.0,0.0,21,645.0
2025-02-08,SKU0020,541.0,1014.0,21,645.0
2025-02-15,SKU0020,1310.0,0.0,21,645.0
2025-02-22,SKU0020,1070.0,0.0,21,645.0
2025-03-01,SKU0020,820.0,0.0,21,645.0
2025-03-08,SKU0020,1865.0,0.0,21,645.0
2025-03-15,SKU0020,1582.0,0.0,21,645.0
2025-03-22,SKU0020,1325.0,0.0,21,645.0
2025-04-01,SKU0020,923.0,0.0,21,645.0
2025-04-08,SKU0020,661.0,0.0,21,645.0
2025-04-15,SKU0020,405.0,1370.0,21,645.0
2025-04-22,SKU0020,1532.0,0.0,21,645.0
2025-05-01,SKU0020,1193.0,0.0,21,645.0
2025-05-08,SKU0020,928.0,0.0,21,645.0
2025-05-15,SKU0020,683.0,0.0,21,645.0
2025-05-22,SKU0020,390.0,1434.0,21,645.0
2025-06-01,SKU0020,1466.0,0.0,21,645.0
2025-06-08,SKU0020,1205.0,0.0,21,645.0
2025-06-15,SKU0020,931.0,0.0,21,645.0
2025-06-22,SKU0020,1536.0,0.0,21,645.0
2025-07-01,SKU0020,1227.0,0.0,21,645.0
2025-07-08,SKU0020,994.0,0.0,21,645.0
2025-07-15,SKU0020,777.0,0.0,21,645.0
2025-07-22,SKU0020,534.0,1612.0,21,645.0
2025-08-01,SKU0020,181.0,1612.0,21,645.0
2025-08-08,SKU0020,1550.0,0.0,21,645.0
2025-08-15,SKU0020,1334.0,0.0,21,645.0
2025-08-22,SKU0020,1103.0,0.0,21,645.0
2025-09-01,SKU0020,775.0,0.0,21,645.0
2025-09-08,SKU0020,558.0,1292.0,21,645.0
2025-09-15,SKU0020,1654.0,0.0,21,645.0
2025-09-22,SKU0020,1403.0,0.0,21,645.0
2025-10-01,SKU0020,1139.0,0.0,21,645.0
2025-10-08,SKU0020,915.0,0.0,21,645.0
2025-10-15,SKU0020,676.0,0.0,21,645.0
2025-10-22,SKU0020,327.0,1210.0,21,645.0
2025-11-01,SKU0020,1221.0,0.0,21,645.0
2025-11-08,SKU0020,1008.0,0.0,21,645.0
2025-11-15,SKU0020,794.0,0.0,21,645.0
2025-11-22,SKU0020,593.0,1319.0,21,645.0
2025-12-01,SKU0020,125.0,1319.0,21,645.0
2025-12-08,SKU0020,1268.0,0.0,21,645.0
2025-12-15,SKU0020,1048.0,0.0,21,645.0
2025-12-22,SKU0020,801.0,0.0,21,645.0
2024-12-15,SKU0021,371.0,0.0,8,16.0
2024-12-22,SKU0021,362.0,0.0,8,16.0
2025-01-01,SKU0021,348.0,0.0,8,16.0
2025-01-08,SKU0021,326.0,0.0,8,16.0
2025-01-15,SKU0021,312.0,0.0,8,16.0
2025-01-22,SKU0021,298.0,0.0,8,16.0
2025-02-01,SKU0021,278.0,0.0,8,16.0
2025-02-08,SKU0021,261.0,0.0,8,16.0
2025-02-15,SKU0021,242.0,0.0,8,16.0
2025-02-22,SKU0021,226.0,0.0,8,16.0
2025-03-01,SKU0021,208.0,0.0,8,16.0
2025-03-08,SKU0021,187.0,0.0,8,16.0
2025-03-15,SKU0021,166.0,0.0,8,16.0
2025-03-22,SKU0021,148.0,0.0,8,16.0
2025-04-01,SKU0021,119.0,0.0,8,16.0
2025-04-08,SKU0021,97.0,0.0,8,16.0
2025-04-15,SKU0021,79.0,0.0,8,16.0
2025-04-22,SKU0021,61.0,0.0,8,16.0
2025-05-01,SKU0021,38.0,0.0,8,16.0
2025-05-08,SKU0021,19.0,0.0,8,16.0
2025-05-15,SKU0021,1.0,27.0,8,16.0
2025-05-22,SKU0021,10.0,31.0,8,16.0
2025-06-01,SKU0021,16.0,29.0,8,16.0
2025-06-08,SKU0021,2.0,29.0,8,16.0
2025-06-15,SKU0021,13.0,36.0,8,16.0
2025-06-22,SKU0021,22.0,0.0,8,16.0
2025-07-01,SKU0021,2.0,26.0,8,16.0
2025-07-08,SKU0021,18.0,0.0,8,16.0
2025-07-15,SKU0021,32.0,0.0,8,16.0
2025-07-22,SKU0021,20.0,0.0,8,16.0
2025-08-01,SKU0021,30.0,0.0,8,16.0
2025-08-08,SKU0021,18.0,0.0,8,16.0
2025-08-15,SKU0021,32.0,0.0,8,16.0
2025-08-22,SKU0021,23.0,0.0,8,16.0
2025-09-01,SKU0021,37.0,0.0,8,16.0
2025-09-08,SKU0021,27.0,0.0,8,16.0
2025-09-15,SKU0021,20.0,0.0,8,16.0
2025-09-22,SKU0021,40.0,0.0,8,16.0
2025-10-01,SKU0021,29.0,0.0,8,16.0
2025-10-08,SKU0021,17.0,0.0,8,16.0
2025-10-15,SKU0021,32.0,0.0,8,16.0
2025-10-22,SKU0021,19.0,0.0,8,16.0
2025-11-01,SKU0021,43.0,0.0,8,16.0
2025-11-08,SKU0021,34.0,0.0,8,16.0
2025-11-15,SKU0021,22.0,0.0,8,16.0
2025-11-22,SKU0021,10.0,29.0,8,16.0
2025-12-01,SKU0021,21.0,0.0,8,16.0
2025-12-08,SKU0021,13.0,29.0,8,16.0
2025-12-15,SKU0021,30.0,0.0,8,16.0
2025-12-22,SKU0021,18.0,0.0,8,16.0
2024-08-15,SKU0022,114.0,717.0,17,440.0
2024-08-22,SKU0022,0.0,717.0,17,440.0
2024-09-01,SKU0022,658.0,0.0,17,440.0
2024-09-08,SKU0022,549.0,0.0,17,440.0
2024-09-15,SKU0022,1271.0,0.0,17,440.0
2024-09-22,SKU0022,1164.0,0.0,17,440.0
2024-10-01,SKU0022,1021.0,0.0,17,440.0
2024-10-08,SKU0022,886.0,0.0,17,440.0
2024-10-15,SKU0022,763.0,0.0,17,440.0
2024-10-22,SKU0022,589.0,0.0,17,440.0
2024-11-01,SKU0022,430.0,692.0,17,440.0
2024-11-08,SKU0022,1028.0,0.0,17,440.0
2024-11-15,SKU0022,913.0,0.0,17,440.0
2024-11-22,SKU0022,794.0,0.0,17,440.0
2024-12-01,SKU0022,487.0,0.0,17,440.0
2024-12-08,SKU0022,324.0,1024.0,17,440.0
2024-12-15,SKU0022,1197.0,0.0,17,440.0
2024-12-22,SKU0022,1030.0,0.0,17,440.0
2025-01-01,SKU0022,767.0,0.0,17,440.0
2025-01-08,SKU0022,451.0,0.0,17,440.0
2025-01-15,SKU0022,1325.0,0.0,17,440.0
2025-01-22,SKU0022,1138.0,0.0,17,440.0
2025-02-01,SKU0022,839.0,0.0,17,440.0
2025-02-08,SKU0022,594.0,0.0,17,440.0
2025-02-15,SKU0022,1406.0,0.0,17,440.0
2025-02-22,SKU0022,1161.0,0.0,17,440.0
2025-03-01,SKU0022,896.0,0.0,17,440.0
2025-03-08,SKU0022,608.0,0.0,17,440.0
2025-03-15,SKU0022,340.0,774.0,17,440.0
2025-03-22,SKU0022,842.0,0.0,17,440.0
2025-04-01,SKU0022,450.0,0.0,17,440.0
2025-04-08,SKU0022,1126.0,0.0,17,440.0
2025-04-15,SKU0022,851.0,0.0,17,440.0
2025-04-22,SKU0022,594.0,0.0,17,440.0
2025-05-01,SKU0022,226.0,721.0,17,440.0
2025-05-08,SKU0022,0.0,721.0,17,440.0
2025-05-15,SKU0022,538.0,0.0,17,440.0
2025-05-22,SKU0022,256.0,757.0,17,440.0
2025-06-01,SKU0022,688.0,0.0,17,440.0
2025-06-08,SKU0022,447.0,0.0,17,440.0
2025-06-15,SKU0022,1049.0,0.0,17,440.0
2025-06-22,SKU0022,631.0,0.0,17,440.0
2025-07-01,SKU0022,1242.0,0.0,17,440.0
2025-07-08,SKU0022,1029.0,0.0,17,440.0
2025-07-15,SKU0022,841.0,0.0,17,440.0
2025-07-22,SKU0022,625.0,0.0,17,440.0
2025-08-01,SKU0022,293.0,844.0,17,440.0
2025-08-08,SKU0022,1005.0,0.0,17,440.0
2025-08-15,SKU0022,855.0,0.0,17,440.0
2025-08-22,SKU0022,685.0,0.0,17,440.0
2025-09-01,SKU0022,443.0,0.0,17,440.0
2025-09-08,SKU0022,1269.0,0.0,17,440.0
2025-09-15,SKU0022,1102.0,0.0,17,440.0
2025-09-22,SKU0022,997.0,0.0,17,440.0
2025-10-01,SKU0022,812.0,0.0,17,440.0
2025-10-08,SKU0022,693.0,0.0,17,440.0
2025-10-15,SKU0022,574.0,0.0,17,440.0
2025-10-22,SKU0022,382.0,872.0,17,440.0
2025-11-01,SKU0022,1068.0,0.0,17,440.0
2025-11-08,SKU0022,918.0,0.0,17,440.0
2025-11-15,SKU0022,789.0,0.0,17,440.0
2025-11-22,SKU0022,635.0,0.0,17,440.0
2025-12-01,SKU0022,1391.0,0.0,17,440.0
2025-12-08,SKU0022,1252.0,0.0,17,440.0
2025-12-15,SKU0022,1110.0,0.0,17,440.0
2025-12-22,SKU0022,932.0,0.0,17,440.0
2024-04-15,SKU0023,85.0,78.0,12,128.0
2024-04-22,SKU0023,1.0,78.0,12,128.0
2024-05-01,SKU0023,0.0,96.0,12,128.0
2024-05-08,SKU0023,35.0,0.0,12,128.0
2024-05-15,SKU0023,0.0,85.0,12,128.0
2024-05-22,SKU0023,1.0,85.0,12,128.0
2024-06-01,SKU0023,45.0,87.0,12,128.0
2024-06-08,SKU0023,1.0,87.0,12,128.0
2024-06-15,SKU0023,14.0,65.0,12,128.0
2024-06-22,SKU0023,65.0,100.0,12,128.0
2024-07-01,SKU0023,1.0,100.0,12,128.0
2024-07-08,SKU0023,76.0,79.0,12,128.0
2024-07-15,SKU0023,1.0,79.0,12,128.0
2024-07-22,SKU0023,15.0,77.0,12,128.0
2024-08-01,SKU0023,27.0,96.0,12,128.0
2024-08-08,SKU0023,1.0,96.0,12,128.0
2024-08-15,SKU0023,57.0,84.0,12,128.0
2024-08-22,SKU0023,95.0,0.0,12,128.0
2024-09-01,SKU0023,10.0,81.0,12,128.0
2024-09-08,SKU0023,52.0,66.0,12,128.0
2024-09-15,SKU0023,59.0,68.0,12,128.0
2024-09-22,SKU0023,4.0,68.0,12,128.0
2024-10-01,SKU0023,27.0,94.0,12,128.0
2024-10-08,SKU0023,95.0,60.0,12,128.0
2024-10-15,SKU0023,56.0,60.0,12,128.0
2024-10-22,SKU0023,44.0,95.0,12,128.0
2024-11-01,SKU0023,95.0,0.0,12,128.0
2024-11-08,SKU0023,62.0,77.0,12,128.0
2024-11-15,SKU0023,88.0,70.0,12,128.0
2024-11-22,SKU0023,33.0,70.0,12,128.0
2024-12-01,SKU0023,4.0,98.0,12,128.0
2024-12-08,SKU0023,91.0,0.0,12,128.0
2024-12-15,SKU0023,32.0,90.0,12,128.0
2024-12-22,SKU0023,70.0,86.0,12,128.0
2025-01-01,SKU0023,56.0,0.0,12,128.0
2025-01-08,SKU0023,1.0,87.0,12,128.0
2025-01-15,SKU0023,41.0,0.0,12,128.0
2025-01-22,SKU0023,0.0,71.0,12,128.0
2025-02-01,SKU0023,1.0,92.0,12,128.0
2025-02-08,SKU0023,55.0,102.0,12,128.0
2025-02-15,SKU0023,1.0,102.0,12,128.0
2025-02-22,SKU0023,26.0,53.0,12,128.0
2025-03-01,SKU0023,53.0,0.0,12,128.0
2025-03-08,SKU0023,0.0,70.0,12,128.0
2025-03-15,SKU0023,47.0,76.0,12,128.0
2025-03-22,SKU0023,0.0,76.0,12,128.0
2025-04-01,SKU0023,1.0,94.0,12,128.0
2025-04-08,SKU0023,64.0,0.0,12,128.0
2025-04-15,SKU0023,1.0,69.0,12,128.0
2025-04-22,SKU0023,12.0,52.0,12,128.0
2025-05-01,SKU0023,34.0,98.0,12,128.0
2025-05-08,SKU0023,1.0,98.0,12,128.0
2025-05-15,SKU0023,45.0,95.0,12,128.0
2025-05-22,SKU0023,0.0,95.0,12,128.0
2025-06-01,SKU0023,1.0,95.0,12,128.0
2025-06-08,SKU0023,66.0,0.0,12,128.0
2025-06-15,SKU0023,0.0,72.0,12,128.0
2025-06-22,SKU0023,0.0,79.0,12,128.0
2025-07-01,SKU0023,56.0,98.0,12,128.0
2025-07-08,SKU0023,1.0,98.0,12,128.0
2025-07-15,SKU0023,62.0,90.0,12,128.0
2025-07-22,SKU0023,1.0,90.0,12,128.0
2025-08-01,SKU0023,1.0,73.0,12,128.0
2025-08-08,SKU0023,38.0,74.0,12,128.0
2025-08-15,SKU0023,1.0,74.0,12,128.0
2025-08-22,SKU0023,11.0,74.0,12,128.0
2025-09-01,SKU0023,45.0,0.0,12,128.0
2025-09-08,SKU0023,0.0,80.0,12,128.0
2025-09-15,SKU0023,43.0,96.0,12,128.0
2025-09-22,SKU0023,102.0,0.0,12,128.0
2025-10-01,SKU0023,57.0,53.0,12,128.0
2025-10-08,SKU0023,75.0,60.0,12,128.0
2025-10-15,SKU0023,95.0,0.0,12,128.0
2025-10-22,SKU0023,28.0,52.0,12,128.0
2025-11-01,SKU0023,30.0,101.0,12,128.0
2025-11-08,SKU0023,101.0,83.0,12,128.0
2025-11-15,SKU0023,75.0,83.0,12,128.0
2025-11-22,SKU0023,128.0,0.0,12,128.0
2025-12-01,SKU0023,63.0,87.0,12,128.0
2025-12-08,SKU0023,108.0,98.0,12,128.0
2025-12-15,SKU0023,161.0,0.0,12,128.0
2025-12-22,SKU0023,116.0,87.0,12,128.0
2025-01-15,SKU0024,198.0,687.0,13,303.0
2025-01-22,SKU0024,36.0,687.0,13,303.0
2025-02-01,SKU0024,559.0,0.0,13,303.0
2025-02-08,SKU0024,376.0,0.0,13,303.0
2025-02-15,SKU0024,230.0,649.0,13,303.0
2025-02-22,SKU0024,712.0,0.0,13,303.0
2025-03-01,SKU0024,512.0,0.0,13,303.0
2025-03-08,SKU0024,302.0,546.0,13,303.0
2025-03-15,SKU0024,103.0,546.0,13,303.0
2025-03-22,SKU0024,490.0,0.0,13,303.0
2025-04-01,SKU0024,185.0,721.0,13,303.0
2025-04-08,SKU0024,700.0,0.0,13,303.0
2025-04-15,SKU0024,498.0,0.0,13,303.0
2025-04-22,SKU0024,305.0,0.0,13,303.0
2025-05-01,SKU0024,780.0,0.0,13,303.0
2025-05-08,SKU0024,575.0,0.0,13,303.0
2025-05-15,SKU0024,365.0,0.0,13,303.0
2025-05-22,SKU0024,168.0,653.0,13,303.0
2025-06-01,SKU0024,523.0,0.0,13,303.0
2025-06-08,SKU0024,322.0,0.0,13,303.0
2025-06-15,SKU0024,110.0,578.0,13,303.0
2025-06-22,SKU0024,474.0,0.0,13,303.0
2025-07-01,SKU0024,221.0,734.0,13,303.0
2025-07-08,SKU0024,782.0,0.0,13,303.0
2025-07-15,SKU0024,583.0,0.0,13,303.0
2025-07-22,SKU0024,381.0,0.0,13,303.0
2025-08-01,SKU0024,694.0,0.0,13,303.0
2025-08-08,SKU0024,526.0,0.0,13,303.0
2025-08-15,SKU0024,345.0,0.0,13,303.0
2025-08-22,SKU0024,176.0,653.0,13,303.0
2025-09-01,SKU0024,572.0,0.0,13,303.0
2025-09-08,SKU0024,437.0,0.0,13,303.0
2025-09-15,SKU0024,261.0,742.0,13,303.0
2025-09-22,SKU0024,874.0,0.0,13,303.0
2025-10-01,SKU0024,677.0,0.0,13,303.0
2025-10-08,SKU0024,531.0,0.0,13,303.0
2025-10-15,SKU0024,349.0,0.0,13,303.0
2025-10-22,SKU0024,90.0,513.0,13,303.0
2025-11-01,SKU0024,403.0,0.0,13,303.0
2025-11-08,SKU0024,245.0,601.0,13,303.0
2025-11-15,SKU0024,666.0,0.0,13,303.0
2025-11-22,SKU0024,500.0,0.0,13,303.0
2025-12-01,SKU0024,183.0,712.0,13,303.0
2025-12-08,SKU0024,692.0,0.0,13,303.0
2025-12-15,SKU0024,518.0,0.0,13,303.0
2025-12-22,SKU0024,334.0,0.0,13,303.0
2024-11-22,SKU0025,224.0,0.0,12,100.0
2024-12-01,SKU0025,130.0,0.0,12,100.0
2024-12-08,SKU0025,81.0,154.0,12,100.0
2024-12-15,SKU0025,188.0,0.0,12,100.0
2024-12-22,SKU0025,137.0,0.0,12,100.0
2025-01-01,SKU0025,63.0,161.0,12,100.0
2025-01-08,SKU0025,151.0,0.0,12,100.0
2025-01-15,SKU0025,95.0,193.0,12,100.0
2025-01-22,SKU0025,235.0,0.0,12,100.0
2025-02-01,SKU0025,159.0,0.0,12,100.0
2025-02-08,SKU0025,101.0,0.0,12,100.0
2025-02-15,SKU0025,248.0,0.0,12,100.0
2025-02-22,SKU0025,186.0,0.0,12,100.0
2025-03-01,SKU0025,123.0,0.0,12,100.0
2025-03-08,SKU0025,283.0,0.0,12,100.0
2025-03-15,SKU0025,218.0,0.0,12,100.0
2025-03-22,SKU0025,153.0,0.0,12,100.0
2025-04-01,SKU0025,279.0,0.0,12,100.0
2025-04-08,SKU0025,213.0,0.0,12,100.0
2025-04-15,SKU0025,145.0,0.0,12,100.0
2025-04-22,SKU0025,75.0,202.0,12,100.0
2025-05-01,SKU0025,185.0,0.0,12,100.0
2025-05-08,SKU0025,124.0,0.0,12,100.0
2025-05-15,SKU0025,67.0,222.0,12,100.0
2025-05-22,SKU0025,221.0,0.0,12,100.0
2025-06-01,SKU0025,123.0,0.0,12,100.0
2025-06-08,SKU0025,67.0,189.0,12,100.0
2025-06-15,SKU0025,183.0,0.0,12,100.0
2025-06-22,SKU0025,95.0,169.0,12,100.0
2025-07-01,SKU0025,193.0,0.0,12,100.0
2025-07-08,SKU0025,142.0,0.0,12,100.0
2025-07-15,SKU0025,87.0,234.0,12,100.0
2025-07-22,SKU0025,268.0,0.0,12,100.0
2025-08-01,SKU0025,200.0,0.0,12,100.0
2025-08-08,SKU0025,159.0,0.0,12,100.0
2025-08-15,SKU0025,114.0,0.0,12,100.0
2025-08-22,SKU0025,73.0,183.0,12,100.0
2025-09-01,SKU0025,194.0,0.0,12,100.0
2025-09-08,SKU0025,156.0,0.0,12,100.0
2025-09-15,SKU0025,118.0,0.0,12,100.0
2025-09-22,SKU0025,78.0,182.0,12,100.0
2025-10-01,SKU0025,206.0,0.0,12,100.0
2025-10-08,SKU0025,174.0,0.0,12,100.0
2025-10-15,SKU0025,130.0,0.0,12,100.0
2025-10-22,SKU0025,264.0,0.0,12,100.0
2025-11-01,SKU0025,216.0,0.0,12,100.0
2025-11-08,SKU0025,179.0,0.0,12,100.0
2025-11-15,SKU0025,136.0,0.0,12,100.0
2025-11-22,SKU0025,94.0,217.0,12,100.0
2025-12-01,SKU0025,237.0,0.0,12,100.0
2025-12-08,SKU0025,197.0,0.0,12,100.0
2025-12-15,SKU0025,157.0,0.0,12,100.0
2025-12-22,SKU0025,120.0,0.0,12,100.0
2024-06-15,SKU0026,125.0,0.0,13,90.0
2024-06-22,SKU0026,51.0,201.0,13,90.0
2024-07-01,SKU0026,196.0,0.0,13,90.0
2024-07-08,SKU0026,155.0,0.0,13,90.0
2024-07-15,SKU0026,120.0,0.0,13,90.0
2024-07-22,SKU0026,81.0,157.0,13,90.0
2024-08-01,SKU0026,24.0,157.0,13,90.0
2024-08-08,SKU0026,146.0,0.0,13,90.0
2024-08-15,SKU0026,107.0,0.0,13,90.0
2024-08-22,SKU0026,69.0,159.0,13,90.0
2024-09-01,SKU0026,181.0,0.0,13,90.0
2024-09-08,SKU0026,148.0,0.0,13,90.0
2024-09-15,SKU0026,119.0,0.0,13,90.0
2024-09-22,SKU0026,82.0,162.0,13,90.0
2024-10-01,SKU0026,204.0,0.0,13,90.0
2024-10-08,SKU0026,169.0,0.0,13,90.0
2024-10-15,SKU0026,139.0,0.0,13,90.0
2024-10-22,SKU0026,82.0,203.0,13,90.0
2024-11-01,SKU0026,32.0,203.0,13,90.0
2024-11-08,SKU0026,201.0,0.0,13,90.0
2024-11-15,SKU0026,175.0,0.0,13,90.0
2024-11-22,SKU0026,141.0,0.0,13,90.0
2024-12-01,SKU0026,71.0,209.0,13,90.0
2024-12-08,SKU0026,31.0,209.0,13,90.0
2024-12-15,SKU0026,206.0,0.0,13,90.0
2024-12-22,SKU0026,170.0,0.0,13,90.0
2025-01-01,SKU0026,117.0,0.0,13,90.0
2025-01-08,SKU0026,227.0,0.0,13,90.0
2025-01-15,SKU0026,184.0,0.0,13,90.0
2025-01-22,SKU0026,139.0,0.0,13,90.0
2025-02-01,SKU0026,81.0,135.0,13,90.0
2025-02-08,SKU0026,171.0,0.0,13,90.0
2025-02-15,SKU0026,123.0,0.0,13,90.0
2025-02-22,SKU0026,80.0,207.0,13,90.0
2025-03-01,SKU0026,244.0,0.0,13,90.0
2025-03-08,SKU0026,198.0,0.0,13,90.0
2025-03-15,SKU0026,150.0,0.0,13,90.0
2025-03-22,SKU0026,102.0,0.0,13,90.0
2025-04-01,SKU0026,171.0,0.0,13,90.0
2025-04-08,SKU0026,115.0,0.0,13,90.0
2025-04-15,SKU0026,69.0,209.0,13,90.0
2025-04-22,SKU0026,232.0,0.0,13,90.0
2025-05-01,SKU0026,165.0,0.0,13,90.0
2025-05-08,SKU0026,120.0,0.0,13,90.0
2025-05-15,SKU0026,73.0,167.0,13,90.0
2025-05-22,SKU0026,189.0,0.0,13,90.0
2025-06-01,SKU0026,113.0,0.0,13,90.0
2025-06-08,SKU0026,60.0,176.0,13,90.0
2025-06-15,SKU0026,194.0,0.0,13,90.0
2025-06-22,SKU0026,118.0,0.0,13,90.0
2025-07-01,SKU0026,59.0,208.0,13,90.0
2025-07-08,SKU0026,221.0,0.0,13,90.0
2025-07-15,SKU0026,181.0,0.0,13,90.0
2025-07-22,SKU0026,146.0,0.0,13,90.0
2025-08-01,SKU0026,83.0,189.0,13,90.0
2025-08-08,SKU0026,238.0,0.0,13,90.0
2025-08-15,SKU0026,202.0,0.0,13,90.0
2025-08-22,SKU0026,173.0,0.0,13,90.0
2025-09-01,SKU0026,115.0,0.0,13,90.0
2025-09-08,SKU0026,83.0,173.0,13,90.0
2025-09-15,SKU0026,211.0,0.0,13,90.0
2025-09-22,SKU0026,178.0,0.0,13,90.0
2025-10-01,SKU0026,144.0,0.0,13,90.0
2025-10-08,SKU0026,108.0,0.0,13,90.0
2025-10-15,SKU0026,72.0,149.0,13,90.0
2025-10-22,SKU0026,167.0,0.0,13,90.0
2025-11-01,SKU0026,122.0,0.0,13,90.0
2025-11-08,SKU0026,96.0,0.0,13,90.0
2025-11-15,SKU0026,260.0,0.0,13,90.0
2025-11-22,SKU0026,223.0,0.0,13,90.0
2025-12-01,SKU0026,159.0,0.0,13,90.0
2025-12-08,SKU0026,124.0,0.0,13,90.0
2025-12-15,SKU0026,83.0,155.0,13,90.0
2025-12-22,SKU0026,45.0,155.0,13,90.0
2025-04-08,SKU0027,234.0,3370.0,24,957.0
2025-04-15,SKU0027,1.0,3370.0,24,957.0
2025-04-22,SKU0027,1.0,3370.0,24,957.0
2025-05-01,SKU0027,3371.0,0.0,24,957.0
2025-05-08,SKU0027,2989.0,0.0,24,957.0
2025-05-15,SKU0027,2615.0,0.0,24,957.0
2025-05-22,SKU0027,2224.0,0.0,24,957.0
2025-06-01,SKU0027,1714.0,0.0,24,957.0
2025-06-08,SKU0027,1386.0,0.0,24,957.0
2025-06-15,SKU0027,994.0,0.0,24,957.0
2025-06-22,SKU0027,4899.0,0.0,24,957.0
2025-07-01,SKU0027,4456.0,0.0,24,957.0
2025-07-08,SKU0027,4174.0,0.0,24,957.0
2025-07-15,SKU0027,3849.0,0.0,24,957.0
2025-07-22,SKU0027,3561.0,0.0,24,957.0
2025-08-01,SKU0027,3134.0,0.0,24,957.0
2025-08-08,SKU0027,3013.0,0.0,24,957.0
2025-08-15,SKU0027,2790.0,0.0,24,957.0
2025-08-22,SKU0027,2598.0,0.0,24,957.0
2025-09-01,SKU0027,2355.0,0.0,24,957.0
2025-09-08,SKU0027,2217.0,0.0,24,957.0
2025-09-15,SKU0027,2075.0,0.0,24,957.0
2025-09-22,SKU0027,1966.0,0.0,24,957.0
2025-10-01,SKU0027,1715.0,0.0,24,957.0
2025-10-08,SKU0027,1552.0,0.0,24,957.0
2025-10-15,SKU0027,1335.0,0.0,24,957.0
2025-10-22,SKU0027,1054.0,0.0,24,957.0
2025-11-01,SKU0027,835.0,4057.0,24,957.0
2025-11-08,SKU0027,652.0,4057.0,24,957.0
2025-11-15,SKU0027,4519.0,0.0,24,957.0
2025-11-22,SKU0027,4388.0,0.0,24,957.0
2025-12-01,SKU0027,4047.0,0.0,24,957.0
2025-12-08,SKU0027,3778.0,0.0,24,957.0
2025-12-15,SKU0027,3570.0,0.0,24,957.0
2025-12-22,SKU0027,3412.0,0.0,24,957.0
2025-05-01,SKU0028,0.0,1245.0,21,825.0
2025-05-08,SKU0028,0.0,1245.0,21,825.0
2025-05-15,SKU0028,1245.0,0.0,21,825.0
2025-05-22,SKU0028,922.0,0.0,21,825.0
2025-06-01,SKU0028,506.0,1911.0,21,825.0
2025-06-08,SKU0028,2128.0,0.0,21,825.0
2025-06-15,SKU0028,1826.0,0.0,21,825.0
2025-06-22,SKU0028,1284.0,0.0,21,825.0
2025-07-01,SKU0028,893.0,0.0,21,825.0
2025-07-08,SKU0028,579.0,1740.0,21,825.0
2025-07-15,SKU0028,312.0,1740.0,21,825.0
2025-07-22,SKU0028,1782.0,0.0,21,825.0
2025-08-01,SKU0028,1388.0,0.0,21,825.0
2025-08-08,SKU0028,1154.0,0.0,21,825.0
2025-08-15,SKU0028,894.0,0.0,21,825.0
2025-08-22,SKU0028,656.0,1883.0,21,825.0
2025-09-01,SKU0028,2168.0,0.0,21,825.0
2025-09-08,SKU0028,1951.0,0.0,21,825.0
2025-09-15,SKU0028,1718.0,0.0,21,825.0
2025-09-22,SKU0028,1446.0,0.0,21,825.0
2025-10-01,SKU0028,1161.0,0.0,21,825.0
2025-10-08,SKU0028,935.0,0.0,21,825.0
2025-10-15,SKU0028,716.0,1268.0,21,825.0
2025-10-22,SKU0028,357.0,1268.0,21,825.0
2025-11-01,SKU0028,1319.0,0.0,21,825.0
2025-11-08,SKU0028,1091.0,0.0,21,825.0
2025-11-15,SKU0028,853.0,0.0,21,825.0
2025-11-22,SKU0028,2125.0,0.0,21,825.0
2025-12-01,SKU0028,1641.0,0.0,21,825.0
2025-12-08,SKU0028,1346.0,0.0,21,825.0
2025-12-15,SKU0028,1090.0,0.0,21,825.0
2025-12-22,SKU0028,815.0,1751.0,21,825.0
2024-09-08,SKU0029,228.0,0.0,8,30.0
2024-09-15,SKU0029,209.0,0.0,8,30.0
2024-09-22,SKU0029,188.0,0.0,8,30.0
2024-10-01,SKU0029,163.0,0.0,8,30.0
2024-10-08,SKU0029,148.0,0.0,8,30.0
2024-10-15,SKU0029,128.0,0.0,8,30.0
2024-10-22,SKU0029,101.0,0.0,8,30.0
2024-11-01,SKU0029,78.0,0.0,8,30.0
2024-11-08,SKU0029,59.0,0.0,8,30.0
2024-11-15,SKU0029,39.0,0.0,8,30.0
2024-11-22,SKU0029,22.0,18.0,8,30.0
2024-12-01,SKU0029,12.0,0.0,8,30.0
2024-12-08,SKU0029,0.0,23.0,8,30.0
2024-12-15,SKU0029,23.0,18.0,8,30.0
2024-12-22,SKU0029,4.0,18.0,8,30.0
2025-01-01,SKU0029,13.0,0.0,8,30.0
2025-01-08,SKU0029,23.0,0.0,8,30.0
2025-01-15,SKU0029,5.0,24.0,8,30.0
2025-01-22,SKU0029,10.0,20.0,8,30.0
2025-02-01,SKU0029,17.0,0.0,8,30.0
2025-02-08,SKU0029,1.0,15.0,8,30.0
2025-02-15,SKU0029,1.0,19.0,8,30.0
2025-02-22,SKU0029,3.0,20.0,8,30.0
2025-03-01,SKU0029,12.0,20.0,8,30.0
2025-03-08,SKU0029,13.0,18.0,8,30.0
2025-03-15,SKU0029,13.0,0.0,8,30.0
2025-03-22,SKU0029,11.0,0.0,8,30.0
2025-04-01,SKU0029,5.0,22.0,8,30.0
2025-04-08,SKU0029,16.0,15.0,8,30.0
2025-04-15,SKU0029,12.0,23.0,8,30.0
2025-04-22,SKU0029,24.0,18.0,8,30.0
2025-05-01,SKU0029,16.0,13.0,8,30.0
2025-05-08,SKU0029,13.0,20.0,8,30.0
2025-05-15,SKU0029,0.0,20.0,8,30.0
2025-05-22,SKU0029,4.0,14.0,8,30.0
2025-06-01,SKU0029,24.0,13.0,8,30.0
2025-06-08,SKU0029,3.0,13.0,8,30.0
2025-06-15,SKU0029,1.0,14.0,8,30.0
2025-06-22,SKU0029,0.0,12.0,8,30.0
2025-07-01,SKU0029,1.0,16.0,8,30.0
2025-07-08,SKU0029,8.0,21.0,8,30.0
2025-07-15,SKU0029,12.0,18.0,8,30.0
2025-07-22,SKU0029,13.0,0.0,8,30.0
2025-08-01,SKU0029,7.0,24.0,8,30.0
2025-08-08,SKU0029,15.0,23.0,8,30.0
2025-08-15,SKU0029,21.0,23.0,8,30.0
2025-08-22,SKU0029,28.0,13.0,8,30.0
2025-09-01,SKU0029,18.0,0.0,8,30.0
2025-09-08,SKU0029,18.0,16.0,8,30.0
2025-09-15,SKU0029,19.0,24.0,8,30.0
2025-09-22,SKU0029,26.0,17.0,8,30.0
2025-10-01,SKU0029,26.0,22.0,8,30.0
2025-10-08,SKU0029,35.0,0.0,8,30.0
2025-10-15,SKU0029,32.0,0.0,8,30.0
2025-10-22,SKU0029,6.0,19.0,8,30.0
2025-11-01,SKU0029,26.0,20.0,8,30.0
2025-11-08,SKU0029,30.0,0.0,8,30.0
2025-11-15,SKU0029,13.0,16.0,8,30.0
2025-11-22,SKU0029,13.0,18.0,8,30.0
2025-12-01,SKU0029,1.0,15.0,8,30.0
2025-12-08,SKU0029,6.0,24.0,8,30.0
2025-12-15,SKU0029,15.0,14.0,8,30.0
2025-12-22,SKU0029,12.0,19.0,8,30.0
2024-06-15,SKU0030,40.0,1729.0,16,487.0
2024-06-22,SKU0030,1.0,1729.0,16,487.0
2024-07-01,SKU0030,1707.0,0.0,16,487.0
2024-07-08,SKU0030,1520.0,0.0,16,487.0
2024-07-15,SKU0030,1350.0,0.0,16,487.0
2024-07-22,SKU0030,1175.0,0.0,16,487.0
2024-08-01,SKU0030,904.0,0.0,16,487.0
2024-08-08,SKU0030,732.0,0.0,16,487.0
2024-08-15,SKU0030,576.0,0.0,16,487.0
2024-08-22,SKU0030,406.0,1799.0,16,487.0
2024-09-01,SKU0030,219.0,1799.0,16,487.0
2024-09-08,SKU0030,1898.0,0.0,16,487.0
2024-09-15,SKU0030,1757.0,0.0,16,487.0
2024-09-22,SKU0030,1622.0,0.0,16,487.0
2024-10-01,SKU0030,1458.0,0.0,16,487.0
2024-10-08,SKU0030,1342.0,0.0,16,487.0
2024-10-15,SKU0030,1190.0,0.0,16,487.0
2024-10-22,SKU0030,992.0,0.0,16,487.0
2024-11-01,SKU0030,801.0,0.0,16,487.0
2024-11-08,SKU0030,679.0,0.0,16,487.0
2024-11-15,SKU0030,586.0,0.0,16,487.0
2024-11-22,SKU0030,464.0,1570.0,16,487.0
2024-12-01,SKU0030,256.0,1570.0,16,487.0
2024-12-08,SKU0030,1690.0,0.0,16,487.0
2024-12-15,SKU0030,1587.0,0.0,16,487.0
2024-12-22,SKU0030,1474.0,0.0,16,487.0
2025-01-01,SKU0030,1333.0,0.0,16,487.0
2025-01-08,SKU0030,1158.0,0.0,16,487.0
2025-01-15,SKU0030,1049.0,0.0,16,487.0
2025-01-22,SKU0030,956.0,0.0,16,487.0
2025-02-01,SKU0030,818.0,0.0,16,487.0
2025-02-08,SKU0030,734.0,0.0,16,487.0
2025-02-15,SKU0030,632.0,0.0,16,487.0
2025-02-22,SKU0030,539.0,0.0,16,487.0
2025-03-01,SKU0030,449.0,1845.0,16,487.0
2025-03-08,SKU0030,374.0,1845.0,16,487.0
2025-03-15,SKU0030,2145.0,0.0,16,487.0
2025-03-22,SKU0030,2049.0,0.0,16,487.0
2025-04-01,SKU0030,1945.0,0.0,16,487.0
2025-04-08,SKU0030,1881.0,0.0,16,487.0
2025-04-15,SKU0030,1813.0,0.0,16,487.0
2025-04-22,SKU0030,1756.0,0.0,16,487.0
2025-05-01,SKU0030,1671.0,0.0,16,487.0
2025-05-08,SKU0030,1609.0,0.0,16,487.0
2025-05-15,SKU0030,1571.0,0.0,16,487.0
2025-05-22,SKU0030,1536.0,0.0,16,487.0
2025-06-01,SKU0030,1491.0,0.0,16,487.0
2025-06-08,SKU0030,1456.0,0.0,16,487.0
2025-06-15,SKU0030,1437.0,0.0,16,487.0
2025-06-22,SKU0030,1406.0,0.0,16,487.0
2025-07-01,SKU0030,1383.0,0.0,16,487.0
2025-07-08,SKU0030,1337.0,0.0,16,487.0
2025-07-15,SKU0030,1317.0,0.0,16,487.0
2025-07-22,SKU0030,1315.0,0.0,16,487.0
2025-08-01,SKU0030,1288.0,0.0,16,487.0
2025-08-08,SKU0030,1277.0,0.0,16,487.0
2025-08-15,SKU0030,1262.0,0.0,16,487.0
2025-08-22,SKU0030,1251.0,0.0,16,487.0
2025-09-01,SKU0030,1226.0,0.0,16,487.0
2025-09-08,SKU0030,1214.0,0.0,16,487.0
2025-09-15,SKU0030,1206.0,0.0,16,487.0
2025-09-22,SKU0030,1202.0,0.0,16,487.0
2025-10-01,SKU0030,1194.0,0.0,16,487.0
2025-10-08,SKU0030,1176.0,0.0,16,487.0
2025-10-15,SKU0030,1168.0,0.0,16,487.0
2025-10-22,SKU0030,1154.0,0.0,16,487.0
2025-11-01,SKU0030,1128.0,0.0,16,487.0
2025-11-08,SKU0030,1119.0,0.0,16,487.0
2025-11-15,SKU0030,1100.0,0.0,16,487.0
2025-11-22,SKU0030,1091.0,0.0,16,487.0
2025-12-01,SKU0030,1077.0,0.0,16,487.0
2025-12-08,SKU0030,1059.0,0.0,16,487.0
2025-12-15,SKU0030,1039.0,0.0,16,487.0
2025-12-22,SKU0030,1015.0,0.0,16,487.0
2025-04-01,SKU0031,1.0,1276.0,28,589.0
2025-04-08,SKU0031,1.0,1276.0,28,589.0
2025-04-15,SKU0031,1.0,1276.0,28,589.0
2025-04-22,SKU0031,1254.0,0.0,28,589.0
2025-05-01,SKU0031,1013.0,0.0,28,589.0
2025-05-08,SKU0031,851.0,0.0,28,589.0
2025-05-15,SKU0031,665.0,0.0,28,589.0
2025-05-22,SKU0031,491.0,1131.0,28,589.0
2025-06-01,SKU0031,277.0,1131.0,28,589.0
2025-06-08,SKU0031,97.0,1131.0,28,589.0
2025-06-15,SKU0031,0.0,1131.0,28,589.0
2025-06-22,SKU0031,913.0,0.0,28,589.0
2025-07-01,SKU0031,700.0,0.0,28,589.0
2025-07-08,SKU0031,579.0,1359.0,28,589.0
2025-07-15,SKU0031,1812.0,0.0,28,589.0
2025-07-22,SKU0031,1665.0,0.0,28,589.0
2025-08-01,SKU0031,1480.0,0.0,28,589.0
2025-08-08,SKU0031,1379.0,0.0,28,589.0
2025-08-15,SKU0031,1278.0,0.0,28,589.0
2025-08-22,SKU0031,1158.0,0.0,28,589.0
2025-09-01,SKU0031,1028.0,0.0,28,589.0
2025-09-08,SKU0031,951.0,0.0,28,589.0
2025-09-15,SKU0031,883.0,0.0,28,589.0
2025-09-22,SKU0031,806.0,0.0,28,589.0
2025-10-01,SKU0031,711.0,0.0,28,589.0
2025-10-08,SKU0031,649.0,0.0,28,589.0
2025-10-15,SKU0031,588.0,992.0,28,589.0
2025-10-22,SKU0031,481.0,992.0,28,589.0
2025-11-01,SKU0031,387.0,992.0,28,589.0
2025-11-08,SKU0031,1305.0,0.0,28,589.0
2025-11-15,SKU0031,1228.0,0.0,28,589.0
2025-11-22,SKU0031,1152.0,0.0,28,589.0
2025-12-01,SKU0031,981.0,0.0,28,589.0
2025-12-08,SKU0031,882.0,0.0,28,589.0
2025-12-15,SKU0031,783.0,0.0,28,589.0
2025-12-22,SKU0031,677.0,0.0,28,589.0
2024-05-22,SKU0032,153.0,486.0,22,320.0
2024-06-01,SKU0032,17.0,486.0,22,320.0
2024-06-08,SKU0032,0.0,486.0,22,320.0
2024-06-15,SKU0032,429.0,0.0,22,320.0
2024-06-22,SKU0032,266.0,748.0,22,320.0
2024-07-01,SKU0032,130.0,748.0,22,320.0
2024-07-08,SKU0032,778.0,0.0,22,320.0
2024-07-15,SKU0032,699.0,0.0,22,320.0
2024-07-22,SKU0032,609.0,0.0,22,320.0
2024-08-01,SKU0032,479.0,0.0,22,320.0
2024-08-08,SKU0032,396.0,0.0,22,320.0
2024-08-15,SKU0032,312.0,578.0,22,320.0
2024-08-22,SKU0032,808.0,0.0,22,320.0
2024-09-01,SKU0032,701.0,0.0,22,320.0
2024-09-08,SKU0032,623.0,0.0,22,320.0
2024-09-15,SKU0032,543.0,0.0,22,320.0
2024-09-22,SKU0032,463.0,0.0,22,320.0
2024-10-01,SKU0032,361.0,0.0,22,320.0
2024-10-08,SKU0032,279.0,664.0,22,320.0
2024-10-15,SKU0032,191.0,664.0,22,320.0
2024-10-22,SKU0032,708.0,0.0,22,320.0
2024-11-01,SKU0032,578.0,0.0,22,320.0
2024-11-08,SKU0032,486.0,0.0,22,320.0
2024-11-15,SKU0032,400.0,0.0,22,320.0
2024-11-22,SKU0032,306.0,681.0,22,320.0
2024-12-01,SKU0032,120.0,681.0,22,320.0
2024-12-08,SKU0032,716.0,0.0,22,320.0
2024-12-15,SKU0032,641.0,0.0,22,320.0
2024-12-22,SKU0032,548.0,0.0,22,320.0
2025-01-01,SKU0032,407.0,0.0,22,320.0
2025-01-08,SKU0032,258.0,586.0,22,320.0
2025-01-15,SKU0032,168.0,586.0,22,320.0
2025-01-22,SKU0032,664.0,0.0,22,320.0
2025-02-01,SKU0032,544.0,0.0,22,320.0
2025-02-08,SKU0032,440.0,0.0,22,320.0
2025-02-15,SKU0032,338.0,0.0,22,320.0
2025-02-22,SKU0032,231.0,570.0,22,320.0
2025-03-01,SKU0032,124.0,570.0,22,320.0
2025-03-08,SKU0032,601.0,0.0,22,320.0
2025-03-15,SKU0032,497.0,0.0,22,320.0
2025-03-22,SKU0032,385.0,0.0,22,320.0
2025-04-01,SKU0032,223.0,638.0,22,320.0
2025-04-08,SKU0032,102.0,638.0,22,320.0
2025-04-15,SKU0032,638.0,0.0,22,320.0
2025-04-22,SKU0032,525.0,0.0,22,320.0
2025-05-01,SKU0032,373.0,0.0,22,320.0
2025-05-08,SKU0032,776.0,0.0,22,320.0
2025-05-15,SKU0032,667.0,0.0,22,320.0
2025-05-22,SKU0032,545.0,0.0,22,320.0
2025-06-01,SKU0032,397.0,0.0,22,320.0
2025-06-08,SKU0032,291.0,703.0,22,320.0
2025-06-15,SKU0032,159.0,703.0,22,320.0
2025-06-22,SKU0032,693.0,0.0,22,320.0
2025-07-01,SKU0032,558.0,0.0,22,320.0
2025-07-08,SKU0032,444.0,0.0,22,320.0
2025-07-15,SKU0032,347.0,0.0,22,320.0
2025-07-22,SKU0032,251.0,712.0,22,320.0
2025-08-01,SKU0032,93.0,712.0,22,320.0
2025-08-08,SKU0032,711.0,0.0,22,320.0
2025-08-15,SKU0032,603.0,0.0,22,320.0
2025-08-22,SKU0032,504.0,0.0,22,320.0
2025-09-01,SKU0032,373.0,0.0,22,320.0
2025-09-08,SKU0032,286.0,501.0,22,320.0
2025-09-15,SKU0032,196.0,501.0,22,320.0
2025-09-22,SKU0032,610.0,0.0,22,320.0
2025-10-01,SKU0032,491.0,0.0,22,320.0
2025-10-08,SKU0032,397.0,0.0,22,320.0
2025-10-15,SKU0032,285.0,672.0,22,320.0
2025-10-22,SKU0032,124.0,672.0,22,320.0
2025-11-01,SKU0032,670.0,0.0,22,320.0
2025-11-08,SKU0032,578.0,0.0,22,320.0
2025-11-15,SKU0032,487.0,0.0,22,320.0
2025-11-22,SKU0032,399.0,0.0,22,320.0
2025-12-01,SKU0032,210.0,632.0,22,320.0
2025-12-08,SKU0032,105.0,632.0,22,320.0
2025-12-15,SKU0032,643.0,0.0,22,320.0
2025-12-22,SKU0032,535.0,0.0,22,320.0
2025-04-08,SKU0033,235.0,0.0,14,172.0
2025-04-15,SKU0033,151.0,726.0,14,172.0
2025-04-22,SKU0033,780.0,0.0,14,172.0
2025-05-01,SKU0033,643.0,0.0,14,172.0
2025-05-08,SKU0033,566.0,0.0,14,172.0
2025-05-15,SKU0033,468.0,0.0,14,172.0
2025-05-22,SKU0033,373.0,0.0,14,172.0
2025-06-01,SKU0033,263.0,0.0,14,172.0
2025-06-08,SKU0033,197.0,0.0,14,172.0
2025-06-15,SKU0033,780.0,0.0,14,172.0
2025-06-22,SKU0033,662.0,0.0,14,172.0
2025-07-01,SKU0033,547.0,0.0,14,172.0
2025-07-08,SKU0033,486.0,0.0,14,172.0
2025-07-15,SKU0033,412.0,0.0,14,172.0
2025-07-22,SKU0033,352.0,0.0,14,172.0
2025-08-01,SKU0033,251.0,0.0,14,172.0
2025-08-08,SKU0033,193.0,0.0,14,172.0
2025-08-15,SKU0033,144.0,586.0,14,172.0
2025-08-22,SKU0033,676.0,0.0,14,172.0
2025-09-01,SKU0033,592.0,0.0,14,172.0
2025-09-08,SKU0033,546.0,0.0,14,172.0
2025-09-15,SKU0033,509.0,0.0,14,172.0
2025-09-22,SKU0033,466.0,0.0,14,172.0
2025-10-01,SKU0033,421.0,0.0,14,172.0
2025-10-08,SKU0033,375.0,0.0,14,172.0
2025-10-15,SKU0033,342.0,0.0,14,172.0
2025-10-22,SKU0033,273.0,0.0,14,172.0
2025-11-01,SKU0033,222.0,0.0,14,172.0
2025-11-08,SKU0033,176.0,0.0,14,172.0
2025-11-15,SKU0033,945.0,0.0,14,172.0
2025-11-22,SKU0033,905.0,0.0,14,172.0
2025-12-01,SKU0033,802.0,0.0,14,172.0
2025-12-08,SKU0033,753.0,0.0,14,172.0
2025-12-15,SKU0033,705.0,0.0,14,172.0
2025-12-22,SKU0033,654.0,0.0,14,172.0
2025-02-22,SKU0034,10.0,656.0,25,379.0
2025-03-01,SKU0034,1.0,656.0,25,379.0
2025-03-08,SKU0034,1.0,656.0,25,379.0
2025-03-15,SKU0034,657.0,0.0,25,379.0
2025-03-22,SKU0034,476.0,0.0,25,379.0
2025-04-01,SKU0034,209.0,740.0,25,379.0
2025-04-08,SKU0034,17.0,740.0,25,379.0
2025-04-15,SKU0034,575.0,0.0,25,379.0
2025-04-22,SKU0034,402.0,0.0,25,379.0
2025-05-01,SKU0034,124.0,755.0,25,379.0
2025-05-08,SKU0034,704.0,0.0,25,379.0
2025-05-15,SKU0034,526.0,0.0,25,379.0
2025-05-22,SKU0034,348.0,636.0,25,379.0
2025-06-01,SKU0034,725.0,0.0,25,379.0
2025-06-08,SKU0034,550.0,0.0,25,379.0
2025-06-15,SKU0034,337.0,662.0,25,379.0
2025-06-22,SKU0034,27.0,662.0,25,379.0
2025-07-01,SKU0034,469.0,0.0,25,379.0
2025-07-08,SKU0034,315.0,646.0,25,379.0
2025-07-15,SKU0034,187.0,646.0,25,379.0
2025-07-22,SKU0034,676.0,0.0,25,379.0
2025-08-01,SKU0034,499.0,0.0,25,379.0
2025-08-08,SKU0034,397.0,0.0,25,379.0
2025-08-15,SKU0034,1068.0,0.0,25,379.0
2025-08-22,SKU0034,955.0,0.0,25,379.0
2025-09-01,SKU0034,813.0,0.0,25,379.0
2025-09-08,SKU0034,705.0,0.0,25,379.0
2025-09-15,SKU0034,618.0,0.0,25,379.0
2025-09-22,SKU0034,542.0,0.0,25,379.0
2025-10-01,SKU0034,416.0,0.0,25,379.0
2025-10-08,SKU0034,316.0,594.0,25,379.0
2025-10-15,SKU0034,200.0,594.0,25,379.0
2025-10-22,SKU0034,38.0,594.0,25,379.0
2025-11-01,SKU0034,510.0,0.0,25,379.0
2025-11-08,SKU0034,447.0,0.0,25,379.0
2025-11-15,SKU0034,342.0,836.0,25,379.0
2025-11-22,SKU0034,1067.0,0.0,25,379.0
2025-12-01,SKU0034,856.0,0.0,25,379.0
2025-12-08,SKU0034,739.0,0.0,25,379.0
2025-12-15,SKU0034,612.0,0.0,25,379.0
2025-12-22,SKU0034,495.0,0.0,25,379.0
2024-09-15,SKU0035,143.0,505.0,29,234.0
2024-09-22,SKU0035,116.0,505.0,29,234.0
2024-10-01,SKU0035,79.0,505.0,29,234.0
2024-10-08,SKU0035,48.0,505.0,29,234.0
2024-10-15,SKU0035,520.0,0.0,29,234.0
2024-10-22,SKU0035,469.0,0.0,29,234.0
2024-11-01,SKU0035,435.0,0.0,29,234.0
2024-11-08,SKU0035,398.0,0.0,29,234.0
2024-11-15,SKU0035,367.0,0.0,29,234.0
2024-11-22,SKU0035,342.0,0.0,29,234.0
2024-12-01,SKU0035,275.0,0.0,29,234.0
2024-12-08,SKU0035,235.0,0.0,29,234.0
2024-12-15,SKU0035,769.0,0.0,29,234.0
2024-12-22,SKU0035,741.0,0.0,29,234.0
2025-01-01,SKU0035,658.0,0.0,29,234.0
2025-01-08,SKU0035,586.0,0.0,29,234.0
2025-01-15,SKU0035,547.0,0.0,29,234.0
2025-01-22,SKU0035,500.0,0.0,29,234.0
2025-02-01,SKU0035,427.0,0.0,29,234.0
2025-02-08,SKU0035,371.0,0.0,29,234.0
2025-02-15,SKU0035,311.0,0.0,29,234.0
2025-02-22,SKU0035,259.0,0.0,29,234.0
2025-03-01,SKU0035,198.0,368.0,29,234.0
2025-03-08,SKU0035,503.0,0.0,29,234.0
2025-03-15,SKU0035,432.0,0.0,29,234.0
2025-03-22,SKU0035,372.0,0.0,29,234.0
2025-04-01,SKU0035,291.0,0.0,29,234.0
2025-04-08,SKU0035,223.0,579.0,29,234.0
2025-04-15,SKU0035,152.0,579.0,29,234.0
2025-04-22,SKU0035,90.0,579.0,29,234.0
2025-05-01,SKU0035,1.0,579.0,29,234.0
2025-05-08,SKU0035,534.0,0.0,29,234.0
2025-05-15,SKU0035,474.0,0.0,29,234.0
2025-05-22,SKU0035,412.0,0.0,29,234.0
2025-06-01,SKU0035,332.0,0.0,29,234.0
2025-06-08,SKU0035,260.0,0.0,29,234.0
2025-06-15,SKU0035,203.0,417.0,29,234.0
2025-06-22,SKU0035,108.0,417.0,29,234.0
2025-07-01,SKU0035,451.0,0.0,29,234.0
2025-07-08,SKU0035,396.0,0.0,29,234.0
2025-07-15,SKU0035,351.0,0.0,29,234.0
2025-07-22,SKU0035,314.0,0.0,29,234.0
2025-08-01,SKU0035,241.0,0.0,29,234.0
2025-08-08,SKU0035,207.0,465.0,29,234.0
2025-08-15,SKU0035,163.0,465.0,29,234.0
2025-08-22,SKU0035,136.0,465.0,29,234.0
2025-09-01,SKU0035,537.0,0.0,29,234.0
2025-09-08,SKU0035,505.0,0.0,29,234.0
2025-09-15,SKU0035,474.0,0.0,29,234.0
2025-09-22,SKU0035,444.0,0.0,29,234.0
2025-10-01,SKU0035,397.0,0.0,29,234.0
2025-10-08,SKU0035,362.0,0.0,29,234.0
2025-10-15,SKU0035,330.0,0.0,29,234.0
2025-10-22,SKU0035,291.0,0.0,29,234.0
2025-11-01,SKU0035,262.0,0.0,29,234.0
2025-11-08,SKU0035,236.0,0.0,29,234.0
2025-11-15,SKU0035,202.0,496.0,29,234.0
2025-11-22,SKU0035,178.0,496.0,29,234.0
2025-12-01,SKU0035,614.0,0.0,29,234.0
2025-12-08,SKU0035,564.0,0.0,29,234.0
2025-12-15,SKU0035,534.0,0.0,29,234.0
2025-12-22,SKU0035,492.0,0.0,29,234.0
2024-08-08,SKU0036,161.0,1361.0,17,745.0
2024-08-15,SKU0036,1.0,1361.0,17,745.0
2024-08-22,SKU0036,1361.0,0.0,17,745.0
2024-09-01,SKU0036,1039.0,0.0,17,745.0
2024-09-08,SKU0036,857.0,0.0,17,745.0
2024-09-15,SKU0036,649.0,1508.0,17,745.0
2024-09-22,SKU0036,440.0,1508.0,17,745.0
2024-10-01,SKU0036,1675.0,0.0,17,745.0
2024-10-08,SKU0036,1470.0,0.0,17,745.0
2024-10-15,SKU0036,1194.0,0.0,17,745.0
2024-10-22,SKU0036,951.0,0.0,17,745.0
2024-11-01,SKU0036,682.0,1336.0,17,745.0
2024-11-08,SKU0036,466.0,1336.0,17,745.0
2024-11-15,SKU0036,1619.0,0.0,17,745.0
2024-11-22,SKU0036,1407.0,0.0,17,745.0
2024-12-01,SKU0036,1099.0,0.0,17,745.0
2024-12-08,SKU0036,921.0,0.0,17,745.0
2024-12-15,SKU0036,723.0,1404.0,17,745.0
2024-12-22,SKU0036,1977.0,0.0,17,745.0
2025-01-01,SKU0036,1695.0,0.0,17,745.0
2025-01-08,SKU0036,1411.0,0.0,17,745.0
2025-01-15,SKU0036,1243.0,0.0,17,745.0
2025-01-22,SKU0036,1070.0,0.0,17,745.0
2025-02-01,SKU0036,885.0,0.0,17,745.0
2025-02-08,SKU0036,755.0,0.0,17,745.0
2025-02-15,SKU0036,599.0,1847.0,17,745.0
2025-02-22,SKU0036,422.0,1847.0,17,745.0
2025-03-01,SKU0036,2120.0,0.0,17,745.0
2025-03-08,SKU0036,1989.0,0.0,17,745.0
2025-03-15,SKU0036,1839.0,0.0,17,745.0
2025-03-22,SKU0036,1683.0,0.0,17,745.0
2025-04-01,SKU0036,1546.0,0.0,17,745.0
2025-04-08,SKU0036,1434.0,0.0,17,745.0
2025-04-15,SKU0036,1336.0,0.0,17,745.0
2025-04-22,SKU0036,1260.0,0.0,17,745.0
2025-05-01,SKU0036,1112.0,0.0,17,745.0
2025-05-08,SKU0036,1006.0,0.0,17,745.0
2025-05-15,SKU0036,893.0,0.0,17,745.0
2025-05-22,SKU0036,813.0,0.0,17,745.0
2025-06-01,SKU0036,751.0,0.0,17,745.0
2025-06-08,SKU0036,2460.0,0.0,17,745.0
2025-06-15,SKU0036,2381.0,0.0,17,745.0
2025-06-22,SKU0036,2305.0,0.0,17,745.0
2025-07-01,SKU0036,2244.0,0.0,17,745.0
2025-07-08,SKU0036,2171.0,0.0,17,745.0
2025-07-15,SKU0036,2080.0,0.0,17,745.0
2025-07-22,SKU0036,2029.0,0.0,17,745.0
2025-08-01,SKU0036,1984.0,0.0,17,745.0
2025-08-08,SKU0036,1955.0,0.0,17,745.0
2025-08-15,SKU0036,1919.0,0.0,17,745.0
2025-08-22,SKU0036,1909.0,0.0,17,745.0
2025-09-01,SKU0036,1863.0,0.0,17,745.0
2025-09-08,SKU0036,1848.0,0.0,17,745.0
2025-09-15,SKU0036,1825.0,0.0,17,745.0
2025-09-22,SKU0036,1789.0,0.0,17,745.0
2025-10-01,SKU0036,1763.0,0.0,17,745.0
2025-10-08,SKU0036,1731.0,0.0,17,745.0
2025-10-15,SKU0036,1700.0,0.0,17,745.0
2025-10-22,SKU0036,1668.0,0.0,17,745.0
2025-11-01,SKU0036,1662.0,0.0,17,745.0
2025-11-08,SKU0036,1644.0,0.0,17,745.0
2025-11-15,SKU0036,1629.0,0.0,17,745.0
2025-11-22,SKU0036,1604.0,0.0,17,745.0
2025-12-01,SKU0036,1596.0,0.0,17,745.0
2025-12-08,SKU0036,1555.0,0.0,17,745.0
2025-12-15,SKU0036,1551.0,0.0,17,745.0
2025-12-22,SKU0036,1526.0,0.0,17,745.0
2025-03-22,SKU0037,98.0,1140.0,22,659.0
2025-04-01,SKU0037,1.0,1140.0,22,659.0
2025-04-08,SKU0037,1.0,1140.0,22,659.0
2025-04-15,SKU0037,1062.0,0.0,22,659.0
2025-04-22,SKU0037,801.0,0.0,22,659.0
2025-05-01,SKU0037,500.0,1295.0,22,659.0
2025-05-08,SKU0037,1547.0,0.0,22,659.0
2025-05-15,SKU0037,1313.0,0.0,22,659.0
2025-05-22,SKU0037,1053.0,0.0,22,659.0
2025-06-01,SKU0037,697.0,0.0,22,659.0
2025-06-08,SKU0037,476.0,1637.0,22,659.0
2025-06-15,SKU0037,213.0,1637.0,22,659.0
2025-06-22,SKU0037,1435.0,0.0,22,659.0
2025-07-01,SKU0037,1116.0,0.0,22,659.0
2025-07-08,SKU0037,864.0,0.0,22,659.0
2025-07-15,SKU0037,654.0,1227.0,22,659.0
2025-07-22,SKU0037,412.0,1227.0,22,659.0
2025-08-01,SKU0037,1363.0,0.0,22,659.0
2025-08-08,SKU0037,1173.0,0.0,22,659.0
2025-08-15,SKU0037,995.0,0.0,22,659.0
2025-08-22,SKU0037,807.0,0.0,22,659.0
2025-09-01,SKU0037,534.0,1117.0,22,659.0
2025-09-08,SKU0037,371.0,1117.0,22,659.0
2025-09-15,SKU0037,1316.0,0.0,22,659.0
2025-09-22,SKU0037,1161.0,0.0,22,659.0
2025-10-01,SKU0037,931.0,0.0,22,659.0
2025-10-08,SKU0037,746.0,0.0,22,659.0
2025-10-15,SKU0037,536.0,1616.0,22,659.0
2025-10-22,SKU0037,254.0,1616.0,22,659.0
2025-11-01,SKU0037,1622.0,0.0,22,659.0
2025-11-08,SKU0037,1467.0,0.0,22,659.0
2025-11-15,SKU0037,1293.0,0.0,22,659.0
2025-11-22,SKU0037,1104.0,0.0,22,659.0
2025-12-01,SKU0037,751.0,0.0,22,659.0
2025-12-08,SKU0037,563.0,1484.0,22,659.0
2025-12-15,SKU0037,1861.0,0.0,22,659.0
2025-12-22,SKU0037,1695.0,0.0,22,659.0
2024-07-08,SKU0038,231.0,420.0,7,245.0
2024-07-15,SKU0038,441.0,0.0,7,245.0
2024-07-22,SKU0038,212.0,387.0,7,245.0
2024-08-01,SKU0038,248.0,0.0,7,245.0
2024-08-08,SKU0038,40.0,470.0,7,245.0
2024-08-15,SKU0038,288.0,0.0,7,245.0
2024-08-22,SKU0038,76.0,397.0,7,245.0
2024-09-01,SKU0038,611.0,0.0,7,245.0
2024-09-08,SKU0038,418.0,0.0,7,245.0
2024-09-15,SKU0038,200.0,547.0,7,245.0
2024-09-22,SKU0038,548.0,0.0,7,245.0
2024-10-01,SKU0038,279.0,0.0,7,245.0
2024-10-08,SKU0038,659.0,0.0,7,245.0
2024-10-15,SKU0038,398.0,0.0,7,245.0
2024-10-22,SKU0038,33.0,559.0,7,245.0
2024-11-01,SKU0038,343.0,0.0,7,245.0
2024-11-08,SKU0038,507.0,0.0,7,245.0
2024-11-15,SKU0038,302.0,0.0,7,245.0
2024-11-22,SKU0038,637.0,0.0,7,245.0
2024-12-01,SKU0038,193.0,413.0,7,245.0
2024-12-08,SKU0038,362.0,0.0,7,245.0
2024-12-15,SKU0038,524.0,0.0,7,245.0
2024-12-22,SKU0038,300.0,0.0,7,245.0
2025-01-01,SKU0038,505.0,0.0,7,245.0
2025-01-08,SKU0038,119.0,578.0,7,245.0
2025-01-15,SKU0038,478.0,0.0,7,245.0
2025-01-22,SKU0038,227.0,494.0,7,245.0
2025-02-01,SKU0038,337.0,0.0,7,245.0
2025-02-08,SKU0038,500.0,0.0,7,245.0
2025-02-15,SKU0038,242.0,551.0,7,245.0
2025-02-22,SKU0038,525.0,0.0,7,245.0
2025-03-01,SKU0038,244.0,591.0,7,245.0
2025-03-08,SKU0038,564.0,0.0,7,245.0
2025-03-15,SKU0038,287.0,0.0,7,245.0
2025-03-22,SKU0038,608.0,0.0,7,245.0
2025-04-01,SKU0038,202.0,473.0,7,245.0
2025-04-08,SKU0038,395.0,0.0,7,245.0
2025-04-15,SKU0038,109.0,381.0,7,245.0
2025-04-22,SKU0038,221.0,498.0,7,245.0
2025-05-01,SKU0038,331.0,0.0,7,245.0
2025-05-08,SKU0038,33.0,449.0,7,245.0
2025-05-15,SKU0038,189.0,554.0,7,245.0
2025-05-22,SKU0038,430.0,0.0,7,245.0
2025-06-01,SKU0038,620.0,0.0,7,245.0
2025-06-08,SKU0038,331.0,0.0,7,245.0
2025-06-15,SKU0038,482.0,0.0,7,245.0
2025-06-22,SKU0038,583.0,0.0,7,245.0
2025-07-01,SKU0038,222.0,515.0,7,245.0
2025-07-08,SKU0038,478.0,0.0,7,245.0
2025-07-15,SKU0038,197.0,484.0,7,245.0
2025-07-22,SKU0038,404.0,0.0,7,245.0
2025-08-01,SKU0038,541.0,0.0,7,245.0
2025-08-08,SKU0038,297.0,0.0,7,245.0
2025-08-15,SKU0038,404.0,0.0,7,245.0
2025-08-22,SKU0038,555.0,0.0,7,245.0
2025-09-01,SKU0038,219.0,495.0,7,245.0
2025-09-08,SKU0038,492.0,0.0,7,245.0
2025-09-15,SKU0038,253.0,0.0,7,245.0
2025-09-22,SKU0038,503.0,0.0,7,245.0
2025-10-01,SKU0038,171.0,580.0,7,245.0
2025-10-08,SKU0038,529.0,0.0,7,245.0
2025-10-15,SKU0038,254.0,0.0,7,245.0
2025-10-22,SKU0038,366.0,0.0,7,245.0
2025-11-01,SKU0038,491.0,0.0,7,245.0
2025-11-08,SKU0038,250.0,0.0,7,245.0
2025-11-15,SKU0038,452.0,0.0,7,245.0
2025-11-22,SKU0038,229.0,503.0,7,245.0
2025-12-01,SKU0038,332.0,0.0,7,245.0
2025-12-08,SKU0038,474.0,0.0,7,245.0
2025-12-15,SKU0038,196.0,598.0,7,245.0
2025-12-22,SKU0038,506.0,0.0,7,245.0
2024-05-01,SKU0039,82.0,0.0,8,76.0
2024-05-08,SKU0039,192.0,0.0,8,76.0
2024-05-15,SKU0039,114.0,0.0,8,76.0
2024-05-22,SKU0039,48.0,130.0,8,76.0
2024-06-01,SKU0039,72.0,185.0,8,76.0
2024-06-08,SKU0039,8.0,185.0,8,76.0
2024-06-15,SKU0039,129.0,0.0,8,76.0
2024-06-22,SKU0039,34.0,176.0,8,76.0
2024-07-01,SKU0039,120.0,0.0,8,76.0
2024-07-08,SKU0039,72.0,129.0,8,76.0
2024-07-15,SKU0039,159.0,0.0,8,76.0
2024-07-22,SKU0039,109.0,0.0,8,76.0
2024-08-01,SKU0039,154.0,0.0,8,76.0
2024-08-08,SKU0039,122.0,0.0,8,76.0
2024-08-15,SKU0039,86.0,0.0,8,76.0
2024-08-22,SKU0039,168.0,0.0,8,76.0
2024-09-01,SKU0039,104.0,0.0,8,76.0
2024-09-08,SKU0039,70.0,181.0,8,76.0
2024-09-15,SKU0039,207.0,0.0,8,76.0
2024-09-22,SKU0039,164.0,0.0,8,76.0
2024-10-01,SKU0039,111.0,0.0,8,76.0
2024-10-08,SKU0039,77.0,0.0,8,76.0
2024-10-15,SKU0039,166.0,0.0,8,76.0
2024-10-22,SKU0039,108.0,0.0,8,76.0
2024-11-01,SKU0039,179.0,0.0,8,76.0
2024-11-08,SKU0039,146.0,0.0,8,76.0
2024-11-15,SKU0039,121.0,0.0,8,76.0
2024-11-22,SKU0039,86.0,0.0,8,76.0
2024-12-01,SKU0039,17.0,185.0,8,76.0
2024-12-08,SKU0039,153.0,0.0,8,76.0
2024-12-15,SKU0039,100.0,0.0,8,76.0
2024-12-22,SKU0039,57.0,126.0,8,76.0
2025-01-01,SKU0039,108.0,0.0,8,76.0
2025-01-08,SKU0039,23.0,179.0,8,76.0
2025-01-15,SKU0039,142.0,0.0,8,76.0
2025-01-22,SKU0039,99.0,0.0,8,76.0
2025-02-01,SKU0039,210.0,0.0,8,76.0
2025-02-08,SKU0039,149.0,0.0,8,76.0
2025-02-15,SKU0039,76.0,154.0,8,76.0
2025-02-22,SKU0039,166.0,0.0,8,76.0
2025-03-01,SKU0039,102.0,0.0,8,76.0
2025-03-08,SKU0039,195.0,0.0,8,76.0
2025-03-15,SKU0039,119.0,0.0,8,76.0
2025-03-22,SKU0039,49.0,154.0,8,76.0
2025-04-01,SKU0039,97.0,0.0,8,76.0
2025-04-08,SKU0039,20.0,176.0,8,76.0
2025-04-15,SKU0039,116.0,0.0,8,76.0
2025-04-22,SKU0039,35.0,136.0,8,76.0
2025-05-01,SKU0039,67.0,147.0,8,76.0
2025-05-08,SKU0039,130.0,0.0,8,76.0
2025-05-15,SKU0039,60.0,121.0,8,76.0
2025-05-22,SKU0039,103.0,0.0,8,76.0
2025-06-01,SKU0039,131.0,0.0,8,76.0
2025-06-08,SKU0039,75.0,156.0,8,76.0
2025-06-15,SKU0039,164.0,0.0,8,76.0
2025-06-22,SKU0039,43.0,140.0,8,76.0
2025-07-01,SKU0039,121.0,0.0,8,76.0
2025-07-08,SKU0039,59.0,123.0,8,76.0
2025-07-15,SKU0039,127.0,0.0,8,76.0
2025-07-22,SKU0039,76.0,162.0,8,76.0
2025-08-01,SKU0039,166.0,0.0,8,76.0
2025-08-08,SKU0039,119.0,0.0,8,76.0
2025-08-15,SKU0039,74.0,171.0,8,76.0
2025-08-22,SKU0039,33.0,171.0,8,76.0
2025-09-01,SKU0039,151.0,0.0,8,76.0
2025-09-08,SKU0039,109.0,0.0,8,76.0
2025-09-15,SKU0039,78.0,0.0,8,76.0
2025-09-22,SKU0039,38.0,123.0,8,76.0
2025-10-01,SKU0039,109.0,0.0,8,76.0
2025-10-08,SKU0039,74.0,126.0,8,76.0
2025-10-15,SKU0039,155.0,0.0,8,76.0
2025-10-22,SKU0039,102.0,0.0,8,76.0
2025-11-01,SKU0039,62.0,121.0,8,76.0
2025-11-08,SKU0039,150.0,0.0,8,76.0
2025-11-15,SKU0039,113.0,0.0,8,76.0
2025-11-22,SKU0039,78.0,0.0,8,76.0
2025-12-01,SKU0039,140.0,0.0,8,76.0
2025-12-08,SKU0039,87.0,0.0,8,76.0
2025-12-15,SKU0039,165.0,0.0,8,76.0
2025-12-22,SKU0039,125.0,0.0,8,76.0
2024-11-01,SKU0040,331.0,0.0,16,28.0
2024-11-08,SKU0040,323.0,0.0,16,28.0
2024-11-15,SKU0040,315.0,0.0,16,28.0
2024-11-22,SKU0040,303.0,0.0,16,28.0
2024-12-01,SKU0040,280.0,0.0,16,28.0
2024-12-08,SKU0040,269.0,0.0,16,28.0
2024-12-15,SKU0040,259.0,0.0,16,28.0
2024-12-22,SKU0040,249.0,0.0,16,28.0
2025-01-01,SKU0040,227.0,0.0,16,28.0
2025-01-08,SKU0040,198.0,0.0,16,28.0
2025-01-15,SKU0040,181.0,0.0,16,28.0
2025-01-22,SKU0040,163.0,0.0,16,28.0
2025-02-01,SKU0040,139.0,0.0,16,28.0
2025-02-08,SKU0040,115.0,0.0,16,28.0
2025-02-15,SKU0040,98.0,0.0,16,28.0
2025-02-22,SKU0040,79.0,0.0,16,28.0
2025-03-01,SKU0040,57.0,0.0,16,28.0
2025-03-08,SKU0040,35.0,0.0,16,28.0
2025-03-15,SKU0040,14.0,58.0,16,28.0
2025-03-22,SKU0040,50.0,0.0,16,28.0
2025-04-01,SKU0040,16.0,55.0,16,28.0
2025-04-08,SKU0040,43.0,0.0,16,28.0
2025-04-15,SKU0040,21.0,60.0,16,28.0
2025-04-22,SKU0040,56.0,0.0,16,28.0
2025-05-01,SKU0040,24.0,52.0,16,28.0
2025-05-08,SKU0040,55.0,0.0,16,28.0
2025-05-15,SKU0040,33.0,0.0,16,28.0
2025-05-22,SKU0040,59.0,0.0,16,28.0
2025-06-01,SKU0040,26.0,46.0,16,28.0
2025-06-08,SKU0040,51.0,0.0,16,28.0
2025-06-15,SKU0040,26.0,51.0,16,28.0
2025-06-22,SKU0040,0.0,51.0,16,28.0
2025-07-01,SKU0040,27.0,45.0,16,28.0
2025-07-08,SKU0040,9.0,45.0,16,28.0
2025-07-15,SKU0040,37.0,0.0,16,28.0
2025-07-22,SKU0040,17.0,55.0,16,28.0
2025-08-01,SKU0040,42.0,0.0,16,28.0
2025-08-08,SKU0040,27.0,67.0,16,28.0
2025-08-15,SKU0040,79.0,0.0,16,28.0
2025-08-22,SKU0040,62.0,0.0,16,28.0
2025-09-01,SKU0040,41.0,0.0,16,28.0
2025-09-08,SKU0040,29.0,0.0,16,28.0
2025-09-15,SKU0040,87.0,0.0,16,28.0
2025-09-22,SKU0040,76.0,0.0,16,28.0
2025-10-01,SKU0040,62.0,0.0,16,28.0
2025-10-08,SKU0040,54.0,0.0,16,28.0
2025-10-15,SKU0040,40.0,0.0,16,28.0
2025-10-22,SKU0040,24.0,67.0,16,28.0
2025-11-01,SKU0040,76.0,0.0,16,28.0
2025-11-08,SKU0040,63.0,0.0,16,28.0
2025-11-15,SKU0040,54.0,0.0,16,28.0
2025-11-22,SKU0040,43.0,0.0,16,28.0
2025-12-01,SKU0040,25.0,70.0,16,28.0
2025-12-08,SKU0040,8.0,70.0,16,28.0
2025-12-15,SKU0040,0.0,70.0,16,28.0
2025-12-22,SKU0040,55.0,0.0,16,28.0
2025-05-01,SKU0041,1.0,855.0,18,459.0
2025-05-08,SKU0041,1.0,855.0,18,459.0
2025-05-15,SKU0041,1.0,855.0,18,459.0
2025-05-22,SKU0041,678.0,0.0,18,459.0
2025-06-01,SKU0041,281.0,821.0,18,459.0
2025-06-08,SKU0041,818.0,0.0,18,459.0
2025-06-15,SKU0041,555.0,0.0,18,459.0
2025-06-22,SKU0041,128.0,1084.0,18,459.0
2025-07-01,SKU0041,881.0,0.0,18,459.0
2025-07-08,SKU0041,676.0,0.0,18,459.0
2025-07-15,SKU0041,451.0,953.0,18,459.0
2025-07-22,SKU0041,201.0,953.0,18,459.0
2025-08-01,SKU0041,864.0,0.0,18,459.0
2025-08-08,SKU0041,721.0,0.0,18,459.0
2025-08-15,SKU0041,552.0,0.0,18,459.0
2025-08-22,SKU0041,365.0,797.0,18,459.0
2025-09-01,SKU0041,121.0,797.0,18,459.0
2025-09-08,SKU0041,762.0,0.0,18,459.0
2025-09-15,SKU0041,638.0,0.0,18,459.0
2025-09-22,SKU0041,460.0,0.0,18,459.0
2025-10-01,SKU0041,267.0,1001.0,18,459.0
2025-10-08,SKU0041,108.0,1001.0,18,459.0
2025-10-15,SKU0041,967.0,0.0,18,459.0
2025-10-22,SKU0041,762.0,0.0,18,459.0
2025-11-01,SKU0041,541.0,0.0,18,459.0
2025-11-08,SKU0041,391.0,1081.0,18,459.0
2025-11-15,SKU0041,1329.0,0.0,18,459.0
2025-11-22,SKU0041,1199.0,0.0,18,459.0
2025-12-01,SKU0041,886.0,0.0,18,459.0
2025-12-08,SKU0041,677.0,0.0,18,459.0
2025-12-15,SKU0041,496.0,0.0,18,459.0
2025-12-22,SKU0041,1304.0,0.0,18,459.0
2024-03-08,SKU0042,0.0,799.0,16,486.0
2024-03-15,SKU0042,0.0,799.0,16,486.0
2024-03-22,SKU0042,800.0,0.0,16,486.0
2024-04-01,SKU0042,490.0,0.0,16,486.0
2024-04-08,SKU0042,1397.0,0.0,16,486.0
2024-04-15,SKU0042,1208.0,0.0,16,486.0
2024-04-22,SKU0042,1022.0,0.0,16,486.0
2024-05-01,SKU0042,720.0,0.0,16,486.0
2024-05-08,SKU0042,548.0,0.0,16,486.0
2024-05-15,SKU0042,348.0,885.0,16,486.0
2024-05-22,SKU0042,141.0,885.0,16,486.0
2024-06-01,SKU0042,719.0,0.0,16,486.0
2024-06-08,SKU0042,513.0,0.0,16,486.0
2024-06-15,SKU0042,1122.0,0.0,16,486.0
2024-06-22,SKU0042,758.0,0.0,16,486.0
2024-07-01,SKU0042,442.0,999.0,16,486.0
2024-07-08,SKU0042,237.0,999.0,16,486.0
2024-07-15,SKU0042,1021.0,0.0,16,486.0
2024-07-22,SKU0042,818.0,0.0,16,486.0
2024-08-01,SKU0042,491.0,0.0,16,486.0
2024-08-08,SKU0042,280.0,1055.0,16,486.0
2024-08-15,SKU0042,1098.0,0.0,16,486.0
2024-08-22,SKU0042,929.0,0.0,16,486.0
2024-09-01,SKU0042,633.0,0.0,16,486.0
2024-09-08,SKU0042,423.0,989.0,16,486.0
2024-09-15,SKU0042,1234.0,0.0,16,486.0
2024-09-22,SKU0042,1043.0,0.0,16,486.0
2024-10-01,SKU0042,760.0,0.0,16,486.0
2024-10-08,SKU0042,567.0,0.0,16,486.0
2024-10-15,SKU0042,298.0,1078.0,16,486.0
2024-10-22,SKU0042,1026.0,0.0,16,486.0
2024-11-01,SKU0042,709.0,0.0,16,486.0
2024-11-08,SKU0042,508.0,0.0,16,486.0
2024-11-15,SKU0042,321.0,1201.0,16,486.0
2024-11-22,SKU0042,1315.0,0.0,16,486.0
2024-12-01,SKU0042,883.0,0.0,16,486.0
2024-12-08,SKU0042,682.0,0.0,16,486.0
2024-12-15,SKU0042,473.0,1165.0,16,486.0
2024-12-22,SKU0042,1414.0,0.0,16,486.0
2025-01-01,SKU0042,1053.0,0.0,16,486.0
2025-01-08,SKU0042,695.0,0.0,16,486.0
2025-01-15,SKU0042,502.0,0.0,16,486.0
2025-01-22,SKU0042,1099.0,0.0,16,486.0
2025-02-01,SKU0042,796.0,0.0,16,486.0
2025-02-08,SKU0042,539.0,0.0,16,486.0
2025-02-15,SKU0042,265.0,1050.0,16,486.0
2025-02-22,SKU0042,1052.0,0.0,16,486.0
2025-03-01,SKU0042,786.0,0.0,16,486.0
2025-03-08,SKU0042,514.0,0.0,16,486.0
2025-03-15,SKU0042,263.0,906.0,16,486.0
2025-03-22,SKU0042,15.0,906.0,16,486.0
2025-04-01,SKU0042,625.0,0.0,16,486.0
2025-04-08,SKU0042,360.0,964.0,16,486.0
2025-04-15,SKU0042,1051.0,0.0,16,486.0
2025-04-22,SKU0042,781.0,0.0,16,486.0
2025-05-01,SKU0042,454.0,1013.0,16,486.0
2025-05-08,SKU0042,168.0,1013.0,16,486.0
2025-05-15,SKU0042,900.0,0.0,16,486.0
2025-05-22,SKU0042,607.0,0.0,16,486.0
2025-06-01,SKU0042,1471.0,0.0,16,486.0
2025-06-08,SKU0042,1225.0,0.0,16,486.0
2025-06-15,SKU0042,906.0,0.0,16,486.0
2025-06-22,SKU0042,452.0,986.0,16,486.0
2025-07-01,SKU0042,1099.0,0.0,16,486.0
2025-07-08,SKU0042,821.0,0.0,16,486.0
2025-07-15,SKU0042,525.0,0.0,16,486.0
2025-07-22,SKU0042,293.0,929.0,16,486.0
2025-08-01,SKU0042,910.0,0.0,16,486.0
2025-08-08,SKU0042,662.0,0.0,16,486.0
2025-08-15,SKU0042,409.0,1124.0,16,486.0
2025-08-22,SKU0042,1294.0,0.0,16,486.0
2025-09-01,SKU0042,935.0,0.0,16,486.0
2025-09-08,SKU0042,719.0,0.0,16,486.0
2025-09-15,SKU0042,447.0,977.0,16,486.0
2025-09-22,SKU0042,1132.0,0.0,16,486.0
2025-10-01,SKU0042,790.0,0.0,16,486.0
2025-10-08,SKU0042,506.0,0.0,16,486.0
2025-10-15,SKU0042,230.0,883.0,16,486.0
2025-10-22,SKU0042,723.0,0.0,16,486.0
2025-11-01,SKU0042,418.0,1064.0,16,486.0
2025-11-08,SKU0042,1254.0,0.0,16,486.0
2025-11-15,SKU0042,999.0,0.0,16,486.0
2025-11-22,SKU0042,760.0,0.0,16,486.0
2025-12-01,SKU0042,221.0,895.0,16,486.0
2025-12-08,SKU0042,838.0,0.0,16,486.0
2025-12-15,SKU0042,543.0,0.0,16,486.0
2025-12-22,SKU0042,1244.0,0.0,16,486.0
2024-10-22,SKU0043,278.0,0.0,26,117.0
2024-11-01,SKU0043,243.0,0.0,26,117.0
2024-11-08,SKU0043,223.0,0.0,26,117.0
2024-11-15,SKU0043,201.0,0.0,26,117.0
2024-11-22,SKU0043,175.0,0.0,26,117.0
2024-12-01,SKU0043,132.0,0.0,26,117.0
2024-12-08,SKU0043,318.0,0.0,26,117.0
2024-12-15,SKU0043,294.0,0.0,26,117.0
2024-12-22,SKU0043,264.0,0.0,26,117.0
2025-01-01,SKU0043,215.0,0.0,26,117.0
2025-01-08,SKU0043,163.0,0.0,26,117.0
2025-01-15,SKU0043,132.0,0.0,26,117.0
2025-01-22,SKU0043,100.0,211.0,26,117.0
2025-02-01,SKU0043,263.0,0.0,26,117.0
2025-02-08,SKU0043,227.0,0.0,26,117.0
2025-02-15,SKU0043,192.0,0.0,26,117.0
2025-02-22,SKU0043,156.0,0.0,26,117.0
2025-03-01,SKU0043,122.0,0.0,26,117.0
2025-03-08,SKU0043,79.0,193.0,26,117.0
2025-03-15,SKU0043,41.0,193.0,26,117.0
2025-03-22,SKU0043,194.0,0.0,26,117.0
2025-04-01,SKU0043,134.0,0.0,26,117.0
2025-04-08,SKU0043,96.0,274.0,26,117.0
2025-04-15,SKU0043,56.0,274.0,26,117.0
2025-04-22,SKU0043,286.0,0.0,26,117.0
2025-05-01,SKU0043,230.0,0.0,26,117.0
2025-05-08,SKU0043,182.0,0.0,26,117.0
2025-05-15,SKU0043,140.0,0.0,26,117.0
2025-05-22,SKU0043,99.0,273.0,26,117.0
2025-06-01,SKU0043,44.0,273.0,26,117.0
2025-06-08,SKU0043,277.0,0.0,26,117.0
2025-06-15,SKU0043,235.0,0.0,26,117.0
2025-06-22,SKU0043,167.0,0.0,26,117.0
2025-07-01,SKU0043,116.0,273.0,26,117.0
2025-07-08,SKU0043,353.0,0.0,26,117.0
2025-07-15,SKU0043,314.0,0.0,26,117.0
2025-07-22,SKU0043,276.0,0.0,26,117.0
2025-08-01,SKU0043,221.0,0.0,26,117.0
2025-08-08,SKU0043,190.0,0.0,26,117.0
2025-08-15,SKU0043,154.0,0.0,26,117.0
2025-08-22,SKU0043,124.0,0.0,26,117.0
2025-09-01,SKU0043,79.0,213.0,26,117.0
2025-09-08,SKU0043,46.0,213.0,26,117.0
2025-09-15,SKU0043,17.0,213.0,26,117.0
2025-09-22,SKU0043,206.0,0.0,26,117.0
2025-10-01,SKU0043,163.0,0.0,26,117.0
2025-10-08,SKU0043,139.0,0.0,26,117.0
2025-10-15,SKU0043,107.0,265.0,26,117.0
2025-10-22,SKU0043,322.0,0.0,26,117.0
2025-11-01,SKU0043,282.0,0.0,26,117.0
2025-11-08,SKU0043,252.0,0.0,26,117.0
2025-11-15,SKU0043,220.0,0.0,26,117.0
2025-11-22,SKU0043,187.0,0.0,26,117.0
2025-12-01,SKU0043,127.0,0.0,26,117.0
2025-12-08,SKU0043,276.0,0.0,26,117.0
2025-12-15,SKU0043,241.0,0.0,26,117.0
2025-12-22,SKU0043,207.0,0.0,26,117.0
2024-03-08,SKU0044,297.0,0.0,12,54.0
2024-03-15,SKU0044,263.0,0.0,12,54.0
2024-03-22,SKU0044,231.0,0.0,12,54.0
2024-04-01,SKU0044,185.0,0.0,12,54.0
2024-04-08,SKU0044,149.0,0.0,12,54.0
2024-04-15,SKU0044,116.0,0.0,12,54.0
2024-04-22,SKU0044,81.0,0.0,12,54.0
2024-05-01,SKU0044,32.0,113.0,12,54.0
2024-05-08,SKU0044,113.0,0.0,12,54.0
2024-05-15,SKU0044,79.0,0.0,12,54.0
2024-05-22,SKU0044,49.0,87.0,12,54.0
2024-06-01,SKU0044,88.0,0.0,12,54.0
2024-06-08,SKU0044,61.0,0.0,12,54.0
2024-06-15,SKU0044,30.0,89.0,12,54.0
2024-06-22,SKU0044,90.0,0.0,12,54.0
2024-07-01,SKU0044,49.0,101.0,12,54.0
2024-07-08,SKU0044,127.0,0.0,12,54.0
2024-07-15,SKU0044,100.0,0.0,12,54.0
2024-07-22,SKU0044,72.0,0.0,12,54.0
2024-08-01,SKU0044,121.0,0.0,12,54.0
2024-08-08,SKU0044,98.0,0.0,12,54.0
2024-08-15,SKU0044,77.0,0.0,12,54.0
2024-08-22,SKU0044,52.0,94.0,12,54.0
2024-09-01,SKU0044,19.0,94.0,12,54.0
2024-09-08,SKU0044,92.0,0.0,12,54.0
2024-09-15,SKU0044,73.0,0.0,12,54.0
2024-09-22,SKU0044,52.0,121.0,12,54.0
2024-10-01,SKU0044,151.0,0.0,12,54.0
2024-10-08,SKU0044,132.0,0.0,12,54.0
2024-10-15,SKU0044,108.0,0.0,12,54.0
2024-10-22,SKU0044,79.0,0.0,12,54.0
2024-11-01,SKU0044,167.0,0.0,12,54.0
2024-11-08,SKU0044,150.0,0.0,12,54.0
2024-11-15,SKU0044,131.0,0.0,12,54.0
2024-11-22,SKU0044,112.0,0.0,12,54.0
2024-12-01,SKU0044,68.0,0.0,12,54.0
2024-12-08,SKU0044,181.0,0.0,12,54.0
2024-12-15,SKU0044,159.0,0.0,12,54.0
2024-12-22,SKU0044,137.0,0.0,12,54.0
2025-01-01,SKU0044,102.0,0.0,12,54.0
2025-01-08,SKU0044,56.0,0.0,12,54.0
2025-01-15,SKU0044,118.0,0.0,12,54.0
2025-01-22,SKU0044,88.0,0.0,12,54.0
2025-02-01,SKU0044,52.0,81.0,12,54.0
2025-02-08,SKU0044,100.0,0.0,12,54.0
2025-02-15,SKU0044,66.0,0.0,12,54.0
2025-02-22,SKU0044,36.0,88.0,12,54.0
2025-03-01,SKU0044,92.0,0.0,12,54.0
2025-03-08,SKU0044,58.0,0.0,12,54.0
2025-03-15,SKU0044,112.0,0.0,12,54.0
2025-03-22,SKU0044,78.0,0.0,12,54.0
2025-04-01,SKU0044,29.0,98.0,12,54.0
2025-04-08,SKU0044,93.0,0.0,12,54.0
2025-04-15,SKU0044,56.0,0.0,12,54.0
2025-04-22,SKU0044,150.0,0.0,12,54.0
2025-05-01,SKU0044,106.0,0.0,12,54.0
2025-05-08,SKU0044,73.0,0.0,12,54.0
2025-05-15,SKU0044,38.0,86.0,12,54.0
2025-05-22,SKU0044,2.0,86.0,12,54.0
2025-06-01,SKU0044,45.0,94.0,12,54.0
2025-06-08,SKU0044,106.0,0.0,12,54.0
2025-06-15,SKU0044,69.0,0.0,12,54.0
2025-06-22,SKU0044,16.0,115.0,12,54.0
2025-07-01,SKU0044,106.0,0.0,12,54.0
2025-07-08,SKU0044,72.0,0.0,12,54.0
2025-07-15,SKU0044,46.0,94.0,12,54.0
2025-07-22,SKU0044,19.0,94.0,12,54.0
2025-08-01,SKU0044,75.0,0.0,12,54.0
2025-08-08,SKU0044,52.0,84.0,12,54.0
2025-08-15,SKU0044,26.0,84.0,12,54.0
2025-08-22,SKU0044,84.0,0.0,12,54.0
2025-09-01,SKU0044,50.0,118.0,12,54.0
2025-09-08,SKU0044,29.0,118.0,12,54.0
2025-09-15,SKU0044,125.0,0.0,12,54.0
2025-09-22,SKU0044,105.0,0.0,12,54.0
2025-10-01,SKU0044,79.0,0.0,12,54.0
2025-10-08,SKU0044,56.0,0.0,12,54.0
2025-10-15,SKU0044,152.0,0.0,12,54.0
2025-10-22,SKU0044,121.0,0.0,12,54.0
2025-11-01,SKU0044,95.0,0.0,12,54.0
2025-11-08,SKU0044,73.0,0.0,12,54.0
2025-11-15,SKU0044,53.0,93.0,12,54.0
2025-11-22,SKU0044,123.0,0.0,12,54.0
2025-12-01,SKU0044,83.0,0.0,12,54.0
2025-12-08,SKU0044,58.0,0.0,12,54.0
2025-12-15,SKU0044,161.0,0.0,12,54.0
2025-12-22,SKU0044,138.0,0.0,12,54.0
2024-09-01,SKU0045,308.0,0.0,9,112.0
2024-09-08,SKU0045,233.0,0.0,9,112.0
2024-09-15,SKU0045,145.0,0.0,9,112.0
2024-09-22,SKU0045,129.0,0.0,9,112.0
2024-10-01,SKU0045,110.0,0.0,9,112.0
2024-10-08,SKU0045,89.0,53.0,9,112.0
2024-10-15,SKU0045,0.0,53.0,9,112.0
2024-10-22,SKU0045,0.0,59.0,9,112.0
2024-11-01,SKU0045,1.0,48.0,9,112.0
2024-11-08,SKU0045,1.0,47.0,9,112.0
2024-11-15,SKU0045,20.0,53.0,9,112.0
2024-11-22,SKU0045,40.0,62.0,9,112.0
2024-12-01,SKU0045,46.0,0.0,9,112.0
2024-12-08,SKU0045,1.0,78.0,9,112.0
2024-12-15,SKU0045,5.0,84.0,9,112.0
2024-12-22,SKU0045,43.0,79.0,9,112.0
2025-01-01,SKU0045,2.0,45.0,9,112.0
2025-01-08,SKU0045,1.0,0.0,9,112.0
2025-01-15,SKU0045,53.0,75.0,9,112.0
2025-01-22,SKU0045,0.0,75.0,9,112.0
2025-02-01,SKU0045,89.0,0.0,9,112.0
2025-02-08,SKU0045,1.0,46.0,9,112.0
2025-02-15,SKU0045,0.0,84.0,9,112.0
2025-02-22,SKU0045,33.0,59.0,9,112.0
2025-03-01,SKU0045,45.0,71.0,9,112.0
2025-03-08,SKU0045,1.0,71.0,9,112.0
2025-03-15,SKU0045,0.0,56.0,9,112.0
2025-03-22,SKU0045,0.0,50.0,9,112.0
2025-04-01,SKU0045,0.0,87.0,9,112.0
2025-04-08,SKU0045,38.0,82.0,9,112.0
2025-04-15,SKU0045,61.0,0.0,9,112.0
2025-04-22,SKU0045,0.0,89.0,9,112.0
2025-05-01,SKU0045,1.0,89.0,9,112.0
2025-05-08,SKU0045,0.0,47.0,9,112.0
2025-05-15,SKU0045,0.0,70.0,9,112.0
2025-05-22,SKU0045,32.0,75.0,9,112.0
2025-06-01,SKU0045,14.0,81.0,9,112.0
2025-06-08,SKU0045,70.0,67.0,9,112.0
2025-06-15,SKU0045,1.0,67.0,9,112.0
2025-06-22,SKU0045,1.0,57.0,9,112.0
2025-07-01,SKU0045,1.0,60.0,9,112.0
2025-07-08,SKU0045,17.0,86.0,9,112.0
2025-07-15,SKU0045,55.0,53.0,9,112.0
2025-07-22,SKU0045,53.0,0.0,9,112.0
2025-08-01,SKU0045,61.0,0.0,9,112.0
2025-08-08,SKU0045,1.0,50.0,9,112.0
2025-08-15,SKU0045,1.0,65.0,9,112.0
2025-08-22,SKU0045,11.0,77.0,9,112.0
2025-09-01,SKU0045,28.0,0.0,9,112.0
2025-09-08,SKU0045,45.0,0.0,9,112.0
2025-09-15,SKU0045,74.0,68.0,9,112.0
2025-09-22,SKU0045,0.0,68.0,9,112.0
2025-10-01,SKU0045,0.0,64.0,9,112.0
2025-10-08,SKU0045,1.0,46.0,9,112.0
2025-10-15,SKU0045,0.0,81.0,9,112.0
2025-10-22,SKU0045,42.0,60.0,9,112.0
2025-11-01,SKU0045,33.0,57.0,9,112.0
2025-11-08,SKU0045,50.0,58.0,9,112.0
2025-11-15,SKU0045,0.0,58.0,9,112.0
2025-11-22,SKU0045,0.0,84.0,9,112.0
2025-12-01,SKU0045,0.0,59.0,9,112.0
2025-12-08,SKU0045,6.0,59.0,9,112.0
2025-12-15,SKU0045,28.0,77.0,9,112.0
2025-12-22,SKU0045,77.0,0.0,9,112.0
2024-01-15,SKU0046,77.0,2153.0,29,1232.0
2024-01-22,SKU0046,0.0,2153.0,29,1232.0
2024-02-01,SKU0046,0.0,2153.0,29,1232.0
2024-02-08,SKU0046,0.0,2153.0,29,1232.0
2024-02-15,SKU0046,1955.0,0.0,29,1232.0
2024-02-22,SKU0046,1662.0,0.0,29,1232.0
2024-03-01,SKU0046,1292.0,0.0,29,1232.0
2024-03-08,SKU0046,978.0,2352.0,29,1232.0
2024-03-15,SKU0046,3047.0,0.0,29,1232.0
2024-03-22,SKU0046,2681.0,0.0,29,1232.0
2024-04-01,SKU0046,2265.0,0.0,29,1232.0
2024-04-08,SKU0046,1912.0,0.0,29,1232.0
2024-04-15,SKU0046,1595.0,0.0,29,1232.0
2024-04-22,SKU0046,1265.0,0.0,29,1232.0
2024-05-01,SKU0046,755.0,2217.0,29,1232.0
2024-05-08,SKU0046,2624.0,0.0,29,1232.0
2024-05-15,SKU0046,2281.0,0.0,29,1232.0
2024-05-22,SKU0046,1852.0,0.0,29,1232.0
2024-06-01,SKU0046,1407.0,0.0,29,1232.0
2024-06-08,SKU0046,4026.0,0.0,29,1232.0
2024-06-15,SKU0046,3667.0,0.0,29,1232.0
2024-06-22,SKU0046,3160.0,0.0,29,1232.0
2024-07-01,SKU0046,2701.0,0.0,29,1232.0
2024-07-08,SKU0046,2423.0,0.0,29,1232.0
2024-07-15,SKU0046,2106.0,0.0,29,1232.0
2024-07-22,SKU0046,1743.0,0.0,29,1232.0
2024-08-01,SKU0046,1315.0,0.0,29,1232.0
2024-08-08,SKU0046,1027.0,2829.0,29,1232.0
2024-08-15,SKU0046,781.0,2829.0,29,1232.0
2024-08-22,SKU0046,534.0,2829.0,29,1232.0
2024-09-01,SKU0046,2976.0,0.0,29,1232.0
2024-09-08,SKU0046,2699.0,0.0,29,1232.0
2024-09-15,SKU0046,2425.0,0.0,29,1232.0
2024-09-22,SKU0046,2203.0,0.0,29,1232.0
2024-10-01,SKU0046,1854.0,0.0,29,1232.0
2024-10-08,SKU0046,1580.0,0.0,29,1232.0
2024-10-15,SKU0046,1278.0,0.0,29,1232.0
2024-10-22,SKU0046,888.0,2506.0,29,1232.0
2024-11-01,SKU0046,2998.0,0.0,29,1232.0
2024-11-08,SKU0046,2785.0,0.0,29,1232.0
2024-11-15,SKU0046,2587.0,0.0,29,1232.0
2024-11-22,SKU0046,2353.0,0.0,29,1232.0
2024-12-01,SKU0046,1915.0,0.0,29,1232.0
2024-12-08,SKU0046,1558.0,0.0,29,1232.0
2024-12-15,SKU0046,1215.0,2526.0,29,1232.0
2024-12-22,SKU0046,945.0,2526.0,29,1232.0
2025-01-01,SKU0046,2950.0,0.0,29,1232.0
2025-01-08,SKU0046,2353.0,0.0,29,1232.0
2025-01-15,SKU0046,2050.0,0.0,29,1232.0
2025-01-22,SKU0046,1687.0,0.0,29,1232.0
2025-02-01,SKU0046,1249.0,0.0,29,1232.0
2025-02-08,SKU0046,903.0,2638.0,29,1232.0
2025-02-15,SKU0046,560.0,2638.0,29,1232.0
2025-02-22,SKU0046,2841.0,0.0,29,1232.0
2025-03-01,SKU0046,2466.0,0.0,29,1232.0
2025-03-08,SKU0046,2094.0,0.0,29,1232.0
2025-03-15,SKU0046,1660.0,0.0,29,1232.0
2025-03-22,SKU0046,1262.0,0.0,29,1232.0
2025-04-01,SKU0046,709.0,1946.0,29,1232.0
2025-04-08,SKU0046,280.0,1946.0,29,1232.0
2025-04-15,SKU0046,1.0,1946.0,29,1232.0
2025-04-22,SKU0046,1888.0,0.0,29,1232.0
2025-05-01,SKU0046,1302.0,0.0,29,1232.0
2025-05-08,SKU0046,904.0,3050.0,29,1232.0
2025-05-15,SKU0046,487.0,3050.0,29,1232.0
2025-05-22,SKU0046,3122.0,0.0,29,1232.0
2025-06-01,SKU0046,2566.0,0.0,29,1232.0
2025-06-08,SKU0046,2194.0,0.0,29,1232.0
2025-06-15,SKU0046,1765.0,0.0,29,1232.0
2025-06-22,SKU0046,1126.0,2669.0,29,1232.0
2025-07-01,SKU0046,595.0,2669.0,29,1232.0
2025-07-08,SKU0046,196.0,2669.0,29,1232.0
2025-07-15,SKU0046,1.0,2669.0,29,1232.0
2025-07-22,SKU0046,2434.0,0.0,29,1232.0
2025-08-01,SKU0046,1920.0,0.0,29,1232.0
2025-08-08,SKU0046,1583.0,0.0,29,1232.0
2025-08-15,SKU0046,1208.0,2819.0,29,1232.0
2025-08-22,SKU0046,873.0,2819.0,29,1232.0
2025-09-01,SKU0046,375.0,2819.0,29,1232.0
2025-09-08,SKU0046,59.0,2819.0,29,1232.0
2025-09-15,SKU0046,2768.0,0.0,29,1232.0
2025-09-22,SKU0046,2441.0,0.0,29,1232.0
2025-10-01,SKU0046,1993.0,0.0,29,1232.0
2025-10-08,SKU0046,1701.0,0.0,29,1232.0
2025-10-15,SKU0046,1354.0,0.0,29,1232.0
2025-10-22,SKU0046,875.0,2622.0,29,1232.0
2025-11-01,SKU0046,376.0,2622.0,29,1232.0
2025-11-08,SKU0046,36.0,2622.0,29,1232.0
2025-11-15,SKU0046,2381.0,0.0,29,1232.0
2025-11-22,SKU0046,2012.0,0.0,29,1232.0
2025-12-01,SKU0046,1347.0,0.0,29,1232.0
2025-12-08,SKU0046,968.0,2660.0,29,1232.0
2025-12-15,SKU0046,3222.0,0.0,29,1232.0
2025-12-22,SKU0046,2943.0,0.0,29,1232.0
2024-08-01,SKU0047,133.0,647.0,28,289.0
2024-08-08,SKU0047,85.0,647.0,28,289.0
2024-08-15,SKU0047,24.0,647.0,28,289.0
2024-08-22,SKU0047,1.0,647.0,28,289.0
2024-09-01,SKU0047,593.0,0.0,28,289.0
2024-09-08,SKU0047,568.0,0.0,28,289.0
2024-09-15,SKU0047,523.0,0.0,28,289.0
2024-09-22,SKU0047,486.0,0.0,28,289.0
2024-10-01,SKU0047,437.0,0.0,28,289.0
2024-10-08,SKU0047,387.0,0.0,28,289.0
2024-10-15,SKU0047,340.0,0.0,28,289.0
2024-10-22,SKU0047,289.0,600.0,28,289.0
2024-11-01,SKU0047,253.0,600.0,28,289.0
2024-11-08,SKU0047,214.0,600.0,28,289.0
2024-11-15,SKU0047,175.0,600.0,28,289.0
2024-11-22,SKU0047,728.0,0.0,28,289.0
2024-12-01,SKU0047,646.0,0.0,28,289.0
2024-12-08,SKU0047,600.0,0.0,28,289.0
2024-12-15,SKU0047,552.0,0.0,28,289.0
2024-12-22,SKU0047,510.0,0.0,28,289.0
2025-01-01,SKU0047,419.0,0.0,28,289.0
2025-01-08,SKU0047,328.0,0.0,28,289.0
2025-01-15,SKU0047,278.0,657.0,28,289.0
2025-01-22,SKU0047,221.0,657.0,28,289.0
2025-02-01,SKU0047,146.0,657.0,28,289.0
2025-02-08,SKU0047,77.0,657.0,28,289.0
2025-02-15,SKU0047,665.0,0.0,28,289.0
2025-02-22,SKU0047,586.0,0.0,28,289.0
2025-03-01,SKU0047,508.0,0.0,28,289.0
2025-03-08,SKU0047,428.0,0.0,28,289.0
2025-03-15,SKU0047,348.0,0.0,28,289.0
2025-03-22,SKU0047,261.0,456.0,28,289.0
2025-04-01,SKU0047,153.0,456.0,28,289.0
2025-04-08,SKU0047,529.0,0.0,28,289.0
2025-04-15,SKU0047,446.0,0.0,28,289.0
2025-04-22,SKU0047,366.0,0.0,28,289.0
2025-05-01,SKU0047,249.0,598.0,28,289.0
2025-05-08,SKU0047,761.0,0.0,28,289.0
2025-05-15,SKU0047,675.0,0.0,28,289.0
2025-05-22,SKU0047,598.0,0.0,28,289.0
2025-06-01,SKU0047,497.0,0.0,28,289.0
2025-06-08,SKU0047,420.0,0.0,28,289.0
2025-06-15,SKU0047,354.0,0.0,28,289.0
2025-06-22,SKU0047,225.0,601.0,28,289.0
2025-07-01,SKU0047,735.0,0.0,28,289.0
2025-07-08,SKU0047,685.0,0.0,28,289.0
2025-07-15,SKU0047,626.0,0.0,28,289.0
2025-07-22,SKU0047,563.0,0.0,28,289.0
2025-08-01,SKU0047,480.0,0.0,28,289.0
2025-08-08,SKU0047,444.0,0.0,28,289.0
2025-08-15,SKU0047,422.0,0.0,28,289.0
2025-08-22,SKU0047,386.0,0.0,28,289.0
2025-09-01,SKU0047,323.0,0.0,28,289.0
2025-09-08,SKU0047,284.0,555.0,28,289.0
2025-09-15,SKU0047,250.0,555.0,28,289.0
2025-09-22,SKU0047,771.0,0.0,28,289.0
2025-10-01,SKU0047,720.0,0.0,28,289.0
2025-10-08,SKU0047,691.0,0.0,28,289.0
2025-10-15,SKU0047,652.0,0.0,28,289.0
2025-10-22,SKU0047,592.0,0.0,28,289.0
2025-11-01,SKU0047,549.0,0.0,28,289.0
2025-11-08,SKU0047,527.0,0.0,28,289.0
2025-11-15,SKU0047,491.0,0.0,28,289.0
2025-11-22,SKU0047,453.0,0.0,28,289.0
2025-12-01,SKU0047,388.0,0.0,28,289.0
2025-12-08,SKU0047,336.0,0.0,28,289.0
2025-12-15,SKU0047,300.0,0.0,28,289.0
2025-12-22,SKU0047,265.0,525.0,28,289.0
2024-08-22,SKU0048,354.0,1166.0,16,475.0
2024-09-01,SKU0048,175.0,1166.0,16,475.0
2024-09-08,SKU0048,1222.0,0.0,16,475.0
2024-09-15,SKU0048,1107.0,0.0,16,475.0
2024-09-22,SKU0048,978.0,0.0,16,475.0
2024-10-01,SKU0048,860.0,0.0,16,475.0
2024-10-08,SKU0048,776.0,0.0,16,475.0
2024-10-15,SKU0048,661.0,0.0,16,475.0
2024-10-22,SKU0048,477.0,0.0,16,475.0
2024-11-01,SKU0048,1281.0,0.0,16,475.0
2024-11-08,SKU0048,1173.0,0.0,16,475.0
2024-11-15,SKU0048,1065.0,0.0,16,475.0
2024-11-22,SKU0048,951.0,0.0,16,475.0
2024-12-01,SKU0048,723.0,0.0,16,475.0
2024-12-08,SKU0048,594.0,0.0,16,475.0
2024-12-15,SKU0048,457.0,1145.0,16,475.0
2024-12-22,SKU0048,294.0,1145.0,16,475.0
2025-01-01,SKU0048,1227.0,0.0,16,475.0
2025-01-08,SKU0048,968.0,0.0,16,475.0
2025-01-15,SKU0048,805.0,0.0,16,475.0
2025-01-22,SKU0048,631.0,0.0,16,475.0
2025-02-01,SKU0048,428.0,976.0,16,475.0
2025-02-08,SKU0048,245.0,976.0,16,475.0
2025-02-15,SKU0048,1021.0,0.0,16,475.0
2025-02-22,SKU0048,841.0,0.0,16,475.0
2025-03-01,SKU0048,671.0,0.0,16,475.0
2025-03-08,SKU0048,461.0,1000.0,16,475.0
2025-03-15,SKU0048,257.0,1000.0,16,475.0
2025-03-22,SKU0048,1054.0,0.0,16,475.0
2025-04-01,SKU0048,765.0,0.0,16,475.0
2025-04-08,SKU0048,550.0,0.0,16,475.0
2025-04-15,SKU0048,310.0,896.0,16,475.0
2025-04-22,SKU0048,1000.0,0.0,16,475.0
2025-05-01,SKU0048,723.0,0.0,16,475.0
2025-05-08,SKU0048,509.0,0.0,16,475.0
2025-05-15,SKU0048,296.0,1051.0,16,475.0
2025-05-22,SKU0048,1139.0,0.0,16,475.0
2025-06-01,SKU0048,877.0,0.0,16,475.0
2025-06-08,SKU0048,665.0,0.0,16,475.0
2025-06-15,SKU0048,471.0,830.0,16,475.0
2025-06-22,SKU0048,1000.0,0.0,16,475.0
2025-07-01,SKU0048,762.0,0.0,16,475.0
2025-07-08,SKU0048,613.0,0.0,16,475.0
2025-07-15,SKU0048,448.0,990.0,16,475.0
2025-07-22,SKU0048,291.0,990.0,16,475.0
2025-08-01,SKU0048,1065.0,0.0,16,475.0
2025-08-08,SKU0048,945.0,0.0,16,475.0
2025-08-15,SKU0048,813.0,0.0,16,475.0
2025-08-22,SKU0048,666.0,0.0,16,475.0
2025-09-01,SKU0048,504.0,0.0,16,475.0
2025-09-08,SKU0048,399.0,1126.0,16,475.0
2025-09-15,SKU0048,1425.0,0.0,16,475.0
2025-09-22,SKU0048,1317.0,0.0,16,475.0
2025-10-01,SKU0048,1188.0,0.0,16,475.0
2025-10-08,SKU0048,1082.0,0.0,16,475.0
2025-10-15,SKU0048,983.0,0.0,16,475.0
2025-10-22,SKU0048,811.0,0.0,16,475.0
2025-11-01,SKU0048,691.0,0.0,16,475.0
2025-11-08,SKU0048,576.0,0.0,16,475.0
2025-11-15,SKU0048,469.0,726.0,16,475.0
2025-11-22,SKU0048,369.0,726.0,16,475.0
2025-12-01,SKU0048,857.0,0.0,16,475.0
2025-12-08,SKU0048,747.0,0.0,16,475.0
2025-12-15,SKU0048,621.0,0.0,16,475.0
2025-12-22,SKU0048,508.0,0.0,16,475.0
2025-02-08,SKU0049,0.0,967.0,29,541.0
2025-02-15,SKU0049,0.0,967.0,29,541.0
2025-02-22,SKU0049,0.0,967.0,29,541.0
2025-03-01,SKU0049,0.0,967.0,29,541.0
2025-03-08,SKU0049,857.0,0.0,29,541.0
2025-03-15,SKU0049,729.0,0.0,29,541.0
2025-03-22,SKU0049,591.0,0.0,29,541.0
2025-04-01,SKU0049,1344.0,0.0,29,541.0
2025-04-08,SKU0049,1209.0,0.0,29,541.0
2025-04-15,SKU0049,1073.0,0.0,29,541.0
2025-04-22,SKU0049,919.0,0.0,29,541.0
2025-05-01,SKU0049,710.0,0.0,29,541.0
2025-05-08,SKU0049,572.0,0.0,29,541.0
2025-05-15,SKU0049,422.0,935.0,29,541.0
2025-05-22,SKU0049,285.0,935.0,29,541.0
2025-06-01,SKU0049,1039.0,0.0,29,541.0
2025-06-08,SKU0049,902.0,0.0,29,541.0
2025-06-15,SKU0049,762.0,0.0,29,541.0
2025-06-22,SKU0049,530.0,1293.0,29,541.0
2025-07-01,SKU0049,1648.0,0.0,29,541.0
2025-07-08,SKU0049,1531.0,0.0,29,541.0
2025-07-15,SKU0049,1415.0,0.0,29,541.0
2025-07-22,SKU0049,1288.0,0.0,29,541.0
2025-08-01,SKU0049,1103.0,0.0,29,541.0
2025-08-08,SKU0049,1014.0,0.0,29,541.0
2025-08-15,SKU0049,902.0,0.0,29,541.0
2025-08-22,SKU0049,801.0,0.0,29,541.0
2025-09-01,SKU0049,674.0,0.0,29,541.0
2025-09-08,SKU0049,593.0,0.0,29,541.0
2025-09-15,SKU0049,502.0,892.0,29,541.0
2025-09-22,SKU0049,1300.0,0.0,29,541.0
2025-10-01,SKU0049,1178.0,0.0,29,541.0
2025-10-08,SKU0049,1089.0,0.0,29,541.0
2025-10-15,SKU0049,983.0,0.0,29,541.0
2025-10-22,SKU0049,852.0,0.0,29,541.0
2025-11-01,SKU0049,741.0,0.0,29,541.0
2025-11-08,SKU0049,634.0,0.0,29,541.0
2025-11-15,SKU0049,524.0,1088.0,29,541.0
2025-11-22,SKU0049,1532.0,0.0,29,541.0
2025-12-01,SKU0049,1349.0,0.0,29,541.0
2025-12-08,SKU0049,1247.0,0.0,29,541.0
2025-12-15,SKU0049,1145.0,0.0,29,541.0
2025-12-22,SKU0049,1041.0,0.0,29,541.0
2024-11-01,SKU0050,163.0,1255.0,22,537.0
2024-11-08,SKU0050,10.0,1255.0,22,537.0
2024-11-15,SKU0050,0.0,1255.0,22,537.0
2024-11-22,SKU0050,1182.0,0.0,22,537.0
2024-12-01,SKU0050,814.0,0.0,22,537.0
2024-12-08,SKU0050,663.0,0.0,22,537.0
2024-12-15,SKU0050,427.0,970.0,22,537.0
2024-12-22,SKU0050,281.0,970.0,22,537.0
2025-01-01,SKU0050,0.0,970.0,22,537.0
2025-01-08,SKU0050,697.0,0.0,22,537.0
2025-01-15,SKU0050,501.0,814.0,22,537.0
2025-01-22,SKU0050,301.0,814.0,22,537.0
2025-02-01,SKU0050,863.0,0.0,22,537.0
2025-02-08,SKU0050,637.0,0.0,22,537.0
2025-02-15,SKU0050,1420.0,0.0,22,537.0
2025-02-22,SKU0050,1247.0,0.0,22,537.0
2025-03-01,SKU0050,1037.0,0.0,22,537.0
2025-03-08,SKU0050,797.0,0.0,22,537.0
2025-03-15,SKU0050,553.0,0.0,22,537.0
2025-03-22,SKU0050,330.0,1322.0,22,537.0
2025-04-01,SKU0050,1282.0,0.0,22,537.0
2025-04-08,SKU0050,1004.0,0.0,22,537.0
2025-04-15,SKU0050,754.0,0.0,22,537.0
2025-04-22,SKU0050,519.0,1132.0,22,537.0
2025-05-01,SKU0050,214.0,1132.0,22,537.0
2025-05-08,SKU0050,0.0,1132.0,22,537.0
2025-05-15,SKU0050,1106.0,0.0,22,537.0
2025-05-22,SKU0050,866.0,0.0,22,537.0
2025-06-01,SKU0050,516.0,921.0,22,537.0
2025-06-08,SKU0050,1190.0,0.0,22,537.0
2025-06-15,SKU0050,924.0,0.0,22,537.0
2025-06-22,SKU0050,427.0,920.0,22,537.0
2025-07-01,SKU0050,949.0,0.0,22,537.0
2025-07-08,SKU0050,733.0,0.0,22,537.0
2025-07-15,SKU0050,487.0,967.0,22,537.0
2025-07-22,SKU0050,1231.0,0.0,22,537.0
2025-08-01,SKU0050,893.0,0.0,22,537.0
2025-08-08,SKU0050,689.0,0.0,22,537.0
2025-08-15,SKU0050,483.0,860.0,22,537.0
2025-08-22,SKU0050,218.0,860.0,22,537.0
2025-09-01,SKU0050,861.0,0.0,22,537.0
2025-09-08,SKU0050,631.0,0.0,22,537.0
2025-09-15,SKU0050,453.0,1247.0,22,537.0
2025-09-22,SKU0050,201.0,1247.0,22,537.0
2025-10-01,SKU0050,1160.0,0.0,22,537.0
2025-10-08,SKU0050,985.0,0.0,22,537.0
2025-10-15,SKU0050,736.0,0.0,22,537.0
2025-10-22,SKU0050,404.0,932.0,22,537.0
2025-11-01,SKU0050,112.0,932.0,22,537.0
2025-11-08,SKU0050,879.0,0.0,22,537.0
2025-11-15,SKU0050,645.0,0.0,22,537.0
2025-11-22,SKU0050,418.0,880.0,22,537.0
2025-12-01,SKU0050,834.0,0.0,22,537.0
2025-12-08,SKU0050,560.0,0.0,22,537.0
2025-12-15,SKU0050,256.0,1023.0,22,537.0
2025-12-22,SKU0050,1055.0,0.0,22,537.0
2025-03-15,SKU0051,223.0,934.0,28,405.0
2025-03-22,SKU0051,91.0,934.0,28,405.0
2025-04-01,SKU0051,0.0,934.0,28,405.0
2025-04-08,SKU0051,895.0,0.0,28,405.0
2025-04-15,SKU0051,759.0,0.0,28,405.0
2025-04-22,SKU0051,602.0,0.0,28,405.0
2025-05-01,SKU0051,416.0,0.0,28,405.0
2025-05-08,SKU0051,1053.0,0.0,28,405.0
2025-05-15,SKU0051,924.0,0.0,28,405.0
2025-05-22,SKU0051,788.0,0.0,28,405.0
2025-06-01,SKU0051,585.0,0.0,28,405.0
2025-06-08,SKU0051,446.0,0.0,28,405.0
2025-06-15,SKU0051,303.0,675.0,28,405.0
2025-06-22,SKU0051,76.0,675.0,28,405.0
2025-07-01,SKU0051,637.0,0.0,28,405.0
2025-07-08,SKU0051,497.0,0.0,28,405.0
2025-07-15,SKU0051,357.0,745.0,28,405.0
2025-07-22,SKU0051,208.0,745.0,28,405.0
2025-08-01,SKU0051,762.0,0.0,28,405.0
2025-08-08,SKU0051,632.0,0.0,28,405.0
2025-08-15,SKU0051,495.0,0.0,28,405.0
2025-08-22,SKU0051,385.0,922.0,28,405.0
2025-09-01,SKU0051,1118.0,0.0,28,405.0
2025-09-08,SKU0051,989.0,0.0,28,405.0
2025-09-15,SKU0051,875.0,0.0,28,405.0
2025-09-22,SKU0051,740.0,0.0,28,405.0
2025-10-01,SKU0051,576.0,0.0,28,405.0
2025-10-08,SKU0051,443.0,0.0,28,405.0
2025-10-15,SKU0051,311.0,999.0,28,405.0
2025-10-22,SKU0051,1108.0,0.0,28,405.0
2025-11-01,SKU0051,936.0,0.0,28,405.0
2025-11-08,SKU0051,798.0,0.0,28,405.0
2025-11-15,SKU0051,669.0,0.0,28,405.0
2025-11-22,SKU0051,536.0,0.0,28,405.0
2025-12-01,SKU0051,272.0,893.0,28,405.0
2025-12-08,SKU0051,115.0,893.0,28,405.0
2025-12-15,SKU0051,885.0,0.0,28,405.0
2025-12-22,SKU0051,751.0,0.0,28,405.0
2025-02-15,SKU0052,95.0,678.0,10,323.0
2025-02-22,SKU0052,678.0,0.0,10,323.0
2025-03-01,SKU0052,361.0,0.0,10,323.0
2025-03-08,SKU0052,658.0,0.0,10,323.0
2025-03-15,SKU0052,295.0,724.0,10,323.0
2025-03-22,SKU0052,0.0,724.0,10,323.0
2025-04-01,SKU0052,297.0,562.0,10,323.0
2025-04-08,SKU0052,535.0,0.0,10,323.0
2025-04-15,SKU0052,912.0,0.0,10,323.0
2025-04-22,SKU0052,541.0,0.0,10,323.0
2025-05-01,SKU0052,23.0,600.0,10,323.0
2025-05-08,SKU0052,307.0,607.0,10,323.0
2025-05-15,SKU0052,511.0,0.0,10,323.0
2025-05-22,SKU0052,134.0,770.0,10,323.0
2025-06-01,SKU0052,365.0,0.0,10,323.0
2025-06-08,SKU0052,58.0,505.0,10,323.0
2025-06-15,SKU0052,352.0,0.0,10,323.0
2025-06-22,SKU0052,679.0,0.0,10,323.0
2025-07-01,SKU0052,225.0,538.0,10,323.0
2025-07-08,SKU0052,486.0,0.0,10,323.0
2025-07-15,SKU0052,185.0,646.0,10,323.0
2025-07-22,SKU0052,647.0,0.0,10,323.0
2025-08-01,SKU0052,922.0,0.0,10,323.0
2025-08-08,SKU0052,623.0,0.0,10,323.0
2025-08-15,SKU0052,341.0,0.0,10,323.0
2025-08-22,SKU0052,562.0,0.0,10,323.0
2025-09-01,SKU0052,800.0,0.0,10,323.0
2025-09-08,SKU0052,545.0,0.0,10,323.0
2025-09-15,SKU0052,295.0,637.0,10,323.0
2025-09-22,SKU0052,694.0,0.0,10,323.0
2025-10-01,SKU0052,386.0,0.0,10,323.0
2025-10-08,SKU0052,158.0,694.0,10,323.0
2025-10-15,SKU0052,580.0,0.0,10,323.0
2025-10-22,SKU0052,244.0,668.0,10,323.0
2025-11-01,SKU0052,611.0,0.0,10,323.0
2025-11-08,SKU0052,360.0,0.0,10,323.0
2025-11-15,SKU0052,127.0,655.0,10,323.0
2025-11-22,SKU0052,562.0,0.0,10,323.0
2025-12-01,SKU0052,599.0,0.0,10,323.0
2025-12-08,SKU0052,269.0,675.0,10,323.0
2025-12-15,SKU0052,606.0,0.0,10,323.0
2025-12-22,SKU0052,265.0,572.0,10,323.0
2025-02-22,SKU0053,70.0,1028.0,29,597.0
2025-03-01,SKU0053,1.0,1028.0,29,597.0
2025-03-08,SKU0053,1.0,1028.0,29,597.0
2025-03-15,SKU0053,1.0,1028.0,29,597.0
2025-03-22,SKU0053,919.0,0.0,29,597.0
2025-04-01,SKU0053,711.0,0.0,29,597.0
2025-04-08,SKU0053,554.0,1068.0,29,597.0
2025-04-15,SKU0053,1464.0,0.0,29,597.0
2025-04-22,SKU0053,1332.0,0.0,29,597.0
2025-05-01,SKU0053,1110.0,0.0,29,597.0
2025-05-08,SKU0053,943.0,0.0,29,597.0
2025-05-15,SKU0053,794.0,0.0,29,597.0
2025-05-22,SKU0053,636.0,0.0,29,597.0
2025-06-01,SKU0053,431.0,905.0,29,597.0
2025-06-08,SKU0053,298.0,905.0,29,597.0
2025-06-15,SKU0053,1048.0,0.0,29,597.0
2025-06-22,SKU0053,794.0,0.0,29,597.0
2025-07-01,SKU0053,615.0,0.0,29,597.0
2025-07-08,SKU0053,476.0,912.0,29,597.0
2025-07-15,SKU0053,1258.0,0.0,29,597.0
2025-07-22,SKU0053,1124.0,0.0,29,597.0
2025-08-01,SKU0053,963.0,0.0,29,597.0
2025-08-08,SKU0053,830.0,0.0,29,597.0
2025-08-15,SKU0053,735.0,0.0,29,597.0
2025-08-22,SKU0053,646.0,0.0,29,597.0
2025-09-01,SKU0053,464.0,1400.0,29,597.0
2025-09-08,SKU0053,1757.0,0.0,29,597.0
2025-09-15,SKU0053,1705.0,0.0,29,597.0
2025-09-22,SKU0053,1592.0,0.0,29,597.0
2025-10-01,SKU0053,1478.0,0.0,29,597.0
2025-10-08,SKU0053,1368.0,0.0,29,597.0
2025-10-15,SKU0053,1269.0,0.0,29,597.0
2025-10-22,SKU0053,1140.0,0.0,29,597.0
2025-11-01,SKU0053,1002.0,0.0,29,597.0
2025-11-08,SKU0053,905.0,0.0,29,597.0
2025-11-15,SKU0053,802.0,0.0,29,597.0
2025-11-22,SKU0053,718.0,0.0,29,597.0
2025-12-01,SKU0053,524.0,1013.0,29,597.0
2025-12-08,SKU0053,1401.0,0.0,29,597.0
2025-12-15,SKU0053,1286.0,0.0,29,597.0
2025-12-22,SKU0053,1173.0,0.0,29,597.0
2024-05-22,SKU0054,270.0,0.0,29,199.0
2024-06-01,SKU0054,178.0,490.0,29,199.0
2024-06-08,SKU0054,107.0,490.0,29,199.0
2024-06-15,SKU0054,42.0,490.0,29,199.0
2024-06-22,SKU0054,469.0,0.0,29,199.0
2024-07-01,SKU0054,399.0,0.0,29,199.0
2024-07-08,SKU0054,351.0,0.0,29,199.0
2024-07-15,SKU0054,301.0,0.0,29,199.0
2024-07-22,SKU0054,249.0,0.0,29,199.0
2024-08-01,SKU0054,175.0,431.0,29,199.0
2024-08-08,SKU0054,131.0,431.0,29,199.0
2024-08-15,SKU0054,72.0,431.0,29,199.0
2024-08-22,SKU0054,457.0,0.0,29,199.0
2024-09-01,SKU0054,395.0,0.0,29,199.0
2024-09-08,SKU0054,350.0,0.0,29,199.0
2024-09-15,SKU0054,308.0,0.0,29,199.0
2024-09-22,SKU0054,268.0,0.0,29,199.0
2024-10-01,SKU0054,211.0,0.0,29,199.0
2024-10-08,SKU0054,159.0,314.0,29,199.0
2024-10-15,SKU0054,417.0,0.0,29,199.0
2024-10-22,SKU0054,341.0,0.0,29,199.0
2024-11-01,SKU0054,261.0,0.0,29,199.0
2024-11-08,SKU0054,214.0,0.0,29,199.0
2024-11-15,SKU0054,487.0,0.0,29,199.0
2024-11-22,SKU0054,433.0,0.0,29,199.0
2024-12-01,SKU0054,319.0,0.0,29,199.0
2024-12-08,SKU0054,263.0,0.0,29,199.0
2024-12-15,SKU0054,208.0,0.0,29,199.0
2024-12-22,SKU0054,168.0,376.0,29,199.0
2025-01-01,SKU0054,90.0,376.0,29,199.0
2025-01-08,SKU0054,6.0,376.0,29,199.0
2025-01-15,SKU0054,346.0,0.0,29,199.0
2025-01-22,SKU0054,297.0,0.0,29,199.0
2025-02-01,SKU0054,223.0,0.0,29,199.0
2025-02-08,SKU0054,471.0,0.0,29,199.0
2025-02-15,SKU0054,424.0,0.0,29,199.0
2025-02-22,SKU0054,365.0,0.0,29,199.0
2025-03-01,SKU0054,312.0,0.0,29,199.0
2025-03-08,SKU0054,252.0,0.0,29,199.0
2025-03-15,SKU0054,198.0,457.0,29,199.0
2025-03-22,SKU0054,140.0,457.0,29,199.0
2025-04-01,SKU0054,75.0,457.0,29,199.0
2025-04-08,SKU0054,463.0,0.0,29,199.0
2025-04-15,SKU0054,402.0,0.0,29,199.0
2025-04-22,SKU0054,351.0,0.0,29,199.0
2025-05-01,SKU0054,280.0,0.0,29,199.0
2025-05-08,SKU0054,215.0,0.0,29,199.0
2025-05-15,SKU0054,171.0,344.0,29,199.0
2025-05-22,SKU0054,122.0,344.0,29,199.0
2025-06-01,SKU0054,44.0,344.0,29,199.0
2025-06-08,SKU0054,335.0,0.0,29,199.0
2025-06-15,SKU0054,271.0,0.0,29,199.0
2025-06-22,SKU0054,171.0,397.0,29,199.0
2025-07-01,SKU0054,104.0,397.0,29,199.0
2025-07-08,SKU0054,437.0,0.0,29,199.0
2025-07-15,SKU0054,382.0,0.0,29,199.0
2025-07-22,SKU0054,331.0,0.0,29,199.0
2025-08-01,SKU0054,238.0,0.0,29,199.0
2025-08-08,SKU0054,184.0,429.0,29,199.0
2025-08-15,SKU0054,146.0,429.0,29,199.0
2025-08-22,SKU0054,103.0,429.0,29,199.0
2025-09-01,SKU0054,466.0,0.0,29,199.0
2025-09-08,SKU0054,415.0,0.0,29,199.0
2025-09-15,SKU0054,365.0,0.0,29,199.0
2025-09-22,SKU0054,310.0,0.0,29,199.0
2025-10-01,SKU0054,240.0,0.0,29,199.0
2025-10-08,SKU0054,197.0,317.0,29,199.0
2025-10-15,SKU0054,131.0,317.0,29,199.0
2025-10-22,SKU0054,57.0,317.0,29,199.0
2025-11-01,SKU0054,309.0,0.0,29,199.0
2025-11-08,SKU0054,264.0,0.0,29,199.0
2025-11-15,SKU0054,220.0,0.0,29,199.0
2025-11-22,SKU0054,171.0,301.0,29,199.0
2025-12-01,SKU0054,367.0,0.0,29,199.0
2025-12-08,SKU0054,326.0,0.0,29,199.0
2025-12-15,SKU0054,279.0,0.0,29,199.0
2025-12-22,SKU0054,228.0,0.0,29,199.0
2024-04-01,SKU0055,61.0,1058.0,19,689.0
2024-04-08,SKU0055,0.0,1058.0,19,689.0
2024-04-15,SKU0055,0.0,1058.0,19,689.0
2024-04-22,SKU0055,871.0,0.0,19,689.0
2024-05-01,SKU0055,497.0,1568.0,19,689.0
2024-05-08,SKU0055,1757.0,0.0,19,689.0
2024-05-15,SKU0055,1486.0,0.0,19,689.0
2024-05-22,SKU0055,1176.0,0.0,19,689.0
2024-06-01,SKU0055,851.0,0.0,19,689.0
2024-06-08,SKU0055,525.0,1329.0,19,689.0
2024-06-15,SKU0055,1590.0,0.0,19,689.0
2024-06-22,SKU0055,1179.0,0.0,19,689.0
2024-07-01,SKU0055,838.0,0.0,19,689.0
2024-07-08,SKU0055,590.0,1562.0,19,689.0
2024-07-15,SKU0055,338.0,1562.0,19,689.0
2024-07-22,SKU0055,1642.0,0.0,19,689.0
2024-08-01,SKU0055,1297.0,0.0,19,689.0
2024-08-08,SKU0055,1137.0,0.0,19,689.0
2024-08-15,SKU0055,937.0,0.0,19,689.0
2024-08-22,SKU0055,712.0,0.0,19,689.0
2024-09-01,SKU0055,1878.0,0.0,19,689.0
2024-09-08,SKU0055,1708.0,0.0,19,689.0
2024-09-15,SKU0055,1538.0,0.0,19,689.0
2024-09-22,SKU0055,1306.0,0.0,19,689.0
2024-10-01,SKU0055,1062.0,0.0,19,689.0
2024-10-08,SKU0055,911.0,0.0,19,689.0
2024-10-15,SKU0055,701.0,0.0,19,689.0
2024-10-22,SKU0055,387.0,1541.0,19,689.0
2024-11-01,SKU0055,1692.0,0.0,19,689.0
2024-11-08,SKU0055,1523.0,0.0,19,689.0
2024-11-15,SKU0055,1317.0,0.0,19,689.0
2024-11-22,SKU0055,1093.0,0.0,19,689.0
2024-12-01,SKU0055,702.0,0.0,19,689.0
2024-12-08,SKU0055,546.0,1151.0,19,689.0
2024-12-15,SKU0055,339.0,1151.0,19,689.0
2024-12-22,SKU0055,1247.0,0.0,19,689.0
2025-01-01,SKU0055,875.0,0.0,19,689.0
2025-01-08,SKU0055,2000.0,0.0,19,689.0
2025-01-15,SKU0055,1768.0,0.0,19,689.0
2025-01-22,SKU0055,1485.0,0.0,19,689.0
2025-02-01,SKU0055,1159.0,0.0,19,689.0
2025-02-08,SKU0055,893.0,0.0,19,689.0
2025-02-15,SKU0055,1682.0,0.0,19,689.0
2025-02-22,SKU0055,1374.0,0.0,19,689.0
2025-03-01,SKU0055,1075.0,0.0,19,689.0
2025-03-08,SKU0055,777.0,0.0,19,689.0
2025-03-15,SKU0055,489.0,1596.0,19,689.0
2025-03-22,SKU0055,176.0,1596.0,19,689.0
2025-04-01,SKU0055,1350.0,0.0,19,689.0
2025-04-08,SKU0055,1037.0,0.0,19,689.0
2025-04-15,SKU0055,753.0,0.0,19,689.0
2025-04-22,SKU0055,438.0,1639.0,19,689.0
2025-05-01,SKU0055,1640.0,0.0,19,689.0
2025-05-08,SKU0055,1322.0,0.0,19,689.0
2025-05-15,SKU0055,996.0,0.0,19,689.0
2025-05-22,SKU0055,680.0,1318.0,19,689.0
2025-06-01,SKU0055,313.0,1318.0,19,689.0
2025-06-08,SKU0055,1338.0,0.0,19,689.0
2025-06-15,SKU0055,1043.0,0.0,19,689.0
2025-06-22,SKU0055,572.0,1291.0,19,689.0
2025-07-01,SKU0055,1507.0,0.0,19,689.0
2025-07-08,SKU0055,1216.0,0.0,19,689.0
2025-07-15,SKU0055,968.0,0.0,19,689.0
2025-07-22,SKU0055,744.0,0.0,19,689.0
2025-08-01,SKU0055,347.0,1106.0,19,689.0
2025-08-08,SKU0055,1210.0,0.0,19,689.0
2025-08-15,SKU0055,961.0,0.0,19,689.0
2025-08-22,SKU0055,713.0,0.0,19,689.0
2025-09-01,SKU0055,375.0,1404.0,19,689.0
2025-09-08,SKU0055,143.0,1404.0,19,689.0
2025-09-15,SKU0055,1318.0,0.0,19,689.0
2025-09-22,SKU0055,1083.0,0.0,19,689.0
2025-10-01,SKU0055,744.0,0.0,19,689.0
2025-10-08,SKU0055,485.0,1706.0,19,689.0
2025-10-15,SKU0055,251.0,1706.0,19,689.0
2025-10-22,SKU0055,1625.0,0.0,19,689.0
2025-11-01,SKU0055,1313.0,0.0,19,689.0
2025-11-08,SKU0055,1145.0,0.0,19,689.0
2025-11-15,SKU0055,895.0,0.0,19,689.0
2025-11-22,SKU0055,618.0,1460.0,19,689.0
2025-12-01,SKU0055,1628.0,0.0,19,689.0
2025-12-08,SKU0055,1401.0,0.0,19,689.0
2025-12-15,SKU0055,1153.0,0.0,19,689.0
2025-12-22,SKU0055,914.0,0.0,19,689.0
2024-06-08,SKU0056,267.0,156.0,10,368.0
2024-06-15,SKU0056,0.0,156.0,10,368.0
2024-06-22,SKU0056,0.0,155.0,10,368.0
2024-07-01,SKU0056,7.0,159.0,10,368.0
2024-07-08,SKU0056,139.0,227.0,10,368.0
2024-07-15,SKU0056,0.0,227.0,10,368.0
2024-07-22,SKU0056,83.0,151.0,10,368.0
2024-08-01,SKU0056,0.0,175.0,10,368.0
2024-08-08,SKU0056,123.0,165.0,10,368.0
2024-08-15,SKU0056,1.0,165.0,10,368.0
2024-08-22,SKU0056,8.0,255.0,10,368.0
2024-09-01,SKU0056,97.0,189.0,10,368.0
2024-09-08,SKU0056,148.0,209.0,10,368.0
2024-09-15,SKU0056,216.0,236.0,10,368.0
2024-09-22,SKU0056,86.0,236.0,10,368.0
2024-10-01,SKU0056,136.0,250.0,10,368.0
2024-10-08,SKU0056,288.0,197.0,10,368.0
2024-10-15,SKU0056,344.0,0.0,10,368.0
2024-10-22,SKU0056,114.0,250.0,10,368.0
2024-11-01,SKU0056,188.0,200.0,10,368.0
2024-11-08,SKU0056,295.0,286.0,10,368.0
2024-11-15,SKU0056,448.0,0.0,10,368.0
2024-11-22,SKU0056,289.0,154.0,10,368.0
2024-12-01,SKU0056,134.0,277.0,10,368.0
2024-12-08,SKU0056,227.0,238.0,10,368.0
2024-12-15,SKU0056,311.0,157.0,10,368.0
2024-12-22,SKU0056,131.0,157.0,10,368.0
2025-01-01,SKU0056,1.0,291.0,10,368.0
2025-01-08,SKU0056,51.0,152.0,10,368.0
2025-01-15,SKU0056,77.0,198.0,10,368.0
2025-01-22,SKU0056,0.0,198.0,10,368.0
2025-02-01,SKU0056,1.0,0.0,10,368.0
2025-02-08,SKU0056,1.0,215.0,10,368.0
2025-02-15,SKU0056,92.0,210.0,10,368.0
2025-02-22,SKU0056,211.0,0.0,10,368.0
2025-03-01,SKU0056,1.0,256.0,10,368.0
2025-03-08,SKU0056,81.0,166.0,10,368.0
2025-03-15,SKU0056,125.0,226.0,10,368.0
2025-03-22,SKU0056,0.0,226.0,10,368.0
2025-04-01,SKU0056,0.0,172.0,10,368.0
2025-04-08,SKU0056,0.0,213.0,10,368.0
2025-04-15,SKU0056,125.0,247.0,10,368.0
2025-04-22,SKU0056,1.0,247.0,10,368.0
2025-05-01,SKU0056,0.0,227.0,10,368.0
2025-05-08,SKU0056,6.0,236.0,10,368.0
2025-05-15,SKU0056,138.0,0.0,10,368.0
2025-05-22,SKU0056,0.0,166.0,10,368.0
2025-06-01,SKU0056,1.0,169.0,10,368.0
2025-06-08,SKU0056,0.0,168.0,10,368.0
2025-06-15,SKU0056,40.0,198.0,10,368.0
2025-06-22,SKU0056,199.0,0.0,10,368.0
2025-07-01,SKU0056,1.0,273.0,10,368.0
2025-07-08,SKU0056,114.0,290.0,10,368.0
2025-07-15,SKU0056,181.0,191.0,10,368.0
2025-07-22,SKU0056,191.0,0.0,10,368.0
2025-08-01,SKU0056,186.0,0.0,10,368.0
2025-08-08,SKU0056,14.0,168.0,10,368.0
2025-08-15,SKU0056,62.0,246.0,10,368.0
2025-08-22,SKU0056,216.0,171.0,10,368.0
2025-09-01,SKU0056,156.0,168.0,10,368.0
2025-09-08,SKU0056,23.0,168.0,10,368.0
2025-09-15,SKU0056,81.0,240.0,10,368.0
2025-09-22,SKU0056,200.0,231.0,10,368.0
2025-10-01,SKU0056,273.0,0.0,10,368.0
2025-10-08,SKU0056,139.0,191.0,10,368.0
2025-10-15,SKU0056,198.0,162.0,10,368.0
2025-10-22,SKU0056,173.0,166.0,10,368.0
2025-11-01,SKU0056,190.0,246.0,10,368.0
2025-11-08,SKU0056,44.0,246.0,10,368.0
2025-11-15,SKU0056,158.0,170.0,10,368.0
2025-11-22,SKU0056,214.0,292.0,10,368.0
2025-12-01,SKU0056,223.0,148.0,10,368.0
2025-12-08,SKU0056,58.0,148.0,10,368.0
2025-12-15,SKU0056,61.0,159.0,10,368.0
2025-12-22,SKU0056,109.0,289.0,10,368.0
2024-04-01,SKU0057,73.0,223.0,9,106.0
2024-04-08,SKU0057,1.0,223.0,9,106.0
2024-04-15,SKU0057,118.0,0.0,9,106.0
2024-04-22,SKU0057,166.0,0.0,9,106.0
2024-05-01,SKU0057,203.0,0.0,9,106.0
2024-05-08,SKU0057,91.0,240.0,9,106.0
2024-05-15,SKU0057,240.0,0.0,9,106.0
2024-05-22,SKU0057,125.0,0.0,9,106.0
2024-06-01,SKU0057,1.0,250.0,9,106.0
2024-06-08,SKU0057,152.0,0.0,9,106.0
2024-06-15,SKU0057,39.0,185.0,9,106.0
2024-06-22,SKU0057,156.0,0.0,9,106.0
2024-07-01,SKU0057,192.0,0.0,9,106.0
2024-07-08,SKU0057,106.0,0.0,9,106.0
2024-07-15,SKU0057,15.0,176.0,9,106.0
2024-07-22,SKU0057,125.0,0.0,9,106.0
2024-08-01,SKU0057,235.0,0.0,9,106.0
2024-08-08,SKU0057,155.0,0.0,9,106.0
2024-08-15,SKU0057,85.0,176.0,9,106.0
2024-08-22,SKU0057,186.0,0.0,9,106.0
2024-09-01,SKU0057,266.0,0.0,9,106.0
2024-09-08,SKU0057,206.0,0.0,9,106.0
2024-09-15,SKU0057,135.0,0.0,9,106.0
2024-09-22,SKU0057,67.0,204.0,9,106.0
2024-10-01,SKU0057,186.0,0.0,9,106.0
2024-10-08,SKU0057,119.0,0.0,9,106.0
2024-10-15,SKU0057,213.0,0.0,9,106.0
2024-10-22,SKU0057,115.0,0.0,9,106.0
2024-11-01,SKU0057,231.0,0.0,9,106.0
2024-11-08,SKU0057,161.0,0.0,9,106.0
2024-11-15,SKU0057,102.0,175.0,9,106.0
2024-11-22,SKU0057,210.0,0.0,9,106.0
2024-12-01,SKU0057,76.0,180.0,9,106.0
2024-12-08,SKU0057,182.0,0.0,9,106.0
2024-12-15,SKU0057,99.0,213.0,9,106.0
2024-12-22,SKU0057,236.0,0.0,9,106.0
2025-01-01,SKU0057,95.0,249.0,9,106.0
2025-01-08,SKU0057,192.0,0.0,9,106.0
2025-01-15,SKU0057,102.0,232.0,9,106.0
2025-01-22,SKU0057,245.0,0.0,9,106.0
2025-02-01,SKU0057,112.0,0.0,9,106.0
2025-02-08,SKU0057,4.0,199.0,9,106.0
2025-02-15,SKU0057,107.0,0.0,9,106.0
2025-02-22,SKU0057,238.0,0.0,9,106.0
2025-03-01,SKU0057,117.0,0.0,9,106.0
2025-03-08,SKU0057,214.0,0.0,9,106.0
2025-03-15,SKU0057,97.0,208.0,9,106.0
2025-03-22,SKU0057,177.0,0.0,9,106.0
2025-04-01,SKU0057,9.0,211.0,9,106.0
2025-04-08,SKU0057,143.0,0.0,9,106.0
2025-04-15,SKU0057,260.0,0.0,9,106.0
2025-04-22,SKU0057,131.0,0.0,9,106.0
2025-05-01,SKU0057,207.0,0.0,9,106.0
2025-05-08,SKU0057,97.0,180.0,9,106.0
2025-05-15,SKU0057,162.0,0.0,9,106.0
2025-05-22,SKU0057,39.0,224.0,9,106.0
2025-06-01,SKU0057,167.0,0.0,9,106.0
2025-06-08,SKU0057,292.0,0.0,9,106.0
2025-06-15,SKU0057,174.0,0.0,9,106.0
2025-06-22,SKU0057,1.0,204.0,9,106.0
2025-07-01,SKU0057,101.0,176.0,9,106.0
2025-07-08,SKU0057,182.0,0.0,9,106.0
2025-07-15,SKU0057,90.0,182.0,9,106.0
2025-07-22,SKU0057,179.0,0.0,9,106.0
2025-08-01,SKU0057,247.0,0.0,9,106.0
2025-08-08,SKU0057,164.0,0.0,9,106.0
2025-08-15,SKU0057,99.0,181.0,9,106.0
2025-08-22,SKU0057,206.0,0.0,9,106.0
2025-09-01,SKU0057,100.0,258.0,9,106.0
2025-09-08,SKU0057,299.0,0.0,9,106.0
2025-09-15,SKU0057,232.0,0.0,9,106.0
2025-09-22,SKU0057,173.0,0.0,9,106.0
2025-10-01,SKU0057,301.0,0.0,9,106.0
2025-10-08,SKU0057,252.0,0.0,9,106.0
2025-10-15,SKU0057,178.0,0.0,9,106.0
2025-10-22,SKU0057,87.0,260.0,9,106.0
2025-11-01,SKU0057,261.0,0.0,9,106.0
2025-11-08,SKU0057,193.0,0.0,9,106.0
2025-11-15,SKU0057,126.0,0.0,9,106.0
2025-11-22,SKU0057,54.0,174.0,9,106.0
2025-12-01,SKU0057,102.0,221.0,9,106.0
2025-12-08,SKU0057,238.0,0.0,9,106.0
2025-12-15,SKU0057,162.0,0.0,9,106.0
2025-12-22,SKU0057,290.0,0.0,9,106.0
2024-02-01,SKU0058,1.0,74.0,8,95.0
2024-02-08,SKU0058,0.0,56.0,8,95.0
2024-02-15,SKU0058,0.0,76.0,8,95.0
2024-02-22,SKU0058,1.0,73.0,8,95.0
2024-03-01,SKU0058,1.0,49.0,8,95.0
2024-03-08,SKU0058,0.0,54.0,8,95.0
2024-03-15,SKU0058,16.0,49.0,8,95.0
2024-03-22,SKU0058,35.0,57.0,8,95.0
2024-04-01,SKU0058,16.0,51.0,8,95.0
2024-04-08,SKU0058,22.0,0.0,8,95.0
2024-04-15,SKU0058,24.0,61.0,8,95.0
2024-04-22,SKU0058,61.0,69.0,8,95.0
2024-05-01,SKU0058,46.0,48.0,8,95.0
2024-05-08,SKU0058,48.0,0.0,8,95.0
2024-05-15,SKU0058,0.0,65.0,8,95.0
2024-05-22,SKU0058,1.0,69.0,8,95.0
2024-06-01,SKU0058,49.0,59.0,8,95.0
2024-06-08,SKU0058,0.0,59.0,8,95.0
2024-06-15,SKU0058,1.0,40.0,8,95.0
2024-06-22,SKU0058,1.0,71.0,8,95.0
2024-07-01,SKU0058,1.0,71.0,8,95.0
2024-07-08,SKU0058,11.0,51.0,8,95.0
2024-07-15,SKU0058,9.0,40.0,8,95.0
2024-07-22,SKU0058,10.0,59.0,8,95.0
2024-08-01,SKU0058,0.0,45.0,8,95.0
2024-08-08,SKU0058,0.0,39.0,8,95.0
2024-08-15,SKU0058,0.0,48.0,8,95.0
2024-08-22,SKU0058,12.0,44.0,8,95.0
2024-09-01,SKU0058,1.0,0.0,8,95.0
2024-09-08,SKU0058,23.0,46.0,8,95.0
2024-09-15,SKU0058,30.0,59.0,8,95.0
2024-09-22,SKU0058,52.0,66.0,8,95.0
2024-10-01,SKU0058,45.0,71.0,8,95.0
2024-10-08,SKU0058,57.0,0.0,8,95.0
2024-10-15,SKU0058,46.0,54.0,8,95.0
2024-10-22,SKU0058,0.0,54.0,8,95.0
2024-11-01,SKU0058,45.0,0.0,8,95.0
2024-11-08,SKU0058,66.0,44.0,8,95.0
2024-11-15,SKU0058,1.0,44.0,8,95.0
2024-11-22,SKU0058,1.0,52.0,8,95.0
2024-12-01,SKU0058,0.0,55.0,8,95.0
2024-12-08,SKU0058,1.0,64.0,8,95.0
2024-12-15,SKU0058,6.0,73.0,8,95.0
2024-12-22,SKU0058,35.0,64.0,8,95.0
2025-01-01,SKU0058,1.0,68.0,8,95.0
2025-01-08,SKU0058,0.0,45.0,8,95.0
2025-01-15,SKU0058,0.0,67.0,8,95.0
2025-01-22,SKU0058,16.0,38.0,8,95.0
2025-02-01,SKU0058,1.0,67.0,8,95.0
2025-02-08,SKU0058,0.0,69.0,8,95.0
2025-02-15,SKU0058,15.0,0.0,8,95.0
2025-02-22,SKU0058,14.0,66.0,8,95.0
2025-03-01,SKU0058,52.0,0.0,8,95.0
2025-03-08,SKU0058,47.0,0.0,8,95.0
2025-03-15,SKU0058,0.0,75.0,8,95.0
2025-03-22,SKU0058,0.0,46.0,8,95.0
2025-04-01,SKU0058,38.0,0.0,8,95.0
2025-04-08,SKU0058,0.0,76.0,8,95.0
2025-04-15,SKU0058,0.0,56.0,8,95.0
2025-04-22,SKU0058,0.0,58.0,8,95.0
2025-05-01,SKU0058,1.0,63.0,8,95.0
2025-05-08,SKU0058,1.0,59.0,8,95.0
2025-05-15,SKU0058,1.0,58.0,8,95.0
2025-05-22,SKU0058,0.0,0.0,8,95.0
2025-06-01,SKU0058,1.0,57.0,8,95.0
2025-06-08,SKU0058,1.0,71.0,8,95.0
2025-06-15,SKU0058,24.0,0.0,8,95.0
2025-06-22,SKU0058,24.0,52.0,8,95.0
2025-07-01,SKU0058,0.0,61.0,8,95.0
2025-07-08,SKU0058,30.0,62.0,8,95.0
2025-07-15,SKU0058,45.0,49.0,8,95.0
2025-07-22,SKU0058,50.0,0.0,8,95.0
2025-08-01,SKU0058,20.0,52.0,8,95.0
2025-08-08,SKU0058,44.0,39.0,8,95.0
2025-08-15,SKU0058,40.0,0.0,8,95.0
2025-08-22,SKU0058,1.0,72.0,8,95.0
2025-09-01,SKU0058,40.0,41.0,8,95.0
2025-09-08,SKU0058,41.0,0.0,8,95.0
2025-09-15,SKU0058,0.0,73.0,8,95.0
2025-09-22,SKU0058,12.0,42.0,8,95.0
2025-10-01,SKU0058,1.0,38.0,8,95.0
2025-10-08,SKU0058,0.0,57.0,8,95.0
2025-10-15,SKU0058,1.0,65.0,8,95.0
2025-10-22,SKU0058,0.0,56.0,8,95.0
2025-11-01,SKU0058,1.0,71.0,8,95.0
2025-11-08,SKU0058,13.0,75.0,8,95.0
2025-11-15,SKU0058,28.0,44.0,8,95.0
2025-11-22,SKU0058,15.0,50.0,8,95.0
2025-12-01,SKU0058,1.0,59.0,8,95.0
2025-12-08,SKU0058,24.0,73.0,8,95.0
2025-12-15,SKU0058,45.0,51.0,8,95.0
2025-12-22,SKU0058,39.0,0.0,8,95.0
2024-02-01,SKU0059,172.0,901.0,27,595.0
2024-02-08,SKU0059,58.0,901.0,27,595.0
2024-02-15,SKU0059,1.0,901.0,27,595.0
2024-02-22,SKU0059,901.0,0.0,27,595.0
2024-03-01,SKU0059,737.0,0.0,27,595.0
2024-03-08,SKU0059,598.0,0.0,27,595.0
2024-03-15,SKU0059,444.0,1407.0,27,595.0
2024-03-22,SKU0059,1702.0,0.0,27,595.0
2024-04-01,SKU0059,1499.0,0.0,27,595.0
2024-04-08,SKU0059,1341.0,0.0,27,595.0
2024-04-15,SKU0059,1175.0,0.0,27,595.0
2024-04-22,SKU0059,1032.0,0.0,27,595.0
2024-05-01,SKU0059,806.0,0.0,27,595.0
2024-05-08,SKU0059,644.0,0.0,27,595.0
2024-05-15,SKU0059,1721.0,0.0,27,595.0
2024-05-22,SKU0059,1559.0,0.0,27,595.0
2024-06-01,SKU0059,1335.0,0.0,27,595.0
2024-06-08,SKU0059,1186.0,0.0,27,595.0
2024-06-15,SKU0059,1026.0,0.0,27,595.0
2024-06-22,SKU0059,786.0,0.0,27,595.0
2024-07-01,SKU0059,605.0,0.0,27,595.0
2024-07-08,SKU0059,1770.0,0.0,27,595.0
2024-07-15,SKU0059,1640.0,0.0,27,595.0
2024-07-22,SKU0059,1518.0,0.0,27,595.0
2024-08-01,SKU0059,1310.0,0.0,27,595.0
2024-08-08,SKU0059,1192.0,0.0,27,595.0
2024-08-15,SKU0059,1086.0,0.0,27,595.0
2024-08-22,SKU0059,974.0,0.0,27,595.0
2024-09-01,SKU0059,824.0,0.0,27,595.0
2024-09-08,SKU0059,716.0,0.0,27,595.0
2024-09-15,SKU0059,600.0,0.0,27,595.0
2024-09-22,SKU0059,489.0,1457.0,27,595.0
2024-10-01,SKU0059,1800.0,0.0,27,595.0
2024-10-08,SKU0059,1680.0,0.0,27,595.0
2024-10-15,SKU0059,1555.0,0.0,27,595.0
2024-10-22,SKU0059,1378.0,0.0,27,595.0
2024-11-01,SKU0059,1211.0,0.0,27,595.0
2024-11-08,SKU0059,1112.0,0.0,27,595.0
2024-11-15,SKU0059,1005.0,0.0,27,595.0
2024-11-22,SKU0059,894.0,0.0,27,595.0
2024-12-01,SKU0059,663.0,0.0,27,595.0
2024-12-08,SKU0059,541.0,1006.0,27,595.0
2024-12-15,SKU0059,1406.0,0.0,27,595.0
2024-12-22,SKU0059,1278.0,0.0,27,595.0
2025-01-01,SKU0059,1062.0,0.0,27,595.0
2025-01-08,SKU0059,831.0,0.0,27,595.0
2025-01-15,SKU0059,687.0,0.0,27,595.0
2025-01-22,SKU0059,554.0,935.0,27,595.0
2025-02-01,SKU0059,356.0,935.0,27,595.0
2025-02-08,SKU0059,1135.0,0.0,27,595.0
2025-02-15,SKU0059,969.0,0.0,27,595.0
2025-02-22,SKU0059,804.0,0.0,27,595.0
2025-03-01,SKU0059,647.0,0.0,27,595.0
2025-03-08,SKU0059,1752.0,0.0,27,595.0
2025-03-15,SKU0059,1573.0,0.0,27,595.0
2025-03-22,SKU0059,1380.0,0.0,27,595.0
2025-04-01,SKU0059,1131.0,0.0,27,595.0
2025-04-08,SKU0059,946.0,0.0,27,595.0
2025-04-15,SKU0059,776.0,0.0,27,595.0
2025-04-22,SKU0059,600.0,0.0,27,595.0
2025-05-01,SKU0059,1340.0,0.0,27,595.0
2025-05-08,SKU0059,1162.0,0.0,27,595.0
2025-05-15,SKU0059,980.0,0.0,27,595.0
2025-05-22,SKU0059,795.0,0.0,27,595.0
2025-06-01,SKU0059,550.0,950.0,27,595.0
2025-06-08,SKU0059,375.0,950.0,27,595.0
2025-06-15,SKU0059,185.0,950.0,27,595.0
2025-06-22,SKU0059,950.0,0.0,27,595.0
2025-07-01,SKU0059,718.0,0.0,27,595.0
2025-07-08,SKU0059,571.0,1041.0,27,595.0
2025-07-15,SKU0059,418.0,1041.0,27,595.0
2025-07-22,SKU0059,1313.0,0.0,27,595.0
2025-08-01,SKU0059,1092.0,0.0,27,595.0
2025-08-08,SKU0059,962.0,0.0,27,595.0
2025-08-15,SKU0059,833.0,0.0,27,595.0
2025-08-22,SKU0059,689.0,0.0,27,595.0
2025-09-01,SKU0059,503.0,1124.0,27,595.0
2025-09-08,SKU0059,367.0,1124.0,27,595.0
2025-09-15,SKU0059,1351.0,0.0,27,595.0
2025-09-22,SKU0059,1233.0,0.0,27,595.0
2025-10-01,SKU0059,1068.0,0.0,27,595.0
2025-10-08,SKU0059,948.0,0.0,27,595.0
2025-10-15,SKU0059,815.0,0.0,27,595.0
2025-10-22,SKU0059,610.0,0.0,27,595.0
2025-11-01,SKU0059,431.0,1183.0,27,595.0
2025-11-08,SKU0059,1497.0,0.0,27,595.0
2025-11-15,SKU0059,1371.0,0.0,27,595.0
2025-11-22,SKU0059,1250.0,0.0,27,595.0
2025-12-01,SKU0059,979.0,0.0,27,595.0
2025-12-08,SKU0059,817.0,0.0,27,595.0
2025-12-15,SKU0059,684.0,0.0,27,595.0
2025-12-22,SKU0059,546.0,1308.0,27,595.0
2025-05-08,SKU0060,80.0,165.0,20,255.0
2025-05-15,SKU0060,1.0,165.0,20,255.0
2025-05-22,SKU0060,1.0,165.0,20,255.0
2025-06-01,SKU0060,50.0,162.0,20,255.0
2025-06-08,SKU0060,1.0,162.0,20,255.0
2025-06-15,SKU0060,132.0,164.0,20,255.0
2025-06-22,SKU0060,1.0,164.0,20,255.0
2025-07-01,SKU0060,1.0,164.0,20,255.0
2025-07-08,SKU0060,101.0,176.0,20,255.0
2025-07-15,SKU0060,16.0,176.0,20,255.0
2025-07-22,SKU0060,1.0,176.0,20,255.0
2025-08-01,SKU0060,60.0,133.0,20,255.0
2025-08-08,SKU0060,0.0,133.0,20,255.0
2025-08-15,SKU0060,99.0,105.0,20,255.0
2025-08-22,SKU0060,27.0,105.0,20,255.0
2025-09-01,SKU0060,105.0,144.0,20,255.0
2025-09-08,SKU0060,31.0,144.0,20,255.0
2025-09-15,SKU0060,1.0,144.0,20,255.0
2025-09-22,SKU0060,133.0,140.0,20,255.0
2025-10-01,SKU0060,43.0,140.0,20,255.0
2025-10-08,SKU0060,0.0,140.0,20,255.0
2025-10-15,SKU0060,106.0,167.0,20,255.0
2025-10-22,SKU0060,1.0,167.0,20,255.0
2025-11-01,SKU0060,168.0,154.0,20,255.0
2025-11-08,SKU0060,94.0,154.0,20,255.0
2025-11-15,SKU0060,32.0,154.0,20,255.0
2025-11-22,SKU0060,145.0,125.0,20,255.0
2025-12-01,SKU0060,19.0,125.0,20,255.0
2025-12-08,SKU0060,1.0,125.0,20,255.0
2025-12-15,SKU0060,94.0,144.0,20,255.0
2025-12-22,SKU0060,14.0,144.0,20,255.0
2024-03-08,SKU0061,32.0,603.0,11,383.0
2024-03-15,SKU0061,0.0,603.0,11,383.0
2024-03-22,SKU0061,470.0,0.0,11,383.0
2024-04-01,SKU0061,726.0,0.0,11,383.0
2024-04-08,SKU0061,377.0,946.0,11,383.0
2024-04-15,SKU0061,999.0,0.0,11,383.0
2024-04-22,SKU0061,681.0,0.0,11,383.0
2024-05-01,SKU0061,215.0,881.0,11,383.0
2024-05-08,SKU0061,775.0,0.0,11,383.0
2024-05-15,SKU0061,461.0,0.0,11,383.0
2024-05-22,SKU0061,86.0,942.0,11,383.0
2024-06-01,SKU0061,576.0,0.0,11,383.0
2024-06-08,SKU0061,279.0,949.0,11,383.0
2024-06-15,SKU0061,949.0,0.0,11,383.0
2024-06-22,SKU0061,416.0,0.0,11,383.0
2024-07-01,SKU0061,679.0,0.0,11,383.0
2024-07-08,SKU0061,418.0,0.0,11,383.0
2024-07-15,SKU0061,179.0,774.0,11,383.0
2024-07-22,SKU0061,645.0,0.0,11,383.0
2024-08-01,SKU0061,284.0,656.0,11,383.0
2024-08-08,SKU0061,104.0,656.0,11,383.0
2024-08-15,SKU0061,588.0,0.0,11,383.0
2024-08-22,SKU0061,401.0,0.0,11,383.0
2024-09-01,SKU0061,884.0,0.0,11,383.0
2024-09-08,SKU0061,706.0,0.0,11,383.0
2024-09-15,SKU0061,581.0,0.0,11,383.0
2024-09-22,SKU0061,430.0,0.0,11,383.0
2024-10-01,SKU0061,209.0,848.0,11,383.0
2024-10-08,SKU0061,917.0,0.0,11,383.0
2024-10-15,SKU0061,757.0,0.0,11,383.0
2024-10-22,SKU0061,479.0,0.0,11,383.0
2024-11-01,SKU0061,254.0,706.0,11,383.0
2024-11-08,SKU0061,774.0,0.0,11,383.0
2024-11-15,SKU0061,614.0,0.0,11,383.0
2024-11-22,SKU0061,453.0,0.0,11,383.0
2024-12-01,SKU0061,843.0,0.0,11,383.0
2024-12-08,SKU0061,634.0,0.0,11,383.0
2024-12-15,SKU0061,412.0,0.0,11,383.0
2024-12-22,SKU0061,809.0,0.0,11,383.0
2025-01-01,SKU0061,387.0,0.0,11,383.0
2025-01-08,SKU0061,0.0,715.0,11,383.0
2025-01-15,SKU0061,510.0,0.0,11,383.0
2025-01-22,SKU0061,1065.0,0.0,11,383.0
2025-02-01,SKU0061,643.0,0.0,11,383.0
2025-02-08,SKU0061,285.0,644.0,11,383.0
2025-02-15,SKU0061,559.0,0.0,11,383.0
2025-02-22,SKU0061,182.0,577.0,11,383.0
2025-03-01,SKU0061,413.0,0.0,11,383.0
2025-03-08,SKU0061,715.0,0.0,11,383.0
2025-03-15,SKU0061,295.0,717.0,11,383.0
2025-03-22,SKU0061,585.0,0.0,11,383.0
2025-04-01,SKU0061,934.0,0.0,11,383.0
2025-04-08,SKU0061,484.0,0.0,11,383.0
2025-04-15,SKU0061,38.0,716.0,11,383.0
2025-04-22,SKU0061,517.0,0.0,11,383.0
2025-05-01,SKU0061,598.0,0.0,11,383.0
2025-05-08,SKU0061,177.0,903.0,11,383.0
2025-05-15,SKU0061,680.0,0.0,11,383.0
2025-05-22,SKU0061,1086.0,0.0,11,383.0
2025-06-01,SKU0061,499.0,0.0,11,383.0
2025-06-08,SKU0061,104.0,602.0,11,383.0
2025-06-15,SKU0061,455.0,0.0,11,383.0
2025-06-22,SKU0061,0.0,818.0,11,383.0
2025-07-01,SKU0061,456.0,0.0,11,383.0
2025-07-08,SKU0061,984.0,0.0,11,383.0
2025-07-15,SKU0061,647.0,0.0,11,383.0
2025-07-22,SKU0061,300.0,927.0,11,383.0
2025-08-01,SKU0061,780.0,0.0,11,383.0
2025-08-08,SKU0061,547.0,0.0,11,383.0
2025-08-15,SKU0061,292.0,684.0,11,383.0
2025-08-22,SKU0061,713.0,0.0,11,383.0
2025-09-01,SKU0061,356.0,721.0,11,383.0
2025-09-08,SKU0061,116.0,721.0,11,383.0
2025-09-15,SKU0061,662.0,0.0,11,383.0
2025-09-22,SKU0061,445.0,0.0,11,383.0
2025-10-01,SKU0061,814.0,0.0,11,383.0
2025-10-08,SKU0061,622.0,0.0,11,383.0
2025-10-15,SKU0061,382.0,781.0,11,383.0
2025-10-22,SKU0061,65.0,781.0,11,383.0
2025-11-01,SKU0061,591.0,0.0,11,383.0
2025-11-08,SKU0061,366.0,809.0,11,383.0
2025-11-15,SKU0061,972.0,0.0,11,383.0
2025-11-22,SKU0061,771.0,0.0,11,383.0
2025-12-01,SKU0061,335.0,745.0,11,383.0
2025-12-08,SKU0061,837.0,0.0,11,383.0
2025-12-15,SKU0061,584.0,0.0,11,383.0
2025-12-22,SKU0061,347.0,911.0,11,383.0
2024-07-15,SKU0062,157.0,0.0,17,64.0
2024-07-22,SKU0062,131.0,0.0,17,64.0
2024-08-01,SKU0062,98.0,0.0,17,64.0
2024-08-08,SKU0062,79.0,0.0,17,64.0
2024-08-15,SKU0062,60.0,156.0,17,64.0
2024-08-22,SKU0062,42.0,156.0,17,64.0
2024-09-01,SKU0062,174.0,0.0,17,64.0
2024-09-08,SKU0062,156.0,0.0,17,64.0
2024-09-15,SKU0062,139.0,0.0,17,64.0
2024-09-22,SKU0062,121.0,0.0,17,64.0
2024-10-01,SKU0062,99.0,0.0,17,64.0
2024-10-08,SKU0062,84.0,0.0,17,64.0
2024-10-15,SKU0062,72.0,0.0,17,64.0
2024-10-22,SKU0062,214.0,0.0,17,64.0
2024-11-01,SKU0062,195.0,0.0,17,64.0
2024-11-08,SKU0062,181.0,0.0,17,64.0
2024-11-15,SKU0062,164.0,0.0,17,64.0
2024-11-22,SKU0062,149.0,0.0,17,64.0
2024-12-01,SKU0062,116.0,0.0,17,64.0
2024-12-08,SKU0062,98.0,0.0,17,64.0
2024-12-15,SKU0062,81.0,0.0,17,64.0
2024-12-22,SKU0062,63.0,134.0,17,64.0
2025-01-01,SKU0062,166.0,0.0,17,64.0
2025-01-08,SKU0062,128.0,0.0,17,64.0
2025-01-15,SKU0062,102.0,0.0,17,64.0
2025-01-22,SKU0062,77.0,0.0,17,64.0
2025-02-01,SKU0062,200.0,0.0,17,64.0
2025-02-08,SKU0062,172.0,0.0,17,64.0
2025-02-15,SKU0062,145.0,0.0,17,64.0
2025-02-22,SKU0062,117.0,0.0,17,64.0
2025-03-01,SKU0062,87.0,0.0,17,64.0
2025-03-08,SKU0062,53.0,100.0,17,64.0
2025-03-15,SKU0062,21.0,100.0,17,64.0
2025-03-22,SKU0062,1.0,100.0,17,64.0
2025-04-01,SKU0062,57.0,127.0,17,64.0
2025-04-08,SKU0062,26.0,127.0,17,64.0
2025-04-15,SKU0062,120.0,0.0,17,64.0
2025-04-22,SKU0062,85.0,0.0,17,64.0
2025-05-01,SKU0062,37.0,98.0,17,64.0
2025-05-08,SKU0062,5.0,98.0,17,64.0
2025-05-15,SKU0062,88.0,0.0,17,64.0
2025-05-22,SKU0062,59.0,122.0,17,64.0
2025-06-01,SKU0062,135.0,0.0,17,64.0
2025-06-08,SKU0062,108.0,0.0,17,64.0
2025-06-15,SKU0062,73.0,0.0,17,64.0
2025-06-22,SKU0062,24.0,120.0,17,64.0
2025-07-01,SKU0062,1.0,120.0,17,64.0
2025-07-08,SKU0062,106.0,0.0,17,64.0
2025-07-15,SKU0062,80.0,0.0,17,64.0
2025-07-22,SKU0062,57.0,141.0,17,64.0
2025-08-01,SKU0062,21.0,141.0,17,64.0
2025-08-08,SKU0062,144.0,0.0,17,64.0
2025-08-15,SKU0062,125.0,0.0,17,64.0
2025-08-22,SKU0062,107.0,0.0,17,64.0
2025-09-01,SKU0062,83.0,0.0,17,64.0
2025-09-08,SKU0062,66.0,0.0,17,64.0
2025-09-15,SKU0062,53.0,143.0,17,64.0
2025-09-22,SKU0062,36.0,143.0,17,64.0
2025-10-01,SKU0062,157.0,0.0,17,64.0
2025-10-08,SKU0062,144.0,0.0,17,64.0
2025-10-15,SKU0062,132.0,0.0,17,64.0
2025-10-22,SKU0062,110.0,0.0,17,64.0
2025-11-01,SKU0062,95.0,0.0,17,64.0
2025-11-08,SKU0062,83.0,0.0,17,64.0
2025-11-15,SKU0062,71.0,0.0,17,64.0
2025-11-22,SKU0062,56.0,134.0,17,64.0
2025-12-01,SKU0062,29.0,134.0,17,64.0
2025-12-08,SKU0062,146.0,0.0,17,64.0
2025-12-15,SKU0062,126.0,0.0,17,64.0
2025-12-22,SKU0062,108.0,0.0,17,64.0
2024-08-01,SKU0063,238.0,1012.0,28,556.0
2024-08-08,SKU0063,105.0,1012.0,28,556.0
2024-08-15,SKU0063,7.0,1012.0,28,556.0
2024-08-22,SKU0063,1.0,1012.0,28,556.0
2024-09-01,SKU0063,872.0,0.0,28,556.0
2024-09-08,SKU0063,741.0,0.0,28,556.0
2024-09-15,SKU0063,627.0,0.0,28,556.0
2024-09-22,SKU0063,1625.0,0.0,28,556.0
2024-10-01,SKU0063,1468.0,0.0,28,556.0
2024-10-08,SKU0063,1359.0,0.0,28,556.0
2024-10-15,SKU0063,1237.0,0.0,28,556.0
2024-10-22,SKU0063,1062.0,0.0,28,556.0
2024-11-01,SKU0063,920.0,0.0,28,556.0
2024-11-08,SKU0063,826.0,0.0,28,556.0
2024-11-15,SKU0063,736.0,0.0,28,556.0
2024-11-22,SKU0063,632.0,0.0,28,556.0
2024-12-01,SKU0063,390.0,880.0,28,556.0
2024-12-08,SKU0063,248.0,880.0,28,556.0
2024-12-15,SKU0063,995.0,0.0,28,556.0
2024-12-22,SKU0063,867.0,0.0,28,556.0
2025-01-01,SKU0063,665.0,0.0,28,556.0
2025-01-08,SKU0063,379.0,1207.0,28,556.0
2025-01-15,SKU0063,1436.0,0.0,28,556.0
2025-01-22,SKU0063,1292.0,0.0,28,556.0
2025-02-01,SKU0063,1071.0,0.0,28,556.0
2025-02-08,SKU0063,898.0,0.0,28,556.0
2025-02-15,SKU0063,712.0,0.0,28,556.0
2025-02-22,SKU0063,554.0,1387.0,28,556.0
2025-03-01,SKU0063,359.0,1387.0,28,556.0
2025-03-08,SKU0063,1513.0,0.0,28,556.0
2025-03-15,SKU0063,1319.0,0.0,28,556.0
2025-03-22,SKU0063,1128.0,0.0,28,556.0
2025-04-01,SKU0063,852.0,0.0,28,556.0
2025-04-08,SKU0063,639.0,0.0,28,556.0
2025-04-15,SKU0063,450.0,1367.0,28,556.0
2025-04-22,SKU0063,232.0,1367.0,28,556.0
2025-05-01,SKU0063,1.0,1367.0,28,556.0
2025-05-08,SKU0063,1213.0,0.0,28,556.0
2025-05-15,SKU0063,1024.0,0.0,28,556.0
2025-05-22,SKU0063,814.0,0.0,28,556.0
2025-06-01,SKU0063,557.0,0.0,28,556.0
2025-06-08,SKU0063,384.0,1238.0,28,556.0
2025-06-15,SKU0063,212.0,1238.0,28,556.0
2025-06-22,SKU0063,0.0,1238.0,28,556.0
2025-07-01,SKU0063,1162.0,0.0,28,556.0
2025-07-08,SKU0063,998.0,0.0,28,556.0
2025-07-15,SKU0063,830.0,0.0,28,556.0
2025-07-22,SKU0063,674.0,0.0,28,556.0
2025-08-01,SKU0063,450.0,1312.0,28,556.0
2025-08-08,SKU0063,312.0,1312.0,28,556.0
2025-08-15,SKU0063,202.0,1312.0,28,556.0
2025-08-22,SKU0063,75.0,1312.0,28,556.0
2025-09-01,SKU0063,1211.0,0.0,28,556.0
2025-09-08,SKU0063,1111.0,0.0,28,556.0
2025-09-15,SKU0063,1011.0,0.0,28,556.0
2025-09-22,SKU0063,890.0,0.0,28,556.0
2025-10-01,SKU0063,723.0,0.0,28,556.0
2025-10-08,SKU0063,639.0,0.0,28,556.0
2025-10-15,SKU0063,493.0,1190.0,28,556.0
2025-10-22,SKU0063,1513.0,0.0,28,556.0
2025-11-01,SKU0063,1377.0,0.0,28,556.0
2025-11-08,SKU0063,1253.0,0.0,28,556.0
2025-11-15,SKU0063,1136.0,0.0,28,556.0
2025-11-22,SKU0063,1028.0,0.0,28,556.0
2025-12-01,SKU0063,799.0,0.0,28,556.0
2025-12-08,SKU0063,663.0,0.0,28,556.0
2025-12-15,SKU0063,548.0,1211.0,28,556.0
2025-12-22,SKU0063,408.0,1211.0,28,556.0
2024-07-08,SKU0064,180.0,0.0,10,93.0
2024-07-15,SKU0064,133.0,0.0,10,93.0
2024-07-22,SKU0064,67.0,151.0,10,93.0
2024-08-01,SKU0064,128.0,0.0,10,93.0
2024-08-08,SKU0064,87.0,204.0,10,93.0
2024-08-15,SKU0064,37.0,204.0,10,93.0
2024-08-22,SKU0064,196.0,0.0,10,93.0
2024-09-01,SKU0064,153.0,0.0,10,93.0
2024-09-08,SKU0064,113.0,0.0,10,93.0
2024-09-15,SKU0064,84.0,174.0,10,93.0
2024-09-22,SKU0064,227.0,0.0,10,93.0
2024-10-01,SKU0064,196.0,0.0,10,93.0
2024-10-08,SKU0064,167.0,0.0,10,93.0
2024-10-15,SKU0064,135.0,0.0,10,93.0
2024-10-22,SKU0064,83.0,212.0,10,93.0
2024-11-01,SKU0064,256.0,0.0,10,93.0
2024-11-08,SKU0064,222.0,0.0,10,93.0
2024-11-15,SKU0064,191.0,0.0,10,93.0
2024-11-22,SKU0064,149.0,0.0,10,93.0
2024-12-01,SKU0064,75.0,181.0,10,93.0
2024-12-08,SKU0064,211.0,0.0,10,93.0
2024-12-15,SKU0064,160.0,0.0,10,93.0
2024-12-22,SKU0064,118.0,0.0,10,93.0
2025-01-01,SKU0064,19.0,213.0,10,93.0
2025-01-08,SKU0064,160.0,0.0,10,93.0
2025-01-15,SKU0064,83.0,187.0,10,93.0
2025-01-22,SKU0064,20.0,187.0,10,93.0
2025-02-01,SKU0064,119.0,0.0,10,93.0
2025-02-08,SKU0064,39.0,195.0,10,93.0
2025-02-15,SKU0064,177.0,0.0,10,93.0
2025-02-22,SKU0064,85.0,225.0,10,93.0
2025-03-01,SKU0064,228.0,0.0,10,93.0
2025-03-08,SKU0064,146.0,0.0,10,93.0
2025-03-15,SKU0064,269.0,0.0,10,93.0
2025-03-22,SKU0064,176.0,0.0,10,93.0
2025-04-01,SKU0064,38.0,149.0,10,93.0
2025-04-08,SKU0064,96.0,0.0,10,93.0
2025-04-15,SKU0064,196.0,0.0,10,93.0
2025-04-22,SKU0064,94.0,0.0,10,93.0
2025-05-01,SKU0064,124.0,0.0,10,93.0
2025-05-08,SKU0064,21.0,215.0,10,93.0
2025-05-15,SKU0064,198.0,0.0,10,93.0
2025-05-22,SKU0064,107.0,0.0,10,93.0
2025-06-01,SKU0064,0.0,143.0,10,93.0
2025-06-08,SKU0064,86.0,197.0,10,93.0
2025-06-15,SKU0064,185.0,0.0,10,93.0
2025-06-22,SKU0064,17.0,182.0,10,93.0
2025-07-01,SKU0064,99.0,0.0,10,93.0
2025-07-08,SKU0064,182.0,0.0,10,93.0
2025-07-15,SKU0064,108.0,0.0,10,93.0
2025-07-22,SKU0064,34.0,225.0,10,93.0
2025-08-01,SKU0064,154.0,0.0,10,93.0
2025-08-08,SKU0064,103.0,0.0,10,93.0
2025-08-15,SKU0064,244.0,0.0,10,93.0
2025-08-22,SKU0064,185.0,0.0,10,93.0
2025-09-01,SKU0064,110.0,0.0,10,93.0
2025-09-08,SKU0064,76.0,149.0,10,93.0
2025-09-15,SKU0064,173.0,0.0,10,93.0
2025-09-22,SKU0064,128.0,0.0,10,93.0
2025-10-01,SKU0064,217.0,0.0,10,93.0
2025-10-08,SKU0064,183.0,0.0,10,93.0
2025-10-15,SKU0064,126.0,0.0,10,93.0
2025-10-22,SKU0064,242.0,0.0,10,93.0
2025-11-01,SKU0064,193.0,0.0,10,93.0
2025-11-08,SKU0064,146.0,0.0,10,93.0
2025-11-15,SKU0064,105.0,0.0,10,93.0
2025-11-22,SKU0064,245.0,0.0,10,93.0
2025-12-01,SKU0064,154.0,0.0,10,93.0
2025-12-08,SKU0064,103.0,0.0,10,93.0
2025-12-15,SKU0064,46.0,197.0,10,93.0
2025-12-22,SKU0064,183.0,0.0,10,93.0
2024-09-01,SKU0065,161.0,367.0,9,169.0
2024-09-08,SKU0065,456.0,0.0,9,169.0
2024-09-15,SKU0065,385.0,0.0,9,169.0
2024-09-22,SKU0065,316.0,0.0,9,169.0
2024-10-01,SKU0065,216.0,0.0,9,169.0
2024-10-08,SKU0065,145.0,415.0,9,169.0
2024-10-15,SKU0065,470.0,0.0,9,169.0
2024-10-22,SKU0065,349.0,0.0,9,169.0
2024-11-01,SKU0065,251.0,0.0,9,169.0
2024-11-08,SKU0065,171.0,0.0,9,169.0
2024-11-15,SKU0065,106.0,305.0,9,169.0
2024-11-22,SKU0065,326.0,0.0,9,169.0
2024-12-01,SKU0065,197.0,0.0,9,169.0
2024-12-08,SKU0065,372.0,0.0,9,169.0
2024-12-15,SKU0065,289.0,0.0,9,169.0
2024-12-22,SKU0065,195.0,0.0,9,169.0
2025-01-01,SKU0065,430.0,0.0,9,169.0
2025-01-08,SKU0065,224.0,0.0,9,169.0
2025-01-15,SKU0065,87.0,320.0,9,169.0
2025-01-22,SKU0065,286.0,0.0,9,169.0
2025-02-01,SKU0065,104.0,398.0,9,169.0
2025-02-08,SKU0065,357.0,0.0,9,169.0
2025-02-15,SKU0065,207.0,0.0,9,169.0
2025-02-22,SKU0065,49.0,402.0,9,169.0
2025-03-01,SKU0065,301.0,0.0,9,169.0
2025-03-08,SKU0065,128.0,343.0,9,169.0
2025-03-15,SKU0065,323.0,0.0,9,169.0
2025-03-22,SKU0065,158.0,337.0,9,169.0
2025-04-01,SKU0065,244.0,0.0,9,169.0
2025-04-08,SKU0065,63.0,356.0,9,169.0
2025-04-15,SKU0065,237.0,0.0,9,169.0
2025-04-22,SKU0065,396.0,0.0,9,169.0
2025-05-01,SKU0065,121.0,254.0,9,169.0
2025-05-08,SKU0065,222.0,0.0,9,169.0
2025-05-15,SKU0065,51.0,254.0,9,169.0
2025-05-22,SKU0065,117.0,304.0,9,169.0
2025-06-01,SKU0065,175.0,0.0,9,169.0
2025-06-08,SKU0065,307.0,0.0,9,169.0
2025-06-15,SKU0065,115.0,296.0,9,169.0
2025-06-22,SKU0065,282.0,0.0,9,169.0
2025-07-01,SKU0065,401.0,0.0,9,169.0
2025-07-08,SKU0065,265.0,0.0,9,169.0
2025-07-15,SKU0065,125.0,347.0,9,169.0
2025-07-22,SKU0065,320.0,0.0,9,169.0
2025-08-01,SKU0065,104.0,311.0,9,169.0
2025-08-08,SKU0065,303.0,0.0,9,169.0
2025-08-15,SKU0065,172.0,0.0,9,169.0
2025-08-22,SKU0065,62.0,273.0,9,169.0
2025-09-01,SKU0065,181.0,0.0,9,169.0
2025-09-08,SKU0065,89.0,269.0,9,169.0
2025-09-15,SKU0065,280.0,0.0,9,169.0
2025-09-22,SKU0065,199.0,0.0,9,169.0
2025-10-01,SKU0065,456.0,0.0,9,169.0
2025-10-08,SKU0065,365.0,0.0,9,169.0
2025-10-15,SKU0065,262.0,0.0,9,169.0
2025-10-22,SKU0065,115.0,301.0,9,169.0
2025-11-01,SKU0065,303.0,0.0,9,169.0
2025-11-08,SKU0065,222.0,0.0,9,169.0
2025-11-15,SKU0065,132.0,375.0,9,169.0
2025-11-22,SKU0065,413.0,0.0,9,169.0
2025-12-01,SKU0065,206.0,0.0,9,169.0
2025-12-08,SKU0065,88.0,316.0,9,169.0
2025-12-15,SKU0065,283.0,0.0,9,169.0
2025-12-22,SKU0065,160.0,284.0,9,169.0
2025-02-08,SKU0066,71.0,579.0,10,253.0
2025-02-15,SKU0066,0.0,579.0,10,253.0
2025-02-22,SKU0066,426.0,0.0,10,253.0
2025-03-01,SKU0066,261.0,0.0,10,253.0
2025-03-08,SKU0066,474.0,0.0,10,253.0
2025-03-15,SKU0066,275.0,0.0,10,253.0
2025-03-22,SKU0066,565.0,0.0,10,253.0
2025-04-01,SKU0066,274.0,0.0,10,253.0
2025-04-08,SKU0066,579.0,0.0,10,253.0
2025-04-15,SKU0066,384.0,0.0,10,253.0
2025-04-22,SKU0066,178.0,392.0,10,253.0
2025-05-01,SKU0066,299.0,0.0,10,253.0
2025-05-08,SKU0066,710.0,0.0,10,253.0
2025-05-15,SKU0066,508.0,0.0,10,253.0
2025-05-22,SKU0066,312.0,0.0,10,253.0
2025-06-01,SKU0066,665.0,0.0,10,253.0
2025-06-08,SKU0066,497.0,0.0,10,253.0
2025-06-15,SKU0066,309.0,0.0,10,253.0
2025-06-22,SKU0066,51.0,594.0,10,253.0
2025-07-01,SKU0066,495.0,0.0,10,253.0
2025-07-08,SKU0066,372.0,0.0,10,253.0
2025-07-15,SKU0066,219.0,472.0,10,253.0
2025-07-22,SKU0066,555.0,0.0,10,253.0
2025-08-01,SKU0066,359.0,0.0,10,253.0
2025-08-08,SKU0066,260.0,0.0,10,253.0
2025-08-15,SKU0066,648.0,0.0,10,253.0
2025-08-22,SKU0066,532.0,0.0,10,253.0
2025-09-01,SKU0066,386.0,0.0,10,253.0
2025-09-08,SKU0066,307.0,0.0,10,253.0
2025-09-15,SKU0066,786.0,0.0,10,253.0
2025-09-22,SKU0066,704.0,0.0,10,253.0
2025-10-01,SKU0066,571.0,0.0,10,253.0
2025-10-08,SKU0066,504.0,0.0,10,253.0
2025-10-15,SKU0066,417.0,0.0,10,253.0
2025-10-22,SKU0066,294.0,0.0,10,253.0
2025-11-01,SKU0066,193.0,506.0,10,253.0
2025-11-08,SKU0066,627.0,0.0,10,253.0
2025-11-15,SKU0066,546.0,0.0,10,253.0
2025-11-22,SKU0066,450.0,0.0,10,253.0
2025-12-01,SKU0066,255.0,0.0,10,253.0
2025-12-08,SKU0066,712.0,0.0,10,253.0
2025-12-15,SKU0066,602.0,0.0,10,253.0
2025-12-22,SKU0066,497.0,0.0,10,253.0
2024-04-15,SKU0067,317.0,0.0,9,45.0
2024-04-22,SKU0067,279.0,0.0,9,45.0
2024-05-01,SKU0067,232.0,0.0,9,45.0
2024-05-08,SKU0067,193.0,0.0,9,45.0
2024-05-15,SKU0067,164.0,0.0,9,45.0
2024-05-22,SKU0067,130.0,0.0,9,45.0
2024-06-01,SKU0067,85.0,0.0,9,45.0
2024-06-08,SKU0067,52.0,0.0,9,45.0
2024-06-15,SKU0067,39.0,0.0,9,45.0
2024-06-22,SKU0067,22.0,0.0,9,45.0
2024-07-01,SKU0067,24.0,31.0,9,45.0
2024-07-08,SKU0067,1.0,31.0,9,45.0
2024-07-15,SKU0067,8.0,0.0,9,45.0
2024-07-22,SKU0067,26.0,33.0,9,45.0
2024-08-01,SKU0067,15.0,26.0,9,45.0
2024-08-08,SKU0067,10.0,0.0,9,45.0
2024-08-15,SKU0067,25.0,0.0,9,45.0
2024-08-22,SKU0067,1.0,20.0,9,45.0
2024-09-01,SKU0067,0.0,23.0,9,45.0
2024-09-08,SKU0067,0.0,26.0,9,45.0
2024-09-15,SKU0067,15.0,32.0,9,45.0
2024-09-22,SKU0067,26.0,29.0,9,45.0
2024-10-01,SKU0067,21.0,0.0,9,45.0
2024-10-08,SKU0067,32.0,28.0,9,45.0
2024-10-15,SKU0067,1.0,28.0,9,45.0
2024-10-22,SKU0067,2.0,19.0,9,45.0
2024-11-01,SKU0067,1.0,35.0,9,45.0
2024-11-08,SKU0067,17.0,18.0,9,45.0
2024-11-15,SKU0067,8.0,30.0,9,45.0
2024-11-22,SKU0067,30.0,36.0,9,45.0
2024-12-01,SKU0067,37.0,26.0,9,45.0
2024-12-08,SKU0067,5.0,26.0,9,45.0
2024-12-15,SKU0067,2.0,19.0,9,45.0
2024-12-22,SKU0067,12.0,34.0,9,45.0
2025-01-01,SKU0067,11.0,19.0,9,45.0
2025-01-08,SKU0067,4.0,18.0,9,45.0
2025-01-15,SKU0067,18.0,0.0,9,45.0
2025-01-22,SKU0067,0.0,24.0,9,45.0
2025-02-01,SKU0067,0.0,24.0,9,45.0
2025-02-08,SKU0067,0.0,25.0,9,45.0
2025-02-15,SKU0067,5.0,29.0,9,45.0
2025-02-22,SKU0067,22.0,18.0,9,45.0
2025-03-01,SKU0067,19.0,0.0,9,45.0
2025-03-08,SKU0067,1.0,30.0,9,45.0
2025-03-15,SKU0067,1.0,31.0,9,45.0
2025-03-22,SKU0067,19.0,32.0,9,45.0
2025-04-01,SKU0067,13.0,28.0,9,45.0
2025-04-08,SKU0067,19.0,25.0,9,45.0
2025-04-15,SKU0067,25.0,0.0,9,45.0
2025-04-22,SKU0067,0.0,20.0,9,45.0
2025-05-01,SKU0067,1.0,24.0,9,45.0
2025-05-08,SKU0067,0.0,27.0,9,45.0
2025-05-15,SKU0067,6.0,0.0,9,45.0
2025-05-22,SKU0067,19.0,0.0,9,45.0
2025-06-01,SKU0067,13.0,24.0,9,45.0
2025-06-08,SKU0067,25.0,32.0,9,45.0
2025-06-15,SKU0067,1.0,32.0,9,45.0
2025-06-22,SKU0067,0.0,0.0,9,45.0
2025-07-01,SKU0067,6.0,36.0,9,45.0
2025-07-08,SKU0067,26.0,25.0,9,45.0
2025-07-15,SKU0067,17.0,20.0,9,45.0
2025-07-22,SKU0067,0.0,20.0,9,45.0
2025-08-01,SKU0067,33.0,25.0,9,45.0
2025-08-08,SKU0067,0.0,25.0,9,45.0
2025-08-15,SKU0067,1.0,19.0,9,45.0
2025-08-22,SKU0067,6.0,25.0,9,45.0
2025-09-01,SKU0067,10.0,34.0,9,45.0
2025-09-08,SKU0067,25.0,27.0,9,45.0
2025-09-15,SKU0067,28.0,34.0,9,45.0
2025-09-22,SKU0067,0.0,34.0,9,45.0
2025-10-01,SKU0067,1.0,30.0,9,45.0
2025-10-08,SKU0067,12.0,34.0,9,45.0
2025-10-15,SKU0067,15.0,30.0,9,45.0
2025-10-22,SKU0067,24.0,32.0,9,45.0
2025-11-01,SKU0067,26.0,34.0,9,45.0
2025-11-08,SKU0067,35.0,0.0,9,45.0
2025-11-15,SKU0067,2.0,24.0,9,45.0
2025-11-22,SKU0067,1.0,35.0,9,45.0
2025-12-01,SKU0067,4.0,33.0,9,45.0
2025-12-08,SKU0067,24.0,0.0,9,45.0
2025-12-15,SKU0067,16.0,22.0,9,45.0
2025-12-22,SKU0067,1.0,22.0,9,45.0
2024-02-22,SKU0068,253.0,658.0,15,331.0
2024-03-01,SKU0068,65.0,658.0,15,331.0
2024-03-08,SKU0068,544.0,0.0,15,331.0
2024-03-15,SKU0068,372.0,0.0,15,331.0
2024-03-22,SKU0068,1018.0,0.0,15,331.0
2024-04-01,SKU0068,765.0,0.0,15,331.0
2024-04-08,SKU0068,575.0,0.0,15,331.0
2024-04-15,SKU0068,372.0,0.0,15,331.0
2024-04-22,SKU0068,186.0,603.0,15,331.0
2024-05-01,SKU0068,1.0,603.0,15,331.0
2024-05-08,SKU0068,447.0,0.0,15,331.0
2024-05-15,SKU0068,260.0,657.0,15,331.0
2024-05-22,SKU0068,743.0,0.0,15,331.0
2024-06-01,SKU0068,474.0,0.0,15,331.0
2024-06-08,SKU0068,313.0,554.0,15,331.0
2024-06-15,SKU0068,119.0,554.0,15,331.0
2024-06-22,SKU0068,386.0,0.0,15,331.0
2024-07-01,SKU0068,706.0,0.0,15,331.0
2024-07-08,SKU0068,553.0,0.0,15,331.0
2024-07-15,SKU0068,412.0,0.0,15,331.0
2024-07-22,SKU0068,270.0,722.0,15,331.0
2024-08-01,SKU0068,775.0,0.0,15,331.0
2024-08-08,SKU0068,649.0,0.0,15,331.0
2024-08-15,SKU0068,522.0,0.0,15,331.0
2024-08-22,SKU0068,403.0,0.0,15,331.0
2024-09-01,SKU0068,1032.0,0.0,15,331.0
2024-09-08,SKU0068,921.0,0.0,15,331.0
2024-09-15,SKU0068,824.0,0.0,15,331.0
2024-09-22,SKU0068,702.0,0.0,15,331.0
2024-10-01,SKU0068,553.0,0.0,15,331.0
2024-10-08,SKU0068,431.0,0.0,15,331.0
2024-10-15,SKU0068,314.0,747.0,15,331.0
2024-10-22,SKU0068,125.0,747.0,15,331.0
2024-11-01,SKU0068,718.0,0.0,15,331.0
2024-11-08,SKU0068,613.0,0.0,15,331.0
2024-11-15,SKU0068,506.0,0.0,15,331.0
2024-11-22,SKU0068,394.0,0.0,15,331.0
2024-12-01,SKU0068,871.0,0.0,15,331.0
2024-12-08,SKU0068,755.0,0.0,15,331.0
2024-12-15,SKU0068,626.0,0.0,15,331.0
2024-12-22,SKU0068,502.0,0.0,15,331.0
2025-01-01,SKU0068,314.0,755.0,15,331.0
2025-01-08,SKU0068,67.0,755.0,15,331.0
2025-01-15,SKU0068,697.0,0.0,15,331.0
2025-01-22,SKU0068,542.0,0.0,15,331.0
2025-02-01,SKU0068,342.0,0.0,15,331.0
2025-02-08,SKU0068,182.0,743.0,15,331.0
2025-02-15,SKU0068,759.0,0.0,15,331.0
2025-02-22,SKU0068,596.0,0.0,15,331.0
2025-03-01,SKU0068,426.0,0.0,15,331.0
2025-03-08,SKU0068,275.0,628.0,15,331.0
2025-03-15,SKU0068,719.0,0.0,15,331.0
2025-03-22,SKU0068,561.0,0.0,15,331.0
2025-04-01,SKU0068,301.0,582.0,15,331.0
2025-04-08,SKU0068,129.0,582.0,15,331.0
2025-04-15,SKU0068,533.0,0.0,15,331.0
2025-04-22,SKU0068,360.0,0.0,15,331.0
2025-05-01,SKU0068,818.0,0.0,15,331.0
2025-05-08,SKU0068,644.0,0.0,15,331.0
2025-05-15,SKU0068,470.0,0.0,15,331.0
2025-05-22,SKU0068,306.0,605.0,15,331.0
2025-06-01,SKU0068,670.0,0.0,15,331.0
2025-06-08,SKU0068,500.0,0.0,15,331.0
2025-06-15,SKU0068,319.0,634.0,15,331.0
2025-06-22,SKU0068,12.0,634.0,15,331.0
2025-07-01,SKU0068,531.0,0.0,15,331.0
2025-07-08,SKU0068,390.0,0.0,15,331.0
2025-07-15,SKU0068,221.0,709.0,15,331.0
2025-07-22,SKU0068,66.0,709.0,15,331.0
2025-08-01,SKU0068,588.0,0.0,15,331.0
2025-08-08,SKU0068,474.0,0.0,15,331.0
2025-08-15,SKU0068,359.0,0.0,15,331.0
2025-08-22,SKU0068,238.0,563.0,15,331.0
2025-09-01,SKU0068,630.0,0.0,15,331.0
2025-09-08,SKU0068,555.0,0.0,15,331.0
2025-09-15,SKU0068,448.0,0.0,15,331.0
2025-09-22,SKU0068,341.0,0.0,15,331.0
2025-10-01,SKU0068,855.0,0.0,15,331.0
2025-10-08,SKU0068,752.0,0.0,15,331.0
2025-10-15,SKU0068,654.0,0.0,15,331.0
2025-10-22,SKU0068,458.0,0.0,15,331.0
2025-11-01,SKU0068,307.0,601.0,15,331.0
2025-11-08,SKU0068,824.0,0.0,15,331.0
2025-11-15,SKU0068,721.0,0.0,15,331.0
2025-11-22,SKU0068,603.0,0.0,15,331.0
2025-12-01,SKU0068,372.0,0.0,15,331.0
2025-12-08,SKU0068,967.0,0.0,15,331.0
2025-12-15,SKU0068,855.0,0.0,15,331.0
2025-12-22,SKU0068,757.0,0.0,15,331.0
2025-05-01,SKU0069,0.0,818.0,19,463.0
2025-05-08,SKU0069,0.0,818.0,19,463.0
2025-05-15,SKU0069,750.0,0.0,19,463.0
2025-05-22,SKU0069,536.0,0.0,19,463.0
2025-06-01,SKU0069,1058.0,0.0,19,463.0
2025-06-08,SKU0069,874.0,0.0,19,463.0
2025-06-15,SKU0069,694.0,0.0,19,463.0
2025-06-22,SKU0069,400.0,1132.0,19,463.0
2025-07-01,SKU0069,181.0,1132.0,19,463.0
2025-07-08,SKU0069,41.0,1132.0,19,463.0
2025-07-15,SKU0069,1015.0,0.0,19,463.0
2025-07-22,SKU0069,842.0,0.0,19,463.0
2025-08-01,SKU0069,609.0,0.0,19,463.0
2025-08-08,SKU0069,479.0,0.0,19,463.0
2025-08-15,SKU0069,344.0,750.0,19,463.0
2025-08-22,SKU0069,981.0,0.0,19,463.0
2025-09-01,SKU0069,830.0,0.0,19,463.0
2025-09-08,SKU0069,738.0,0.0,19,463.0
2025-09-15,SKU0069,644.0,0.0,19,463.0
2025-09-22,SKU0069,543.0,0.0,19,463.0
2025-10-01,SKU0069,404.0,724.0,19,463.0
2025-10-08,SKU0069,298.0,724.0,19,463.0
2025-10-15,SKU0069,889.0,0.0,19,463.0
2025-10-22,SKU0069,726.0,0.0,19,463.0
2025-11-01,SKU0069,582.0,0.0,19,463.0
2025-11-08,SKU0069,475.0,0.0,19,463.0
2025-11-15,SKU0069,361.0,1097.0,19,463.0
2025-11-22,SKU0069,1334.0,0.0,19,463.0
2025-12-01,SKU0069,1094.0,0.0,19,463.0
2025-12-08,SKU0069,963.0,0.0,19,463.0
2025-12-15,SKU0069,823.0,0.0,19,463.0
2025-12-22,SKU0069,689.0,0.0,19,463.0
2025-04-22,SKU0070,99.0,865.0,9,213.0
2025-05-01,SKU0070,711.0,0.0,9,213.0
2025-05-08,SKU0070,482.0,0.0,9,213.0
2025-05-15,SKU0070,251.0,0.0,9,213.0
2025-05-22,SKU0070,83.0,846.0,9,213.0
2025-06-01,SKU0070,599.0,0.0,9,213.0
2025-06-08,SKU0070,378.0,0.0,9,213.0
2025-06-15,SKU0070,106.0,851.0,9,213.0
2025-06-22,SKU0070,785.0,0.0,9,213.0
2025-07-01,SKU0070,516.0,0.0,9,213.0
2025-07-08,SKU0070,348.0,0.0,9,213.0
2025-07-15,SKU0070,190.0,981.0,9,213.0
2025-07-22,SKU0070,960.0,0.0,9,213.0
2025-08-01,SKU0070,689.0,0.0,9,213.0
2025-08-08,SKU0070,562.0,0.0,9,213.0
2025-08-15,SKU0070,407.0,0.0,9,213.0
2025-08-22,SKU0070,258.0,0.0,9,213.0
2025-09-01,SKU0070,847.0,0.0,9,213.0
2025-09-08,SKU0070,693.0,0.0,9,213.0
2025-09-15,SKU0070,588.0,0.0,9,213.0
2025-09-22,SKU0070,506.0,0.0,9,213.0
2025-10-01,SKU0070,417.0,0.0,9,213.0
2025-10-08,SKU0070,287.0,0.0,9,213.0
2025-10-15,SKU0070,832.0,0.0,9,213.0
2025-10-22,SKU0070,614.0,0.0,9,213.0
2025-11-01,SKU0070,439.0,0.0,9,213.0
2025-11-08,SKU0070,331.0,0.0,9,213.0
2025-11-15,SKU0070,218.0,0.0,9,213.0
2025-11-22,SKU0070,759.0,0.0,9,213.0
2025-12-01,SKU0070,560.0,0.0,9,213.0
2025-12-08,SKU0070,432.0,0.0,9,213.0
2025-12-15,SKU0070,277.0,0.0,9,213.0
2025-12-22,SKU0070,171.0,749.0,9,213.0
2024-04-01,SKU0071,0.0,987.0,13,513.0
2024-04-08,SKU0071,988.0,0.0,13,513.0
2024-04-15,SKU0071,630.0,0.0,13,513.0
2024-04-22,SKU0071,1159.0,0.0,13,513.0
2024-05-01,SKU0071,694.0,0.0,13,513.0
2024-05-08,SKU0071,334.0,912.0,13,513.0
2024-05-15,SKU0071,36.0,912.0,13,513.0
2024-05-22,SKU0071,659.0,0.0,13,513.0
2024-06-01,SKU0071,1192.0,0.0,13,513.0
2024-06-08,SKU0071,879.0,0.0,13,513.0
2024-06-15,SKU0071,525.0,0.0,13,513.0
2024-06-22,SKU0071,1.0,1230.0,13,513.0
2024-07-01,SKU0071,982.0,0.0,13,513.0
2024-07-08,SKU0071,752.0,0.0,13,513.0
2024-07-15,SKU0071,491.0,872.0,13,513.0
2024-07-22,SKU0071,1059.0,0.0,13,513.0
2024-08-01,SKU0071,635.0,0.0,13,513.0
2024-08-08,SKU0071,405.0,1091.0,13,513.0
2024-08-15,SKU0071,162.0,1091.0,13,513.0
2024-08-22,SKU0071,1012.0,0.0,13,513.0
2024-09-01,SKU0071,721.0,0.0,13,513.0
2024-09-08,SKU0071,532.0,0.0,13,513.0
2024-09-15,SKU0071,1477.0,0.0,13,513.0
2024-09-22,SKU0071,1232.0,0.0,13,513.0
2024-10-01,SKU0071,938.0,0.0,13,513.0
2024-10-08,SKU0071,713.0,0.0,13,513.0
2024-10-15,SKU0071,476.0,1135.0,13,513.0
2024-10-22,SKU0071,1236.0,0.0,13,513.0
2024-11-01,SKU0071,995.0,0.0,13,513.0
2024-11-08,SKU0071,764.0,0.0,13,513.0
2024-11-15,SKU0071,564.0,0.0,13,513.0
2024-11-22,SKU0071,356.0,1255.0,13,513.0
2024-12-01,SKU0071,1228.0,0.0,13,513.0
2024-12-08,SKU0071,1000.0,0.0,13,513.0
2024-12-15,SKU0071,718.0,0.0,13,513.0
2024-12-22,SKU0071,502.0,1113.0,13,513.0
2025-01-01,SKU0071,1199.0,0.0,13,513.0
2025-01-08,SKU0071,683.0,0.0,13,513.0
2025-01-15,SKU0071,350.0,1160.0,13,513.0
2025-01-22,SKU0071,1206.0,0.0,13,513.0
2025-02-01,SKU0071,747.0,0.0,13,513.0
2025-02-08,SKU0071,405.0,980.0,13,513.0
2025-02-15,SKU0071,1055.0,0.0,13,513.0
2025-02-22,SKU0071,678.0,0.0,13,513.0
2025-03-01,SKU0071,1558.0,0.0,13,513.0
2025-03-08,SKU0071,1170.0,0.0,13,513.0
2025-03-15,SKU0071,782.0,0.0,13,513.0
2025-03-22,SKU0071,349.0,1210.0,13,513.0
2025-04-01,SKU0071,973.0,0.0,13,513.0
2025-04-08,SKU0071,524.0,0.0,13,513.0
2025-04-15,SKU0071,78.0,949.0,13,513.0
2025-04-22,SKU0071,793.0,0.0,13,513.0
2025-05-01,SKU0071,232.0,862.0,13,513.0
2025-05-08,SKU0071,677.0,0.0,13,513.0
2025-05-15,SKU0071,288.0,828.0,13,513.0
2025-05-22,SKU0071,694.0,0.0,13,513.0
2025-06-01,SKU0071,1381.0,0.0,13,513.0
2025-06-08,SKU0071,953.0,0.0,13,513.0
2025-06-15,SKU0071,547.0,0.0,13,513.0
2025-06-22,SKU0071,0.0,1043.0,13,513.0
2025-07-01,SKU0071,698.0,0.0,13,513.0
2025-07-08,SKU0071,1230.0,0.0,13,513.0
2025-07-15,SKU0071,871.0,0.0,13,513.0
2025-07-22,SKU0071,550.0,0.0,13,513.0
2025-08-01,SKU0071,72.0,995.0,13,513.0
2025-08-08,SKU0071,797.0,0.0,13,513.0
2025-08-15,SKU0071,1377.0,0.0,13,513.0
2025-08-22,SKU0071,1073.0,0.0,13,513.0
2025-09-01,SKU0071,689.0,0.0,13,513.0
2025-09-08,SKU0071,445.0,1143.0,13,513.0
2025-09-15,SKU0071,1363.0,0.0,13,513.0
2025-09-22,SKU0071,1139.0,0.0,13,513.0
2025-10-01,SKU0071,808.0,0.0,13,513.0
2025-10-08,SKU0071,586.0,0.0,13,513.0
2025-10-15,SKU0071,291.0,888.0,13,513.0
2025-10-22,SKU0071,882.0,0.0,13,513.0
2025-11-01,SKU0071,508.0,1143.0,13,513.0
2025-11-08,SKU0071,285.0,1143.0,13,513.0
2025-11-15,SKU0071,1210.0,0.0,13,513.0
2025-11-22,SKU0071,1022.0,0.0,13,513.0
2025-12-01,SKU0071,504.0,889.0,13,513.0
2025-12-08,SKU0071,162.0,889.0,13,513.0
2025-12-15,SKU0071,757.0,0.0,13,513.0
2025-12-22,SKU0071,469.0,791.0,13,513.0
2025-01-22,SKU0072,287.0,0.0,25,162.0
2025-02-01,SKU0072,228.0,0.0,25,162.0
2025-02-08,SKU0072,169.0,0.0,25,162.0
2025-02-15,SKU0072,124.0,327.0,25,162.0
2025-02-22,SKU0072,71.0,327.0,25,162.0
2025-03-01,SKU0072,21.0,327.0,25,162.0
2025-03-08,SKU0072,320.0,0.0,25,162.0
2025-03-15,SKU0072,260.0,0.0,25,162.0
2025-03-22,SKU0072,205.0,0.0,25,162.0
2025-04-01,SKU0072,456.0,0.0,25,162.0
2025-04-08,SKU0072,396.0,0.0,25,162.0
2025-04-15,SKU0072,343.0,0.0,25,162.0
2025-04-22,SKU0072,286.0,0.0,25,162.0
2025-05-01,SKU0072,222.0,0.0,25,162.0
2025-05-08,SKU0072,178.0,0.0,25,162.0
2025-05-15,SKU0072,125.0,267.0,25,162.0
2025-05-22,SKU0072,354.0,0.0,25,162.0
2025-06-01,SKU0072,291.0,0.0,25,162.0
2025-06-08,SKU0072,246.0,0.0,25,162.0
2025-06-15,SKU0072,207.0,0.0,25,162.0
2025-06-22,SKU0072,148.0,347.0,25,162.0
2025-07-01,SKU0072,110.0,347.0,25,162.0
2025-07-08,SKU0072,77.0,347.0,25,162.0
2025-07-15,SKU0072,410.0,0.0,25,162.0
2025-07-22,SKU0072,386.0,0.0,25,162.0
2025-08-01,SKU0072,354.0,0.0,25,162.0
2025-08-08,SKU0072,328.0,0.0,25,162.0
2025-08-15,SKU0072,315.0,0.0,25,162.0
2025-08-22,SKU0072,307.0,0.0,25,162.0
2025-09-01,SKU0072,282.0,0.0,25,162.0
2025-09-08,SKU0072,269.0,0.0,25,162.0
2025-09-15,SKU0072,253.0,0.0,25,162.0
2025-09-22,SKU0072,241.0,0.0,25,162.0
2025-10-01,SKU0072,225.0,0.0,25,162.0
2025-10-08,SKU0072,209.0,0.0,25,162.0
2025-10-15,SKU0072,204.0,0.0,25,162.0
2025-10-22,SKU0072,186.0,0.0,25,162.0
2025-11-01,SKU0072,180.0,0.0,25,162.0
2025-11-08,SKU0072,169.0,0.0,25,162.0
2025-11-15,SKU0072,541.0,0.0,25,162.0
2025-11-22,SKU0072,537.0,0.0,25,162.0
2025-12-01,SKU0072,524.0,0.0,25,162.0
2025-12-08,SKU0072,514.0,0.0,25,162.0
2025-12-15,SKU0072,504.0,0.0,25,162.0
2025-12-22,SKU0072,496.0,0.0,25,162.0
2024-03-01,SKU0073,187.0,0.0,20,81.0
2024-03-08,SKU0073,158.0,0.0,20,81.0
2024-03-15,SKU0073,130.0,0.0,20,81.0
2024-03-22,SKU0073,100.0,0.0,20,81.0
2024-04-01,SKU0073,58.0,54.0,20,81.0
2024-04-08,SKU0073,25.0,54.0,20,81.0
2024-04-15,SKU0073,49.0,56.0,20,81.0
2024-04-22,SKU0073,19.0,56.0,20,81.0
2024-05-01,SKU0073,48.0,35.0,20,81.0
2024-05-08,SKU0073,20.0,35.0,20,81.0
2024-05-15,SKU0073,1.0,35.0,20,81.0
2024-05-22,SKU0073,23.0,37.0,20,81.0
2024-06-01,SKU0073,0.0,37.0,20,81.0
2024-06-08,SKU0073,37.0,0.0,20,81.0
2024-06-15,SKU0073,5.0,54.0,20,81.0
2024-06-22,SKU0073,1.0,54.0,20,81.0
2024-07-01,SKU0073,44.0,0.0,20,81.0
2024-07-08,SKU0073,20.0,46.0,20,81.0
2024-07-15,SKU0073,1.0,46.0,20,81.0
2024-07-22,SKU0073,34.0,0.0,20,81.0
2024-08-01,SKU0073,1.0,64.0,20,81.0
2024-08-08,SKU0073,61.0,0.0,20,81.0
2024-08-15,SKU0073,42.0,53.0,20,81.0
2024-08-22,SKU0073,22.0,53.0,20,81.0
2024-09-01,SKU0073,47.0,33.0,20,81.0
2024-09-08,SKU0073,30.0,33.0,20,81.0
2024-09-15,SKU0073,13.0,33.0,20,81.0
2024-09-22,SKU0073,29.0,41.0,20,81.0
2024-10-01,SKU0073,8.0,41.0,20,81.0
2024-10-08,SKU0073,40.0,35.0,20,81.0
2024-10-15,SKU0073,23.0,35.0,20,81.0
2024-10-22,SKU0073,0.0,35.0,20,81.0
2024-11-01,SKU0073,23.0,35.0,20,81.0
2024-11-08,SKU0073,5.0,35.0,20,81.0
2024-11-15,SKU0073,35.0,0.0,20,81.0
2024-11-22,SKU0073,19.0,50.0,20,81.0
2024-12-01,SKU0073,0.0,50.0,20,81.0
2024-12-08,SKU0073,44.0,44.0,20,81.0
2024-12-15,SKU0073,25.0,44.0,20,81.0
2024-12-22,SKU0073,4.0,44.0,20,81.0
2025-01-01,SKU0073,23.0,36.0,20,81.0
2025-01-08,SKU0073,0.0,36.0,20,81.0
2025-01-15,SKU0073,33.0,47.0,20,81.0
2025-01-22,SKU0073,10.0,47.0,20,81.0
2025-02-01,SKU0073,1.0,47.0,20,81.0
2025-02-08,SKU0073,25.0,47.0,20,81.0
2025-02-15,SKU0073,1.0,47.0,20,81.0
2025-02-22,SKU0073,1.0,47.0,20,81.0
2025-03-01,SKU0073,25.0,56.0,20,81.0
2025-03-08,SKU0073,0.0,56.0,20,81.0
2025-03-15,SKU0073,56.0,64.0,20,81.0
2025-03-22,SKU0073,24.0,64.0,20,81.0
2025-04-01,SKU0073,0.0,64.0,20,81.0
2025-04-08,SKU0073,48.0,64.0,20,81.0
2025-04-15,SKU0073,20.0,64.0,20,81.0
2025-04-22,SKU0073,0.0,64.0,20,81.0
2025-05-01,SKU0073,34.0,43.0,20,81.0
2025-05-08,SKU0073,8.0,43.0,20,81.0
2025-05-15,SKU0073,40.0,41.0,20,81.0
2025-05-22,SKU0073,10.0,41.0,20,81.0
2025-06-01,SKU0073,1.0,41.0,20,81.0
2025-06-08,SKU0073,21.0,37.0,20,81.0
2025-06-15,SKU0073,0.0,37.0,20,81.0
2025-06-22,SKU0073,0.0,37.0,20,81.0
2025-07-01,SKU0073,6.0,41.0,20,81.0
2025-07-08,SKU0073,0.0,41.0,20,81.0
2025-07-15,SKU0073,34.0,0.0,20,81.0
2025-07-22,SKU0073,11.0,54.0,20,81.0
2025-08-01,SKU0073,0.0,54.0,20,81.0
2025-08-08,SKU0073,38.0,34.0,20,81.0
2025-08-15,SKU0073,18.0,34.0,20,81.0
2025-08-22,SKU0073,36.0,0.0,20,81.0
2025-09-01,SKU0073,11.0,61.0,20,81.0
2025-09-08,SKU0073,0.0,61.0,20,81.0
2025-09-15,SKU0073,54.0,62.0,20,81.0
2025-09-22,SKU0073,38.0,62.0,20,81.0
2025-10-01,SKU0073,81.0,0.0,20,81.0
2025-10-08,SKU0073,67.0,41.0,20,81.0
2025-10-15,SKU0073,52.0,41.0,20,81.0
2025-10-22,SKU0073,68.0,51.0,20,81.0
2025-11-01,SKU0073,47.0,51.0,20,81.0
2025-11-08,SKU0073,32.0,51.0,20,81.0
2025-11-15,SKU0073,67.0,60.0,20,81.0
2025-11-22,SKU0073,50.0,60.0,20,81.0
2025-12-01,SKU0073,78.0,61.0,20,81.0
2025-12-08,SKU0073,59.0,61.0,20,81.0
2025-12-15,SKU0073,41.0,61.0,20,81.0
2025-12-22,SKU0073,86.0,0.0,20,81.0
2025-01-22,SKU0074,44.0,2188.0,24,508.0
2025-02-01,SKU0074,0.0,2188.0,24,508.0
2025-02-08,SKU0074,0.0,2188.0,24,508.0
2025-02-15,SKU0074,2188.0,0.0,24,508.0
2025-02-22,SKU0074,2040.0,0.0,24,508.0
2025-03-01,SKU0074,1900.0,0.0,24,508.0
2025-03-08,SKU0074,1752.0,0.0,24,508.0
2025-03-15,SKU0074,1589.0,0.0,24,508.0
2025-03-22,SKU0074,1428.0,0.0,24,508.0
2025-04-01,SKU0074,1202.0,0.0,24,508.0
2025-04-08,SKU0074,1040.0,0.0,24,508.0
2025-04-15,SKU0074,892.0,0.0,24,508.0
2025-04-22,SKU0074,729.0,0.0,24,508.0
2025-05-01,SKU0074,519.0,0.0,24,508.0
2025-05-08,SKU0074,372.0,1998.0,24,508.0
2025-05-15,SKU0074,207.0,1998.0,24,508.0
2025-05-22,SKU0074,2048.0,0.0,24,508.0
2025-06-01,SKU0074,1818.0,0.0,24,508.0
2025-06-08,SKU0074,1681.0,0.0,24,508.0
2025-06-15,SKU0074,1527.0,0.0,24,508.0
2025-06-22,SKU0074,1274.0,0.0,24,508.0
2025-07-01,SKU0074,1072.0,0.0,24,508.0
2025-07-08,SKU0074,942.0,0.0,24,508.0
2025-07-15,SKU0074,810.0,0.0,24,508.0
2025-07-22,SKU0074,679.0,0.0,24,508.0
2025-08-01,SKU0074,496.0,2097.0,24,508.0
2025-08-08,SKU0074,2479.0,0.0,24,508.0
2025-08-15,SKU0074,2366.0,0.0,24,508.0
2025-08-22,SKU0074,2255.0,0.0,24,508.0
2025-09-01,SKU0074,2082.0,0.0,24,508.0
2025-09-08,SKU0074,1994.0,0.0,24,508.0
2025-09-15,SKU0074,1883.0,0.0,24,508.0
2025-09-22,SKU0074,1780.0,0.0,24,508.0
2025-10-01,SKU0074,1641.0,0.0,24,508.0
2025-10-08,SKU0074,1541.0,0.0,24,508.0
2025-10-15,SKU0074,1432.0,0.0,24,508.0
2025-10-22,SKU0074,1262.0,0.0,24,508.0
2025-11-01,SKU0074,1130.0,0.0,24,508.0
2025-11-08,SKU0074,1025.0,0.0,24,508.0
2025-11-15,SKU0074,914.0,0.0,24,508.0
2025-11-22,SKU0074,820.0,0.0,24,508.0
2025-12-01,SKU0074,598.0,0.0,24,508.0
2025-12-08,SKU0074,477.0,1656.0,24,508.0
2025-12-15,SKU0074,365.0,1656.0,24,508.0
2025-12-22,SKU0074,254.0,1656.0,24,508.0
2024-05-15,SKU0075,300.0,0.0,26,208.0
2024-05-22,SKU0075,228.0,0.0,26,208.0
2024-06-01,SKU0075,114.0,358.0,26,208.0
2024-06-08,SKU0075,45.0,358.0,26,208.0
2024-06-15,SKU0075,317.0,0.0,26,208.0
2024-06-22,SKU0075,197.0,379.0,26,208.0
2024-07-01,SKU0075,116.0,379.0,26,208.0
2024-07-08,SKU0075,435.0,0.0,26,208.0
2024-07-15,SKU0075,372.0,0.0,26,208.0
2024-07-22,SKU0075,308.0,0.0,26,208.0
2024-08-01,SKU0075,211.0,0.0,26,208.0
2024-08-08,SKU0075,174.0,363.0,26,208.0
2024-08-15,SKU0075,134.0,363.0,26,208.0
2024-08-22,SKU0075,79.0,363.0,26,208.0
2024-09-01,SKU0075,390.0,0.0,26,208.0
2024-09-08,SKU0075,360.0,0.0,26,208.0
2024-09-15,SKU0075,320.0,0.0,26,208.0
2024-09-22,SKU0075,297.0,0.0,26,208.0
2024-10-01,SKU0075,242.0,0.0,26,208.0
2024-10-08,SKU0075,209.0,0.0,26,208.0
2024-10-15,SKU0075,179.0,418.0,26,208.0
2024-10-22,SKU0075,547.0,0.0,26,208.0
2024-11-01,SKU0075,477.0,0.0,26,208.0
2024-11-08,SKU0075,429.0,0.0,26,208.0
2024-11-15,SKU0075,393.0,0.0,26,208.0
2024-11-22,SKU0075,355.0,0.0,26,208.0
2024-12-01,SKU0075,286.0,0.0,26,208.0
2024-12-08,SKU0075,243.0,0.0,26,208.0
2024-12-15,SKU0075,207.0,434.0,26,208.0
2024-12-22,SKU0075,171.0,434.0,26,208.0
2025-01-01,SKU0075,100.0,434.0,26,208.0
2025-01-08,SKU0075,437.0,0.0,26,208.0
2025-01-15,SKU0075,384.0,0.0,26,208.0
2025-01-22,SKU0075,343.0,0.0,26,208.0
2025-02-01,SKU0075,273.0,0.0,26,208.0
2025-02-08,SKU0075,218.0,0.0,26,208.0
2025-02-15,SKU0075,157.0,367.0,26,208.0
2025-02-22,SKU0075,82.0,367.0,26,208.0
2025-03-01,SKU0075,379.0,0.0,26,208.0
2025-03-08,SKU0075,310.0,0.0,26,208.0
2025-03-15,SKU0075,229.0,0.0,26,208.0
2025-03-22,SKU0075,163.0,412.0,26,208.0
2025-04-01,SKU0075,471.0,0.0,26,208.0
2025-04-08,SKU0075,395.0,0.0,26,208.0
2025-04-15,SKU0075,316.0,0.0,26,208.0
2025-04-22,SKU0075,246.0,0.0,26,208.0
2025-05-01,SKU0075,153.0,469.0,26,208.0
2025-05-08,SKU0075,82.0,469.0,26,208.0
2025-05-15,SKU0075,487.0,0.0,26,208.0
2025-05-22,SKU0075,403.0,0.0,26,208.0
2025-06-01,SKU0075,308.0,0.0,26,208.0
2025-06-08,SKU0075,245.0,0.0,26,208.0
2025-06-15,SKU0075,172.0,463.0,26,208.0
2025-06-22,SKU0075,49.0,463.0,26,208.0
2025-07-01,SKU0075,1.0,463.0,26,208.0
2025-07-08,SKU0075,446.0,0.0,26,208.0
2025-07-15,SKU0075,397.0,0.0,26,208.0
2025-07-22,SKU0075,332.0,0.0,26,208.0
2025-08-01,SKU0075,240.0,0.0,26,208.0
2025-08-08,SKU0075,194.0,325.0,26,208.0
2025-08-15,SKU0075,154.0,325.0,26,208.0
2025-08-22,SKU0075,116.0,325.0,26,208.0
2025-09-01,SKU0075,386.0,0.0,26,208.0
2025-09-08,SKU0075,346.0,0.0,26,208.0
2025-09-15,SKU0075,308.0,0.0,26,208.0
2025-09-22,SKU0075,268.0,0.0,26,208.0
2025-10-01,SKU0075,207.0,452.0,26,208.0
2025-10-08,SKU0075,166.0,452.0,26,208.0
2025-10-15,SKU0075,129.0,452.0,26,208.0
2025-10-22,SKU0075,525.0,0.0,26,208.0
2025-11-01,SKU0075,475.0,0.0,26,208.0
2025-11-08,SKU0075,437.0,0.0,26,208.0
2025-11-15,SKU0075,405.0,0.0,26,208.0
2025-11-22,SKU0075,370.0,0.0,26,208.0
2025-12-01,SKU0075,302.0,0.0,26,208.0
2025-12-08,SKU0075,259.0,0.0,26,208.0
2025-12-15,SKU0075,210.0,0.0,26,208.0
2025-12-22,SKU0075,163.0,450.0,26,208.0
2025-04-15,SKU0076,184.0,1047.0,28,529.0
2025-04-22,SKU0076,17.0,1047.0,28,529.0
2025-05-01,SKU0076,0.0,1047.0,28,529.0
2025-05-08,SKU0076,0.0,1047.0,28,529.0
2025-05-15,SKU0076,958.0,0.0,28,529.0
2025-05-22,SKU0076,815.0,0.0,28,529.0
2025-06-01,SKU0076,600.0,0.0,28,529.0
2025-06-08,SKU0076,1312.0,0.0,28,529.0
2025-06-15,SKU0076,1162.0,0.0,28,529.0
2025-06-22,SKU0076,929.0,0.0,28,529.0
2025-07-01,SKU0076,734.0,0.0,28,529.0
2025-07-08,SKU0076,612.0,0.0,28,529.0
2025-07-15,SKU0076,483.0,1154.0,28,529.0
2025-07-22,SKU0076,362.0,1154.0,28,529.0
2025-08-01,SKU0076,175.0,1154.0,28,529.0
2025-08-08,SKU0076,1251.0,0.0,28,529.0
2025-08-15,SKU0076,1183.0,0.0,28,529.0
2025-08-22,SKU0076,1080.0,0.0,28,529.0
2025-09-01,SKU0076,977.0,0.0,28,529.0
2025-09-08,SKU0076,916.0,0.0,28,529.0
2025-09-15,SKU0076,825.0,0.0,28,529.0
2025-09-22,SKU0076,745.0,0.0,28,529.0
2025-10-01,SKU0076,650.0,0.0,28,529.0
2025-10-08,SKU0076,573.0,0.0,28,529.0
2025-10-15,SKU0076,492.0,1188.0,28,529.0
2025-10-22,SKU0076,406.0,1188.0,28,529.0
2025-11-01,SKU0076,1518.0,0.0,28,529.0
2025-11-08,SKU0076,1444.0,0.0,28,529.0
2025-11-15,SKU0076,1389.0,0.0,28,529.0
2025-11-22,SKU0076,1317.0,0.0,28,529.0
2025-12-01,SKU0076,1172.0,0.0,28,529.0
2025-12-08,SKU0076,1074.0,0.0,28,529.0
2025-12-15,SKU0076,994.0,0.0,28,529.0
2025-12-22,SKU0076,900.0,0.0,28,529.0
2025-04-15,SKU0077,147.0,1660.0,25,696.0
2025-04-22,SKU0077,1.0,1660.0,25,696.0
2025-05-01,SKU0077,1.0,1660.0,25,696.0
2025-05-08,SKU0077,1661.0,0.0,25,696.0
2025-05-15,SKU0077,1467.0,0.0,25,696.0
2025-05-22,SKU0077,1281.0,0.0,25,696.0
2025-06-01,SKU0077,1017.0,0.0,25,696.0
2025-06-08,SKU0077,848.0,0.0,25,696.0
2025-06-15,SKU0077,640.0,1245.0,25,696.0
2025-06-22,SKU0077,315.0,1245.0,25,696.0
2025-07-01,SKU0077,1299.0,0.0,25,696.0
2025-07-08,SKU0077,1166.0,0.0,25,696.0
2025-07-15,SKU0077,982.0,0.0,25,696.0
2025-07-22,SKU0077,794.0,0.0,25,696.0
2025-08-01,SKU0077,546.0,1503.0,25,696.0
2025-08-08,SKU0077,390.0,1503.0,25,696.0
2025-08-15,SKU0077,261.0,1503.0,25,696.0
2025-08-22,SKU0077,1572.0,0.0,25,696.0
2025-09-01,SKU0077,1327.0,0.0,25,696.0
2025-09-08,SKU0077,1165.0,0.0,25,696.0
2025-09-15,SKU0077,999.0,0.0,25,696.0
2025-09-22,SKU0077,846.0,0.0,25,696.0
2025-10-01,SKU0077,654.0,1576.0,25,696.0
2025-10-08,SKU0077,2091.0,0.0,25,696.0
2025-10-15,SKU0077,1958.0,0.0,25,696.0
2025-10-22,SKU0077,1706.0,0.0,25,696.0
2025-11-01,SKU0077,1501.0,0.0,25,696.0
2025-11-08,SKU0077,1343.0,0.0,25,696.0
2025-11-15,SKU0077,1198.0,0.0,25,696.0
2025-11-22,SKU0077,1039.0,0.0,25,696.0
2025-12-01,SKU0077,753.0,0.0,25,696.0
2025-12-08,SKU0077,578.0,1326.0,25,696.0
2025-12-15,SKU0077,402.0,1326.0,25,696.0
2025-12-22,SKU0077,1584.0,0.0,25,696.0
2025-01-01,SKU0078,241.0,415.0,17,259.0
2025-01-08,SKU0078,89.0,415.0,17,259.0
2025-01-15,SKU0078,413.0,0.0,17,259.0
2025-01-22,SKU0078,311.0,0.0,17,259.0
2025-02-01,SKU0078,184.0,589.0,17,259.0
2025-02-08,SKU0078,62.0,589.0,17,259.0
2025-02-15,SKU0078,559.0,0.0,17,259.0
2025-02-22,SKU0078,461.0,0.0,17,259.0
2025-03-01,SKU0078,350.0,0.0,17,259.0
2025-03-08,SKU0078,234.0,449.0,17,259.0
2025-03-15,SKU0078,114.0,449.0,17,259.0
2025-03-22,SKU0078,443.0,0.0,17,259.0
2025-04-01,SKU0078,261.0,0.0,17,259.0
2025-04-08,SKU0078,736.0,0.0,17,259.0
2025-04-15,SKU0078,617.0,0.0,17,259.0
2025-04-22,SKU0078,496.0,0.0,17,259.0
2025-05-01,SKU0078,326.0,0.0,17,259.0
2025-05-08,SKU0078,205.0,541.0,17,259.0
2025-05-15,SKU0078,625.0,0.0,17,259.0
2025-05-22,SKU0078,497.0,0.0,17,259.0
2025-06-01,SKU0078,341.0,0.0,17,259.0
2025-06-08,SKU0078,230.0,440.0,17,259.0
2025-06-15,SKU0078,539.0,0.0,17,259.0
2025-06-22,SKU0078,367.0,0.0,17,259.0
2025-07-01,SKU0078,225.0,546.0,17,259.0
2025-07-08,SKU0078,115.0,546.0,17,259.0
2025-07-15,SKU0078,14.0,546.0,17,259.0
2025-07-22,SKU0078,463.0,0.0,17,259.0
2025-08-01,SKU0078,308.0,0.0,17,259.0
2025-08-08,SKU0078,223.0,470.0,17,259.0
2025-08-15,SKU0078,128.0,470.0,17,259.0
2025-08-22,SKU0078,510.0,0.0,17,259.0
2025-09-01,SKU0078,385.0,0.0,17,259.0
2025-09-08,SKU0078,296.0,0.0,17,259.0
2025-09-15,SKU0078,228.0,633.0,17,259.0
2025-09-22,SKU0078,782.0,0.0,17,259.0
2025-10-01,SKU0078,666.0,0.0,17,259.0
2025-10-08,SKU0078,584.0,0.0,17,259.0
2025-10-15,SKU0078,485.0,0.0,17,259.0
2025-10-22,SKU0078,358.0,0.0,17,259.0
2025-11-01,SKU0078,243.0,451.0,17,259.0
2025-11-08,SKU0078,158.0,451.0,17,259.0
2025-11-15,SKU0078,533.0,0.0,17,259.0
2025-11-22,SKU0078,445.0,0.0,17,259.0
2025-12-01,SKU0078,260.0,0.0,17,259.0
2025-12-08,SKU0078,156.0,461.0,17,259.0
2025-12-15,SKU0078,62.0,461.0,17,259.0
2025-12-22,SKU0078,424.0,0.0,17,259.0
2024-03-01,SKU0079,263.0,0.0,17,131.0
2024-03-08,SKU0079,167.0,0.0,17,131.0
2024-03-15,SKU0079,77.0,251.0,17,131.0
2024-03-22,SKU0079,240.0,0.0,17,131.0
2024-04-01,SKU0079,117.0,273.0,17,131.0
2024-04-08,SKU0079,300.0,0.0,17,131.0
2024-04-15,SKU0079,203.0,0.0,17,131.0
2024-04-22,SKU0079,113.0,260.0,17,131.0
2024-05-01,SKU0079,0.0,260.0,17,131.0
2024-05-08,SKU0079,260.0,0.0,17,131.0
2024-05-15,SKU0079,171.0,0.0,17,131.0
2024-05-22,SKU0079,82.0,273.0,17,131.0
2024-06-01,SKU0079,230.0,0.0,17,131.0
2024-06-08,SKU0079,155.0,0.0,17,131.0
2024-06-15,SKU0079,75.0,274.0,17,131.0
2024-06-22,SKU0079,0.0,274.0,17,131.0
2024-07-01,SKU0079,245.0,0.0,17,131.0
2024-07-08,SKU0079,179.0,0.0,17,131.0
2024-07-15,SKU0079,343.0,0.0,17,131.0
2024-07-22,SKU0079,277.0,0.0,17,131.0
2024-08-01,SKU0079,181.0,0.0,17,131.0
2024-08-08,SKU0079,134.0,0.0,17,131.0
2024-08-15,SKU0079,84.0,288.0,17,131.0
2024-08-22,SKU0079,323.0,0.0,17,131.0
2024-09-01,SKU0079,271.0,0.0,17,131.0
2024-09-08,SKU0079,225.0,0.0,17,131.0
2024-09-15,SKU0079,183.0,0.0,17,131.0
2024-09-22,SKU0079,138.0,0.0,17,131.0
2024-10-01,SKU0079,79.0,289.0,17,131.0
2024-10-08,SKU0079,329.0,0.0,17,131.0
2024-10-15,SKU0079,293.0,0.0,17,131.0
2024-10-22,SKU0079,223.0,0.0,17,131.0
2024-11-01,SKU0079,179.0,0.0,17,131.0
2024-11-08,SKU0079,142.0,0.0,17,131.0
2024-11-15,SKU0079,102.0,250.0,17,131.0
2024-11-22,SKU0079,65.0,250.0,17,131.0
2024-12-01,SKU0079,221.0,0.0,17,131.0
2024-12-08,SKU0079,169.0,0.0,17,131.0
2024-12-15,SKU0079,392.0,0.0,17,131.0
2024-12-22,SKU0079,340.0,0.0,17,131.0
2025-01-01,SKU0079,262.0,0.0,17,131.0
2025-01-08,SKU0079,161.0,0.0,17,131.0
2025-01-15,SKU0079,90.0,241.0,17,131.0
2025-01-22,SKU0079,264.0,0.0,17,131.0
2025-02-01,SKU0079,177.0,0.0,17,131.0
2025-02-08,SKU0079,97.0,302.0,17,131.0
2025-02-15,SKU0079,26.0,302.0,17,131.0
2025-02-22,SKU0079,294.0,0.0,17,131.0
2025-03-01,SKU0079,216.0,0.0,17,131.0
2025-03-08,SKU0079,136.0,0.0,17,131.0
2025-03-15,SKU0079,257.0,0.0,17,131.0
2025-03-22,SKU0079,168.0,0.0,17,131.0
2025-04-01,SKU0079,332.0,0.0,17,131.0
2025-04-08,SKU0079,245.0,0.0,17,131.0
2025-04-15,SKU0079,154.0,0.0,17,131.0
2025-04-22,SKU0079,63.0,203.0,17,131.0
2025-05-01,SKU0079,191.0,0.0,17,131.0
2025-05-08,SKU0079,106.0,198.0,17,131.0
2025-05-15,SKU0079,19.0,198.0,17,131.0
2025-05-22,SKU0079,133.0,0.0,17,131.0
2025-06-01,SKU0079,19.0,320.0,17,131.0
2025-06-08,SKU0079,270.0,0.0,17,131.0
2025-06-15,SKU0079,181.0,0.0,17,131.0
2025-06-22,SKU0079,256.0,0.0,17,131.0
2025-07-01,SKU0079,165.0,0.0,17,131.0
2025-07-08,SKU0079,393.0,0.0,17,131.0
2025-07-15,SKU0079,328.0,0.0,17,131.0
2025-07-22,SKU0079,272.0,0.0,17,131.0
2025-08-01,SKU0079,185.0,0.0,17,131.0
2025-08-08,SKU0079,141.0,0.0,17,131.0
2025-08-15,SKU0079,97.0,320.0,17,131.0
2025-08-22,SKU0079,52.0,320.0,17,131.0
2025-09-01,SKU0079,304.0,0.0,17,131.0
2025-09-08,SKU0079,272.0,0.0,17,131.0
2025-09-15,SKU0079,243.0,0.0,17,131.0
2025-09-22,SKU0079,201.0,0.0,17,131.0
2025-10-01,SKU0079,151.0,0.0,17,131.0
2025-10-08,SKU0079,127.0,303.0,17,131.0
2025-10-15,SKU0079,83.0,303.0,17,131.0
2025-10-22,SKU0079,321.0,0.0,17,131.0
2025-11-01,SKU0079,262.0,0.0,17,131.0
2025-11-08,SKU0079,225.0,0.0,17,131.0
2025-11-15,SKU0079,184.0,0.0,17,131.0
2025-11-22,SKU0079,142.0,0.0,17,131.0
2025-12-01,SKU0079,54.0,309.0,17,131.0
2025-12-08,SKU0079,320.0,0.0,17,131.0
2025-12-15,SKU0079,272.0,0.0,17,131.0
2025-12-22,SKU0079,228.0,0.0,17,131.0
2025-02-22,SKU0080,169.0,0.0,7,79.0
2025-03-01,SKU0080,75.0,170.0,7,79.0
2025-03-08,SKU0080,139.0,0.0,7,79.0
2025-03-15,SKU0080,28.0,166.0,7,79.0
2025-03-22,SKU0080,86.0,0.0,7,79.0
2025-04-01,SKU0080,103.0,0.0,7,79.0
2025-04-08,SKU0080,193.0,0.0,7,79.0
2025-04-15,SKU0080,79.0,0.0,7,79.0
2025-04-22,SKU0080,110.0,0.0,7,79.0
2025-05-01,SKU0080,145.0,0.0,7,79.0
2025-05-08,SKU0080,29.0,126.0,7,79.0
2025-05-15,SKU0080,63.0,135.0,7,79.0
2025-05-22,SKU0080,85.0,0.0,7,79.0
2025-06-01,SKU0080,72.0,180.0,7,79.0
2025-06-08,SKU0080,180.0,0.0,7,79.0
2025-06-15,SKU0080,77.0,121.0,7,79.0
2025-06-22,SKU0080,122.0,0.0,7,79.0
2025-07-01,SKU0080,119.0,0.0,7,79.0
2025-07-08,SKU0080,225.0,0.0,7,79.0
2025-07-15,SKU0080,126.0,0.0,7,79.0
2025-07-22,SKU0080,44.0,144.0,7,79.0
2025-08-01,SKU0080,67.0,139.0,7,79.0
2025-08-08,SKU0080,135.0,0.0,7,79.0
2025-08-15,SKU0080,69.0,158.0,7,79.0
2025-08-22,SKU0080,158.0,0.0,7,79.0
2025-09-01,SKU0080,243.0,0.0,7,79.0
2025-09-08,SKU0080,184.0,0.0,7,79.0
2025-09-15,SKU0080,131.0,0.0,7,79.0
2025-09-22,SKU0080,74.0,154.0,7,79.0
2025-10-01,SKU0080,141.0,0.0,7,79.0
2025-10-08,SKU0080,89.0,0.0,7,79.0
2025-10-15,SKU0080,156.0,0.0,7,79.0
2025-10-22,SKU0080,59.0,120.0,7,79.0
2025-11-01,SKU0080,98.0,0.0,7,79.0
2025-11-08,SKU0080,35.0,163.0,7,79.0
2025-11-15,SKU0080,136.0,0.0,7,79.0
2025-11-22,SKU0080,72.0,188.0,7,79.0
2025-12-01,SKU0080,133.0,0.0,7,79.0
2025-12-08,SKU0080,204.0,0.0,7,79.0
2025-12-15,SKU0080,124.0,0.0,7,79.0
2025-12-22,SKU0080,211.0,0.0,7,79.0
2025-04-08,SKU0081,267.0,0.0,13,92.0
2025-04-15,SKU0081,211.0,0.0,13,92.0
2025-04-22,SKU0081,158.0,0.0,13,92.0
2025-05-01,SKU0081,91.0,155.0,13,92.0
2025-05-08,SKU0081,36.0,155.0,13,92.0
2025-05-15,SKU0081,137.0,0.0,13,92.0
2025-05-22,SKU0081,84.0,153.0,13,92.0
2025-06-01,SKU0081,172.0,0.0,13,92.0
2025-06-08,SKU0081,124.0,0.0,13,92.0
2025-06-15,SKU0081,75.0,226.0,13,92.0
2025-06-22,SKU0081,223.0,0.0,13,92.0
2025-07-01,SKU0081,161.0,0.0,13,92.0
2025-07-08,SKU0081,116.0,0.0,13,92.0
2025-07-15,SKU0081,79.0,202.0,13,92.0
2025-07-22,SKU0081,243.0,0.0,13,92.0
2025-08-01,SKU0081,184.0,0.0,13,92.0
2025-08-08,SKU0081,145.0,0.0,13,92.0
2025-08-15,SKU0081,109.0,0.0,13,92.0
2025-08-22,SKU0081,85.0,142.0,13,92.0
2025-09-01,SKU0081,185.0,0.0,13,92.0
2025-09-08,SKU0081,165.0,0.0,13,92.0
2025-09-15,SKU0081,141.0,0.0,13,92.0
2025-09-22,SKU0081,113.0,0.0,13,92.0
2025-10-01,SKU0081,76.0,142.0,13,92.0
2025-10-08,SKU0081,203.0,0.0,13,92.0
2025-10-15,SKU0081,179.0,0.0,13,92.0
2025-10-22,SKU0081,144.0,0.0,13,92.0
2025-11-01,SKU0081,121.0,0.0,13,92.0
2025-11-08,SKU0081,94.0,0.0,13,92.0
2025-11-15,SKU0081,232.0,0.0,13,92.0
2025-11-22,SKU0081,199.0,0.0,13,92.0
2025-12-01,SKU0081,149.0,0.0,13,92.0
2025-12-08,SKU0081,114.0,0.0,13,92.0
2025-12-15,SKU0081,80.0,198.0,13,92.0
2025-12-22,SKU0081,252.0,0.0,13,92.0
2024-05-22,SKU0082,196.0,814.0,16,416.0
2024-06-01,SKU0082,1.0,814.0,16,416.0
2024-06-08,SKU0082,763.0,0.0,16,416.0
2024-06-15,SKU0082,513.0,0.0,16,416.0
2024-06-22,SKU0082,762.0,0.0,16,416.0
2024-07-01,SKU0082,485.0,0.0,16,416.0
2024-07-08,SKU0082,1256.0,0.0,16,416.0
2024-07-15,SKU0082,1056.0,0.0,16,416.0
2024-07-22,SKU0082,831.0,0.0,16,416.0
2024-08-01,SKU0082,515.0,0.0,16,416.0
2024-08-08,SKU0082,338.0,635.0,16,416.0
2024-08-15,SKU0082,800.0,0.0,16,416.0
2024-08-22,SKU0082,610.0,0.0,16,416.0
2024-09-01,SKU0082,368.0,1017.0,16,416.0
2024-09-08,SKU0082,180.0,1017.0,16,416.0
2024-09-15,SKU0082,1038.0,0.0,16,416.0
2024-09-22,SKU0082,893.0,0.0,16,416.0
2024-10-01,SKU0082,651.0,0.0,16,416.0
2024-10-08,SKU0082,499.0,0.0,16,416.0
2024-10-15,SKU0082,312.0,903.0,16,416.0
2024-10-22,SKU0082,54.0,903.0,16,416.0
2024-11-01,SKU0082,826.0,0.0,16,416.0
2024-11-08,SKU0082,645.0,0.0,16,416.0
2024-11-15,SKU0082,479.0,0.0,16,416.0
2024-11-22,SKU0082,322.0,630.0,16,416.0
2024-12-01,SKU0082,607.0,0.0,16,416.0
2024-12-08,SKU0082,414.0,823.0,16,416.0
2024-12-15,SKU0082,1026.0,0.0,16,416.0
2024-12-22,SKU0082,831.0,0.0,16,416.0
2025-01-01,SKU0082,524.0,0.0,16,416.0
2025-01-08,SKU0082,145.0,1035.0,16,416.0
2025-01-15,SKU0082,0.0,1035.0,16,416.0
2025-01-22,SKU0082,865.0,0.0,16,416.0
2025-02-01,SKU0082,554.0,0.0,16,416.0
2025-02-08,SKU0082,276.0,744.0,16,416.0
2025-02-15,SKU0082,0.0,744.0,16,416.0
2025-02-22,SKU0082,540.0,0.0,16,416.0
2025-03-01,SKU0082,269.0,740.0,16,416.0
2025-03-08,SKU0082,719.0,0.0,16,416.0
2025-03-15,SKU0082,415.0,947.0,16,416.0
2025-03-22,SKU0082,1060.0,0.0,16,416.0
2025-04-01,SKU0082,645.0,0.0,16,416.0
2025-04-08,SKU0082,333.0,943.0,16,416.0
2025-04-15,SKU0082,28.0,943.0,16,416.0
2025-04-22,SKU0082,944.0,0.0,16,416.0
2025-05-01,SKU0082,543.0,0.0,16,416.0
2025-05-08,SKU0082,1134.0,0.0,16,416.0
2025-05-15,SKU0082,830.0,0.0,16,416.0
2025-05-22,SKU0082,531.0,0.0,16,416.0
2025-06-01,SKU0082,130.0,858.0,16,416.0
2025-06-08,SKU0082,1.0,858.0,16,416.0
2025-06-15,SKU0082,561.0,0.0,16,416.0
2025-06-22,SKU0082,88.0,933.0,16,416.0
2025-07-01,SKU0082,698.0,0.0,16,416.0
2025-07-08,SKU0082,453.0,0.0,16,416.0
2025-07-15,SKU0082,879.0,0.0,16,416.0
2025-07-22,SKU0082,623.0,0.0,16,416.0
2025-08-01,SKU0082,262.0,1028.0,16,416.0
2025-08-08,SKU0082,23.0,1028.0,16,416.0
2025-08-15,SKU0082,939.0,0.0,16,416.0
2025-08-22,SKU0082,736.0,0.0,16,416.0
2025-09-01,SKU0082,474.0,0.0,16,416.0
2025-09-08,SKU0082,249.0,960.0,16,416.0
2025-09-15,SKU0082,1049.0,0.0,16,416.0
2025-09-22,SKU0082,869.0,0.0,16,416.0
2025-10-01,SKU0082,612.0,0.0,16,416.0
2025-10-08,SKU0082,428.0,0.0,16,416.0
2025-10-15,SKU0082,884.0,0.0,16,416.0
2025-10-22,SKU0082,588.0,0.0,16,416.0
2025-11-01,SKU0082,1082.0,0.0,16,416.0
2025-11-08,SKU0082,894.0,0.0,16,416.0
2025-11-15,SKU0082,696.0,0.0,16,416.0
2025-11-22,SKU0082,520.0,0.0,16,416.0
2025-12-01,SKU0082,87.0,788.0,16,416.0
2025-12-08,SKU0082,644.0,0.0,16,416.0
2025-12-15,SKU0082,424.0,0.0,16,416.0
2025-12-22,SKU0082,1030.0,0.0,16,416.0
2024-11-22,SKU0083,119.0,969.0,17,481.0
2024-12-01,SKU0083,0.0,969.0,17,481.0
2024-12-08,SKU0083,969.0,0.0,17,481.0
2024-12-15,SKU0083,810.0,0.0,17,481.0
2024-12-22,SKU0083,649.0,0.0,17,481.0
2025-01-01,SKU0083,389.0,1196.0,17,481.0
2025-01-08,SKU0083,109.0,1196.0,17,481.0
2025-01-15,SKU0083,1138.0,0.0,17,481.0
2025-01-22,SKU0083,960.0,0.0,17,481.0
2025-02-01,SKU0083,707.0,0.0,17,481.0
2025-02-08,SKU0083,539.0,0.0,17,481.0
2025-02-15,SKU0083,1074.0,0.0,17,481.0
2025-02-22,SKU0083,878.0,0.0,17,481.0
2025-03-01,SKU0083,679.0,0.0,17,481.0
2025-03-08,SKU0083,504.0,0.0,17,481.0
2025-03-15,SKU0083,315.0,801.0,17,481.0
2025-03-22,SKU0083,915.0,0.0,17,481.0
2025-04-01,SKU0083,635.0,0.0,17,481.0
2025-04-08,SKU0083,461.0,722.0,17,481.0
2025-04-15,SKU0083,257.0,722.0,17,481.0
2025-04-22,SKU0083,77.0,722.0,17,481.0
2025-05-01,SKU0083,512.0,0.0,17,481.0
2025-05-08,SKU0083,327.0,990.0,17,481.0
2025-05-15,SKU0083,1132.0,0.0,17,481.0
2025-05-22,SKU0083,909.0,0.0,17,481.0
2025-06-01,SKU0083,623.0,0.0,17,481.0
2025-06-08,SKU0083,439.0,1068.0,17,481.0
2025-06-15,SKU0083,1284.0,0.0,17,481.0
2025-06-22,SKU0083,966.0,0.0,17,481.0
2025-07-01,SKU0083,702.0,0.0,17,481.0
2025-07-08,SKU0083,543.0,0.0,17,481.0
2025-07-15,SKU0083,343.0,791.0,17,481.0
2025-07-22,SKU0083,948.0,0.0,17,481.0
2025-08-01,SKU0083,631.0,0.0,17,481.0
2025-08-08,SKU0083,462.0,869.0,17,481.0
2025-08-15,SKU0083,288.0,869.0,17,481.0
2025-08-22,SKU0083,985.0,0.0,17,481.0
2025-09-01,SKU0083,711.0,0.0,17,481.0
2025-09-08,SKU0083,516.0,0.0,17,481.0
2025-09-15,SKU0083,332.0,864.0,17,481.0
2025-09-22,SKU0083,162.0,864.0,17,481.0
2025-10-01,SKU0083,807.0,0.0,17,481.0
2025-10-08,SKU0083,590.0,0.0,17,481.0
2025-10-15,SKU0083,373.0,923.0,17,481.0
2025-10-22,SKU0083,41.0,923.0,17,481.0
2025-11-01,SKU0083,770.0,0.0,17,481.0
2025-11-08,SKU0083,550.0,0.0,17,481.0
2025-11-15,SKU0083,1512.0,0.0,17,481.0
2025-11-22,SKU0083,1314.0,0.0,17,481.0
2025-12-01,SKU0083,952.0,0.0,17,481.0
2025-12-08,SKU0083,738.0,0.0,17,481.0
2025-12-15,SKU0083,547.0,0.0,17,481.0
2025-12-22,SKU0083,356.0,773.0,17,481.0
2024-03-15,SKU0084,252.0,0.0,9,189.0
2024-03-22,SKU0084,458.0,0.0,9,189.0
2024-04-01,SKU0084,224.0,0.0,9,189.0
2024-04-08,SKU0084,359.0,0.0,9,189.0
2024-04-15,SKU0084,204.0,0.0,9,189.0
2024-04-22,SKU0084,434.0,0.0,9,189.0
2024-05-01,SKU0084,208.0,0.0,9,189.0
2024-05-08,SKU0084,418.0,0.0,9,189.0
2024-05-15,SKU0084,253.0,0.0,9,189.0
2024-05-22,SKU0084,84.0,372.0,9,189.0
2024-06-01,SKU0084,234.0,0.0,9,189.0
2024-06-08,SKU0084,80.0,300.0,9,189.0
2024-06-15,SKU0084,195.0,0.0,9,189.0
2024-06-22,SKU0084,198.0,0.0,9,189.0
2024-07-01,SKU0084,426.0,0.0,9,189.0
2024-07-08,SKU0084,247.0,0.0,9,189.0
2024-07-15,SKU0084,78.0,438.0,9,189.0
2024-07-22,SKU0084,349.0,0.0,9,189.0
2024-08-01,SKU0084,117.0,380.0,9,189.0
2024-08-08,SKU0084,362.0,0.0,9,189.0
2024-08-15,SKU0084,231.0,0.0,9,189.0
2024-08-22,SKU0084,393.0,0.0,9,189.0
2024-09-01,SKU0084,227.0,0.0,9,189.0
2024-09-08,SKU0084,436.0,0.0,9,189.0
2024-09-15,SKU0084,300.0,0.0,9,189.0
2024-09-22,SKU0084,182.0,334.0,9,189.0
2024-10-01,SKU0084,371.0,0.0,9,189.0
2024-10-08,SKU0084,277.0,0.0,9,189.0
2024-10-15,SKU0084,151.0,438.0,9,189.0
2024-10-22,SKU0084,1.0,438.0,9,189.0
2024-11-01,SKU0084,259.0,0.0,9,189.0
2024-11-08,SKU0084,163.0,420.0,9,189.0
2024-11-15,SKU0084,446.0,0.0,9,189.0
2024-11-22,SKU0084,302.0,0.0,9,189.0
2024-12-01,SKU0084,423.0,0.0,9,189.0
2024-12-08,SKU0084,266.0,0.0,9,189.0
2024-12-15,SKU0084,148.0,442.0,9,189.0
2024-12-22,SKU0084,457.0,0.0,9,189.0
2025-01-01,SKU0084,171.0,295.0,9,189.0
2025-01-08,SKU0084,226.0,0.0,9,189.0
2025-01-15,SKU0084,378.0,0.0,9,189.0
2025-01-22,SKU0084,213.0,0.0,9,189.0
2025-02-01,SKU0084,360.0,0.0,9,189.0
2025-02-08,SKU0084,173.0,386.0,9,189.0
2025-02-15,SKU0084,1.0,386.0,9,189.0
2025-02-22,SKU0084,264.0,0.0,9,189.0
2025-03-01,SKU0084,337.0,0.0,9,189.0
2025-03-08,SKU0084,476.0,0.0,9,189.0
2025-03-15,SKU0084,249.0,0.0,9,189.0
2025-03-22,SKU0084,57.0,346.0,9,189.0
2025-04-01,SKU0084,129.0,384.0,9,189.0
2025-04-08,SKU0084,321.0,0.0,9,189.0
2025-04-15,SKU0084,126.0,467.0,9,189.0
2025-04-22,SKU0084,437.0,0.0,9,189.0
2025-05-01,SKU0084,161.0,286.0,9,189.0
2025-05-08,SKU0084,0.0,286.0,9,189.0
2025-05-15,SKU0084,95.0,333.0,9,189.0
2025-05-22,SKU0084,225.0,0.0,9,189.0
2025-06-01,SKU0084,357.0,0.0,9,189.0
2025-06-08,SKU0084,148.0,421.0,9,189.0
2025-06-15,SKU0084,361.0,0.0,9,189.0
2025-06-22,SKU0084,20.0,344.0,9,189.0
2025-07-01,SKU0084,112.0,322.0,9,189.0
2025-07-08,SKU0084,247.0,0.0,9,189.0
2025-07-15,SKU0084,48.0,387.0,9,189.0
2025-07-22,SKU0084,299.0,0.0,9,189.0
2025-08-01,SKU0084,437.0,0.0,9,189.0
2025-08-08,SKU0084,254.0,0.0,9,189.0
2025-08-15,SKU0084,90.0,382.0,9,189.0
2025-08-22,SKU0084,320.0,0.0,9,189.0
2025-09-01,SKU0084,45.0,416.0,9,189.0
2025-09-08,SKU0084,319.0,0.0,9,189.0
2025-09-15,SKU0084,174.0,407.0,9,189.0
2025-09-22,SKU0084,450.0,0.0,9,189.0
2025-10-01,SKU0084,252.0,0.0,9,189.0
2025-10-08,SKU0084,108.0,384.0,9,189.0
2025-10-15,SKU0084,336.0,0.0,9,189.0
2025-10-22,SKU0084,33.0,398.0,9,189.0
2025-11-01,SKU0084,279.0,0.0,9,189.0
2025-11-08,SKU0084,116.0,418.0,9,189.0
2025-11-15,SKU0084,406.0,0.0,9,189.0
2025-11-22,SKU0084,205.0,0.0,9,189.0
2025-12-01,SKU0084,1.0,446.0,9,189.0
2025-12-08,SKU0084,273.0,0.0,9,189.0
2025-12-15,SKU0084,66.0,371.0,9,189.0
2025-12-22,SKU0084,319.0,0.0,9,189.0
2024-01-22,SKU0085,239.0,0.0,12,222.0
2024-02-01,SKU0085,438.0,0.0,12,222.0
2024-02-08,SKU0085,250.0,0.0,12,222.0
2024-02-15,SKU0085,516.0,0.0,12,222.0
2024-02-22,SKU0085,314.0,0.0,12,222.0
2024-03-01,SKU0085,107.0,446.0,12,222.0
2024-03-08,SKU0085,419.0,0.0,12,222.0
2024-03-15,SKU0085,205.0,408.0,12,222.0
2024-03-22,SKU0085,446.0,0.0,12,222.0
2024-04-01,SKU0085,538.0,0.0,12,222.0
2024-04-08,SKU0085,332.0,0.0,12,222.0
2024-04-15,SKU0085,468.0,0.0,12,222.0
2024-04-22,SKU0085,261.0,0.0,12,222.0
2024-05-01,SKU0085,1.0,533.0,12,222.0
2024-05-08,SKU0085,452.0,0.0,12,222.0
2024-05-15,SKU0085,267.0,0.0,12,222.0
2024-05-22,SKU0085,609.0,0.0,12,222.0
2024-06-01,SKU0085,317.0,0.0,12,222.0
2024-06-08,SKU0085,132.0,386.0,12,222.0
2024-06-15,SKU0085,302.0,0.0,12,222.0
2024-06-22,SKU0085,1.0,503.0,12,222.0
2024-07-01,SKU0085,280.0,0.0,12,222.0
2024-07-08,SKU0085,638.0,0.0,12,222.0
2024-07-15,SKU0085,476.0,0.0,12,222.0
2024-07-22,SKU0085,305.0,0.0,12,222.0
2024-08-01,SKU0085,535.0,0.0,12,222.0
2024-08-08,SKU0085,430.0,0.0,12,222.0
2024-08-15,SKU0085,310.0,0.0,12,222.0
2024-08-22,SKU0085,720.0,0.0,12,222.0
2024-09-01,SKU0085,538.0,0.0,12,222.0
2024-09-08,SKU0085,450.0,0.0,12,222.0
2024-09-15,SKU0085,335.0,0.0,12,222.0
2024-09-22,SKU0085,227.0,0.0,12,222.0
2024-10-01,SKU0085,620.0,0.0,12,222.0
2024-10-08,SKU0085,527.0,0.0,12,222.0
2024-10-15,SKU0085,429.0,0.0,12,222.0
2024-10-22,SKU0085,266.0,0.0,12,222.0
2024-11-01,SKU0085,138.0,384.0,12,222.0
2024-11-08,SKU0085,425.0,0.0,12,222.0
2024-11-15,SKU0085,322.0,0.0,12,222.0
2024-11-22,SKU0085,219.0,428.0,12,222.0
2024-12-01,SKU0085,432.0,0.0,12,222.0
2024-12-08,SKU0085,314.0,0.0,12,222.0
2024-12-15,SKU0085,175.0,369.0,12,222.0
2024-12-22,SKU0085,396.0,0.0,12,222.0
2025-01-01,SKU0085,210.0,535.0,12,222.0
2025-01-08,SKU0085,1.0,535.0,12,222.0
2025-01-15,SKU0085,487.0,0.0,12,222.0
2025-01-22,SKU0085,339.0,0.0,12,222.0
2025-02-01,SKU0085,155.0,444.0,12,222.0
2025-02-08,SKU0085,411.0,0.0,12,222.0
2025-02-15,SKU0085,234.0,0.0,12,222.0
2025-02-22,SKU0085,453.0,0.0,12,222.0
2025-03-01,SKU0085,272.0,0.0,12,222.0
2025-03-08,SKU0085,65.0,548.0,12,222.0
2025-03-15,SKU0085,526.0,0.0,12,222.0
2025-03-22,SKU0085,304.0,0.0,12,222.0
2025-04-01,SKU0085,495.0,0.0,12,222.0
2025-04-08,SKU0085,296.0,0.0,12,222.0
2025-04-15,SKU0085,104.0,489.0,12,222.0
2025-04-22,SKU0085,382.0,0.0,12,222.0
2025-05-01,SKU0085,541.0,0.0,12,222.0
2025-05-08,SKU0085,356.0,0.0,12,222.0
2025-05-15,SKU0085,136.0,457.0,12,222.0
2025-05-22,SKU0085,0.0,457.0,12,222.0
2025-06-01,SKU0085,239.0,0.0,12,222.0
2025-06-08,SKU0085,434.0,0.0,12,222.0
2025-06-15,SKU0085,230.0,0.0,12,222.0
2025-06-22,SKU0085,298.0,0.0,12,222.0
2025-07-01,SKU0085,606.0,0.0,12,222.0
2025-07-08,SKU0085,464.0,0.0,12,222.0
2025-07-15,SKU0085,334.0,0.0,12,222.0
2025-07-22,SKU0085,158.0,442.0,12,222.0
2025-08-01,SKU0085,396.0,0.0,12,222.0
2025-08-08,SKU0085,292.0,0.0,12,222.0
2025-08-15,SKU0085,152.0,444.0,12,222.0
2025-08-22,SKU0085,510.0,0.0,12,222.0
2025-09-01,SKU0085,330.0,0.0,12,222.0
2025-09-08,SKU0085,215.0,536.0,12,222.0
2025-09-15,SKU0085,642.0,0.0,12,222.0
2025-09-22,SKU0085,544.0,0.0,12,222.0
2025-10-01,SKU0085,407.0,0.0,12,222.0
2025-10-08,SKU0085,346.0,0.0,12,222.0
2025-10-15,SKU0085,238.0,0.0,12,222.0
2025-10-22,SKU0085,99.0,542.0,12,222.0
2025-11-01,SKU0085,518.0,0.0,12,222.0
2025-11-08,SKU0085,423.0,0.0,12,222.0
2025-11-15,SKU0085,311.0,0.0,12,222.0
2025-11-22,SKU0085,668.0,0.0,12,222.0
2025-12-01,SKU0085,452.0,0.0,12,222.0
2025-12-08,SKU0085,311.0,0.0,12,222.0
2025-12-15,SKU0085,542.0,0.0,12,222.0
2025-12-22,SKU0085,416.0,0.0,12,222.0
2024-05-01,SKU0086,236.0,666.0,9,377.0
2024-05-08,SKU0086,667.0,0.0,9,377.0
2024-05-15,SKU0086,375.0,778.0,9,377.0
2024-05-22,SKU0086,894.0,0.0,9,377.0
2024-06-01,SKU0086,518.0,0.0,9,377.0
2024-06-08,SKU0086,268.0,794.0,9,377.0
2024-06-15,SKU0086,789.0,0.0,9,377.0
2024-06-22,SKU0086,1009.0,0.0,9,377.0
2024-07-01,SKU0086,694.0,0.0,9,377.0
2024-07-08,SKU0086,459.0,0.0,9,377.0
2024-07-15,SKU0086,224.0,634.0,9,377.0
2024-07-22,SKU0086,589.0,0.0,9,377.0
2024-08-01,SKU0086,253.0,820.0,9,377.0
2024-08-08,SKU0086,794.0,0.0,9,377.0
2024-08-15,SKU0086,582.0,0.0,9,377.0
2024-08-22,SKU0086,353.0,814.0,9,377.0
2024-09-01,SKU0086,786.0,0.0,9,377.0
2024-09-08,SKU0086,564.0,0.0,9,377.0
2024-09-15,SKU0086,342.0,717.0,9,377.0
2024-09-22,SKU0086,829.0,0.0,9,377.0
2024-10-01,SKU0086,549.0,0.0,9,377.0
2024-10-08,SKU0086,1159.0,0.0,9,377.0
2024-10-15,SKU0086,871.0,0.0,9,377.0
2024-10-22,SKU0086,520.0,0.0,9,377.0
2024-11-01,SKU0086,253.0,756.0,9,377.0
2024-11-08,SKU0086,756.0,0.0,9,377.0
2024-11-15,SKU0086,548.0,0.0,9,377.0
2024-11-22,SKU0086,1132.0,0.0,9,377.0
2024-12-01,SKU0086,654.0,0.0,9,377.0
2024-12-08,SKU0086,400.0,0.0,9,377.0
2024-12-15,SKU0086,183.0,595.0,9,377.0
2024-12-22,SKU0086,563.0,0.0,9,377.0
2025-01-01,SKU0086,207.0,812.0,9,377.0
2025-01-08,SKU0086,709.0,0.0,9,377.0
2025-01-15,SKU0086,489.0,0.0,9,377.0
2025-01-22,SKU0086,236.0,830.0,9,377.0
2025-02-01,SKU0086,702.0,0.0,9,377.0
2025-02-08,SKU0086,451.0,0.0,9,377.0
2025-02-15,SKU0086,194.0,597.0,9,377.0
2025-02-22,SKU0086,541.0,0.0,9,377.0
2025-03-01,SKU0086,916.0,0.0,9,377.0
2025-03-08,SKU0086,647.0,0.0,9,377.0
2025-03-15,SKU0086,395.0,0.0,9,377.0
2025-03-22,SKU0086,808.0,0.0,9,377.0
2025-04-01,SKU0086,473.0,0.0,9,377.0
2025-04-08,SKU0086,886.0,0.0,9,377.0
2025-04-15,SKU0086,690.0,0.0,9,377.0
2025-04-22,SKU0086,425.0,0.0,9,377.0
2025-05-01,SKU0086,858.0,0.0,9,377.0
2025-05-08,SKU0086,610.0,0.0,9,377.0
2025-05-15,SKU0086,385.0,0.0,9,377.0
2025-05-22,SKU0086,801.0,0.0,9,377.0
2025-06-01,SKU0086,434.0,0.0,9,377.0
2025-06-08,SKU0086,929.0,0.0,9,377.0
2025-06-15,SKU0086,668.0,0.0,9,377.0
2025-06-22,SKU0086,257.0,890.0,9,377.0
2025-07-01,SKU0086,833.0,0.0,9,377.0
2025-07-08,SKU0086,610.0,0.0,9,377.0
2025-07-15,SKU0086,379.0,0.0,9,377.0
2025-07-22,SKU0086,179.0,821.0,9,377.0
2025-08-01,SKU0086,693.0,0.0,9,377.0
2025-08-08,SKU0086,512.0,0.0,9,377.0
2025-08-15,SKU0086,315.0,745.0,9,377.0
2025-08-22,SKU0086,821.0,0.0,9,377.0
2025-09-01,SKU0086,494.0,0.0,9,377.0
2025-09-08,SKU0086,942.0,0.0,9,377.0
2025-09-15,SKU0086,737.0,0.0,9,377.0
2025-09-22,SKU0086,538.0,0.0,9,377.0
2025-10-01,SKU0086,228.0,819.0,9,377.0
2025-10-08,SKU0086,852.0,0.0,9,377.0
2025-10-15,SKU0086,594.0,0.0,9,377.0
2025-10-22,SKU0086,920.0,0.0,9,377.0
2025-11-01,SKU0086,661.0,0.0,9,377.0
2025-11-08,SKU0086,454.0,0.0,9,377.0
2025-11-15,SKU0086,283.0,895.0,9,377.0
2025-11-22,SKU0086,960.0,0.0,9,377.0
2025-12-01,SKU0086,544.0,0.0,9,377.0
2025-12-08,SKU0086,314.0,832.0,9,377.0
2025-12-15,SKU0086,915.0,0.0,9,377.0
2025-12-22,SKU0086,729.0,0.0,9,377.0
2025-01-22,SKU0087,98.0,0.0,16,81.0
2025-02-01,SKU0087,51.0,48.0,16,81.0
2025-02-08,SKU0087,59.0,45.0,16,81.0
2025-02-15,SKU0087,14.0,45.0,16,81.0
2025-02-22,SKU0087,45.0,43.0,16,81.0
2025-03-01,SKU0087,5.0,43.0,16,81.0
2025-03-08,SKU0087,0.0,43.0,16,81.0
2025-03-15,SKU0087,13.0,48.0,16,81.0
2025-03-22,SKU0087,1.0,48.0,16,81.0
2025-04-01,SKU0087,15.0,56.0,16,81.0
2025-04-08,SKU0087,1.0,56.0,16,81.0
2025-04-15,SKU0087,35.0,56.0,16,81.0
2025-04-22,SKU0087,1.0,56.0,16,81.0
2025-05-01,SKU0087,26.0,63.0,16,81.0
2025-05-08,SKU0087,0.0,63.0,16,81.0
2025-05-15,SKU0087,50.0,48.0,16,81.0
2025-05-22,SKU0087,15.0,48.0,16,81.0
2025-06-01,SKU0087,38.0,46.0,16,81.0
2025-06-08,SKU0087,8.0,46.0,16,81.0
2025-06-15,SKU0087,42.0,0.0,16,81.0
2025-06-22,SKU0087,1.0,33.0,16,81.0
2025-07-01,SKU0087,31.0,63.0,16,81.0
2025-07-08,SKU0087,11.0,63.0,16,81.0
2025-07-15,SKU0087,0.0,63.0,16,81.0
2025-07-22,SKU0087,46.0,50.0,16,81.0
2025-08-01,SKU0087,66.0,0.0,16,81.0
2025-08-08,SKU0087,48.0,45.0,16,81.0
2025-08-15,SKU0087,38.0,45.0,16,81.0
2025-08-22,SKU0087,66.0,52.0,16,81.0
2025-09-01,SKU0087,49.0,52.0,16,81.0
2025-09-08,SKU0087,92.0,0.0,16,81.0
2025-09-15,SKU0087,81.0,46.0,16,81.0
2025-09-22,SKU0087,115.0,0.0,16,81.0
2025-10-01,SKU0087,102.0,0.0,16,81.0
2025-10-08,SKU0087,97.0,0.0,16,81.0
2025-10-15,SKU0087,89.0,0.0,16,81.0
2025-10-22,SKU0087,76.0,0.0,16,81.0
2025-11-01,SKU0087,64.0,47.0,16,81.0
2025-11-08,SKU0087,102.0,0.0,16,81.0
2025-11-15,SKU0087,96.0,0.0,16,81.0
2025-11-22,SKU0087,94.0,0.0,16,81.0
2025-12-01,SKU0087,80.0,0.0,16,81.0
2025-12-08,SKU0087,111.0,0.0,16,81.0
2025-12-15,SKU0087,109.0,0.0,16,81.0
2025-12-22,SKU0087,103.0,0.0,16,81.0
2024-03-08,SKU0088,1.0,585.0,26,791.0
2024-03-15,SKU0088,1.0,585.0,26,791.0
2024-03-22,SKU0088,1.0,585.0,26,791.0
2024-04-01,SKU0088,456.0,523.0,26,791.0
2024-04-08,SKU0088,105.0,523.0,26,791.0
2024-04-15,SKU0088,1.0,523.0,26,791.0
2024-04-22,SKU0088,1.0,523.0,26,791.0
2024-05-01,SKU0088,239.0,463.0,26,791.0
2024-05-08,SKU0088,0.0,463.0,26,791.0
2024-05-15,SKU0088,0.0,463.0,26,791.0
2024-05-22,SKU0088,357.0,406.0,26,791.0
2024-06-01,SKU0088,0.0,406.0,26,791.0
2024-06-08,SKU0088,0.0,406.0,26,791.0
2024-06-15,SKU0088,406.0,522.0,26,791.0
2024-06-22,SKU0088,0.0,522.0,26,791.0
2024-07-01,SKU0088,0.0,522.0,26,791.0
2024-07-08,SKU0088,0.0,522.0,26,791.0
2024-07-15,SKU0088,454.0,487.0,26,791.0
2024-07-22,SKU0088,163.0,487.0,26,791.0
2024-08-01,SKU0088,0.0,487.0,26,791.0
2024-08-08,SKU0088,428.0,487.0,26,791.0
2024-08-15,SKU0088,157.0,487.0,26,791.0
2024-08-22,SKU0088,1.0,487.0,26,791.0
2024-09-01,SKU0088,487.0,0.0,26,791.0
2024-09-08,SKU0088,292.0,335.0,26,791.0
2024-09-15,SKU0088,54.0,335.0,26,791.0
2024-09-22,SKU0088,0.0,335.0,26,791.0
2024-10-01,SKU0088,226.0,586.0,26,791.0
2024-10-08,SKU0088,49.0,586.0,26,791.0
2024-10-15,SKU0088,1.0,586.0,26,791.0
2024-10-22,SKU0088,1.0,586.0,26,791.0
2024-11-01,SKU0088,309.0,395.0,26,791.0
2024-11-08,SKU0088,80.0,395.0,26,791.0
2024-11-15,SKU0088,0.0,395.0,26,791.0
2024-11-22,SKU0088,283.0,335.0,26,791.0
2024-12-01,SKU0088,1.0,335.0,26,791.0
2024-12-08,SKU0088,1.0,335.0,26,791.0
2024-12-15,SKU0088,299.0,0.0,26,791.0
2024-12-22,SKU0088,36.0,576.0,26,791.0
2025-01-01,SKU0088,0.0,576.0,26,791.0
2025-01-08,SKU0088,0.0,576.0,26,791.0
2025-01-15,SKU0088,280.0,425.0,26,791.0
2025-01-22,SKU0088,0.0,425.0,26,791.0
2025-02-01,SKU0088,0.0,425.0,26,791.0
2025-02-08,SKU0088,204.0,621.0,26,791.0
2025-02-15,SKU0088,1.0,621.0,26,791.0
2025-02-22,SKU0088,1.0,621.0,26,791.0
2025-03-01,SKU0088,1.0,621.0,26,791.0
2025-03-08,SKU0088,286.0,599.0,26,791.0
2025-03-15,SKU0088,0.0,599.0,26,791.0
2025-03-22,SKU0088,0.0,599.0,26,791.0
2025-04-01,SKU0088,314.0,590.0,26,791.0
2025-04-08,SKU0088,1.0,590.0,26,791.0
2025-04-15,SKU0088,1.0,590.0,26,791.0
2025-04-22,SKU0088,1.0,590.0,26,791.0
2025-05-01,SKU0088,130.0,356.0,26,791.0
2025-05-08,SKU0088,0.0,356.0,26,791.0
2025-05-15,SKU0088,0.0,356.0,26,791.0
2025-05-22,SKU0088,157.0,324.0,26,791.0
2025-06-01,SKU0088,1.0,324.0,26,791.0
2025-06-08,SKU0088,1.0,324.0,26,791.0
2025-06-15,SKU0088,239.0,599.0,26,791.0
2025-06-22,SKU0088,0.0,599.0,26,791.0
2025-07-01,SKU0088,0.0,599.0,26,791.0
2025-07-08,SKU0088,0.0,599.0,26,791.0
2025-07-15,SKU0088,331.0,502.0,26,791.0
2025-07-22,SKU0088,0.0,502.0,26,791.0
2025-08-01,SKU0088,0.0,502.0,26,791.0
2025-08-08,SKU0088,346.0,356.0,26,791.0
2025-08-15,SKU0088,48.0,356.0,26,791.0
2025-08-22,SKU0088,1.0,356.0,26,791.0
2025-09-01,SKU0088,317.0,459.0,26,791.0
2025-09-08,SKU0088,65.0,459.0,26,791.0
2025-09-15,SKU0088,0.0,459.0,26,791.0
2025-09-22,SKU0088,0.0,459.0,26,791.0
2025-10-01,SKU0088,245.0,421.0,26,791.0
2025-10-08,SKU0088,1.0,421.0,26,791.0
2025-10-15,SKU0088,1.0,421.0,26,791.0
2025-10-22,SKU0088,422.0,398.0,26,791.0
2025-11-01,SKU0088,29.0,398.0,26,791.0
2025-11-08,SKU0088,0.0,398.0,26,791.0
2025-11-15,SKU0088,0.0,398.0,26,791.0
2025-11-22,SKU0088,258.0,496.0,26,791.0
2025-12-01,SKU0088,0.0,496.0,26,791.0
2025-12-08,SKU0088,0.0,496.0,26,791.0
2025-12-15,SKU0088,396.0,475.0,26,791.0
2025-12-22,SKU0088,48.0,475.0,26,791.0
2024-03-22,SKU0089,53.0,1073.0,18,561.0
2024-04-01,SKU0089,0.0,1073.0,18,561.0
2024-04-08,SKU0089,907.0,0.0,18,561.0
2024-04-15,SKU0089,548.0,1025.0,18,561.0
2024-04-22,SKU0089,221.0,1025.0,18,561.0
2024-05-01,SKU0089,777.0,0.0,18,561.0
2024-05-08,SKU0089,426.0,1220.0,18,561.0
2024-05-15,SKU0089,1320.0,0.0,18,561.0
2024-05-22,SKU0089,960.0,0.0,18,561.0
2024-06-01,SKU0089,570.0,0.0,18,561.0
2024-06-08,SKU0089,287.0,1050.0,18,561.0
2024-06-15,SKU0089,0.0,1050.0,18,561.0
2024-06-22,SKU0089,605.0,0.0,18,561.0
2024-07-01,SKU0089,306.0,1263.0,18,561.0
2024-07-08,SKU0089,1285.0,0.0,18,561.0
2024-07-15,SKU0089,1035.0,0.0,18,561.0
2024-07-22,SKU0089,794.0,0.0,18,561.0
2024-08-01,SKU0089,495.0,1047.0,18,561.0
2024-08-08,SKU0089,328.0,1047.0,18,561.0
2024-08-15,SKU0089,1224.0,0.0,18,561.0
2024-08-22,SKU0089,1078.0,0.0,18,561.0
2024-09-01,SKU0089,858.0,0.0,18,561.0
2024-09-08,SKU0089,685.0,0.0,18,561.0
2024-09-15,SKU0089,546.0,1233.0,18,561.0
2024-09-22,SKU0089,403.0,1233.0,18,561.0
2024-10-01,SKU0089,229.0,1233.0,18,561.0
2024-10-08,SKU0089,1302.0,0.0,18,561.0
2024-10-15,SKU0089,1152.0,0.0,18,561.0
2024-10-22,SKU0089,919.0,0.0,18,561.0
2024-11-01,SKU0089,753.0,0.0,18,561.0
2024-11-08,SKU0089,621.0,0.0,18,561.0
2024-11-15,SKU0089,473.0,1251.0,18,561.0
2024-11-22,SKU0089,329.0,1251.0,18,561.0
2024-12-01,SKU0089,1285.0,0.0,18,561.0
2024-12-08,SKU0089,1097.0,0.0,18,561.0
2024-12-15,SKU0089,933.0,0.0,18,561.0
2024-12-22,SKU0089,745.0,0.0,18,561.0
2025-01-01,SKU0089,1320.0,0.0,18,561.0
2025-01-08,SKU0089,883.0,0.0,18,561.0
2025-01-15,SKU0089,635.0,0.0,18,561.0
2025-01-22,SKU0089,407.0,1077.0,18,561.0
2025-02-01,SKU0089,112.0,1077.0,18,561.0
2025-02-08,SKU0089,993.0,0.0,18,561.0
2025-02-15,SKU0089,727.0,0.0,18,561.0
2025-02-22,SKU0089,424.0,1103.0,18,561.0
2025-03-01,SKU0089,1263.0,0.0,18,561.0
2025-03-08,SKU0089,979.0,0.0,18,561.0
2025-03-15,SKU0089,655.0,0.0,18,561.0
2025-03-22,SKU0089,341.0,906.0,18,561.0
2025-04-01,SKU0089,847.0,0.0,18,561.0
2025-04-08,SKU0089,511.0,1287.0,18,561.0
2025-04-15,SKU0089,162.0,1287.0,18,561.0
2025-04-22,SKU0089,1116.0,0.0,18,561.0
2025-05-01,SKU0089,667.0,0.0,18,561.0
2025-05-08,SKU0089,1448.0,0.0,18,561.0
2025-05-15,SKU0089,1114.0,0.0,18,561.0
2025-05-22,SKU0089,789.0,0.0,18,561.0
2025-06-01,SKU0089,358.0,1060.0,18,561.0
2025-06-08,SKU0089,24.0,1060.0,18,561.0
2025-06-15,SKU0089,896.0,0.0,18,561.0
2025-06-22,SKU0089,439.0,1158.0,18,561.0
2025-07-01,SKU0089,1212.0,0.0,18,561.0
2025-07-08,SKU0089,995.0,0.0,18,561.0
2025-07-15,SKU0089,770.0,0.0,18,561.0
2025-07-22,SKU0089,516.0,1208.0,18,561.0
2025-08-01,SKU0089,156.0,1208.0,18,561.0
2025-08-08,SKU0089,1161.0,0.0,18,561.0
2025-08-15,SKU0089,988.0,0.0,18,561.0
2025-08-22,SKU0089,810.0,0.0,18,561.0
2025-09-01,SKU0089,576.0,0.0,18,561.0
2025-09-08,SKU0089,421.0,892.0,18,561.0
2025-09-15,SKU0089,1199.0,0.0,18,561.0
2025-09-22,SKU0089,1045.0,0.0,18,561.0
2025-10-01,SKU0089,790.0,0.0,18,561.0
2025-10-08,SKU0089,642.0,0.0,18,561.0
2025-10-15,SKU0089,1391.0,0.0,18,561.0
2025-10-22,SKU0089,1152.0,0.0,18,561.0
2025-11-01,SKU0089,934.0,0.0,18,561.0
2025-11-08,SKU0089,764.0,0.0,18,561.0
2025-11-15,SKU0089,653.0,0.0,18,561.0
2025-11-22,SKU0089,1874.0,0.0,18,561.0
2025-12-01,SKU0089,1573.0,0.0,18,561.0
2025-12-08,SKU0089,1420.0,0.0,18,561.0
2025-12-15,SKU0089,1215.0,0.0,18,561.0
2025-12-22,SKU0089,1042.0,0.0,18,561.0
2025-05-08,SKU0090,84.0,591.0,26,241.0
2025-05-15,SKU0090,0.0,591.0,26,241.0
2025-05-22,SKU0090,0.0,591.0,26,241.0
2025-06-01,SKU0090,579.0,0.0,26,241.0
2025-06-08,SKU0090,492.0,0.0,26,241.0
2025-06-15,SKU0090,388.0,0.0,26,241.0
2025-06-22,SKU0090,211.0,542.0,26,241.0
2025-07-01,SKU0090,616.0,0.0,26,241.0
2025-07-08,SKU0090,535.0,0.0,26,241.0
2025-07-15,SKU0090,448.0,0.0,26,241.0
2025-07-22,SKU0090,381.0,0.0,26,241.0
2025-08-01,SKU0090,272.0,0.0,26,241.0
2025-08-08,SKU0090,190.0,423.0,26,241.0
2025-08-15,SKU0090,134.0,423.0,26,241.0
2025-08-22,SKU0090,497.0,0.0,26,241.0
2025-09-01,SKU0090,410.0,0.0,26,241.0
2025-09-08,SKU0090,380.0,0.0,26,241.0
2025-09-15,SKU0090,315.0,0.0,26,241.0
2025-09-22,SKU0090,278.0,0.0,26,241.0
2025-10-01,SKU0090,196.0,410.0,26,241.0
2025-10-08,SKU0090,546.0,0.0,26,241.0
2025-10-15,SKU0090,495.0,0.0,26,241.0
2025-10-22,SKU0090,412.0,0.0,26,241.0
2025-11-01,SKU0090,361.0,0.0,26,241.0
2025-11-08,SKU0090,323.0,0.0,26,241.0
2025-11-15,SKU0090,289.0,0.0,26,241.0
2025-11-22,SKU0090,235.0,556.0,26,241.0
2025-12-01,SKU0090,705.0,0.0,26,241.0
2025-12-08,SKU0090,639.0,0.0,26,241.0
2025-12-15,SKU0090,583.0,0.0,26,241.0
2025-12-22,SKU0090,521.0,0.0,26,241.0
2025-03-22,SKU0091,103.0,163.0,20,354.0
2025-04-01,SKU0091,1.0,163.0,20,354.0
2025-04-08,SKU0091,132.0,146.0,20,354.0
2025-04-15,SKU0091,0.0,146.0,20,354.0
2025-04-22,SKU0091,0.0,146.0,20,354.0
2025-05-01,SKU0091,52.0,200.0,20,354.0
2025-05-08,SKU0091,1.0,200.0,20,354.0
2025-05-15,SKU0091,1.0,200.0,20,354.0
2025-05-22,SKU0091,61.0,273.0,20,354.0
2025-06-01,SKU0091,0.0,273.0,20,354.0
2025-06-08,SKU0091,226.0,238.0,20,354.0
2025-06-15,SKU0091,68.0,238.0,20,354.0
2025-06-22,SKU0091,0.0,238.0,20,354.0
2025-07-01,SKU0091,142.0,152.0,20,354.0
2025-07-08,SKU0091,27.0,152.0,20,354.0
2025-07-15,SKU0091,0.0,152.0,20,354.0
2025-07-22,SKU0091,40.0,237.0,20,354.0
2025-08-01,SKU0091,1.0,237.0,20,354.0
2025-08-08,SKU0091,192.0,217.0,20,354.0
2025-08-15,SKU0091,96.0,217.0,20,354.0
2025-08-22,SKU0091,0.0,217.0,20,354.0
2025-09-01,SKU0091,91.0,258.0,20,354.0
2025-09-08,SKU0091,1.0,258.0,20,354.0
2025-09-15,SKU0091,249.0,166.0,20,354.0
2025-09-22,SKU0091,150.0,166.0,20,354.0
2025-10-01,SKU0091,1.0,166.0,20,354.0
2025-10-08,SKU0091,124.0,275.0,20,354.0
2025-10-15,SKU0091,28.0,275.0,20,354.0
2025-10-22,SKU0091,1.0,275.0,20,354.0
2025-11-01,SKU0091,191.0,280.0,20,354.0
2025-11-08,SKU0091,73.0,280.0,20,354.0
2025-11-15,SKU0091,257.0,202.0,20,354.0
2025-11-22,SKU0091,139.0,202.0,20,354.0
2025-12-01,SKU0091,0.0,202.0,20,354.0
2025-12-08,SKU0091,132.0,204.0,20,354.0
2025-12-15,SKU0091,14.0,204.0,20,354.0
2025-12-22,SKU0091,0.0,204.0,20,354.0
2025-05-08,SKU0092,0.0,1520.0,26,682.0
2025-05-15,SKU0092,0.0,1520.0,26,682.0
2025-05-22,SKU0092,0.0,1520.0,26,682.0
2025-06-01,SKU0092,1490.0,0.0,26,682.0
2025-06-08,SKU0092,1271.0,0.0,26,682.0
2025-06-15,SKU0092,1009.0,0.0,26,682.0
2025-06-22,SKU0092,615.0,1129.0,26,682.0
2025-07-01,SKU0092,1462.0,0.0,26,682.0
2025-07-08,SKU0092,1294.0,0.0,26,682.0
2025-07-15,SKU0092,1124.0,0.0,26,682.0
2025-07-22,SKU0092,975.0,0.0,26,682.0
2025-08-01,SKU0092,732.0,0.0,26,682.0
2025-08-08,SKU0092,596.0,1522.0,26,682.0
2025-08-15,SKU0092,478.0,1522.0,26,682.0
2025-08-22,SKU0092,1907.0,0.0,26,682.0
2025-09-01,SKU0092,1734.0,0.0,26,682.0
2025-09-08,SKU0092,1639.0,0.0,26,682.0
2025-09-15,SKU0092,1542.0,0.0,26,682.0
2025-09-22,SKU0092,1457.0,0.0,26,682.0
2025-10-01,SKU0092,1352.0,0.0,26,682.0
2025-10-08,SKU0092,1302.0,0.0,26,682.0
2025-10-15,SKU0092,1201.0,0.0,26,682.0
2025-10-22,SKU0092,1105.0,0.0,26,682.0
2025-11-01,SKU0092,997.0,0.0,26,682.0
2025-11-08,SKU0092,927.0,0.0,26,682.0
2025-11-15,SKU0092,877.0,0.0,26,682.0
2025-11-22,SKU0092,798.0,0.0,26,682.0
2025-12-01,SKU0092,658.0,1441.0,26,682.0
2025-12-08,SKU0092,613.0,1441.0,26,682.0
2025-12-15,SKU0092,536.0,1441.0,26,682.0
2025-12-22,SKU0092,439.0,1441.0,26,682.0
2024-03-15,SKU0093,184.0,1216.0,15,664.0
2024-03-22,SKU0093,0.0,1216.0,15,664.0
2024-04-01,SKU0093,1090.0,0.0,15,664.0
2024-04-08,SKU0093,795.0,0.0,15,664.0
2024-04-15,SKU0093,1643.0,0.0,15,664.0
2024-04-22,SKU0093,1335.0,0.0,15,664.0
2024-05-01,SKU0093,947.0,0.0,15,664.0
2024-05-08,SKU0093,658.0,1575.0,15,664.0
2024-05-15,SKU0093,1960.0,0.0,15,664.0
2024-05-22,SKU0093,1680.0,0.0,15,664.0
2024-06-01,SKU0093,1273.0,0.0,15,664.0
2024-06-08,SKU0093,992.0,0.0,15,664.0
2024-06-15,SKU0093,687.0,0.0,15,664.0
2024-06-22,SKU0093,227.0,1098.0,15,664.0
2024-07-01,SKU0093,977.0,0.0,15,664.0
2024-07-08,SKU0093,715.0,0.0,15,664.0
2024-07-15,SKU0093,1492.0,0.0,15,664.0
2024-07-22,SKU0093,1240.0,0.0,15,664.0
2024-08-01,SKU0093,844.0,0.0,15,664.0
2024-08-08,SKU0093,638.0,1494.0,15,664.0
2024-08-15,SKU0093,1886.0,0.0,15,664.0
2024-08-22,SKU0093,1674.0,0.0,15,664.0
2024-09-01,SKU0093,1386.0,0.0,15,664.0
2024-09-08,SKU0093,1169.0,0.0,15,664.0
2024-09-15,SKU0093,976.0,0.0,15,664.0
2024-09-22,SKU0093,766.0,0.0,15,664.0
2024-10-01,SKU0093,503.0,1210.0,15,664.0
2024-10-08,SKU0093,281.0,1210.0,15,664.0
2024-10-15,SKU0093,1279.0,0.0,15,664.0
2024-10-22,SKU0093,947.0,0.0,15,664.0
2024-11-01,SKU0093,668.0,0.0,15,664.0
2024-11-08,SKU0093,1682.0,0.0,15,664.0
2024-11-15,SKU0093,1455.0,0.0,15,664.0
2024-11-22,SKU0093,1288.0,0.0,15,664.0
2024-12-01,SKU0093,876.0,0.0,15,664.0
2024-12-08,SKU0093,657.0,1192.0,15,664.0
2024-12-15,SKU0093,435.0,1192.0,15,664.0
2024-12-22,SKU0093,236.0,1192.0,15,664.0
2025-01-01,SKU0093,1039.0,0.0,15,664.0
2025-01-08,SKU0093,668.0,0.0,15,664.0
2025-01-15,SKU0093,445.0,1625.0,15,664.0
2025-01-22,SKU0093,1830.0,0.0,15,664.0
2025-02-01,SKU0093,1498.0,0.0,15,664.0
2025-02-08,SKU0093,1203.0,0.0,15,664.0
2025-02-15,SKU0093,911.0,0.0,15,664.0
2025-02-22,SKU0093,651.0,1336.0,15,664.0
2025-03-01,SKU0093,394.0,1336.0,15,664.0
2025-03-08,SKU0093,1433.0,0.0,15,664.0
2025-03-15,SKU0093,1142.0,0.0,15,664.0
2025-03-22,SKU0093,835.0,0.0,15,664.0
2025-04-01,SKU0093,411.0,1127.0,15,664.0
2025-04-08,SKU0093,1272.0,0.0,15,664.0
2025-04-15,SKU0093,988.0,0.0,15,664.0
2025-04-22,SKU0093,708.0,0.0,15,664.0
2025-05-01,SKU0093,305.0,1500.0,15,664.0
2025-05-08,SKU0093,1504.0,0.0,15,664.0
2025-05-15,SKU0093,1194.0,0.0,15,664.0
2025-05-22,SKU0093,900.0,0.0,15,664.0
2025-06-01,SKU0093,494.0,1631.0,15,664.0
2025-06-08,SKU0093,1847.0,0.0,15,664.0
2025-06-15,SKU0093,1567.0,0.0,15,664.0
2025-06-22,SKU0093,1118.0,0.0,15,664.0
2025-07-01,SKU0093,765.0,0.0,15,664.0
2025-07-08,SKU0093,1753.0,0.0,15,664.0
2025-07-15,SKU0093,1510.0,0.0,15,664.0
2025-07-22,SKU0093,1280.0,0.0,15,664.0
2025-08-01,SKU0093,906.0,0.0,15,664.0
2025-08-08,SKU0093,670.0,0.0,15,664.0
2025-08-15,SKU0093,456.0,1088.0,15,664.0
2025-08-22,SKU0093,1338.0,0.0,15,664.0
2025-09-01,SKU0093,1037.0,0.0,15,664.0
2025-09-08,SKU0093,852.0,0.0,15,664.0
2025-09-15,SKU0093,650.0,1552.0,15,664.0
2025-09-22,SKU0093,2022.0,0.0,15,664.0
2025-10-01,SKU0093,1733.0,0.0,15,664.0
2025-10-08,SKU0093,1556.0,0.0,15,664.0
2025-10-15,SKU0093,1339.0,0.0,15,664.0
2025-10-22,SKU0093,1069.0,0.0,15,664.0
2025-11-01,SKU0093,815.0,0.0,15,664.0
2025-11-08,SKU0093,625.0,1144.0,15,664.0
2025-11-15,SKU0093,434.0,1144.0,15,664.0
2025-11-22,SKU0093,1382.0,0.0,15,664.0
2025-12-01,SKU0093,1024.0,0.0,15,664.0
2025-12-08,SKU0093,801.0,0.0,15,664.0
2025-12-15,SKU0093,572.0,1001.0,15,664.0
2025-12-22,SKU0093,1332.0,0.0,15,664.0
2024-11-22,SKU0094,262.0,0.0,23,708.0
2024-12-01,SKU0094,1.0,364.0,23,708.0
2024-12-08,SKU0094,1.0,364.0,23,708.0
2024-12-15,SKU0094,313.0,543.0,23,708.0
2024-12-22,SKU0094,137.0,543.0,23,708.0
2025-01-01,SKU0094,1.0,543.0,23,708.0
2025-01-08,SKU0094,372.0,377.0,23,708.0
2025-01-15,SKU0094,120.0,377.0,23,708.0
2025-01-22,SKU0094,1.0,377.0,23,708.0
2025-02-01,SKU0094,234.0,552.0,23,708.0
2025-02-08,SKU0094,0.0,552.0,23,708.0
2025-02-15,SKU0094,0.0,552.0,23,708.0
2025-02-22,SKU0094,486.0,407.0,23,708.0
2025-03-01,SKU0094,157.0,407.0,23,708.0
2025-03-08,SKU0094,1.0,407.0,23,708.0
2025-03-15,SKU0094,408.0,0.0,23,708.0
2025-03-22,SKU0094,52.0,482.0,23,708.0
2025-04-01,SKU0094,1.0,482.0,23,708.0
2025-04-08,SKU0094,410.0,414.0,23,708.0
2025-04-15,SKU0094,31.0,414.0,23,708.0
2025-04-22,SKU0094,1.0,414.0,23,708.0
2025-05-01,SKU0094,360.0,530.0,23,708.0
2025-05-08,SKU0094,3.0,530.0,23,708.0
2025-05-15,SKU0094,0.0,530.0,23,708.0
2025-05-22,SKU0094,0.0,530.0,23,708.0
2025-06-01,SKU0094,75.0,527.0,23,708.0
2025-06-08,SKU0094,0.0,527.0,23,708.0
2025-06-15,SKU0094,527.0,0.0,23,708.0
2025-06-22,SKU0094,0.0,425.0,23,708.0
2025-07-01,SKU0094,0.0,425.0,23,708.0
2025-07-08,SKU0094,425.0,348.0,23,708.0
2025-07-15,SKU0094,141.0,348.0,23,708.0
2025-07-22,SKU0094,1.0,348.0,23,708.0
2025-08-01,SKU0094,333.0,0.0,23,708.0
2025-08-08,SKU0094,92.0,339.0,23,708.0
2025-08-15,SKU0094,0.0,339.0,23,708.0
2025-08-22,SKU0094,0.0,339.0,23,708.0
2025-09-01,SKU0094,81.0,293.0,23,708.0
2025-09-08,SKU0094,0.0,293.0,23,708.0
2025-09-15,SKU0094,293.0,0.0,23,708.0
2025-09-22,SKU0094,119.0,351.0,23,708.0
2025-10-01,SKU0094,0.0,351.0,23,708.0
2025-10-08,SKU0094,352.0,345.0,23,708.0
2025-10-15,SKU0094,161.0,345.0,23,708.0
2025-10-22,SKU0094,1.0,345.0,23,708.0
2025-11-01,SKU0094,320.0,0.0,23,708.0
2025-11-08,SKU0094,124.0,394.0,23,708.0
2025-11-15,SKU0094,1.0,394.0,23,708.0
2025-11-22,SKU0094,1.0,394.0,23,708.0
2025-12-01,SKU0094,13.0,329.0,23,708.0
2025-12-08,SKU0094,0.0,329.0,23,708.0
2025-12-15,SKU0094,0.0,329.0,23,708.0
2025-12-22,SKU0094,94.0,418.0,23,708.0
2024-09-01,SKU0095,248.0,1053.0,14,334.0
2024-09-08,SKU0095,1154.0,0.0,14,334.0
2024-09-15,SKU0095,1028.0,0.0,14,334.0
2024-09-22,SKU0095,912.0,0.0,14,334.0
2024-10-01,SKU0095,774.0,0.0,14,334.0
2024-10-08,SKU0095,661.0,0.0,14,334.0
2024-10-15,SKU0095,538.0,0.0,14,334.0
2024-10-22,SKU0095,342.0,0.0,14,334.0
2024-11-01,SKU0095,191.0,1115.0,14,334.0
2024-11-08,SKU0095,1150.0,0.0,14,334.0
2024-11-15,SKU0095,1072.0,0.0,14,334.0
2024-11-22,SKU0095,945.0,0.0,14,334.0
2024-12-01,SKU0095,698.0,0.0,14,334.0
2024-12-08,SKU0095,530.0,0.0,14,334.0
2024-12-15,SKU0095,424.0,0.0,14,334.0
2024-12-22,SKU0095,251.0,1261.0,14,334.0
2025-01-01,SKU0095,1279.0,0.0,14,334.0
2025-01-08,SKU0095,1024.0,0.0,14,334.0
2025-01-15,SKU0095,902.0,0.0,14,334.0
2025-01-22,SKU0095,756.0,0.0,14,334.0
2025-02-01,SKU0095,539.0,0.0,14,334.0
2025-02-08,SKU0095,399.0,0.0,14,334.0
2025-02-15,SKU0095,248.0,1566.0,14,334.0
2025-02-22,SKU0095,74.0,1566.0,14,334.0
2025-03-01,SKU0095,1500.0,0.0,14,334.0
2025-03-08,SKU0095,1359.0,0.0,14,334.0
2025-03-15,SKU0095,1204.0,0.0,14,334.0
2025-03-22,SKU0095,1069.0,0.0,14,334.0
2025-04-01,SKU0095,836.0,0.0,14,334.0
2025-04-08,SKU0095,679.0,0.0,14,334.0
2025-04-15,SKU0095,539.0,0.0,14,334.0
2025-04-22,SKU0095,365.0,0.0,14,334.0
2025-05-01,SKU0095,121.0,1241.0,14,334.0
2025-05-08,SKU0095,1237.0,0.0,14,334.0
2025-05-15,SKU0095,1104.0,0.0,14,334.0
2025-05-22,SKU0095,972.0,0.0,14,334.0
2025-06-01,SKU0095,791.0,0.0,14,334.0
2025-06-08,SKU0095,652.0,0.0,14,334.0
2025-06-15,SKU0095,497.0,0.0,14,334.0
2025-06-22,SKU0095,238.0,1364.0,14,334.0
2025-07-01,SKU0095,1420.0,0.0,14,334.0
2025-07-08,SKU0095,1287.0,0.0,14,334.0
2025-07-15,SKU0095,1173.0,0.0,14,334.0
2025-07-22,SKU0095,1028.0,0.0,14,334.0
2025-08-01,SKU0095,800.0,0.0,14,334.0
2025-08-08,SKU0095,675.0,0.0,14,334.0
2025-08-15,SKU0095,553.0,0.0,14,334.0
2025-08-22,SKU0095,438.0,0.0,14,334.0
2025-09-01,SKU0095,278.0,1014.0,14,334.0
2025-09-08,SKU0095,1156.0,0.0,14,334.0
2025-09-15,SKU0095,1033.0,0.0,14,334.0
2025-09-22,SKU0095,921.0,0.0,14,334.0
2025-10-01,SKU0095,820.0,0.0,14,334.0
2025-10-08,SKU0095,690.0,0.0,14,334.0
2025-10-15,SKU0095,584.0,0.0,14,334.0
2025-10-22,SKU0095,420.0,0.0,14,334.0
2025-11-01,SKU0095,250.0,1533.0,14,334.0
2025-11-08,SKU0095,1675.0,0.0,14,334.0
2025-11-15,SKU0095,1571.0,0.0,14,334.0
2025-11-22,SKU0095,1416.0,0.0,14,334.0
2025-12-01,SKU0095,1138.0,0.0,14,334.0
2025-12-08,SKU0095,1019.0,0.0,14,334.0
2025-12-15,SKU0095,901.0,0.0,14,334.0
2025-12-22,SKU0095,801.0,0.0,14,334.0
2024-08-01,SKU0096,248.0,0.0,14,514.0
2024-08-08,SKU0096,83.0,329.0,14,514.0
2024-08-15,SKU0096,330.0,382.0,14,514.0
2024-08-22,SKU0096,188.0,382.0,14,514.0
2024-09-01,SKU0096,327.0,242.0,14,514.0
2024-09-08,SKU0096,199.0,242.0,14,514.0
2024-09-15,SKU0096,310.0,403.0,14,514.0
2024-09-22,SKU0096,160.0,403.0,14,514.0
2024-10-01,SKU0096,345.0,360.0,14,514.0
2024-10-08,SKU0096,201.0,360.0,14,514.0
2024-10-15,SKU0096,396.0,251.0,14,514.0
2024-10-22,SKU0096,184.0,251.0,14,514.0
2024-11-01,SKU0096,279.0,226.0,14,514.0
2024-11-08,SKU0096,356.0,255.0,14,514.0
2024-11-15,SKU0096,207.0,255.0,14,514.0
2024-11-22,SKU0096,293.0,235.0,14,514.0
2024-12-01,SKU0096,0.0,235.0,14,514.0
2024-12-08,SKU0096,165.0,334.0,14,514.0
2024-12-15,SKU0096,19.0,334.0,14,514.0
2024-12-22,SKU0096,273.0,335.0,14,514.0
2025-01-01,SKU0096,0.0,335.0,14,514.0
2025-01-08,SKU0096,27.0,273.0,14,514.0
2025-01-15,SKU0096,0.0,273.0,14,514.0
2025-01-22,SKU0096,64.0,237.0,14,514.0
2025-02-01,SKU0096,190.0,210.0,14,514.0
2025-02-08,SKU0096,0.0,210.0,14,514.0
2025-02-15,SKU0096,154.0,262.0,14,514.0
2025-02-22,SKU0096,1.0,262.0,14,514.0
2025-03-01,SKU0096,202.0,0.0,14,514.0
2025-03-08,SKU0096,1.0,382.0,14,514.0
2025-03-15,SKU0096,298.0,0.0,14,514.0
2025-03-22,SKU0096,11.0,247.0,14,514.0
2025-04-01,SKU0096,61.0,367.0,14,514.0
2025-04-08,SKU0096,1.0,367.0,14,514.0
2025-04-15,SKU0096,167.0,391.0,14,514.0
2025-04-22,SKU0096,1.0,391.0,14,514.0
2025-05-01,SKU0096,70.0,397.0,14,514.0
2025-05-08,SKU0096,398.0,0.0,14,514.0
2025-05-15,SKU0096,60.0,323.0,14,514.0
2025-05-22,SKU0096,323.0,0.0,14,514.0
2025-06-01,SKU0096,0.0,405.0,14,514.0
2025-06-08,SKU0096,302.0,231.0,14,514.0
2025-06-15,SKU0096,0.0,231.0,14,514.0
2025-06-22,SKU0096,88.0,237.0,14,514.0
2025-07-01,SKU0096,1.0,237.0,14,514.0
2025-07-08,SKU0096,90.0,271.0,14,514.0
2025-07-15,SKU0096,1.0,271.0,14,514.0
2025-07-22,SKU0096,108.0,408.0,14,514.0
2025-08-01,SKU0096,382.0,301.0,14,514.0
2025-08-08,SKU0096,181.0,301.0,14,514.0
2025-08-15,SKU0096,279.0,294.0,14,514.0
2025-08-22,SKU0096,90.0,294.0,14,514.0
2025-09-01,SKU0096,196.0,261.0,14,514.0
2025-09-08,SKU0096,30.0,261.0,14,514.0
2025-09-15,SKU0096,156.0,408.0,14,514.0
2025-09-22,SKU0096,0.0,408.0,14,514.0
2025-10-01,SKU0096,254.0,319.0,14,514.0
2025-10-08,SKU0096,81.0,319.0,14,514.0
2025-10-15,SKU0096,205.0,340.0,14,514.0
2025-10-22,SKU0096,1.0,340.0,14,514.0
2025-11-01,SKU0096,99.0,381.0,14,514.0
2025-11-08,SKU0096,331.0,349.0,14,514.0
2025-11-15,SKU0096,152.0,349.0,14,514.0
2025-11-22,SKU0096,306.0,0.0,14,514.0
2025-12-01,SKU0096,0.0,270.0,14,514.0
2025-12-08,SKU0096,153.0,291.0,14,514.0
2025-12-15,SKU0096,1.0,291.0,14,514.0
2025-12-22,SKU0096,166.0,217.0,14,514.0
2024-04-22,SKU0097,65.0,1352.0,25,721.0
2024-05-01,SKU0097,1.0,1352.0,25,721.0
2024-05-08,SKU0097,1.0,1352.0,25,721.0
2024-05-15,SKU0097,1244.0,0.0,25,721.0
2024-05-22,SKU0097,936.0,0.0,25,721.0
2024-06-01,SKU0097,573.0,1749.0,25,721.0
2024-06-08,SKU0097,2106.0,0.0,25,721.0
2024-06-15,SKU0097,1871.0,0.0,25,721.0
2024-06-22,SKU0097,1526.0,0.0,25,721.0
2024-07-01,SKU0097,1265.0,0.0,25,721.0
2024-07-08,SKU0097,1089.0,0.0,25,721.0
2024-07-15,SKU0097,955.0,0.0,25,721.0
2024-07-22,SKU0097,775.0,0.0,25,721.0
2024-08-01,SKU0097,2326.0,0.0,25,721.0
2024-08-08,SKU0097,2206.0,0.0,25,721.0
2024-08-15,SKU0097,2096.0,0.0,25,721.0
2024-08-22,SKU0097,1957.0,0.0,25,721.0
2024-09-01,SKU0097,1833.0,0.0,25,721.0
2024-09-08,SKU0097,1753.0,0.0,25,721.0
2024-09-15,SKU0097,1656.0,0.0,25,721.0
2024-09-22,SKU0097,1576.0,0.0,25,721.0
2024-10-01,SKU0097,1483.0,0.0,25,721.0
2024-10-08,SKU0097,1457.0,0.0,25,721.0
2024-10-15,SKU0097,1369.0,0.0,25,721.0
2024-10-22,SKU0097,1234.0,0.0,25,721.0
2024-11-01,SKU0097,1147.0,0.0,25,721.0
2024-11-08,SKU0097,1094.0,0.0,25,721.0
2024-11-15,SKU0097,1029.0,0.0,25,721.0
2024-11-22,SKU0097,946.0,0.0,25,721.0
2024-12-01,SKU0097,813.0,0.0,25,721.0
2024-12-08,SKU0097,725.0,0.0,25,721.0
2024-12-15,SKU0097,656.0,1609.0,25,721.0
2024-12-22,SKU0097,568.0,1609.0,25,721.0
2025-01-01,SKU0097,2093.0,0.0,25,721.0
2025-01-08,SKU0097,2008.0,0.0,25,721.0
2025-01-15,SKU0097,1894.0,0.0,25,721.0
2025-01-22,SKU0097,1820.0,0.0,25,721.0
2025-02-01,SKU0097,1752.0,0.0,25,721.0
2025-02-08,SKU0097,1663.0,0.0,25,721.0
2025-02-15,SKU0097,1578.0,0.0,25,721.0
2025-02-22,SKU0097,1526.0,0.0,25,721.0
2025-03-01,SKU0097,1485.0,0.0,25,721.0
2025-03-08,SKU0097,1394.0,0.0,25,721.0
2025-03-15,SKU0097,1324.0,0.0,25,721.0
2025-03-22,SKU0097,1283.0,0.0,25,721.0
2025-04-01,SKU0097,1216.0,0.0,25,721.0
2025-04-08,SKU0097,1173.0,0.0,25,721.0
2025-04-15,SKU0097,1151.0,0.0,25,721.0
2025-04-22,SKU0097,1119.0,0.0,25,721.0
2025-05-01,SKU0097,1054.0,0.0,25,721.0
2025-05-08,SKU0097,1039.0,0.0,25,721.0
2025-05-15,SKU0097,1009.0,0.0,25,721.0
2025-05-22,SKU0097,962.0,0.0,25,721.0
2025-06-01,SKU0097,937.0,0.0,25,721.0
2025-06-08,SKU0097,930.0,0.0,25,721.0
2025-06-15,SKU0097,918.0,0.0,25,721.0
2025-06-22,SKU0097,887.0,0.0,25,721.0
2025-07-01,SKU0097,857.0,0.0,25,721.0
2025-07-08,SKU0097,835.0,0.0,25,721.0
2025-07-15,SKU0097,811.0,0.0,25,721.0
2025-07-22,SKU0097,787.0,0.0,25,721.0
2025-08-01,SKU0097,769.0,0.0,25,721.0
2025-08-08,SKU0097,756.0,0.0,25,721.0
2025-08-15,SKU0097,726.0,0.0,25,721.0
2025-08-22,SKU0097,709.0,1323.0,25,721.0
2025-09-01,SKU0097,2009.0,0.0,25,721.0
2025-09-08,SKU0097,1978.0,0.0,25,721.0
2025-09-15,SKU0097,1963.0,0.0,25,721.0
2025-09-22,SKU0097,1929.0,0.0,25,721.0
2025-10-01,SKU0097,1889.0,0.0,25,721.0
2025-10-08,SKU0097,1868.0,0.0,25,721.0
2025-10-15,SKU0097,1851.0,0.0,25,721.0
2025-10-22,SKU0097,1836.0,0.0,25,721.0
2025-11-01,SKU0097,1794.0,0.0,25,721.0
2025-11-08,SKU0097,1780.0,0.0,25,721.0
2025-11-15,SKU0097,1767.0,0.0,25,721.0
2025-11-22,SKU0097,1754.0,0.0,25,721.0
2025-12-01,SKU0097,1717.0,0.0,25,721.0
2025-12-08,SKU0097,1666.0,0.0,25,721.0
2025-12-15,SKU0097,1634.0,0.0,25,721.0
2025-12-22,SKU0097,1601.0,0.0,25,721.0
2024-09-01,SKU0098,0.0,2419.0,20,1006.0
2024-09-08,SKU0098,0.0,2419.0,20,1006.0
2024-09-15,SKU0098,2395.0,0.0,20,1006.0
2024-09-22,SKU0098,2193.0,0.0,20,1006.0
2024-10-01,SKU0098,1883.0,0.0,20,1006.0
2024-10-08,SKU0098,1725.0,0.0,20,1006.0
2024-10-15,SKU0098,1539.0,0.0,20,1006.0
2024-10-22,SKU0098,1252.0,0.0,20,1006.0
2024-11-01,SKU0098,944.0,2212.0,20,1006.0
2024-11-08,SKU0098,735.0,2212.0,20,1006.0
2024-11-15,SKU0098,2780.0,0.0,20,1006.0
2024-11-22,SKU0098,2591.0,0.0,20,1006.0
2024-12-01,SKU0098,2216.0,0.0,20,1006.0
2024-12-08,SKU0098,2033.0,0.0,20,1006.0
2024-12-15,SKU0098,1820.0,0.0,20,1006.0
2024-12-22,SKU0098,1591.0,0.0,20,1006.0
2025-01-01,SKU0098,1174.0,0.0,20,1006.0
2025-01-08,SKU0098,765.0,1789.0,20,1006.0
2025-01-15,SKU0098,2307.0,0.0,20,1006.0
2025-01-22,SKU0098,2035.0,0.0,20,1006.0
2025-02-01,SKU0098,1683.0,0.0,20,1006.0
2025-02-08,SKU0098,1357.0,0.0,20,1006.0
2025-02-15,SKU0098,1042.0,0.0,20,1006.0
2025-02-22,SKU0098,2629.0,0.0,20,1006.0
2025-03-01,SKU0098,2318.0,0.0,20,1006.0
2025-03-08,SKU0098,2007.0,0.0,20,1006.0
2025-03-15,SKU0098,1642.0,0.0,20,1006.0
2025-03-22,SKU0098,1324.0,0.0,20,1006.0
2025-04-01,SKU0098,803.0,2160.0,20,1006.0
2025-04-08,SKU0098,2652.0,0.0,20,1006.0
2025-04-15,SKU0098,2356.0,0.0,20,1006.0
2025-04-22,SKU0098,2037.0,0.0,20,1006.0
2025-05-01,SKU0098,1594.0,0.0,20,1006.0
2025-05-08,SKU0098,1318.0,0.0,20,1006.0
2025-05-15,SKU0098,975.0,2101.0,20,1006.0
2025-05-22,SKU0098,664.0,2101.0,20,1006.0
2025-06-01,SKU0098,2348.0,0.0,20,1006.0
2025-06-08,SKU0098,2027.0,0.0,20,1006.0
2025-06-15,SKU0098,1675.0,0.0,20,1006.0
2025-06-22,SKU0098,1186.0,0.0,20,1006.0
2025-07-01,SKU0098,814.0,1945.0,20,1006.0
2025-07-08,SKU0098,555.0,1945.0,20,1006.0
2025-07-15,SKU0098,2249.0,0.0,20,1006.0
2025-07-22,SKU0098,2057.0,0.0,20,1006.0
2025-08-01,SKU0098,1726.0,0.0,20,1006.0
2025-08-08,SKU0098,1520.0,0.0,20,1006.0
2025-08-15,SKU0098,1342.0,0.0,20,1006.0
2025-08-22,SKU0098,1184.0,0.0,20,1006.0
2025-09-01,SKU0098,986.0,1619.0,20,1006.0
2025-09-08,SKU0098,819.0,1619.0,20,1006.0
2025-09-15,SKU0098,2239.0,0.0,20,1006.0
2025-09-22,SKU0098,2079.0,0.0,20,1006.0
2025-10-01,SKU0098,1858.0,0.0,20,1006.0
2025-10-08,SKU0098,1706.0,0.0,20,1006.0
2025-10-15,SKU0098,1565.0,0.0,20,1006.0
2025-10-22,SKU0098,1278.0,0.0,20,1006.0
2025-11-01,SKU0098,1070.0,0.0,20,1006.0
2025-11-08,SKU0098,3272.0,0.0,20,1006.0
2025-11-15,SKU0098,3115.0,0.0,20,1006.0
2025-11-22,SKU0098,2921.0,0.0,20,1006.0
2025-12-01,SKU0098,2568.0,0.0,20,1006.0
2025-12-08,SKU0098,2409.0,0.0,20,1006.0
2025-12-15,SKU0098,2211.0,0.0,20,1006.0
2025-12-22,SKU0098,2013.0,0.0,20,1006.0
2024-11-22,SKU0099,240.0,472.0,8,309.0
2024-12-01,SKU0099,408.0,0.0,8,309.0
2024-12-08,SKU0099,678.0,0.0,8,309.0
2024-12-15,SKU0099,481.0,0.0,8,309.0
2024-12-22,SKU0099,338.0,0.0,8,309.0
2025-01-01,SKU0099,550.0,0.0,8,309.0
2025-01-08,SKU0099,207.0,575.0,8,309.0
2025-01-15,SKU0099,523.0,0.0,8,309.0
2025-01-22,SKU0099,309.0,479.0,8,309.0
2025-02-01,SKU0099,486.0,0.0,8,309.0
2025-02-08,SKU0099,759.0,0.0,8,309.0
2025-02-15,SKU0099,509.0,0.0,8,309.0
2025-02-22,SKU0099,213.0,668.0,8,309.0
2025-03-01,SKU0099,570.0,0.0,8,309.0
2025-03-08,SKU0099,242.0,520.0,8,309.0
2025-03-15,SKU0099,394.0,0.0,8,309.0
2025-03-22,SKU0099,583.0,0.0,8,309.0
2025-04-01,SKU0099,121.0,639.0,8,309.0
2025-04-08,SKU0099,417.0,0.0,8,309.0
2025-04-15,SKU0099,856.0,0.0,8,309.0
2025-04-22,SKU0099,474.0,0.0,8,309.0
2025-05-01,SKU0099,675.0,0.0,8,309.0
2025-05-08,SKU0099,297.0,547.0,8,309.0
2025-05-15,SKU0099,507.0,0.0,8,309.0
2025-05-22,SKU0099,628.0,0.0,8,309.0
2025-06-01,SKU0099,663.0,0.0,8,309.0
2025-06-08,SKU0099,340.0,0.0,8,309.0
2025-06-15,SKU0099,750.0,0.0,8,309.0
2025-06-22,SKU0099,226.0,530.0,8,309.0
2025-07-01,SKU0099,378.0,0.0,8,309.0
2025-07-08,SKU0099,158.0,714.0,8,309.0
2025-07-15,SKU0099,665.0,0.0,8,309.0
2025-07-22,SKU0099,397.0,0.0,8,309.0
2025-08-01,SKU0099,1.0,579.0,8,309.0
2025-08-08,SKU0099,365.0,0.0,8,309.0
2025-08-15,SKU0099,186.0,746.0,8,309.0
2025-08-22,SKU0099,683.0,0.0,8,309.0
2025-09-01,SKU0099,386.0,0.0,8,309.0
2025-09-08,SKU0099,185.0,482.0,8,309.0
2025-09-15,SKU0099,472.0,0.0,8,309.0
2025-09-22,SKU0099,323.0,0.0,8,309.0
2025-10-01,SKU0099,821.0,0.0,8,309.0
2025-10-08,SKU0099,645.0,0.0,8,309.0
2025-10-15,SKU0099,437.0,0.0,8,309.0
2025-10-22,SKU0099,899.0,0.0,8,309.0
2025-11-01,SKU0099,628.0,0.0,8,309.0
2025-11-08,SKU0099,505.0,0.0,8,309.0
2025-11-15,SKU0099,342.0,0.0,8,309.0
2025-11-22,SKU0099,800.0,0.0,8,309.0
2025-12-01,SKU0099,441.0,0.0,8,309.0
2025-12-08,SKU0099,819.0,0.0,8,309.0
2025-12-15,SKU0099,599.0,0.0,8,309.0
2025-12-22,SKU0099,334.0,0.0,8,309.0
2024-08-08,SKU0100,0.0,363.0,14,690.0
2024-08-15,SKU0100,0.0,363.0,14,690.0
2024-08-22,SKU0100,115.0,0.0,14,690.0
2024-09-01,SKU0100,493.0,353.0,14,690.0
2024-09-08,SKU0100,197.0,353.0,14,690.0
2024-09-15,SKU0100,320.0,476.0,14,690.0
2024-09-22,SKU0100,115.0,476.0,14,690.0
2024-10-01,SKU0100,350.0,289.0,14,690.0
2024-10-08,SKU0100,116.0,289.0,14,690.0
2024-10-15,SKU0100,146.0,0.0,14,690.0
2024-10-22,SKU0100,0.0,475.0,14,690.0
2024-11-01,SKU0100,214.0,395.0,14,690.0
2024-11-08,SKU0100,0.0,395.0,14,690.0
2024-11-15,SKU0100,107.0,358.0,14,690.0
2024-11-22,SKU0100,1.0,358.0,14,690.0
2024-12-01,SKU0100,1.0,520.0,14,690.0
2024-12-08,SKU0100,494.0,0.0,14,690.0
2024-12-15,SKU0100,191.0,434.0,14,690.0
2024-12-22,SKU0100,411.0,0.0,14,690.0
2025-01-01,SKU0100,0.0,392.0,14,690.0
2025-01-08,SKU0100,123.0,527.0,14,690.0
2025-01-15,SKU0100,1.0,527.0,14,690.0
2025-01-22,SKU0100,353.0,426.0,14,690.0
2025-02-01,SKU0100,426.0,483.0,14,690.0
2025-02-08,SKU0100,136.0,483.0,14,690.0
2025-02-15,SKU0100,483.0,0.0,14,690.0
2025-02-22,SKU0100,195.0,277.0,14,690.0
2025-03-01,SKU0100,278.0,446.0,14,690.0
2025-03-08,SKU0100,9.0,446.0,14,690.0
2025-03-15,SKU0100,447.0,0.0,14,690.0
2025-03-22,SKU0100,128.0,452.0,14,690.0
2025-04-01,SKU0100,317.0,486.0,14,690.0
2025-04-08,SKU0100,17.0,486.0,14,690.0
2025-04-15,SKU0100,357.0,477.0,14,690.0
2025-04-22,SKU0100,11.0,477.0,14,690.0
2025-05-01,SKU0100,201.0,426.0,14,690.0
2025-05-08,SKU0100,0.0,426.0,14,690.0
2025-05-15,SKU0100,152.0,352.0,14,690.0
2025-05-22,SKU0100,0.0,352.0,14,690.0
2025-06-01,SKU0100,0.0,510.0,14,690.0
2025-06-08,SKU0100,487.0,522.0,14,690.0
2025-06-15,SKU0100,149.0,522.0,14,690.0
2025-06-22,SKU0100,495.0,444.0,14,690.0
2025-07-01,SKU0100,68.0,444.0,14,690.0
2025-07-08,SKU0100,317.0,420.0,14,690.0
2025-07-15,SKU0100,21.0,420.0,14,690.0
2025-07-22,SKU0100,300.0,332.0,14,690.0
2025-08-01,SKU0100,0.0,332.0,14,690.0
2025-08-08,SKU0100,84.0,323.0,14,690.0
2025-08-15,SKU0100,0.0,323.0,14,690.0
2025-08-22,SKU0100,85.0,334.0,14,690.0
2025-09-01,SKU0100,270.0,467.0,14,690.0
2025-09-08,SKU0100,0.0,467.0,14,690.0
2025-09-15,SKU0100,395.0,475.0,14,690.0
2025-09-22,SKU0100,135.0,475.0,14,690.0
2025-10-01,SKU0100,288.0,378.0,14,690.0
2025-10-08,SKU0100,20.0,378.0,14,690.0
2025-10-15,SKU0100,177.0,308.0,14,690.0
2025-10-22,SKU0100,0.0,308.0,14,690.0
2025-11-01,SKU0100,51.0,378.0,14,690.0
2025-11-08,SKU0100,378.0,0.0,14,690.0
2025-11-15,SKU0100,144.0,320.0,14,690.0
2025-11-22,SKU0100,320.0,0.0,14,690.0
2025-12-01,SKU0100,1.0,471.0,14,690.0
2025-12-08,SKU0100,417.0,392.0,14,690.0
2025-12-15,SKU0100,151.0,392.0,14,690.0
2025-12-22,SKU0100,323.0,458.0,14,690.0
2025-03-22,SKU0101,0.0,1115.0,16,263.0
2025-04-01,SKU0101,0.0,1115.0,16,263.0
2025-04-08,SKU0101,1041.0,0.0,16,263.0
2025-04-15,SKU0101,883.0,0.0,16,263.0
2025-04-22,SKU0101,728.0,0.0,16,263.0
2025-05-01,SKU0101,508.0,0.0,16,263.0
2025-05-08,SKU0101,343.0,0.0,16,263.0
2025-05-15,SKU0101,192.0,1295.0,16,263.0
2025-05-22,SKU0101,1335.0,0.0,16,263.0
2025-06-01,SKU0101,1144.0,0.0,16,263.0
2025-06-08,SKU0101,998.0,0.0,16,263.0
2025-06-15,SKU0101,845.0,0.0,16,263.0
2025-06-22,SKU0101,539.0,0.0,16,263.0
2025-07-01,SKU0101,332.0,0.0,16,263.0
2025-07-08,SKU0101,194.0,886.0,16,263.0
2025-07-15,SKU0101,946.0,0.0,16,263.0
2025-07-22,SKU0101,818.0,0.0,16,263.0
2025-08-01,SKU0101,611.0,0.0,16,263.0
2025-08-08,SKU0101,478.0,0.0,16,263.0
2025-08-15,SKU0101,370.0,0.0,16,263.0
2025-08-22,SKU0101,232.0,1017.0,16,263.0
2025-09-01,SKU0101,1090.0,0.0,16,263.0
2025-09-08,SKU0101,979.0,0.0,16,263.0
2025-09-15,SKU0101,876.0,0.0,16,263.0
2025-09-22,SKU0101,776.0,0.0,16,263.0
2025-10-01,SKU0101,635.0,0.0,16,263.0
2025-10-08,SKU0101,534.0,0.0,16,263.0
2025-10-15,SKU0101,394.0,0.0,16,263.0
2025-10-22,SKU0101,238.0,1284.0,16,263.0
2025-11-01,SKU0101,1375.0,0.0,16,263.0
2025-11-08,SKU0101,1277.0,0.0,16,263.0
2025-11-15,SKU0101,1164.0,0.0,16,263.0
2025-11-22,SKU0101,1061.0,0.0,16,263.0
2025-12-01,SKU0101,823.0,0.0,16,263.0
2025-12-08,SKU0101,708.0,0.0,16,263.0
2025-12-15,SKU0101,594.0,0.0,16,263.0
2025-12-22,SKU0101,459.0,0.0,16,263.0
2024-06-08,SKU0102,9.0,1526.0,22,750.0
2024-06-15,SKU0102,1.0,1526.0,22,750.0
2024-06-22,SKU0102,1.0,1526.0,22,750.0
2024-07-01,SKU0102,1418.0,0.0,22,750.0
2024-07-08,SKU0102,1198.0,0.0,22,750.0
2024-07-15,SKU0102,952.0,0.0,22,750.0
2024-07-22,SKU0102,721.0,1872.0,22,750.0
2024-08-01,SKU0102,384.0,1872.0,22,750.0
2024-08-08,SKU0102,184.0,1872.0,22,750.0
2024-08-15,SKU0102,1859.0,0.0,22,750.0
2024-08-22,SKU0102,1664.0,0.0,22,750.0
2024-09-01,SKU0102,1403.0,0.0,22,750.0
2024-09-08,SKU0102,1240.0,0.0,22,750.0
2024-09-15,SKU0102,1047.0,0.0,22,750.0
2024-09-22,SKU0102,870.0,0.0,22,750.0
2024-10-01,SKU0102,626.0,1409.0,22,750.0
2024-10-08,SKU0102,446.0,1409.0,22,750.0
2024-10-15,SKU0102,235.0,1409.0,22,750.0
2024-10-22,SKU0102,1376.0,0.0,22,750.0
2024-11-01,SKU0102,1102.0,0.0,22,750.0
2024-11-08,SKU0102,894.0,0.0,22,750.0
2024-11-15,SKU0102,691.0,1237.0,22,750.0
2024-11-22,SKU0102,482.0,1237.0,22,750.0
2024-12-01,SKU0102,1322.0,0.0,22,750.0
2024-12-08,SKU0102,1112.0,0.0,22,750.0
2024-12-15,SKU0102,890.0,0.0,22,750.0
2024-12-22,SKU0102,2294.0,0.0,22,750.0
2025-01-01,SKU0102,1985.0,0.0,22,750.0
2025-01-08,SKU0102,1543.0,0.0,22,750.0
2025-01-15,SKU0102,1314.0,0.0,22,750.0
2025-01-22,SKU0102,1083.0,0.0,22,750.0
2025-02-01,SKU0102,764.0,0.0,22,750.0
2025-02-08,SKU0102,1885.0,0.0,22,750.0
2025-02-15,SKU0102,1637.0,0.0,22,750.0
2025-02-22,SKU0102,1367.0,0.0,22,750.0
2025-03-01,SKU0102,1103.0,0.0,22,750.0
2025-03-08,SKU0102,794.0,0.0,22,750.0
2025-03-15,SKU0102,530.0,1627.0,22,750.0
2025-03-22,SKU0102,1864.0,0.0,22,750.0
2025-04-01,SKU0102,1442.0,0.0,22,750.0
2025-04-08,SKU0102,1167.0,0.0,22,750.0
2025-04-15,SKU0102,895.0,0.0,22,750.0
2025-04-22,SKU0102,623.0,1801.0,22,750.0
2025-05-01,SKU0102,219.0,1801.0,22,750.0
2025-05-08,SKU0102,1749.0,0.0,22,750.0
2025-05-15,SKU0102,1446.0,0.0,22,750.0
2025-05-22,SKU0102,1181.0,0.0,22,750.0
2025-06-01,SKU0102,789.0,0.0,22,750.0
2025-06-08,SKU0102,515.0,1205.0,22,750.0
2025-06-15,SKU0102,1427.0,0.0,22,750.0
2025-06-22,SKU0102,1000.0,0.0,22,750.0
2025-07-01,SKU0102,667.0,1285.0,22,750.0
2025-07-08,SKU0102,1718.0,0.0,22,750.0
2025-07-15,SKU0102,1479.0,0.0,22,750.0
2025-07-22,SKU0102,1287.0,0.0,22,750.0
2025-08-01,SKU0102,958.0,0.0,22,750.0
2025-08-08,SKU0102,731.0,1252.0,22,750.0
2025-08-15,SKU0102,527.0,1252.0,22,750.0
2025-08-22,SKU0102,1595.0,0.0,22,750.0
2025-09-01,SKU0102,1310.0,0.0,22,750.0
2025-09-08,SKU0102,1138.0,0.0,22,750.0
2025-09-15,SKU0102,935.0,0.0,22,750.0
2025-09-22,SKU0102,759.0,0.0,22,750.0
2025-10-01,SKU0102,522.0,1677.0,22,750.0
2025-10-08,SKU0102,2010.0,0.0,22,750.0
2025-10-15,SKU0102,1778.0,0.0,22,750.0
2025-10-22,SKU0102,1525.0,0.0,22,750.0
2025-11-01,SKU0102,1247.0,0.0,22,750.0
2025-11-08,SKU0102,1045.0,0.0,22,750.0
2025-11-15,SKU0102,858.0,0.0,22,750.0
2025-11-22,SKU0102,645.0,1278.0,22,750.0
2025-12-01,SKU0102,270.0,1278.0,22,750.0
2025-12-08,SKU0102,1341.0,0.0,22,750.0
2025-12-15,SKU0102,1145.0,0.0,22,750.0
2025-12-22,SKU0102,928.0,0.0,22,750.0
2025-03-01,SKU0103,103.0,2177.0,27,1177.0
2025-03-08,SKU0103,0.0,2177.0,27,1177.0
2025-03-15,SKU0103,0.0,2177.0,27,1177.0
2025-03-22,SKU0103,0.0,2177.0,27,1177.0
2025-04-01,SKU0103,1769.0,0.0,27,1177.0
2025-04-08,SKU0103,1411.0,0.0,27,1177.0
2025-04-15,SKU0103,1067.0,2455.0,27,1177.0
2025-04-22,SKU0103,3191.0,0.0,27,1177.0
2025-05-01,SKU0103,2762.0,0.0,27,1177.0
2025-05-08,SKU0103,2445.0,0.0,27,1177.0
2025-05-15,SKU0103,2111.0,0.0,27,1177.0
2025-05-22,SKU0103,1794.0,0.0,27,1177.0
2025-06-01,SKU0103,1364.0,0.0,27,1177.0
2025-06-08,SKU0103,1113.0,2343.0,27,1177.0
2025-06-15,SKU0103,3138.0,0.0,27,1177.0
2025-06-22,SKU0103,2695.0,0.0,27,1177.0
2025-07-01,SKU0103,2339.0,0.0,27,1177.0
2025-07-08,SKU0103,2065.0,0.0,27,1177.0
2025-07-15,SKU0103,1827.0,0.0,27,1177.0
2025-07-22,SKU0103,1596.0,0.0,27,1177.0
2025-08-01,SKU0103,1246.0,0.0,27,1177.0
2025-08-08,SKU0103,3595.0,0.0,27,1177.0
2025-08-15,SKU0103,3395.0,0.0,27,1177.0
2025-08-22,SKU0103,3152.0,0.0,27,1177.0
2025-09-01,SKU0103,2909.0,0.0,27,1177.0
2025-09-08,SKU0103,2764.0,0.0,27,1177.0
2025-09-15,SKU0103,2623.0,0.0,27,1177.0
2025-09-22,SKU0103,2382.0,0.0,27,1177.0
2025-10-01,SKU0103,2154.0,0.0,27,1177.0
2025-10-08,SKU0103,2021.0,0.0,27,1177.0
2025-10-15,SKU0103,1887.0,0.0,27,1177.0
2025-10-22,SKU0103,1579.0,0.0,27,1177.0
2025-11-01,SKU0103,1369.0,0.0,27,1177.0
2025-11-08,SKU0103,1193.0,0.0,27,1177.0
2025-11-15,SKU0103,1040.0,2846.0,27,1177.0
2025-11-22,SKU0103,3711.0,0.0,27,1177.0
2025-12-01,SKU0103,3306.0,0.0,27,1177.0
2025-12-08,SKU0103,3103.0,0.0,27,1177.0
2025-12-15,SKU0103,2924.0,0.0,27,1177.0
2025-12-22,SKU0103,2812.0,0.0,27,1177.0
2024-06-08,SKU0104,80.0,3609.0,29,1175.0
2024-06-15,SKU0104,0.0,3609.0,29,1175.0
2024-06-22,SKU0104,0.0,3609.0,29,1175.0
2024-07-01,SKU0104,0.0,3609.0,29,1175.0
2024-07-08,SKU0104,3489.0,0.0,29,1175.0
2024-07-15,SKU0104,3212.0,0.0,29,1175.0
2024-07-22,SKU0104,2933.0,0.0,29,1175.0
2024-08-01,SKU0104,2528.0,0.0,29,1175.0
2024-08-08,SKU0104,2302.0,0.0,29,1175.0
2024-08-15,SKU0104,2104.0,0.0,29,1175.0
2024-08-22,SKU0104,1853.0,0.0,29,1175.0
2024-09-01,SKU0104,1550.0,0.0,29,1175.0
2024-09-08,SKU0104,1377.0,0.0,29,1175.0
2024-09-15,SKU0104,1165.0,5676.0,29,1175.0
2024-09-22,SKU0104,934.0,5676.0,29,1175.0
2024-10-01,SKU0104,6327.0,0.0,29,1175.0
2024-10-08,SKU0104,6087.0,0.0,29,1175.0
2024-10-15,SKU0104,5828.0,0.0,29,1175.0
2024-10-22,SKU0104,5492.0,0.0,29,1175.0
2024-11-01,SKU0104,5214.0,0.0,29,1175.0
2024-11-08,SKU0104,5032.0,0.0,29,1175.0
2024-11-15,SKU0104,4766.0,0.0,29,1175.0
2024-11-22,SKU0104,4546.0,0.0,29,1175.0
2024-12-01,SKU0104,4047.0,0.0,29,1175.0
2024-12-08,SKU0104,3800.0,0.0,29,1175.0
2024-12-15,SKU0104,3551.0,0.0,29,1175.0
2024-12-22,SKU0104,3285.0,0.0,29,1175.0
2025-01-01,SKU0104,2818.0,0.0,29,1175.0
2025-01-08,SKU0104,2311.0,0.0,29,1175.0
2025-01-15,SKU0104,1991.0,0.0,29,1175.0
2025-01-22,SKU0104,1727.0,0.0,29,1175.0
2025-02-01,SKU0104,1311.0,0.0,29,1175.0
2025-02-08,SKU0104,931.0,4441.0,29,1175.0
2025-02-15,SKU0104,574.0,4441.0,29,1175.0
2025-02-22,SKU0104,4686.0,0.0,29,1175.0
2025-03-01,SKU0104,4333.0,0.0,29,1175.0
2025-03-08,SKU0104,3968.0,0.0,29,1175.0
2025-03-15,SKU0104,3602.0,0.0,29,1175.0
2025-03-22,SKU0104,3220.0,0.0,29,1175.0
2025-04-01,SKU0104,2698.0,0.0,29,1175.0
2025-04-08,SKU0104,2267.0,0.0,29,1175.0
2025-04-15,SKU0104,1854.0,0.0,29,1175.0
2025-04-22,SKU0104,1439.0,0.0,29,1175.0
2025-05-01,SKU0104,968.0,4641.0,29,1175.0
2025-05-08,SKU0104,547.0,4641.0,29,1175.0
2025-05-15,SKU0104,170.0,4641.0,29,1175.0
2025-05-22,SKU0104,4431.0,0.0,29,1175.0
2025-06-01,SKU0104,3921.0,0.0,29,1175.0
2025-06-08,SKU0104,3563.0,0.0,29,1175.0
2025-06-15,SKU0104,3136.0,0.0,29,1175.0
2025-06-22,SKU0104,2500.0,0.0,29,1175.0
2025-07-01,SKU0104,2031.0,0.0,29,1175.0
2025-07-08,SKU0104,1663.0,0.0,29,1175.0
2025-07-15,SKU0104,1301.0,0.0,29,1175.0
2025-07-22,SKU0104,904.0,5703.0,29,1175.0
2025-08-01,SKU0104,457.0,5703.0,29,1175.0
2025-08-08,SKU0104,144.0,5703.0,29,1175.0
2025-08-15,SKU0104,5674.0,0.0,29,1175.0
2025-08-22,SKU0104,5430.0,0.0,29,1175.0
2025-09-01,SKU0104,4988.0,0.0,29,1175.0
2025-09-08,SKU0104,4718.0,0.0,29,1175.0
2025-09-15,SKU0104,4476.0,0.0,29,1175.0
2025-09-22,SKU0104,4173.0,0.0,29,1175.0
2025-10-01,SKU0104,3801.0,0.0,29,1175.0
2025-10-08,SKU0104,3514.0,0.0,29,1175.0
2025-10-15,SKU0104,3243.0,0.0,29,1175.0
2025-10-22,SKU0104,2823.0,0.0,29,1175.0
2025-11-01,SKU0104,2421.0,0.0,29,1175.0
2025-11-08,SKU0104,2190.0,0.0,29,1175.0
2025-11-15,SKU0104,1928.0,0.0,29,1175.0
2025-11-22,SKU0104,1665.0,0.0,29,1175.0
2025-12-01,SKU0104,1042.0,3764.0,29,1175.0
2025-12-08,SKU0104,4489.0,0.0,29,1175.0
2025-12-15,SKU0104,4217.0,0.0,29,1175.0
2025-12-22,SKU0104,3911.0,0.0,29,1175.0
2024-07-08,SKU0105,335.0,890.0,28,436.0
2024-07-15,SKU0105,243.0,890.0,28,436.0
2024-07-22,SKU0105,158.0,890.0,28,436.0
2024-08-01,SKU0105,1.0,890.0,28,436.0
2024-08-08,SKU0105,838.0,0.0,28,436.0
2024-08-15,SKU0105,771.0,0.0,28,436.0
2024-08-22,SKU0105,707.0,0.0,28,436.0
2024-09-01,SKU0105,614.0,0.0,28,436.0
2024-09-08,SKU0105,569.0,0.0,28,436.0
2024-09-15,SKU0105,495.0,0.0,28,436.0
2024-09-22,SKU0105,441.0,0.0,28,436.0
2024-10-01,SKU0105,1425.0,0.0,28,436.0
2024-10-08,SKU0105,1379.0,0.0,28,436.0
2024-10-15,SKU0105,1314.0,0.0,28,436.0
2024-10-22,SKU0105,1235.0,0.0,28,436.0
2024-11-01,SKU0105,1165.0,0.0,28,436.0
2024-11-08,SKU0105,1109.0,0.0,28,436.0
2024-11-15,SKU0105,1050.0,0.0,28,436.0
2024-11-22,SKU0105,1001.0,0.0,28,436.0
2024-12-01,SKU0105,889.0,0.0,28,436.0
2024-12-08,SKU0105,821.0,0.0,28,436.0
2024-12-15,SKU0105,756.0,0.0,28,436.0
2024-12-22,SKU0105,683.0,0.0,28,436.0
2025-01-01,SKU0105,543.0,0.0,28,436.0
2025-01-08,SKU0105,392.0,713.0,28,436.0
2025-01-15,SKU0105,296.0,713.0,28,436.0
2025-01-22,SKU0105,916.0,0.0,28,436.0
2025-02-01,SKU0105,779.0,0.0,28,436.0
2025-02-08,SKU0105,662.0,0.0,28,436.0
2025-02-15,SKU0105,543.0,0.0,28,436.0
2025-02-22,SKU0105,429.0,883.0,28,436.0
2025-03-01,SKU0105,327.0,883.0,28,436.0
2025-03-08,SKU0105,198.0,883.0,28,436.0
2025-03-15,SKU0105,936.0,0.0,28,436.0
2025-03-22,SKU0105,806.0,0.0,28,436.0
2025-04-01,SKU0105,619.0,0.0,28,436.0
2025-04-08,SKU0105,477.0,0.0,28,436.0
2025-04-15,SKU0105,1074.0,0.0,28,436.0
2025-04-22,SKU0105,956.0,0.0,28,436.0
2025-05-01,SKU0105,773.0,0.0,28,436.0
2025-05-08,SKU0105,646.0,0.0,28,436.0
2025-05-15,SKU0105,511.0,0.0,28,436.0
2025-05-22,SKU0105,370.0,836.0,28,436.0
2025-06-01,SKU0105,207.0,836.0,28,436.0
2025-06-08,SKU0105,931.0,0.0,28,436.0
2025-06-15,SKU0105,804.0,0.0,28,436.0
2025-06-22,SKU0105,594.0,0.0,28,436.0
2025-07-01,SKU0105,452.0,0.0,28,436.0
2025-07-08,SKU0105,1412.0,0.0,28,436.0
2025-07-15,SKU0105,1332.0,0.0,28,436.0
2025-07-22,SKU0105,1230.0,0.0,28,436.0
2025-08-01,SKU0105,1096.0,0.0,28,436.0
2025-08-08,SKU0105,1008.0,0.0,28,436.0
2025-08-15,SKU0105,939.0,0.0,28,436.0
2025-08-22,SKU0105,867.0,0.0,28,436.0
2025-09-01,SKU0105,778.0,0.0,28,436.0
2025-09-08,SKU0105,717.0,0.0,28,436.0
2025-09-15,SKU0105,678.0,0.0,28,436.0
2025-09-22,SKU0105,633.0,0.0,28,436.0
2025-10-01,SKU0105,556.0,0.0,28,436.0
2025-10-08,SKU0105,510.0,0.0,28,436.0
2025-10-15,SKU0105,462.0,0.0,28,436.0
2025-10-22,SKU0105,376.0,771.0,28,436.0
2025-11-01,SKU0105,1073.0,0.0,28,436.0
2025-11-08,SKU0105,1027.0,0.0,28,436.0
2025-11-15,SKU0105,952.0,0.0,28,436.0
2025-11-22,SKU0105,890.0,0.0,28,436.0
2025-12-01,SKU0105,776.0,0.0,28,436.0
2025-12-08,SKU0105,710.0,0.0,28,436.0
2025-12-15,SKU0105,638.0,0.0,28,436.0
2025-12-22,SKU0105,568.0,0.0,28,436.0
2025-05-01,SKU0106,0.0,584.0,25,259.0
2025-05-08,SKU0106,0.0,584.0,25,259.0
2025-05-15,SKU0106,0.0,584.0,25,259.0
2025-05-22,SKU0106,541.0,0.0,25,259.0
2025-06-01,SKU0106,435.0,0.0,25,259.0
2025-06-08,SKU0106,350.0,0.0,25,259.0
2025-06-15,SKU0106,263.0,0.0,25,259.0
2025-06-22,SKU0106,121.0,541.0,25,259.0
2025-07-01,SKU0106,16.0,541.0,25,259.0
2025-07-08,SKU0106,541.0,0.0,25,259.0
2025-07-15,SKU0106,471.0,0.0,25,259.0
2025-07-22,SKU0106,393.0,0.0,25,259.0
2025-08-01,SKU0106,287.0,0.0,25,259.0
2025-08-08,SKU0106,223.0,401.0,25,259.0
2025-08-15,SKU0106,153.0,401.0,25,259.0
2025-08-22,SKU0106,77.0,401.0,25,259.0
2025-09-01,SKU0106,407.0,0.0,25,259.0
2025-09-08,SKU0106,329.0,0.0,25,259.0
2025-09-15,SKU0106,264.0,0.0,25,259.0
2025-09-22,SKU0106,611.0,0.0,25,259.0
2025-10-01,SKU0106,518.0,0.0,25,259.0
2025-10-08,SKU0106,447.0,0.0,25,259.0
2025-10-15,SKU0106,384.0,0.0,25,259.0
2025-10-22,SKU0106,282.0,0.0,25,259.0
2025-11-01,SKU0106,195.0,403.0,25,259.0
2025-11-08,SKU0106,127.0,403.0,25,259.0
2025-11-15,SKU0106,457.0,0.0,25,259.0
2025-11-22,SKU0106,385.0,0.0,25,259.0
2025-12-01,SKU0106,240.0,438.0,25,259.0
2025-12-08,SKU0106,606.0,0.0,25,259.0
2025-12-15,SKU0106,532.0,0.0,25,259.0
2025-12-22,SKU0106,460.0,0.0,25,259.0
2024-12-22,SKU0107,326.0,0.0,14,149.0
2025-01-01,SKU0107,230.0,0.0,14,149.0
2025-01-08,SKU0107,117.0,292.0,14,149.0
2025-01-15,SKU0107,339.0,0.0,14,149.0
2025-01-22,SKU0107,273.0,0.0,14,149.0
2025-02-01,SKU0107,178.0,0.0,14,149.0
2025-02-08,SKU0107,97.0,266.0,14,149.0
2025-02-15,SKU0107,292.0,0.0,14,149.0
2025-02-22,SKU0107,224.0,0.0,14,149.0
2025-03-01,SKU0107,152.0,0.0,14,149.0
2025-03-08,SKU0107,73.0,234.0,14,149.0
2025-03-15,SKU0107,230.0,0.0,14,149.0
2025-03-22,SKU0107,155.0,0.0,14,149.0
2025-04-01,SKU0107,288.0,0.0,14,149.0
2025-04-08,SKU0107,204.0,0.0,14,149.0
2025-04-15,SKU0107,118.0,320.0,14,149.0
2025-04-22,SKU0107,28.0,320.0,14,149.0
2025-05-01,SKU0107,228.0,0.0,14,149.0
2025-05-08,SKU0107,143.0,331.0,14,149.0
2025-05-15,SKU0107,44.0,331.0,14,149.0
2025-05-22,SKU0107,319.0,0.0,14,149.0
2025-06-01,SKU0107,214.0,0.0,14,149.0
2025-06-08,SKU0107,142.0,235.0,14,149.0
2025-06-15,SKU0107,69.0,235.0,14,149.0
2025-06-22,SKU0107,168.0,0.0,14,149.0
2025-07-01,SKU0107,68.0,272.0,14,149.0
2025-07-08,SKU0107,273.0,0.0,14,149.0
2025-07-15,SKU0107,207.0,0.0,14,149.0
2025-07-22,SKU0107,135.0,339.0,14,149.0
2025-08-01,SKU0107,373.0,0.0,14,149.0
2025-08-08,SKU0107,318.0,0.0,14,149.0
2025-08-15,SKU0107,267.0,0.0,14,149.0
2025-08-22,SKU0107,211.0,0.0,14,149.0
2025-09-01,SKU0107,134.0,289.0,14,149.0
2025-09-08,SKU0107,93.0,289.0,14,149.0
2025-09-15,SKU0107,332.0,0.0,14,149.0
2025-09-22,SKU0107,286.0,0.0,14,149.0
2025-10-01,SKU0107,209.0,0.0,14,149.0
2025-10-08,SKU0107,174.0,0.0,14,149.0
2025-10-15,SKU0107,133.0,225.0,14,149.0
2025-10-22,SKU0107,290.0,0.0,14,149.0
2025-11-01,SKU0107,234.0,0.0,14,149.0
2025-11-08,SKU0107,188.0,0.0,14,149.0
2025-11-15,SKU0107,143.0,276.0,14,149.0
2025-11-22,SKU0107,372.0,0.0,14,149.0
2025-12-01,SKU0107,283.0,0.0,14,149.0
2025-12-08,SKU0107,231.0,0.0,14,149.0
2025-12-15,SKU0107,174.0,0.0,14,149.0
2025-12-22,SKU0107,111.0,330.0,14,149.0
2024-09-22,SKU0108,197.0,0.0,19,167.0
2024-10-01,SKU0108,156.0,254.0,19,167.0
2024-10-08,SKU0108,378.0,0.0,19,167.0
2024-10-15,SKU0108,338.0,0.0,19,167.0
2024-10-22,SKU0108,277.0,0.0,19,167.0
2024-11-01,SKU0108,219.0,0.0,19,167.0
2024-11-08,SKU0108,176.0,0.0,19,167.0
2024-11-15,SKU0108,410.0,0.0,19,167.0
2024-11-22,SKU0108,369.0,0.0,19,167.0
2024-12-01,SKU0108,287.0,0.0,19,167.0
2024-12-08,SKU0108,227.0,0.0,19,167.0
2024-12-15,SKU0108,169.0,0.0,19,167.0
2024-12-22,SKU0108,113.0,364.0,19,167.0
2025-01-01,SKU0108,378.0,0.0,19,167.0
2025-01-08,SKU0108,251.0,0.0,19,167.0
2025-01-15,SKU0108,175.0,0.0,19,167.0
2025-01-22,SKU0108,107.0,355.0,19,167.0
2025-02-01,SKU0108,359.0,0.0,19,167.0
2025-02-08,SKU0108,272.0,0.0,19,167.0
2025-02-15,SKU0108,182.0,0.0,19,167.0
2025-02-22,SKU0108,378.0,0.0,19,167.0
2025-03-01,SKU0108,298.0,0.0,19,167.0
2025-03-08,SKU0108,193.0,0.0,19,167.0
2025-03-15,SKU0108,90.0,312.0,19,167.0
2025-03-22,SKU0108,0.0,312.0,19,167.0
2025-04-01,SKU0108,252.0,0.0,19,167.0
2025-04-08,SKU0108,136.0,309.0,19,167.0
2025-04-15,SKU0108,19.0,309.0,19,167.0
2025-04-22,SKU0108,214.0,0.0,19,167.0
2025-05-01,SKU0108,68.0,337.0,19,167.0
2025-05-08,SKU0108,295.0,0.0,19,167.0
2025-05-15,SKU0108,192.0,0.0,19,167.0
2025-05-22,SKU0108,84.0,387.0,19,167.0
2025-06-01,SKU0108,331.0,0.0,19,167.0
2025-06-08,SKU0108,235.0,0.0,19,167.0
2025-06-15,SKU0108,128.0,394.0,19,167.0
2025-06-22,SKU0108,0.0,394.0,19,167.0
2025-07-01,SKU0108,394.0,0.0,19,167.0
2025-07-08,SKU0108,315.0,0.0,19,167.0
2025-07-15,SKU0108,233.0,0.0,19,167.0
2025-07-22,SKU0108,156.0,367.0,19,167.0
2025-08-01,SKU0108,40.0,367.0,19,167.0
2025-08-08,SKU0108,368.0,0.0,19,167.0
2025-08-15,SKU0108,309.0,0.0,19,167.0
2025-08-22,SKU0108,250.0,0.0,19,167.0
2025-09-01,SKU0108,172.0,0.0,19,167.0
2025-09-08,SKU0108,120.0,256.0,19,167.0
2025-09-15,SKU0108,331.0,0.0,19,167.0
2025-09-22,SKU0108,280.0,0.0,19,167.0
2025-10-01,SKU0108,216.0,0.0,19,167.0
2025-10-08,SKU0108,177.0,0.0,19,167.0
2025-10-15,SKU0108,130.0,306.0,19,167.0
2025-10-22,SKU0108,64.0,306.0,19,167.0
2025-11-01,SKU0108,314.0,0.0,19,167.0
2025-11-08,SKU0108,269.0,0.0,19,167.0
2025-11-15,SKU0108,218.0,0.0,19,167.0
2025-11-22,SKU0108,174.0,0.0,19,167.0
2025-12-01,SKU0108,439.0,0.0,19,167.0
2025-12-08,SKU0108,376.0,0.0,19,167.0
2025-12-15,SKU0108,302.0,0.0,19,167.0
2025-12-22,SKU0108,235.0,0.0,19,167.0
2024-10-08,SKU0109,261.0,0.0,16,234.0
2024-10-15,SKU0109,181.0,402.0,16,234.0
2024-10-22,SKU0109,493.0,0.0,16,234.0
2024-11-01,SKU0109,407.0,0.0,16,234.0
2024-11-08,SKU0109,331.0,0.0,16,234.0
2024-11-15,SKU0109,253.0,0.0,16,234.0
2024-11-22,SKU0109,688.0,0.0,16,234.0
2024-12-01,SKU0109,557.0,0.0,16,234.0
2024-12-08,SKU0109,485.0,0.0,16,234.0
2024-12-15,SKU0109,398.0,0.0,16,234.0
2024-12-22,SKU0109,321.0,0.0,16,234.0
2025-01-01,SKU0109,215.0,433.0,16,234.0
2025-01-08,SKU0109,513.0,0.0,16,234.0
2025-01-15,SKU0109,429.0,0.0,16,234.0
2025-01-22,SKU0109,351.0,0.0,16,234.0
2025-02-01,SKU0109,243.0,0.0,16,234.0
2025-02-08,SKU0109,167.0,546.0,16,234.0
2025-02-15,SKU0109,607.0,0.0,16,234.0
2025-02-22,SKU0109,529.0,0.0,16,234.0
2025-03-01,SKU0109,454.0,0.0,16,234.0
2025-03-08,SKU0109,359.0,0.0,16,234.0
2025-03-15,SKU0109,238.0,0.0,16,234.0
2025-03-22,SKU0109,145.0,473.0,16,234.0
2025-04-01,SKU0109,478.0,0.0,16,234.0
2025-04-08,SKU0109,376.0,0.0,16,234.0
2025-04-15,SKU0109,270.0,0.0,16,234.0
2025-04-22,SKU0109,179.0,525.0,16,234.0
2025-05-01,SKU0109,566.0,0.0,16,234.0
2025-05-08,SKU0109,480.0,0.0,16,234.0
2025-05-15,SKU0109,394.0,0.0,16,234.0
2025-05-22,SKU0109,308.0,0.0,16,234.0
2025-06-01,SKU0109,592.0,0.0,16,234.0
2025-06-08,SKU0109,516.0,0.0,16,234.0
2025-06-15,SKU0109,415.0,0.0,16,234.0
2025-06-22,SKU0109,276.0,0.0,16,234.0
2025-07-01,SKU0109,158.0,498.0,16,234.0
2025-07-08,SKU0109,584.0,0.0,16,234.0
2025-07-15,SKU0109,500.0,0.0,16,234.0
2025-07-22,SKU0109,415.0,0.0,16,234.0
2025-08-01,SKU0109,305.0,0.0,16,234.0
2025-08-08,SKU0109,233.0,543.0,16,234.0
2025-08-15,SKU0109,166.0,543.0,16,234.0
2025-08-22,SKU0109,631.0,0.0,16,234.0
2025-09-01,SKU0109,540.0,0.0,16,234.0
2025-09-08,SKU0109,480.0,0.0,16,234.0
2025-09-15,SKU0109,415.0,0.0,16,234.0
2025-09-22,SKU0109,350.0,0.0,16,234.0
2025-10-01,SKU0109,250.0,0.0,16,234.0
2025-10-08,SKU0109,614.0,0.0,16,234.0
2025-10-15,SKU0109,541.0,0.0,16,234.0
2025-10-22,SKU0109,437.0,0.0,16,234.0
2025-11-01,SKU0109,335.0,0.0,16,234.0
2025-11-08,SKU0109,262.0,0.0,16,234.0
2025-11-15,SKU0109,191.0,358.0,16,234.0
2025-11-22,SKU0109,123.0,358.0,16,234.0
2025-12-01,SKU0109,321.0,0.0,16,234.0
2025-12-08,SKU0109,254.0,0.0,16,234.0
2025-12-15,SKU0109,185.0,379.0,16,234.0
2025-12-22,SKU0109,107.0,379.0,16,234.0
2024-07-15,SKU0110,123.0,294.0,8,133.0
2024-07-22,SKU0110,0.0,294.0,8,133.0
2024-08-01,SKU0110,112.0,267.0,8,133.0
2024-08-08,SKU0110,268.0,0.0,8,133.0
2024-08-15,SKU0110,173.0,0.0,8,133.0
2024-08-22,SKU0110,69.0,241.0,8,133.0
2024-09-01,SKU0110,169.0,0.0,8,133.0
2024-09-08,SKU0110,78.0,302.0,8,133.0
2024-09-15,SKU0110,296.0,0.0,8,133.0
2024-09-22,SKU0110,212.0,0.0,8,133.0
2024-10-01,SKU0110,104.0,321.0,8,133.0
2024-10-08,SKU0110,337.0,0.0,8,133.0
2024-10-15,SKU0110,259.0,0.0,8,133.0
2024-10-22,SKU0110,126.0,322.0,8,133.0
2024-11-01,SKU0110,337.0,0.0,8,133.0
2024-11-08,SKU0110,246.0,0.0,8,133.0
2024-11-15,SKU0110,176.0,0.0,8,133.0
2024-11-22,SKU0110,101.0,310.0,8,133.0
2024-12-01,SKU0110,246.0,0.0,8,133.0
2024-12-08,SKU0110,147.0,0.0,8,133.0
2024-12-15,SKU0110,300.0,0.0,8,133.0
2024-12-22,SKU0110,204.0,0.0,8,133.0
2025-01-01,SKU0110,337.0,0.0,8,133.0
2025-01-08,SKU0110,128.0,262.0,8,133.0
2025-01-15,SKU0110,282.0,0.0,8,133.0
2025-01-22,SKU0110,159.0,0.0,8,133.0
2025-02-01,SKU0110,246.0,0.0,8,133.0
2025-02-08,SKU0110,331.0,0.0,8,133.0
2025-02-15,SKU0110,182.0,0.0,8,133.0
2025-02-22,SKU0110,57.0,283.0,8,133.0
2025-03-01,SKU0110,217.0,0.0,8,133.0
2025-03-08,SKU0110,72.0,281.0,8,133.0
2025-03-15,SKU0110,216.0,0.0,8,133.0
2025-03-22,SKU0110,378.0,0.0,8,133.0
2025-04-01,SKU0110,127.0,261.0,8,133.0
2025-04-08,SKU0110,247.0,0.0,8,133.0
2025-04-15,SKU0110,75.0,271.0,8,133.0
2025-04-22,SKU0110,249.0,0.0,8,133.0
2025-05-01,SKU0110,338.0,0.0,8,133.0
2025-05-08,SKU0110,180.0,0.0,8,133.0
2025-05-15,SKU0110,308.0,0.0,8,133.0
2025-05-22,SKU0110,177.0,0.0,8,133.0
2025-06-01,SKU0110,274.0,0.0,8,133.0
2025-06-08,SKU0110,154.0,0.0,8,133.0
2025-06-15,SKU0110,13.0,326.0,8,133.0
2025-06-22,SKU0110,135.0,0.0,8,133.0
2025-07-01,SKU0110,270.0,0.0,8,133.0
2025-07-08,SKU0110,172.0,0.0,8,133.0
2025-07-15,SKU0110,70.0,285.0,8,133.0
2025-07-22,SKU0110,250.0,0.0,8,133.0
2025-08-01,SKU0110,123.0,270.0,8,133.0
2025-08-08,SKU0110,298.0,0.0,8,133.0
2025-08-15,SKU0110,218.0,0.0,8,133.0
2025-08-22,SKU0110,136.0,0.0,8,133.0
2025-09-01,SKU0110,345.0,0.0,8,133.0
2025-09-08,SKU0110,280.0,0.0,8,133.0
2025-09-15,SKU0110,196.0,0.0,8,133.0
2025-09-22,SKU0110,149.0,0.0,8,133.0
2025-10-01,SKU0110,278.0,0.0,8,133.0
2025-10-08,SKU0110,221.0,0.0,8,133.0
2025-10-15,SKU0110,149.0,0.0,8,133.0
2025-10-22,SKU0110,331.0,0.0,8,133.0
2025-11-01,SKU0110,241.0,0.0,8,133.0
2025-11-08,SKU0110,166.0,0.0,8,133.0
2025-11-15,SKU0110,362.0,0.0,8,133.0
2025-11-22,SKU0110,293.0,0.0,8,133.0
2025-12-01,SKU0110,134.0,0.0,8,133.0
2025-12-08,SKU0110,58.0,328.0,8,133.0
2025-12-15,SKU0110,310.0,0.0,8,133.0
2025-12-22,SKU0110,236.0,0.0,8,133.0
2024-03-22,SKU0111,160.0,0.0,7,77.0
2024-04-01,SKU0111,198.0,0.0,7,77.0
2024-04-08,SKU0111,77.0,0.0,7,77.0
2024-04-15,SKU0111,102.0,0.0,7,77.0
2024-04-22,SKU0111,162.0,0.0,7,77.0
2024-05-01,SKU0111,8.0,132.0,7,77.0
2024-05-08,SKU0111,75.0,127.0,7,77.0
2024-05-15,SKU0111,76.0,173.0,7,77.0
2024-05-22,SKU0111,152.0,0.0,7,77.0
2024-06-01,SKU0111,126.0,0.0,7,77.0
2024-06-08,SKU0111,192.0,0.0,7,77.0
2024-06-15,SKU0111,91.0,0.0,7,77.0
2024-06-22,SKU0111,124.0,0.0,7,77.0
2024-07-01,SKU0111,165.0,0.0,7,77.0
2024-07-08,SKU0111,83.0,0.0,7,77.0
2024-07-15,SKU0111,148.0,0.0,7,77.0
2024-07-22,SKU0111,69.0,153.0,7,77.0
2024-08-01,SKU0111,80.0,0.0,7,77.0
2024-08-08,SKU0111,147.0,0.0,7,77.0
2024-08-15,SKU0111,74.0,121.0,7,77.0
2024-08-22,SKU0111,114.0,0.0,7,77.0
2024-09-01,SKU0111,194.0,0.0,7,77.0
2024-09-08,SKU0111,111.0,0.0,7,77.0
2024-09-15,SKU0111,192.0,0.0,7,77.0
2024-09-22,SKU0111,133.0,0.0,7,77.0
2024-10-01,SKU0111,46.0,170.0,7,77.0
2024-10-08,SKU0111,142.0,0.0,7,77.0
2024-10-15,SKU0111,63.0,184.0,7,77.0
2024-10-22,SKU0111,143.0,0.0,7,77.0
2024-11-01,SKU0111,59.0,121.0,7,77.0
2024-11-08,SKU0111,113.0,0.0,7,77.0
2024-11-15,SKU0111,37.0,167.0,7,77.0
2024-11-22,SKU0111,128.0,0.0,7,77.0
2024-12-01,SKU0111,104.0,0.0,7,77.0
2024-12-08,SKU0111,216.0,0.0,7,77.0
2024-12-15,SKU0111,137.0,0.0,7,77.0
2024-12-22,SKU0111,93.0,0.0,7,77.0
2025-01-01,SKU0111,108.0,0.0,7,77.0
2025-01-08,SKU0111,102.0,0.0,7,77.0
2025-01-15,SKU0111,167.0,0.0,7,77.0
2025-01-22,SKU0111,69.0,167.0,7,77.0
2025-02-01,SKU0111,101.0,0.0,7,77.0
2025-02-08,SKU0111,179.0,0.0,7,77.0
2025-02-15,SKU0111,84.0,0.0,7,77.0
2025-02-22,SKU0111,153.0,0.0,7,77.0
2025-03-01,SKU0111,234.0,0.0,7,77.0
2025-03-08,SKU0111,132.0,0.0,7,77.0
2025-03-15,SKU0111,189.0,0.0,7,77.0
2025-03-22,SKU0111,69.0,124.0,7,77.0
2025-04-01,SKU0111,76.0,181.0,7,77.0
2025-04-08,SKU0111,147.0,0.0,7,77.0
2025-04-15,SKU0111,37.0,143.0,7,77.0
2025-04-22,SKU0111,93.0,0.0,7,77.0
2025-05-01,SKU0111,78.0,0.0,7,77.0
2025-05-08,SKU0111,87.0,0.0,7,77.0
2025-05-15,SKU0111,129.0,0.0,7,77.0
2025-05-22,SKU0111,1.0,189.0,7,77.0
2025-06-01,SKU0111,66.0,127.0,7,77.0
2025-06-08,SKU0111,120.0,0.0,7,77.0
2025-06-15,SKU0111,153.0,0.0,7,77.0
2025-06-22,SKU0111,153.0,0.0,7,77.0
2025-07-01,SKU0111,173.0,0.0,7,77.0
2025-07-08,SKU0111,86.0,0.0,7,77.0
2025-07-15,SKU0111,115.0,0.0,7,77.0
2025-07-22,SKU0111,30.0,176.0,7,77.0
2025-08-01,SKU0111,100.0,0.0,7,77.0
2025-08-08,SKU0111,12.0,167.0,7,77.0
2025-08-15,SKU0111,118.0,0.0,7,77.0
2025-08-22,SKU0111,35.0,142.0,7,77.0
2025-09-01,SKU0111,66.0,188.0,7,77.0
2025-09-08,SKU0111,172.0,0.0,7,77.0
2025-09-15,SKU0111,83.0,0.0,7,77.0
2025-09-22,SKU0111,175.0,0.0,7,77.0
2025-10-01,SKU0111,68.0,140.0,7,77.0
2025-10-08,SKU0111,141.0,0.0,7,77.0
2025-10-15,SKU0111,55.0,170.0,7,77.0
2025-10-22,SKU0111,106.0,0.0,7,77.0
2025-11-01,SKU0111,164.0,0.0,7,77.0
2025-11-08,SKU0111,89.0,0.0,7,77.0
2025-11-15,SKU0111,173.0,0.0,7,77.0
2025-11-22,SKU0111,111.0,0.0,7,77.0
2025-12-01,SKU0111,110.0,0.0,7,77.0
2025-12-08,SKU0111,192.0,0.0,7,77.0
2025-12-15,SKU0111,109.0,0.0,7,77.0
2025-12-22,SKU0111,212.0,0.0,7,77.0
2024-06-01,SKU0112,0.0,2240.0,12,564.0
2024-06-08,SKU0112,2209.0,0.0,12,564.0
2024-06-15,SKU0112,1927.0,0.0,12,564.0
2024-06-22,SKU0112,1400.0,0.0,12,564.0
2024-07-01,SKU0112,1045.0,0.0,12,564.0
2024-07-08,SKU0112,773.0,0.0,12,564.0
2024-07-15,SKU0112,550.0,2192.0,12,564.0
2024-07-22,SKU0112,246.0,2192.0,12,564.0
2024-08-01,SKU0112,2089.0,0.0,12,564.0
2024-08-08,SKU0112,1904.0,0.0,12,564.0
2024-08-15,SKU0112,1718.0,0.0,12,564.0
2024-08-22,SKU0112,1472.0,0.0,12,564.0
2024-09-01,SKU0112,1105.0,0.0,12,564.0
2024-09-08,SKU0112,922.0,0.0,12,564.0
2024-09-15,SKU0112,732.0,0.0,12,564.0
2024-09-22,SKU0112,508.0,1743.0,12,564.0
2024-10-01,SKU0112,1972.0,0.0,12,564.0
2024-10-08,SKU0112,1767.0,0.0,12,564.0
2024-10-15,SKU0112,1522.0,0.0,12,564.0
2024-10-22,SKU0112,1157.0,0.0,12,564.0
2024-11-01,SKU0112,863.0,0.0,12,564.0
2024-11-08,SKU0112,661.0,0.0,12,564.0
2024-11-15,SKU0112,398.0,2112.0,12,564.0
2024-11-22,SKU0112,2267.0,0.0,12,564.0
2024-12-01,SKU0112,1874.0,0.0,12,564.0
2024-12-08,SKU0112,1650.0,0.0,12,564.0
2024-12-15,SKU0112,1403.0,0.0,12,564.0
2024-12-22,SKU0112,1197.0,0.0,12,564.0
2025-01-01,SKU0112,803.0,0.0,12,564.0
2025-01-08,SKU0112,368.0,2470.0,12,564.0
2025-01-15,SKU0112,2554.0,0.0,12,564.0
2025-01-22,SKU0112,2312.0,0.0,12,564.0
2025-02-01,SKU0112,1951.0,0.0,12,564.0
2025-02-08,SKU0112,1661.0,0.0,12,564.0
2025-02-15,SKU0112,1390.0,0.0,12,564.0
2025-02-22,SKU0112,1116.0,0.0,12,564.0
2025-03-01,SKU0112,776.0,0.0,12,564.0
2025-03-08,SKU0112,440.0,1716.0,12,564.0
2025-03-15,SKU0112,1882.0,0.0,12,564.0
2025-03-22,SKU0112,1584.0,0.0,12,564.0
2025-04-01,SKU0112,1154.0,0.0,12,564.0
2025-04-08,SKU0112,825.0,0.0,12,564.0
2025-04-15,SKU0112,2922.0,0.0,12,564.0
2025-04-22,SKU0112,2594.0,0.0,12,564.0
2025-05-01,SKU0112,2172.0,0.0,12,564.0
2025-05-08,SKU0112,1853.0,0.0,12,564.0
2025-05-15,SKU0112,1551.0,0.0,12,564.0
2025-05-22,SKU0112,1234.0,0.0,12,564.0
2025-06-01,SKU0112,811.0,0.0,12,564.0
2025-06-08,SKU0112,520.0,1716.0,12,564.0
2025-06-15,SKU0112,1899.0,0.0,12,564.0
2025-06-22,SKU0112,1403.0,0.0,12,564.0
2025-07-01,SKU0112,1025.0,0.0,12,564.0
2025-07-08,SKU0112,776.0,0.0,12,564.0
2025-07-15,SKU0112,550.0,1863.0,12,564.0
2025-07-22,SKU0112,2147.0,0.0,12,564.0
2025-08-01,SKU0112,1740.0,0.0,12,564.0
2025-08-08,SKU0112,1507.0,0.0,12,564.0
2025-08-15,SKU0112,1340.0,0.0,12,564.0
2025-08-22,SKU0112,1060.0,0.0,12,564.0
2025-09-01,SKU0112,764.0,0.0,12,564.0
2025-09-08,SKU0112,515.0,2402.0,12,564.0
2025-09-15,SKU0112,306.0,2402.0,12,564.0
2025-09-22,SKU0112,2512.0,0.0,12,564.0
2025-10-01,SKU0112,2283.0,0.0,12,564.0
2025-10-08,SKU0112,2074.0,0.0,12,564.0
2025-10-15,SKU0112,1829.0,0.0,12,564.0
2025-10-22,SKU0112,1567.0,0.0,12,564.0
2025-11-01,SKU0112,1315.0,0.0,12,564.0
2025-11-08,SKU0112,1117.0,0.0,12,564.0
2025-11-15,SKU0112,945.0,0.0,12,564.0
2025-11-22,SKU0112,793.0,0.0,12,564.0
2025-12-01,SKU0112,3095.0,0.0,12,564.0
2025-12-08,SKU0112,2895.0,0.0,12,564.0
2025-12-15,SKU0112,2673.0,0.0,12,564.0
2025-12-22,SKU0112,2447.0,0.0,12,564.0
2024-05-01,SKU0113,143.0,308.0,11,172.0
2024-05-08,SKU0113,0.0,308.0,11,172.0
2024-05-15,SKU0113,213.0,0.0,11,172.0
2024-05-22,SKU0113,77.0,330.0,11,172.0
2024-06-01,SKU0113,172.0,0.0,11,172.0
2024-06-08,SKU0113,340.0,0.0,11,172.0
2024-06-15,SKU0113,203.0,0.0,11,172.0
2024-06-22,SKU0113,0.0,382.0,11,172.0
2024-07-01,SKU0113,268.0,0.0,11,172.0
2024-07-08,SKU0113,154.0,368.0,11,172.0
2024-07-15,SKU0113,49.0,368.0,11,172.0
2024-07-22,SKU0113,300.0,0.0,11,172.0
2024-08-01,SKU0113,147.0,410.0,11,172.0
2024-08-08,SKU0113,452.0,0.0,11,172.0
2024-08-15,SKU0113,355.0,0.0,11,172.0
2024-08-22,SKU0113,251.0,0.0,11,172.0
2024-09-01,SKU0113,544.0,0.0,11,172.0
2024-09-08,SKU0113,465.0,0.0,11,172.0
2024-09-15,SKU0113,423.0,0.0,11,172.0
2024-09-22,SKU0113,376.0,0.0,11,172.0
2024-10-01,SKU0113,290.0,0.0,11,172.0
2024-10-08,SKU0113,224.0,0.0,11,172.0
2024-10-15,SKU0113,149.0,300.0,11,172.0
2024-10-22,SKU0113,44.0,300.0,11,172.0
2024-11-01,SKU0113,267.0,0.0,11,172.0
2024-11-08,SKU0113,194.0,0.0,11,172.0
2024-11-15,SKU0113,463.0,0.0,11,172.0
2024-11-22,SKU0113,421.0,0.0,11,172.0
2024-12-01,SKU0113,274.0,0.0,11,172.0
2024-12-08,SKU0113,197.0,0.0,11,172.0
2024-12-15,SKU0113,129.0,360.0,11,172.0
2024-12-22,SKU0113,416.0,0.0,11,172.0
2025-01-01,SKU0113,290.0,0.0,11,172.0
2025-01-08,SKU0113,111.0,401.0,11,172.0
2025-01-15,SKU0113,387.0,0.0,11,172.0
2025-01-22,SKU0113,262.0,0.0,11,172.0
2025-02-01,SKU0113,433.0,0.0,11,172.0
2025-02-08,SKU0113,285.0,0.0,11,172.0
2025-02-15,SKU0113,151.0,375.0,11,172.0
2025-02-22,SKU0113,388.0,0.0,11,172.0
2025-03-01,SKU0113,237.0,0.0,11,172.0
2025-03-08,SKU0113,108.0,297.0,11,172.0
2025-03-15,SKU0113,1.0,297.0,11,172.0
2025-03-22,SKU0113,176.0,0.0,11,172.0
2025-04-01,SKU0113,364.0,0.0,11,172.0
2025-04-08,SKU0113,201.0,0.0,11,172.0
2025-04-15,SKU0113,40.0,283.0,11,172.0
2025-04-22,SKU0113,200.0,0.0,11,172.0
2025-05-01,SKU0113,331.0,0.0,11,172.0
2025-05-08,SKU0113,181.0,0.0,11,172.0
2025-05-15,SKU0113,429.0,0.0,11,172.0
2025-05-22,SKU0113,270.0,0.0,11,172.0
2025-06-01,SKU0113,455.0,0.0,11,172.0
2025-06-08,SKU0113,313.0,0.0,11,172.0
2025-06-15,SKU0113,187.0,0.0,11,172.0
2025-06-22,SKU0113,0.0,304.0,11,172.0
2025-07-01,SKU0113,187.0,0.0,11,172.0
2025-07-08,SKU0113,447.0,0.0,11,172.0
2025-07-15,SKU0113,317.0,0.0,11,172.0
2025-07-22,SKU0113,249.0,0.0,11,172.0
2025-08-01,SKU0113,47.0,348.0,11,172.0
2025-08-08,SKU0113,318.0,0.0,11,172.0
2025-08-15,SKU0113,237.0,0.0,11,172.0
2025-08-22,SKU0113,140.0,329.0,11,172.0
2025-09-01,SKU0113,356.0,0.0,11,172.0
2025-09-08,SKU0113,285.0,0.0,11,172.0
2025-09-15,SKU0113,216.0,0.0,11,172.0
2025-09-22,SKU0113,140.0,425.0,11,172.0
2025-10-01,SKU0113,462.0,0.0,11,172.0
2025-10-08,SKU0113,400.0,0.0,11,172.0
2025-10-15,SKU0113,320.0,0.0,11,172.0
2025-10-22,SKU0113,210.0,0.0,11,172.0
2025-11-01,SKU0113,117.0,357.0,11,172.0
2025-11-08,SKU0113,399.0,0.0,11,172.0
2025-11-15,SKU0113,336.0,0.0,11,172.0
2025-11-22,SKU0113,256.0,0.0,11,172.0
2025-12-01,SKU0113,147.0,336.0,11,172.0
2025-12-08,SKU0113,408.0,0.0,11,172.0
2025-12-15,SKU0113,295.0,0.0,11,172.0
2025-12-22,SKU0113,191.0,0.0,11,172.0
2025-01-22,SKU0114,71.0,446.0,21,250.0
2025-02-01,SKU0114,1.0,446.0,21,250.0
2025-02-08,SKU0114,419.0,0.0,21,250.0
2025-02-15,SKU0114,332.0,0.0,21,250.0
2025-02-22,SKU0114,242.0,436.0,21,250.0
2025-03-01,SKU0114,571.0,0.0,21,250.0
2025-03-08,SKU0114,465.0,0.0,21,250.0
2025-03-15,SKU0114,351.0,0.0,21,250.0
2025-03-22,SKU0114,235.0,464.0,21,250.0
2025-04-01,SKU0114,72.0,464.0,21,250.0
2025-04-08,SKU0114,1.0,464.0,21,250.0
2025-04-15,SKU0114,398.0,0.0,21,250.0
2025-04-22,SKU0114,280.0,0.0,21,250.0
2025-05-01,SKU0114,630.0,0.0,21,250.0
2025-05-08,SKU0114,510.0,0.0,21,250.0
2025-05-15,SKU0114,400.0,0.0,21,250.0
2025-05-22,SKU0114,280.0,0.0,21,250.0
2025-06-01,SKU0114,121.0,502.0,21,250.0
2025-06-08,SKU0114,11.0,502.0,21,250.0
2025-06-15,SKU0114,463.0,0.0,21,250.0
2025-06-22,SKU0114,273.0,0.0,21,250.0
2025-07-01,SKU0114,139.0,425.0,21,250.0
2025-07-08,SKU0114,483.0,0.0,21,250.0
2025-07-15,SKU0114,389.0,0.0,21,250.0
2025-07-22,SKU0114,309.0,0.0,21,250.0
2025-08-01,SKU0114,185.0,418.0,21,250.0
2025-08-08,SKU0114,122.0,418.0,21,250.0
2025-08-15,SKU0114,469.0,0.0,21,250.0
2025-08-22,SKU0114,384.0,0.0,21,250.0
2025-09-01,SKU0114,275.0,0.0,21,250.0
2025-09-08,SKU0114,234.0,481.0,21,250.0
2025-09-15,SKU0114,169.0,481.0,21,250.0
2025-09-22,SKU0114,126.0,481.0,21,250.0
2025-10-01,SKU0114,530.0,0.0,21,250.0
2025-10-08,SKU0114,475.0,0.0,21,250.0
2025-10-15,SKU0114,410.0,0.0,21,250.0
2025-10-22,SKU0114,300.0,0.0,21,250.0
2025-11-01,SKU0114,221.0,551.0,21,250.0
2025-11-08,SKU0114,718.0,0.0,21,250.0
2025-11-15,SKU0114,669.0,0.0,21,250.0
2025-11-22,SKU0114,592.0,0.0,21,250.0
2025-12-01,SKU0114,468.0,0.0,21,250.0
2025-12-08,SKU0114,400.0,0.0,21,250.0
2025-12-15,SKU0114,312.0,0.0,21,250.0
2025-12-22,SKU0114,247.0,475.0,21,250.0
2025-03-01,SKU0115,38.0,248.0,22,160.0
2025-03-08,SKU0115,1.0,248.0,22,160.0
2025-03-15,SKU0115,1.0,248.0,22,160.0
2025-03-22,SKU0115,240.0,0.0,22,160.0
2025-04-01,SKU0115,169.0,0.0,22,160.0
2025-04-08,SKU0115,113.0,310.0,22,160.0
2025-04-15,SKU0115,369.0,0.0,22,160.0
2025-04-22,SKU0115,310.0,0.0,22,160.0
2025-05-01,SKU0115,237.0,0.0,22,160.0
2025-05-08,SKU0115,185.0,0.0,22,160.0
2025-05-15,SKU0115,127.0,302.0,22,160.0
2025-05-22,SKU0115,78.0,302.0,22,160.0
2025-06-01,SKU0115,303.0,0.0,22,160.0
2025-06-08,SKU0115,251.0,0.0,22,160.0
2025-06-15,SKU0115,193.0,0.0,22,160.0
2025-06-22,SKU0115,104.0,261.0,22,160.0
2025-07-01,SKU0115,36.0,261.0,22,160.0
2025-07-08,SKU0115,262.0,0.0,22,160.0
2025-07-15,SKU0115,210.0,0.0,22,160.0
2025-07-22,SKU0115,164.0,0.0,22,160.0
2025-08-01,SKU0115,355.0,0.0,22,160.0
2025-08-08,SKU0115,304.0,0.0,22,160.0
2025-08-15,SKU0115,260.0,0.0,22,160.0
2025-08-22,SKU0115,216.0,0.0,22,160.0
2025-09-01,SKU0115,149.0,320.0,22,160.0
2025-09-08,SKU0115,98.0,320.0,22,160.0
2025-09-15,SKU0115,369.0,0.0,22,160.0
2025-09-22,SKU0115,321.0,0.0,22,160.0
2025-10-01,SKU0115,252.0,0.0,22,160.0
2025-10-08,SKU0115,202.0,0.0,22,160.0
2025-10-15,SKU0115,146.0,395.0,22,160.0
2025-10-22,SKU0115,76.0,395.0,22,160.0
2025-11-01,SKU0115,416.0,0.0,22,160.0
2025-11-08,SKU0115,367.0,0.0,22,160.0
2025-11-15,SKU0115,317.0,0.0,22,160.0
2025-11-22,SKU0115,270.0,0.0,22,160.0
2025-12-01,SKU0115,167.0,0.0,22,160.0
2025-12-08,SKU0115,114.0,280.0,22,160.0
2025-12-15,SKU0115,348.0,0.0,22,160.0
2025-12-22,SKU0115,295.0,0.0,22,160.0
2025-04-01,SKU0116,73.0,0.0,9,61.0
2025-04-08,SKU0116,109.0,0.0,9,61.0
2025-04-15,SKU0116,48.0,126.0,9,61.0
2025-04-22,SKU0116,97.0,0.0,9,61.0
2025-05-01,SKU0116,0.0,126.0,9,61.0
2025-05-08,SKU0116,93.0,0.0,9,61.0
2025-05-15,SKU0116,137.0,0.0,9,61.0
2025-05-22,SKU0116,69.0,0.0,9,61.0
2025-06-01,SKU0116,114.0,0.0,9,61.0
2025-06-08,SKU0116,48.0,138.0,9,61.0
2025-06-15,SKU0116,128.0,0.0,9,61.0
2025-06-22,SKU0116,33.0,119.0,9,61.0
2025-07-01,SKU0116,97.0,0.0,9,61.0
2025-07-08,SKU0116,46.0,120.0,9,61.0
2025-07-15,SKU0116,5.0,120.0,9,61.0
2025-07-22,SKU0116,87.0,0.0,9,61.0
2025-08-01,SKU0116,20.0,134.0,9,61.0
2025-08-08,SKU0116,122.0,0.0,9,61.0
2025-08-15,SKU0116,94.0,0.0,9,61.0
2025-08-22,SKU0116,62.0,0.0,9,61.0
2025-09-01,SKU0116,126.0,0.0,9,61.0
2025-09-08,SKU0116,97.0,0.0,9,61.0
2025-09-15,SKU0116,73.0,0.0,9,61.0
2025-09-22,SKU0116,47.0,139.0,9,61.0
2025-10-01,SKU0116,145.0,0.0,9,61.0
2025-10-08,SKU0116,118.0,0.0,9,61.0
2025-10-15,SKU0116,97.0,0.0,9,61.0
2025-10-22,SKU0116,59.0,123.0,9,61.0
2025-11-01,SKU0116,156.0,0.0,9,61.0
2025-11-08,SKU0116,142.0,0.0,9,61.0
2025-11-15,SKU0116,114.0,0.0,9,61.0
2025-11-22,SKU0116,93.0,0.0,9,61.0
2025-12-01,SKU0116,35.0,144.0,9,61.0
2025-12-08,SKU0116,144.0,0.0,9,61.0
2025-12-15,SKU0116,106.0,0.0,9,61.0
2025-12-22,SKU0116,69.0,0.0,9,61.0
2024-09-22,SKU0117,138.0,0.0,10,24.0
2024-10-01,SKU0117,123.0,0.0,10,24.0
2024-10-08,SKU0117,106.0,0.0,10,24.0
2024-10-15,SKU0117,91.0,0.0,10,24.0
2024-10-22,SKU0117,68.0,0.0,10,24.0
2024-11-01,SKU0117,51.0,0.0,10,24.0
2024-11-08,SKU0117,39.0,0.0,10,24.0
2024-11-15,SKU0117,24.0,0.0,10,24.0
2024-11-22,SKU0117,60.0,0.0,10,24.0
2024-12-01,SKU0117,31.0,0.0,10,24.0
2024-12-08,SKU0117,16.0,50.0,10,24.0
2024-12-15,SKU0117,50.0,0.0,10,24.0
2024-12-22,SKU0117,37.0,0.0,10,24.0
2025-01-01,SKU0117,74.0,0.0,10,24.0
2025-01-08,SKU0117,49.0,0.0,10,24.0
2025-01-15,SKU0117,35.0,0.0,10,24.0
2025-01-22,SKU0117,19.0,50.0,10,24.0
2025-02-01,SKU0117,47.0,0.0,10,24.0
2025-02-08,SKU0117,27.0,0.0,10,24.0
2025-02-15,SKU0117,10.0,59.0,10,24.0
2025-02-22,SKU0117,52.0,0.0,10,24.0
2025-03-01,SKU0117,33.0,0.0,10,24.0
2025-03-08,SKU0117,15.0,58.0,10,24.0
2025-03-15,SKU0117,53.0,0.0,10,24.0
2025-03-22,SKU0117,34.0,0.0,10,24.0
2025-04-01,SKU0117,54.0,0.0,10,24.0
2025-04-08,SKU0117,33.0,0.0,10,24.0
2025-04-15,SKU0117,12.0,47.0,10,24.0
2025-04-22,SKU0117,41.0,0.0,10,24.0
2025-05-01,SKU0117,57.0,0.0,10,24.0
2025-05-08,SKU0117,37.0,0.0,10,24.0
2025-05-15,SKU0117,17.0,46.0,10,24.0
2025-05-22,SKU0117,43.0,0.0,10,24.0
2025-06-01,SKU0117,71.0,0.0,10,24.0
2025-06-08,SKU0117,53.0,0.0,10,24.0
2025-06-15,SKU0117,31.0,0.0,10,24.0
2025-06-22,SKU0117,44.0,0.0,10,24.0
2025-07-01,SKU0117,17.0,59.0,10,24.0
2025-07-08,SKU0117,0.0,59.0,10,24.0
2025-07-15,SKU0117,45.0,0.0,10,24.0
2025-07-22,SKU0117,27.0,0.0,10,24.0
2025-08-01,SKU0117,50.0,0.0,10,24.0
2025-08-08,SKU0117,30.0,0.0,10,24.0
2025-08-15,SKU0117,13.0,51.0,10,24.0
2025-08-22,SKU0117,43.0,0.0,10,24.0
2025-09-01,SKU0117,18.0,50.0,10,24.0
2025-09-08,SKU0117,50.0,0.0,10,24.0
2025-09-15,SKU0117,34.0,0.0,10,24.0
2025-09-22,SKU0117,16.0,43.0,10,24.0
2025-10-01,SKU0117,38.0,0.0,10,24.0
2025-10-08,SKU0117,21.0,51.0,10,24.0
2025-10-15,SKU0117,3.0,51.0,10,24.0
2025-10-22,SKU0117,33.0,0.0,10,24.0
2025-11-01,SKU0117,10.0,58.0,10,24.0
2025-11-08,SKU0117,54.0,0.0,10,24.0
2025-11-15,SKU0117,38.0,0.0,10,24.0
2025-11-22,SKU0117,19.0,45.0,10,24.0
2025-12-01,SKU0117,25.0,0.0,10,24.0
2025-12-08,SKU0117,54.0,0.0,10,24.0
2025-12-15,SKU0117,34.0,0.0,10,24.0
2025-12-22,SKU0117,14.0,53.0,10,24.0
2024-04-01,SKU0118,185.0,1885.0,28,1214.0
2024-04-08,SKU0118,0.0,1885.0,28,1214.0
2024-04-15,SKU0118,0.0,1885.0,28,1214.0
2024-04-22,SKU0118,0.0,1885.0,28,1214.0
2024-05-01,SKU0118,1705.0,0.0,28,1214.0
2024-05-08,SKU0118,1458.0,0.0,28,1214.0
2024-05-15,SKU0118,1232.0,0.0,28,1214.0
2024-05-22,SKU0118,1005.0,2396.0,28,1214.0
2024-06-01,SKU0118,3063.0,0.0,28,1214.0
2024-06-08,SKU0118,2852.0,0.0,28,1214.0
2024-06-15,SKU0118,2645.0,0.0,28,1214.0
2024-06-22,SKU0118,2248.0,0.0,28,1214.0
2024-07-01,SKU0118,1983.0,0.0,28,1214.0
2024-07-08,SKU0118,1818.0,0.0,28,1214.0
2024-07-15,SKU0118,1678.0,0.0,28,1214.0
2024-07-22,SKU0118,1503.0,0.0,28,1214.0
2024-08-01,SKU0118,1216.0,0.0,28,1214.0
2024-08-08,SKU0118,1048.0,2221.0,28,1214.0
2024-08-15,SKU0118,880.0,2221.0,28,1214.0
2024-08-22,SKU0118,2969.0,0.0,28,1214.0
2024-09-01,SKU0118,2752.0,0.0,28,1214.0
2024-09-08,SKU0118,2646.0,0.0,28,1214.0
2024-09-15,SKU0118,2508.0,0.0,28,1214.0
2024-09-22,SKU0118,2398.0,0.0,28,1214.0
2024-10-01,SKU0118,2234.0,0.0,28,1214.0
2024-10-08,SKU0118,2118.0,0.0,28,1214.0
2024-10-15,SKU0118,1951.0,0.0,28,1214.0
2024-10-22,SKU0118,1809.0,0.0,28,1214.0
2024-11-01,SKU0118,1664.0,0.0,28,1214.0
2024-11-08,SKU0118,1555.0,0.0,28,1214.0
2024-11-15,SKU0118,1515.0,0.0,28,1214.0
2024-11-22,SKU0118,1411.0,0.0,28,1214.0
2024-12-01,SKU0118,1295.0,0.0,28,1214.0
2024-12-08,SKU0118,1222.0,0.0,28,1214.0
2024-12-15,SKU0118,1135.0,2202.0,28,1214.0
2024-12-22,SKU0118,1034.0,2202.0,28,1214.0
2025-01-01,SKU0118,913.0,2202.0,28,1214.0
2025-01-08,SKU0118,3018.0,0.0,28,1214.0
2025-01-15,SKU0118,2933.0,0.0,28,1214.0
2025-01-22,SKU0118,2875.0,0.0,28,1214.0
2025-02-01,SKU0118,2846.0,0.0,28,1214.0
2025-02-08,SKU0118,2727.0,0.0,28,1214.0
2025-02-15,SKU0118,2649.0,0.0,28,1214.0
2025-02-22,SKU0118,2580.0,0.0,28,1214.0
2025-03-01,SKU0118,2537.0,0.0,28,1214.0
2025-03-08,SKU0118,2496.0,0.0,28,1214.0
2025-03-15,SKU0118,2422.0,0.0,28,1214.0
2025-03-22,SKU0118,2340.0,0.0,28,1214.0
2025-04-01,SKU0118,2256.0,0.0,28,1214.0
2025-04-08,SKU0118,2237.0,0.0,28,1214.0
2025-04-15,SKU0118,2199.0,0.0,28,1214.0
2025-04-22,SKU0118,2155.0,0.0,28,1214.0
2025-05-01,SKU0118,2105.0,0.0,28,1214.0
2025-05-08,SKU0118,2071.0,0.0,28,1214.0
2025-05-15,SKU0118,2052.0,0.0,28,1214.0
2025-05-22,SKU0118,2049.0,0.0,28,1214.0
2025-06-01,SKU0118,1993.0,0.0,28,1214.0
2025-06-08,SKU0118,1986.0,0.0,28,1214.0
2025-06-15,SKU0118,1952.0,0.0,28,1214.0
2025-06-22,SKU0118,1912.0,0.0,28,1214.0
2025-07-01,SKU0118,1880.0,0.0,28,1214.0
2025-07-08,SKU0118,1865.0,0.0,28,1214.0
2025-07-15,SKU0118,1840.0,0.0,28,1214.0
2025-07-22,SKU0118,1820.0,0.0,28,1214.0
2025-08-01,SKU0118,1780.0,0.0,28,1214.0
2025-08-08,SKU0118,1758.0,0.0,28,1214.0
2025-08-15,SKU0118,1741.0,0.0,28,1214.0
2025-08-22,SKU0118,1739.0,0.0,28,1214.0
2025-09-01,SKU0118,1720.0,0.0,28,1214.0
2025-09-08,SKU0118,1677.0,0.0,28,1214.0
2025-09-15,SKU0118,1639.0,0.0,28,1214.0
2025-09-22,SKU0118,1622.0,0.0,28,1214.0
2025-10-01,SKU0118,1573.0,0.0,28,1214.0
2025-10-08,SKU0118,1547.0,0.0,28,1214.0
2025-10-15,SKU0118,1525.0,0.0,28,1214.0
2025-10-22,SKU0118,1481.0,0.0,28,1214.0
2025-11-01,SKU0118,1456.0,0.0,28,1214.0
2025-11-08,SKU0118,1430.0,0.0,28,1214.0
2025-11-15,SKU0118,1406.0,0.0,28,1214.0
2025-11-22,SKU0118,1392.0,0.0,28,1214.0
2025-12-01,SKU0118,1371.0,0.0,28,1214.0
2025-12-08,SKU0118,1332.0,0.0,28,1214.0
2025-12-15,SKU0118,1310.0,0.0,28,1214.0
2025-12-22,SKU0118,1293.0,0.0,28,1214.0
2024-08-15,SKU0119,182.0,759.0,20,981.0
2024-08-22,SKU0119,0.0,759.0,20,981.0
2024-09-01,SKU0119,759.0,0.0,20,981.0
2024-09-08,SKU0119,539.0,424.0,20,981.0
2024-09-15,SKU0119,311.0,424.0,20,981.0
2024-09-22,SKU0119,505.0,566.0,20,981.0
2024-10-01,SKU0119,182.0,566.0,20,981.0
2024-10-08,SKU0119,0.0,566.0,20,981.0
2024-10-15,SKU0119,421.0,580.0,20,981.0
2024-10-22,SKU0119,1.0,580.0,20,981.0
2024-11-01,SKU0119,547.0,632.0,20,981.0
2024-11-08,SKU0119,328.0,632.0,20,981.0
2024-11-15,SKU0119,90.0,632.0,20,981.0
2024-11-22,SKU0119,573.0,526.0,20,981.0
2024-12-01,SKU0119,53.0,526.0,20,981.0
2024-12-08,SKU0119,1.0,526.0,20,981.0
2024-12-15,SKU0119,317.0,643.0,20,981.0
2024-12-22,SKU0119,60.0,643.0,20,981.0
2025-01-01,SKU0119,501.0,0.0,20,981.0
2025-01-08,SKU0119,1.0,577.0,20,981.0
2025-01-15,SKU0119,1.0,577.0,20,981.0
2025-01-22,SKU0119,445.0,408.0,20,981.0
2025-02-01,SKU0119,0.0,408.0,20,981.0
2025-02-08,SKU0119,409.0,439.0,20,981.0
2025-02-15,SKU0119,50.0,439.0,20,981.0
2025-02-22,SKU0119,1.0,439.0,20,981.0
2025-03-01,SKU0119,396.0,721.0,20,981.0
2025-03-08,SKU0119,4.0,721.0,20,981.0
2025-03-15,SKU0119,1.0,721.0,20,981.0
2025-03-22,SKU0119,626.0,736.0,20,981.0
2025-04-01,SKU0119,67.0,736.0,20,981.0
2025-04-08,SKU0119,0.0,736.0,20,981.0
2025-04-15,SKU0119,431.0,696.0,20,981.0
2025-04-22,SKU0119,44.0,696.0,20,981.0
2025-05-01,SKU0119,583.0,458.0,20,981.0
2025-05-08,SKU0119,197.0,458.0,20,981.0
2025-05-15,SKU0119,0.0,458.0,20,981.0
2025-05-22,SKU0119,270.0,639.0,20,981.0
2025-06-01,SKU0119,0.0,639.0,20,981.0
2025-06-08,SKU0119,640.0,767.0,20,981.0
2025-06-15,SKU0119,232.0,767.0,20,981.0
2025-06-22,SKU0119,1.0,767.0,20,981.0
2025-07-01,SKU0119,617.0,584.0,20,981.0
2025-07-08,SKU0119,277.0,584.0,20,981.0
2025-07-15,SKU0119,1.0,584.0,20,981.0
2025-07-22,SKU0119,381.0,660.0,20,981.0
2025-08-01,SKU0119,0.0,660.0,20,981.0
2025-08-08,SKU0119,616.0,432.0,20,981.0
2025-08-15,SKU0119,273.0,432.0,20,981.0
2025-08-22,SKU0119,0.0,432.0,20,981.0
2025-09-01,SKU0119,231.0,546.0,20,981.0
2025-09-08,SKU0119,1.0,546.0,20,981.0
2025-09-15,SKU0119,1.0,546.0,20,981.0
2025-09-22,SKU0119,285.0,486.0,20,981.0
2025-10-01,SKU0119,0.0,486.0,20,981.0
2025-10-08,SKU0119,388.0,472.0,20,981.0
2025-10-15,SKU0119,50.0,472.0,20,981.0
2025-10-22,SKU0119,0.0,472.0,20,981.0
2025-11-01,SKU0119,191.0,518.0,20,981.0
2025-11-08,SKU0119,0.0,518.0,20,981.0
2025-11-15,SKU0119,518.0,0.0,20,981.0
2025-11-22,SKU0119,196.0,403.0,20,981.0
2025-12-01,SKU0119,0.0,403.0,20,981.0
2025-12-08,SKU0119,259.0,663.0,20,981.0
2025-12-15,SKU0119,1.0,663.0,20,981.0
2025-12-22,SKU0119,1.0,663.0,20,981.0
2024-12-22,SKU0120,22.0,502.0,16,237.0
2025-01-01,SKU0120,0.0,502.0,16,237.0
2025-01-08,SKU0120,382.0,0.0,16,237.0
2025-01-15,SKU0120,298.0,0.0,16,237.0
2025-01-22,SKU0120,201.0,574.0,16,237.0
2025-02-01,SKU0120,79.0,574.0,16,237.0
2025-02-08,SKU0120,556.0,0.0,16,237.0
2025-02-15,SKU0120,444.0,0.0,16,237.0
2025-02-22,SKU0120,353.0,0.0,16,237.0
2025-03-01,SKU0120,252.0,0.0,16,237.0
2025-03-08,SKU0120,581.0,0.0,16,237.0
2025-03-15,SKU0120,456.0,0.0,16,237.0
2025-03-22,SKU0120,333.0,0.0,16,237.0
2025-04-01,SKU0120,182.0,535.0,16,237.0
2025-04-08,SKU0120,588.0,0.0,16,237.0
2025-04-15,SKU0120,468.0,0.0,16,237.0
2025-04-22,SKU0120,351.0,0.0,16,237.0
2025-05-01,SKU0120,190.0,529.0,16,237.0
2025-05-08,SKU0120,68.0,529.0,16,237.0
2025-05-15,SKU0120,478.0,0.0,16,237.0
2025-05-22,SKU0120,358.0,0.0,16,237.0
2025-06-01,SKU0120,181.0,540.0,16,237.0
2025-06-08,SKU0120,69.0,540.0,16,237.0
2025-06-15,SKU0120,491.0,0.0,16,237.0
2025-06-22,SKU0120,301.0,0.0,16,237.0
2025-07-01,SKU0120,642.0,0.0,16,237.0
2025-07-08,SKU0120,543.0,0.0,16,237.0
2025-07-15,SKU0120,441.0,0.0,16,237.0
2025-07-22,SKU0120,336.0,0.0,16,237.0
2025-08-01,SKU0120,188.0,479.0,16,237.0
2025-08-08,SKU0120,91.0,479.0,16,237.0
2025-08-15,SKU0120,476.0,0.0,16,237.0
2025-08-22,SKU0120,377.0,0.0,16,237.0
2025-09-01,SKU0120,241.0,0.0,16,237.0
2025-09-08,SKU0120,157.0,365.0,16,237.0
2025-09-15,SKU0120,433.0,0.0,16,237.0
2025-09-22,SKU0120,347.0,0.0,16,237.0
2025-10-01,SKU0120,769.0,0.0,16,237.0
2025-10-08,SKU0120,688.0,0.0,16,237.0
2025-10-15,SKU0120,590.0,0.0,16,237.0
2025-10-22,SKU0120,441.0,0.0,16,237.0
2025-11-01,SKU0120,314.0,0.0,16,237.0
2025-11-08,SKU0120,222.0,421.0,16,237.0
2025-11-15,SKU0120,127.0,421.0,16,237.0
2025-11-22,SKU0120,447.0,0.0,16,237.0
2025-12-01,SKU0120,264.0,0.0,16,237.0
2025-12-08,SKU0120,645.0,0.0,16,237.0
2025-12-15,SKU0120,539.0,0.0,16,237.0
2025-12-22,SKU0120,438.0,0.0,16,237.0
2025-01-15,SKU0121,192.0,1207.0,22,790.0
2025-01-22,SKU0121,1.0,1207.0,22,790.0
2025-02-01,SKU0121,1.0,1207.0,22,790.0
2025-02-08,SKU0121,1141.0,0.0,22,790.0
2025-02-15,SKU0121,846.0,0.0,22,790.0
2025-02-22,SKU0121,535.0,1340.0,22,790.0
2025-03-01,SKU0121,1556.0,0.0,22,790.0
2025-03-08,SKU0121,1236.0,0.0,22,790.0
2025-03-15,SKU0121,894.0,0.0,22,790.0
2025-03-22,SKU0121,2343.0,0.0,22,790.0
2025-04-01,SKU0121,1845.0,0.0,22,790.0
2025-04-08,SKU0121,1476.0,0.0,22,790.0
2025-04-15,SKU0121,1100.0,0.0,22,790.0
2025-04-22,SKU0121,757.0,1349.0,22,790.0
2025-05-01,SKU0121,267.0,1349.0,22,790.0
2025-05-08,SKU0121,1258.0,0.0,22,790.0
2025-05-15,SKU0121,887.0,0.0,22,790.0
2025-05-22,SKU0121,498.0,1646.0,22,790.0
2025-06-01,SKU0121,1610.0,0.0,22,790.0
2025-06-08,SKU0121,1276.0,0.0,22,790.0
2025-06-15,SKU0121,905.0,0.0,22,790.0
2025-06-22,SKU0121,1690.0,0.0,22,790.0
2025-07-01,SKU0121,1251.0,0.0,22,790.0
2025-07-08,SKU0121,993.0,0.0,22,790.0
2025-07-15,SKU0121,696.0,1438.0,22,790.0
2025-07-22,SKU0121,397.0,1438.0,22,790.0
2025-08-01,SKU0121,1438.0,0.0,22,790.0
2025-08-08,SKU0121,1177.0,0.0,22,790.0
2025-08-15,SKU0121,934.0,0.0,22,790.0
2025-08-22,SKU0121,707.0,1207.0,22,790.0
2025-09-01,SKU0121,1581.0,0.0,22,790.0
2025-09-08,SKU0121,1386.0,0.0,22,790.0
2025-09-15,SKU0121,1168.0,0.0,22,790.0
2025-09-22,SKU0121,940.0,0.0,22,790.0
2025-10-01,SKU0121,664.0,1682.0,22,790.0
2025-10-08,SKU0121,2158.0,0.0,22,790.0
2025-10-15,SKU0121,1972.0,0.0,22,790.0
2025-10-22,SKU0121,1650.0,0.0,22,790.0
2025-11-01,SKU0121,1355.0,0.0,22,790.0
2025-11-08,SKU0121,1105.0,0.0,22,790.0
2025-11-15,SKU0121,856.0,0.0,22,790.0
2025-11-22,SKU0121,2372.0,0.0,22,790.0
2025-12-01,SKU0121,1871.0,0.0,22,790.0
2025-12-08,SKU0121,1613.0,0.0,22,790.0
2025-12-15,SKU0121,1362.0,0.0,22,790.0
2025-12-22,SKU0121,1068.0,0.0,22,790.0
2025-03-15,SKU0122,144.0,263.0,8,168.0
2025-03-22,SKU0122,254.0,0.0,8,168.0
2025-04-01,SKU0122,35.0,358.0,8,168.0
2025-04-08,SKU0122,235.0,0.0,8,168.0
2025-04-15,SKU0122,69.0,390.0,8,168.0
2025-04-22,SKU0122,289.0,0.0,8,168.0
2025-05-01,SKU0122,71.0,375.0,8,168.0
2025-05-08,SKU0122,275.0,0.0,8,168.0
2025-05-15,SKU0122,112.0,407.0,8,168.0
2025-05-22,SKU0122,367.0,0.0,8,168.0
2025-06-01,SKU0122,143.0,342.0,8,168.0
2025-06-08,SKU0122,346.0,0.0,8,168.0
2025-06-15,SKU0122,181.0,0.0,8,168.0
2025-06-22,SKU0122,259.0,0.0,8,168.0
2025-07-01,SKU0122,419.0,0.0,8,168.0
2025-07-08,SKU0122,296.0,0.0,8,168.0
2025-07-15,SKU0122,179.0,0.0,8,168.0
2025-07-22,SKU0122,59.0,329.0,8,168.0
2025-08-01,SKU0122,221.0,0.0,8,168.0
2025-08-08,SKU0122,498.0,0.0,8,168.0
2025-08-15,SKU0122,405.0,0.0,8,168.0
2025-08-22,SKU0122,293.0,0.0,8,168.0
2025-09-01,SKU0122,156.0,398.0,8,168.0
2025-09-08,SKU0122,78.0,398.0,8,168.0
2025-09-15,SKU0122,393.0,0.0,8,168.0
2025-09-22,SKU0122,307.0,0.0,8,168.0
2025-10-01,SKU0122,193.0,0.0,8,168.0
2025-10-08,SKU0122,105.0,289.0,8,168.0
2025-10-15,SKU0122,293.0,0.0,8,168.0
2025-10-22,SKU0122,154.0,388.0,8,168.0
2025-11-01,SKU0122,424.0,0.0,8,168.0
2025-11-08,SKU0122,327.0,0.0,8,168.0
2025-11-15,SKU0122,229.0,0.0,8,168.0
2025-11-22,SKU0122,125.0,389.0,8,168.0
2025-12-01,SKU0122,324.0,0.0,8,168.0
2025-12-08,SKU0122,215.0,0.0,8,168.0
2025-12-15,SKU0122,447.0,0.0,8,168.0
2025-12-22,SKU0122,323.0,0.0,8,168.0
2024-12-01,SKU0123,0.0,515.0,17,287.0
2024-12-08,SKU0123,0.0,515.0,17,287.0
2024-12-15,SKU0123,436.0,0.0,17,287.0
2024-12-22,SKU0123,336.0,0.0,17,287.0
2025-01-01,SKU0123,601.0,0.0,17,287.0
2025-01-08,SKU0123,394.0,0.0,17,287.0
2025-01-15,SKU0123,283.0,431.0,17,287.0
2025-01-22,SKU0123,148.0,431.0,17,287.0
2025-02-01,SKU0123,416.0,0.0,17,287.0
2025-02-08,SKU0123,278.0,664.0,17,287.0
2025-02-15,SKU0123,136.0,664.0,17,287.0
2025-02-22,SKU0123,654.0,0.0,17,287.0
2025-03-01,SKU0123,516.0,0.0,17,287.0
2025-03-08,SKU0123,374.0,0.0,17,287.0
2025-03-15,SKU0123,235.0,478.0,17,287.0
2025-03-22,SKU0123,558.0,0.0,17,287.0
2025-04-01,SKU0123,324.0,0.0,17,287.0
2025-04-08,SKU0123,774.0,0.0,17,287.0
2025-04-15,SKU0123,611.0,0.0,17,287.0
2025-04-22,SKU0123,456.0,0.0,17,287.0
2025-05-01,SKU0123,246.0,591.0,17,287.0
2025-05-08,SKU0123,59.0,591.0,17,287.0
2025-05-15,SKU0123,518.0,0.0,17,287.0
2025-05-22,SKU0123,358.0,0.0,17,287.0
2025-06-01,SKU0123,785.0,0.0,17,287.0
2025-06-08,SKU0123,624.0,0.0,17,287.0
2025-06-15,SKU0123,473.0,0.0,17,287.0
2025-06-22,SKU0123,218.0,599.0,17,287.0
2025-07-01,SKU0123,21.0,599.0,17,287.0
2025-07-08,SKU0123,488.0,0.0,17,287.0
2025-07-15,SKU0123,357.0,0.0,17,287.0
2025-07-22,SKU0123,208.0,550.0,17,287.0
2025-08-01,SKU0123,8.0,550.0,17,287.0
2025-08-08,SKU0123,493.0,0.0,17,287.0
2025-08-15,SKU0123,378.0,0.0,17,287.0
2025-08-22,SKU0123,790.0,0.0,17,287.0
2025-09-01,SKU0123,660.0,0.0,17,287.0
2025-09-08,SKU0123,594.0,0.0,17,287.0
2025-09-15,SKU0123,482.0,0.0,17,287.0
2025-09-22,SKU0123,387.0,0.0,17,287.0
2025-10-01,SKU0123,256.0,619.0,17,287.0
2025-10-08,SKU0123,162.0,619.0,17,287.0
2025-10-15,SKU0123,643.0,0.0,17,287.0
2025-10-22,SKU0123,492.0,0.0,17,287.0
2025-11-01,SKU0123,387.0,0.0,17,287.0
2025-11-08,SKU0123,282.0,550.0,17,287.0
2025-11-15,SKU0123,721.0,0.0,17,287.0
2025-11-22,SKU0123,632.0,0.0,17,287.0
2025-12-01,SKU0123,389.0,0.0,17,287.0
2025-12-08,SKU0123,268.0,555.0,17,287.0
2025-12-15,SKU0123,158.0,555.0,17,287.0
2025-12-22,SKU0123,607.0,0.0,17,287.0
2025-01-15,SKU0124,39.0,1065.0,13,459.0
2025-01-22,SKU0124,1066.0,0.0,13,459.0
2025-02-01,SKU0124,817.0,0.0,13,459.0
2025-02-08,SKU0124,594.0,0.0,13,459.0
2025-02-15,SKU0124,360.0,788.0,13,459.0
2025-02-22,SKU0124,957.0,0.0,13,459.0
2025-03-01,SKU0124,676.0,0.0,13,459.0
2025-03-08,SKU0124,417.0,837.0,13,459.0
2025-03-15,SKU0124,1002.0,0.0,13,459.0
2025-03-22,SKU0124,734.0,0.0,13,459.0
2025-04-01,SKU0124,357.0,859.0,13,459.0
2025-04-08,SKU0124,137.0,859.0,13,459.0
2025-04-15,SKU0124,740.0,0.0,13,459.0
2025-04-22,SKU0124,454.0,1053.0,13,459.0
2025-05-01,SKU0124,1198.0,0.0,13,459.0
2025-05-08,SKU0124,914.0,0.0,13,459.0
2025-05-15,SKU0124,651.0,0.0,13,459.0
2025-05-22,SKU0124,361.0,1111.0,13,459.0
2025-06-01,SKU0124,1157.0,0.0,13,459.0
2025-06-08,SKU0124,917.0,0.0,13,459.0
2025-06-15,SKU0124,638.0,0.0,13,459.0
2025-06-22,SKU0124,207.0,1108.0,13,459.0
2025-07-01,SKU0124,1052.0,0.0,13,459.0
2025-07-08,SKU0124,811.0,0.0,13,459.0
2025-07-15,SKU0124,578.0,0.0,13,459.0
2025-07-22,SKU0124,305.0,1017.0,13,459.0
2025-08-01,SKU0124,942.0,0.0,13,459.0
2025-08-08,SKU0124,770.0,0.0,13,459.0
2025-08-15,SKU0124,487.0,0.0,13,459.0
2025-08-22,SKU0124,1083.0,0.0,13,459.0
2025-09-01,SKU0124,774.0,0.0,13,459.0
2025-09-08,SKU0124,564.0,0.0,13,459.0
2025-09-15,SKU0124,1168.0,0.0,13,459.0
2025-09-22,SKU0124,960.0,0.0,13,459.0
2025-10-01,SKU0124,652.0,0.0,13,459.0
2025-10-08,SKU0124,437.0,998.0,13,459.0
2025-10-15,SKU0124,1206.0,0.0,13,459.0
2025-10-22,SKU0124,850.0,0.0,13,459.0
2025-11-01,SKU0124,530.0,0.0,13,459.0
2025-11-08,SKU0124,332.0,1106.0,13,459.0
2025-11-15,SKU0124,144.0,1106.0,13,459.0
2025-11-22,SKU0124,1039.0,0.0,13,459.0
2025-12-01,SKU0124,561.0,0.0,13,459.0
2025-12-08,SKU0124,324.0,1096.0,13,459.0
2025-12-15,SKU0124,1209.0,0.0,13,459.0
2025-12-22,SKU0124,980.0,0.0,13,459.0
2024-09-01,SKU0125,164.0,0.0,9,44.0
2024-09-08,SKU0125,140.0,0.0,9,44.0
2024-09-15,SKU0125,118.0,0.0,9,44.0
2024-09-22,SKU0125,96.0,0.0,9,44.0
2024-10-01,SKU0125,67.0,0.0,9,44.0
2024-10-08,SKU0125,43.0,0.0,9,44.0
2024-10-15,SKU0125,16.0,21.0,9,44.0
2024-10-22,SKU0125,6.0,18.0,9,44.0
2024-11-01,SKU0125,1.0,35.0,9,44.0
2024-11-08,SKU0125,16.0,32.0,9,44.0
2024-11-15,SKU0125,29.0,33.0,9,44.0
2024-11-22,SKU0125,36.0,27.0,9,44.0
2024-12-01,SKU0125,19.0,30.0,9,44.0
2024-12-08,SKU0125,1.0,30.0,9,44.0
2024-12-15,SKU0125,9.0,27.0,9,44.0
2024-12-22,SKU0125,16.0,32.0,9,44.0
2025-01-01,SKU0125,8.0,34.0,9,44.0
2025-01-08,SKU0125,12.0,27.0,9,44.0
2025-01-15,SKU0125,19.0,23.0,9,44.0
2025-01-22,SKU0125,0.0,23.0,9,44.0
2025-02-01,SKU0125,29.0,27.0,9,44.0
2025-02-08,SKU0125,0.0,27.0,9,44.0
2025-02-15,SKU0125,4.0,29.0,9,44.0
2025-02-22,SKU0125,15.0,32.0,9,44.0
2025-03-01,SKU0125,28.0,0.0,9,44.0
2025-03-08,SKU0125,1.0,33.0,9,44.0
2025-03-15,SKU0125,2.0,22.0,9,44.0
2025-03-22,SKU0125,4.0,32.0,9,44.0
2025-04-01,SKU0125,6.0,33.0,9,44.0
2025-04-08,SKU0125,20.0,29.0,9,44.0
2025-04-15,SKU0125,24.0,29.0,9,44.0
2025-04-22,SKU0125,0.0,29.0,9,44.0
2025-05-01,SKU0125,1.0,31.0,9,44.0
2025-05-08,SKU0125,1.0,30.0,9,44.0
2025-05-15,SKU0125,3.0,23.0,9,44.0
2025-05-22,SKU0125,14.0,28.0,9,44.0
2025-06-01,SKU0125,13.0,0.0,9,44.0
2025-06-08,SKU0125,16.0,22.0,9,44.0
2025-06-15,SKU0125,0.0,22.0,9,44.0
2025-06-22,SKU0125,0.0,31.0,9,44.0
2025-07-01,SKU0125,3.0,28.0,9,44.0
2025-07-08,SKU0125,11.0,20.0,9,44.0
2025-07-15,SKU0125,10.0,0.0,9,44.0
2025-07-22,SKU0125,35.0,29.0,9,44.0
2025-08-01,SKU0125,23.0,24.0,9,44.0
2025-08-08,SKU0125,0.0,24.0,9,44.0
2025-08-15,SKU0125,0.0,33.0,9,44.0
2025-08-22,SKU0125,15.0,26.0,9,44.0
2025-09-01,SKU0125,7.0,32.0,9,44.0
2025-09-08,SKU0125,19.0,23.0,9,44.0
2025-09-15,SKU0125,20.0,20.0,9,44.0
2025-09-22,SKU0125,1.0,20.0,9,44.0
2025-10-01,SKU0125,0.0,34.0,9,44.0
2025-10-08,SKU0125,11.0,21.0,9,44.0
2025-10-15,SKU0125,1.0,25.0,9,44.0
2025-10-22,SKU0125,8.0,32.0,9,44.0
2025-11-01,SKU0125,18.0,19.0,9,44.0
2025-11-08,SKU0125,17.0,30.0,9,44.0
2025-11-15,SKU0125,1.0,30.0,9,44.0
2025-11-22,SKU0125,1.0,19.0,9,44.0
2025-12-01,SKU0125,0.0,27.0,9,44.0
2025-12-08,SKU0125,9.0,20.0,9,44.0
2025-12-15,SKU0125,12.0,29.0,9,44.0
2025-12-22,SKU0125,30.0,0.0,9,44.0
2025-02-01,SKU0126,376.0,0.0,19,83.0
2025-02-08,SKU0126,331.0,0.0,19,83.0
2025-02-15,SKU0126,294.0,0.0,19,83.0
2025-02-22,SKU0126,253.0,0.0,19,83.0
2025-03-01,SKU0126,213.0,0.0,19,83.0
2025-03-08,SKU0126,171.0,0.0,19,83.0
2025-03-15,SKU0126,126.0,0.0,19,83.0
2025-03-22,SKU0126,84.0,0.0,19,83.0
2025-04-01,SKU0126,79.0,0.0,19,83.0
2025-04-08,SKU0126,32.0,63.0,19,83.0
2025-04-15,SKU0126,1.0,63.0,19,83.0
2025-04-22,SKU0126,30.0,36.0,19,83.0
2025-05-01,SKU0126,1.0,36.0,19,83.0
2025-05-08,SKU0126,22.0,39.0,19,83.0
2025-05-15,SKU0126,1.0,39.0,19,83.0
2025-05-22,SKU0126,1.0,39.0,19,83.0
2025-06-01,SKU0126,1.0,64.0,19,83.0
2025-06-08,SKU0126,1.0,64.0,19,83.0
2025-06-15,SKU0126,51.0,60.0,19,83.0
2025-06-22,SKU0126,1.0,60.0,19,83.0
2025-07-01,SKU0126,1.0,60.0,19,83.0
2025-07-08,SKU0126,34.0,62.0,19,83.0
2025-07-15,SKU0126,0.0,62.0,19,83.0
2025-07-22,SKU0126,57.0,40.0,19,83.0
2025-08-01,SKU0126,1.0,40.0,19,83.0
2025-08-08,SKU0126,1.0,40.0,19,83.0
2025-08-15,SKU0126,14.0,45.0,19,83.0
2025-08-22,SKU0126,0.0,45.0,19,83.0
2025-09-01,SKU0126,27.0,60.0,19,83.0
2025-09-08,SKU0126,0.0,60.0,19,83.0
2025-09-15,SKU0126,0.0,60.0,19,83.0
2025-09-22,SKU0126,36.0,54.0,19,83.0
2025-10-01,SKU0126,2.0,54.0,19,83.0
2025-10-08,SKU0126,44.0,51.0,19,83.0
2025-10-15,SKU0126,18.0,51.0,19,83.0
2025-10-22,SKU0126,0.0,51.0,19,83.0
2025-11-01,SKU0126,18.0,40.0,19,83.0
2025-11-08,SKU0126,0.0,40.0,19,83.0
2025-11-15,SKU0126,29.0,35.0,19,83.0
2025-11-22,SKU0126,0.0,35.0,19,83.0
2025-12-01,SKU0126,35.0,34.0,19,83.0
2025-12-08,SKU0126,4.0,34.0,19,83.0
2025-12-15,SKU0126,1.0,34.0,19,83.0
2025-12-22,SKU0126,28.0,48.0,19,83.0
2025-02-15,SKU0127,143.0,2750.0,27,1121.0
2025-02-22,SKU0127,1.0,2750.0,27,1121.0
2025-03-01,SKU0127,1.0,2750.0,27,1121.0
2025-03-08,SKU0127,1.0,2750.0,27,1121.0
2025-03-15,SKU0127,2736.0,0.0,27,1121.0
2025-03-22,SKU0127,2346.0,0.0,27,1121.0
2025-04-01,SKU0127,1750.0,0.0,27,1121.0
2025-04-08,SKU0127,1347.0,0.0,27,1121.0
2025-04-15,SKU0127,908.0,2493.0,27,1121.0
2025-04-22,SKU0127,494.0,2493.0,27,1121.0
2025-05-01,SKU0127,1.0,2493.0,27,1121.0
2025-05-08,SKU0127,2430.0,0.0,27,1121.0
2025-05-15,SKU0127,2098.0,0.0,27,1121.0
2025-05-22,SKU0127,1682.0,0.0,27,1121.0
2025-06-01,SKU0127,1101.0,2621.0,27,1121.0
2025-06-08,SKU0127,3376.0,0.0,27,1121.0
2025-06-15,SKU0127,2977.0,0.0,27,1121.0
2025-06-22,SKU0127,2404.0,0.0,27,1121.0
2025-07-01,SKU0127,1923.0,0.0,27,1121.0
2025-07-08,SKU0127,1629.0,0.0,27,1121.0
2025-07-15,SKU0127,1292.0,0.0,27,1121.0
2025-07-22,SKU0127,937.0,2788.0,27,1121.0
2025-08-01,SKU0127,3363.0,0.0,27,1121.0
2025-08-08,SKU0127,3187.0,0.0,27,1121.0
2025-08-15,SKU0127,3018.0,0.0,27,1121.0
2025-08-22,SKU0127,2770.0,0.0,27,1121.0
2025-09-01,SKU0127,2437.0,0.0,27,1121.0
2025-09-08,SKU0127,2282.0,0.0,27,1121.0
2025-09-15,SKU0127,2097.0,0.0,27,1121.0
2025-09-22,SKU0127,1927.0,0.0,27,1121.0
2025-10-01,SKU0127,1667.0,0.0,27,1121.0
2025-10-08,SKU0127,1478.0,0.0,27,1121.0
2025-10-15,SKU0127,1277.0,0.0,27,1121.0
2025-10-22,SKU0127,984.0,2137.0,27,1121.0
2025-11-01,SKU0127,775.0,2137.0,27,1121.0
2025-11-08,SKU0127,633.0,2137.0,27,1121.0
2025-11-15,SKU0127,2565.0,0.0,27,1121.0
2025-11-22,SKU0127,2324.0,0.0,27,1121.0
2025-12-01,SKU0127,1885.0,0.0,27,1121.0
2025-12-08,SKU0127,1683.0,0.0,27,1121.0
2025-12-15,SKU0127,1452.0,0.0,27,1121.0
2025-12-22,SKU0127,1231.0,0.0,27,1121.0
2024-12-08,SKU0128,185.0,1312.0,19,545.0
2024-12-15,SKU0128,0.0,1312.0,19,545.0
2024-12-22,SKU0128,1312.0,0.0,19,545.0
2025-01-01,SKU0128,980.0,0.0,19,545.0
2025-01-08,SKU0128,576.0,0.0,19,545.0
2025-01-15,SKU0128,355.0,1167.0,19,545.0
2025-01-22,SKU0128,101.0,1167.0,19,545.0
2025-02-01,SKU0128,1052.0,0.0,19,545.0
2025-02-08,SKU0128,781.0,0.0,19,545.0
2025-02-15,SKU0128,519.0,1286.0,19,545.0
2025-02-22,SKU0128,1512.0,0.0,19,545.0
2025-03-01,SKU0128,1212.0,0.0,19,545.0
2025-03-08,SKU0128,857.0,0.0,19,545.0
2025-03-15,SKU0128,502.0,1346.0,19,545.0
2025-03-22,SKU0128,151.0,1346.0,19,545.0
2025-04-01,SKU0128,1090.0,0.0,19,545.0
2025-04-08,SKU0128,747.0,0.0,19,545.0
2025-04-15,SKU0128,1512.0,0.0,19,545.0
2025-04-22,SKU0128,1223.0,0.0,19,545.0
2025-05-01,SKU0128,783.0,0.0,19,545.0
2025-05-08,SKU0128,469.0,941.0,19,545.0
2025-05-15,SKU0128,155.0,941.0,19,545.0
2025-05-22,SKU0128,1.0,941.0,19,545.0
2025-06-01,SKU0128,523.0,1331.0,19,545.0
2025-06-08,SKU0128,208.0,1331.0,19,545.0
2025-06-15,SKU0128,1224.0,0.0,19,545.0
2025-06-22,SKU0128,717.0,0.0,19,545.0
2025-07-01,SKU0128,1209.0,0.0,19,545.0
2025-07-08,SKU0128,974.0,0.0,19,545.0
2025-07-15,SKU0128,703.0,0.0,19,545.0
2025-07-22,SKU0128,404.0,1103.0,19,545.0
2025-08-01,SKU0128,22.0,1103.0,19,545.0
2025-08-08,SKU0128,1074.0,0.0,19,545.0
2025-08-15,SKU0128,849.0,0.0,19,545.0
2025-08-22,SKU0128,664.0,0.0,19,545.0
2025-09-01,SKU0128,329.0,841.0,19,545.0
2025-09-08,SKU0128,160.0,841.0,19,545.0
2025-09-15,SKU0128,823.0,0.0,19,545.0
2025-09-22,SKU0128,589.0,0.0,19,545.0
2025-10-01,SKU0128,327.0,1344.0,19,545.0
2025-10-08,SKU0128,1510.0,0.0,19,545.0
2025-10-15,SKU0128,1327.0,0.0,19,545.0
2025-10-22,SKU0128,1006.0,0.0,19,545.0
2025-11-01,SKU0128,740.0,0.0,19,545.0
2025-11-08,SKU0128,519.0,946.0,19,545.0
2025-11-15,SKU0128,1296.0,0.0,19,545.0
2025-11-22,SKU0128,1138.0,0.0,19,545.0
2025-12-01,SKU0128,721.0,0.0,19,545.0
2025-12-08,SKU0128,469.0,1228.0,19,545.0
2025-12-15,SKU0128,276.0,1228.0,19,545.0
2025-12-22,SKU0128,1283.0,0.0,19,545.0
2025-02-08,SKU0129,159.0,0.0,10,83.0
2025-02-15,SKU0129,73.0,177.0,10,83.0
2025-02-22,SKU0129,1.0,177.0,10,83.0
2025-03-01,SKU0129,129.0,0.0,10,83.0
2025-03-08,SKU0129,52.0,134.0,10,83.0
2025-03-15,SKU0129,0.0,134.0,10,83.0
2025-03-22,SKU0129,65.0,143.0,10,83.0
2025-04-01,SKU0129,96.0,0.0,10,83.0
2025-04-08,SKU0129,140.0,0.0,10,83.0
2025-04-15,SKU0129,212.0,0.0,10,83.0
2025-04-22,SKU0129,146.0,0.0,10,83.0
2025-05-01,SKU0129,35.0,153.0,10,83.0
2025-05-08,SKU0129,107.0,0.0,10,83.0
2025-05-15,SKU0129,207.0,0.0,10,83.0
2025-05-22,SKU0129,127.0,0.0,10,83.0
2025-06-01,SKU0129,16.0,178.0,10,83.0
2025-06-08,SKU0129,132.0,0.0,10,83.0
2025-06-15,SKU0129,196.0,0.0,10,83.0
2025-06-22,SKU0129,51.0,163.0,10,83.0
2025-07-01,SKU0129,105.0,0.0,10,83.0
2025-07-08,SKU0129,197.0,0.0,10,83.0
2025-07-15,SKU0129,111.0,0.0,10,83.0
2025-07-22,SKU0129,29.0,156.0,10,83.0
2025-08-01,SKU0129,74.0,145.0,10,83.0
2025-08-08,SKU0129,149.0,0.0,10,83.0
2025-08-15,SKU0129,80.0,196.0,10,83.0
2025-08-22,SKU0129,1.0,196.0,10,83.0
2025-09-01,SKU0129,99.0,0.0,10,83.0
2025-09-08,SKU0129,28.0,170.0,10,83.0
2025-09-15,SKU0129,150.0,0.0,10,83.0
2025-09-22,SKU0129,79.0,162.0,10,83.0
2025-10-01,SKU0129,1.0,162.0,10,83.0
2025-10-08,SKU0129,98.0,0.0,10,83.0
2025-10-15,SKU0129,214.0,0.0,10,83.0
2025-10-22,SKU0129,91.0,0.0,10,83.0
2025-11-01,SKU0129,154.0,0.0,10,83.0
2025-11-08,SKU0129,72.0,128.0,10,83.0
2025-11-15,SKU0129,121.0,0.0,10,83.0
2025-11-22,SKU0129,241.0,0.0,10,83.0
2025-12-01,SKU0129,94.0,0.0,10,83.0
2025-12-08,SKU0129,12.0,143.0,10,83.0
2025-12-15,SKU0129,101.0,0.0,10,83.0
2025-12-22,SKU0129,171.0,0.0,10,83.0
2024-01-08,SKU0130,338.0,0.0,26,92.0
2024-01-15,SKU0130,314.0,0.0,26,92.0
2024-01-22,SKU0130,290.0,0.0,26,92.0
2024-02-01,SKU0130,256.0,0.0,26,92.0
2024-02-08,SKU0130,232.0,0.0,26,92.0
2024-02-15,SKU0130,208.0,0.0,26,92.0
2024-02-22,SKU0130,184.0,0.0,26,92.0
2024-03-01,SKU0130,156.0,0.0,26,92.0
2024-03-08,SKU0130,127.0,0.0,26,92.0
2024-03-15,SKU0130,100.0,0.0,26,92.0
2024-03-22,SKU0130,274.0,0.0,26,92.0
2024-04-01,SKU0130,229.0,0.0,26,92.0
2024-04-08,SKU0130,199.0,0.0,26,92.0
2024-04-15,SKU0130,165.0,0.0,26,92.0
2024-04-22,SKU0130,137.0,0.0,26,92.0
2024-05-01,SKU0130,97.0,0.0,26,92.0
2024-05-08,SKU0130,65.0,182.0,26,92.0
2024-05-15,SKU0130,215.0,0.0,26,92.0
2024-05-22,SKU0130,186.0,0.0,26,92.0
2024-06-01,SKU0130,153.0,0.0,26,92.0
2024-06-08,SKU0130,126.0,0.0,26,92.0
2024-06-15,SKU0130,90.0,153.0,26,92.0
2024-06-22,SKU0130,47.0,153.0,26,92.0
2024-07-01,SKU0130,10.0,153.0,26,92.0
2024-07-08,SKU0130,138.0,0.0,26,92.0
2024-07-15,SKU0130,113.0,0.0,26,92.0
2024-07-22,SKU0130,86.0,228.0,26,92.0
2024-08-01,SKU0130,276.0,0.0,26,92.0
2024-08-08,SKU0130,252.0,0.0,26,92.0
2024-08-15,SKU0130,234.0,0.0,26,92.0
2024-08-22,SKU0130,213.0,0.0,26,92.0
2024-09-01,SKU0130,186.0,0.0,26,92.0
2024-09-08,SKU0130,163.0,0.0,26,92.0
2024-09-15,SKU0130,146.0,0.0,26,92.0
2024-09-22,SKU0130,128.0,0.0,26,92.0
2024-10-01,SKU0130,104.0,0.0,26,92.0
2024-10-08,SKU0130,88.0,189.0,26,92.0
2024-10-15,SKU0130,254.0,0.0,26,92.0
2024-10-22,SKU0130,214.0,0.0,26,92.0
2024-11-01,SKU0130,187.0,0.0,26,92.0
2024-11-08,SKU0130,160.0,0.0,26,92.0
2024-11-15,SKU0130,139.0,0.0,26,92.0
2024-11-22,SKU0130,115.0,0.0,26,92.0
2024-12-01,SKU0130,73.0,196.0,26,92.0
2024-12-08,SKU0130,246.0,0.0,26,92.0
2024-12-15,SKU0130,217.0,0.0,26,92.0
2024-12-22,SKU0130,194.0,0.0,26,92.0
2025-01-01,SKU0130,153.0,0.0,26,92.0
2025-01-08,SKU0130,109.0,0.0,26,92.0
2025-01-15,SKU0130,82.0,207.0,26,92.0
2025-01-22,SKU0130,55.0,207.0,26,92.0
2025-02-01,SKU0130,219.0,0.0,26,92.0
2025-02-08,SKU0130,185.0,0.0,26,92.0
2025-02-15,SKU0130,148.0,0.0,26,92.0
2025-02-22,SKU0130,117.0,0.0,26,92.0
2025-03-01,SKU0130,88.0,141.0,26,92.0
2025-03-08,SKU0130,50.0,141.0,26,92.0
2025-03-15,SKU0130,17.0,141.0,26,92.0
2025-03-22,SKU0130,134.0,0.0,26,92.0
2025-04-01,SKU0130,76.0,179.0,26,92.0
2025-04-08,SKU0130,35.0,179.0,26,92.0
2025-04-15,SKU0130,179.0,0.0,26,92.0
2025-04-22,SKU0130,138.0,0.0,26,92.0
2025-05-01,SKU0130,89.0,194.0,26,92.0
2025-05-08,SKU0130,49.0,194.0,26,92.0
2025-05-15,SKU0130,204.0,0.0,26,92.0
2025-05-22,SKU0130,170.0,0.0,26,92.0
2025-06-01,SKU0130,114.0,0.0,26,92.0
2025-06-08,SKU0130,217.0,0.0,26,92.0
2025-06-15,SKU0130,176.0,0.0,26,92.0
2025-06-22,SKU0130,120.0,0.0,26,92.0
2025-07-01,SKU0130,70.0,139.0,26,92.0
2025-07-08,SKU0130,176.0,0.0,26,92.0
2025-07-15,SKU0130,142.0,0.0,26,92.0
2025-07-22,SKU0130,109.0,0.0,26,92.0
2025-08-01,SKU0130,289.0,0.0,26,92.0
2025-08-08,SKU0130,257.0,0.0,26,92.0
2025-08-15,SKU0130,227.0,0.0,26,92.0
2025-08-22,SKU0130,199.0,0.0,26,92.0
2025-09-01,SKU0130,161.0,0.0,26,92.0
2025-09-08,SKU0130,134.0,0.0,26,92.0
2025-09-15,SKU0130,104.0,0.0,26,92.0
2025-09-22,SKU0130,75.0,188.0,26,92.0
2025-10-01,SKU0130,31.0,188.0,26,92.0
2025-10-08,SKU0130,5.0,188.0,26,92.0
2025-10-15,SKU0130,182.0,0.0,26,92.0
2025-10-22,SKU0130,139.0,0.0,26,92.0
2025-11-01,SKU0130,104.0,0.0,26,92.0
2025-11-08,SKU0130,75.0,220.0,26,92.0
2025-11-15,SKU0130,269.0,0.0,26,92.0
2025-11-22,SKU0130,244.0,0.0,26,92.0
2025-12-01,SKU0130,177.0,0.0,26,92.0
2025-12-08,SKU0130,144.0,0.0,26,92.0
2025-12-15,SKU0130,110.0,0.0,26,92.0
2025-12-22,SKU0130,80.0,188.0,26,92.0
2025-04-01,SKU0131,0.0,973.0,16,557.0
2025-04-08,SKU0131,974.0,0.0,16,557.0
2025-04-15,SKU0131,638.0,0.0,16,557.0
2025-04-22,SKU0131,277.0,952.0,16,557.0
2025-05-01,SKU0131,747.0,0.0,16,557.0
2025-05-08,SKU0131,362.0,1310.0,16,557.0
2025-05-15,SKU0131,1346.0,0.0,16,557.0
2025-05-22,SKU0131,1015.0,0.0,16,557.0
2025-06-01,SKU0131,531.0,980.0,16,557.0
2025-06-08,SKU0131,217.0,980.0,16,557.0
2025-06-15,SKU0131,871.0,0.0,16,557.0
2025-06-22,SKU0131,341.0,1169.0,16,557.0
2025-07-01,SKU0131,1112.0,0.0,16,557.0
2025-07-08,SKU0131,900.0,0.0,16,557.0
2025-07-15,SKU0131,631.0,0.0,16,557.0
2025-07-22,SKU0131,360.0,967.0,16,557.0
2025-08-01,SKU0131,930.0,0.0,16,557.0
2025-08-08,SKU0131,738.0,0.0,16,557.0
2025-08-15,SKU0131,527.0,1061.0,16,557.0
2025-08-22,SKU0131,359.0,1061.0,16,557.0
2025-09-01,SKU0131,1159.0,0.0,16,557.0
2025-09-08,SKU0131,1040.0,0.0,16,557.0
2025-09-15,SKU0131,911.0,0.0,16,557.0
2025-09-22,SKU0131,743.0,0.0,16,557.0
2025-10-01,SKU0131,580.0,0.0,16,557.0
2025-10-08,SKU0131,433.0,1164.0,16,557.0
2025-10-15,SKU0131,313.0,1164.0,16,557.0
2025-10-22,SKU0131,1181.0,0.0,16,557.0
2025-11-01,SKU0131,1014.0,0.0,16,557.0
2025-11-08,SKU0131,794.0,0.0,16,557.0
2025-11-15,SKU0131,636.0,0.0,16,557.0
2025-11-22,SKU0131,455.0,1337.0,16,557.0
2025-12-01,SKU0131,59.0,1337.0,16,557.0
2025-12-08,SKU0131,1226.0,0.0,16,557.0
2025-12-15,SKU0131,966.0,0.0,16,557.0
2025-12-22,SKU0131,781.0,0.0,16,557.0
2025-03-08,SKU0132,15.0,538.0,10,322.0
2025-03-15,SKU0132,424.0,0.0,10,322.0
2025-03-22,SKU0132,735.0,0.0,10,322.0
2025-04-01,SKU0132,329.0,0.0,10,322.0
2025-04-08,SKU0132,54.0,631.0,10,322.0
2025-04-15,SKU0132,484.0,0.0,10,322.0
2025-04-22,SKU0132,964.0,0.0,10,322.0
2025-05-01,SKU0132,582.0,0.0,10,322.0
2025-05-08,SKU0132,303.0,704.0,10,322.0
2025-05-15,SKU0132,729.0,0.0,10,322.0
2025-05-22,SKU0132,438.0,0.0,10,322.0
2025-06-01,SKU0132,767.0,0.0,10,322.0
2025-06-08,SKU0132,526.0,0.0,10,322.0
2025-06-15,SKU0132,235.0,504.0,10,322.0
2025-06-22,SKU0132,415.0,0.0,10,322.0
2025-07-01,SKU0132,831.0,0.0,10,322.0
2025-07-08,SKU0132,603.0,0.0,10,322.0
2025-07-15,SKU0132,387.0,0.0,10,322.0
2025-07-22,SKU0132,849.0,0.0,10,322.0
2025-08-01,SKU0132,541.0,0.0,10,322.0
2025-08-08,SKU0132,374.0,0.0,10,322.0
2025-08-15,SKU0132,213.0,589.0,10,322.0
2025-08-22,SKU0132,632.0,0.0,10,322.0
2025-09-01,SKU0132,376.0,0.0,10,322.0
2025-09-08,SKU0132,936.0,0.0,10,322.0
2025-09-15,SKU0132,798.0,0.0,10,322.0
2025-09-22,SKU0132,649.0,0.0,10,322.0
2025-10-01,SKU0132,444.0,0.0,10,322.0
2025-10-08,SKU0132,324.0,0.0,10,322.0
2025-10-15,SKU0132,172.0,586.0,10,322.0
2025-10-22,SKU0132,518.0,0.0,10,322.0
2025-11-01,SKU0132,313.0,497.0,10,322.0
2025-11-08,SKU0132,653.0,0.0,10,322.0
2025-11-15,SKU0132,516.0,0.0,10,322.0
2025-11-22,SKU0132,368.0,0.0,10,322.0
2025-12-01,SKU0132,845.0,0.0,10,322.0
2025-12-08,SKU0132,667.0,0.0,10,322.0
2025-12-15,SKU0132,481.0,0.0,10,322.0
2025-12-22,SKU0132,285.0,710.0,10,322.0
2025-03-22,SKU0133,198.0,0.0,12,171.0
2025-04-01,SKU0133,359.0,0.0,12,171.0
2025-04-08,SKU0133,252.0,0.0,12,171.0
2025-04-15,SKU0133,108.0,339.0,12,171.0
2025-04-22,SKU0133,1.0,339.0,12,171.0
2025-05-01,SKU0133,219.0,0.0,12,171.0
2025-05-08,SKU0133,370.0,0.0,12,171.0
2025-05-15,SKU0133,235.0,0.0,12,171.0
2025-05-22,SKU0133,104.0,384.0,12,171.0
2025-06-01,SKU0133,357.0,0.0,12,171.0
2025-06-08,SKU0133,247.0,0.0,12,171.0
2025-06-15,SKU0133,145.0,426.0,12,171.0
2025-06-22,SKU0133,1.0,426.0,12,171.0
2025-07-01,SKU0133,301.0,0.0,12,171.0
2025-07-08,SKU0133,212.0,0.0,12,171.0
2025-07-15,SKU0133,114.0,283.0,12,171.0
2025-07-22,SKU0133,296.0,0.0,12,171.0
2025-08-01,SKU0133,140.0,377.0,12,171.0
2025-08-08,SKU0133,64.0,377.0,12,171.0
2025-08-15,SKU0133,352.0,0.0,12,171.0
2025-08-22,SKU0133,258.0,0.0,12,171.0
2025-09-01,SKU0133,104.0,257.0,12,171.0
2025-09-08,SKU0133,278.0,0.0,12,171.0
2025-09-15,SKU0133,201.0,0.0,12,171.0
2025-09-22,SKU0133,111.0,340.0,12,171.0
2025-10-01,SKU0133,360.0,0.0,12,171.0
2025-10-08,SKU0133,280.0,0.0,12,171.0
2025-10-15,SKU0133,210.0,0.0,12,171.0
2025-10-22,SKU0133,424.0,0.0,12,171.0
2025-11-01,SKU0133,321.0,0.0,12,171.0
2025-11-08,SKU0133,264.0,0.0,12,171.0
2025-11-15,SKU0133,190.0,0.0,12,171.0
2025-11-22,SKU0133,112.0,302.0,12,171.0
2025-12-01,SKU0133,259.0,0.0,12,171.0
2025-12-08,SKU0133,166.0,346.0,12,171.0
2025-12-15,SKU0133,77.0,346.0,12,171.0
2025-12-22,SKU0133,350.0,0.0,12,171.0
2025-02-08,SKU0134,115.0,1746.0,19,873.0
2025-02-15,SKU0134,0.0,1746.0,19,873.0
2025-02-22,SKU0134,0.0,1746.0,19,873.0
2025-03-01,SKU0134,1611.0,0.0,19,873.0
2025-03-08,SKU0134,1267.0,0.0,19,873.0
2025-03-15,SKU0134,912.0,0.0,19,873.0
2025-03-22,SKU0134,2800.0,0.0,19,873.0
2025-04-01,SKU0134,2315.0,0.0,19,873.0
2025-04-08,SKU0134,1962.0,0.0,19,873.0
2025-04-15,SKU0134,1667.0,0.0,19,873.0
2025-04-22,SKU0134,1313.0,0.0,19,873.0
2025-05-01,SKU0134,864.0,1871.0,19,873.0
2025-05-08,SKU0134,489.0,1871.0,19,873.0
2025-05-15,SKU0134,2043.0,0.0,19,873.0
2025-05-22,SKU0134,1693.0,0.0,19,873.0
2025-06-01,SKU0134,1223.0,0.0,19,873.0
2025-06-08,SKU0134,957.0,0.0,19,873.0
2025-06-15,SKU0134,611.0,1817.0,19,873.0
2025-06-22,SKU0134,1933.0,0.0,19,873.0
2025-07-01,SKU0134,1564.0,0.0,19,873.0
2025-07-08,SKU0134,1325.0,0.0,19,873.0
2025-07-15,SKU0134,1077.0,0.0,19,873.0
2025-07-22,SKU0134,837.0,1477.0,19,873.0
2025-08-01,SKU0134,1951.0,0.0,19,873.0
2025-08-08,SKU0134,1712.0,0.0,19,873.0
2025-08-15,SKU0134,1517.0,0.0,19,873.0
2025-08-22,SKU0134,1322.0,0.0,19,873.0
2025-09-01,SKU0134,1027.0,0.0,19,873.0
2025-09-08,SKU0134,860.0,1971.0,19,873.0
2025-09-15,SKU0134,669.0,1971.0,19,873.0
2025-09-22,SKU0134,483.0,1971.0,19,873.0
2025-10-01,SKU0134,2191.0,0.0,19,873.0
2025-10-08,SKU0134,2021.0,0.0,19,873.0
2025-10-15,SKU0134,1830.0,0.0,19,873.0
2025-10-22,SKU0134,1533.0,0.0,19,873.0
2025-11-01,SKU0134,1291.0,0.0,19,873.0
2025-11-08,SKU0134,1105.0,0.0,19,873.0
2025-11-15,SKU0134,927.0,0.0,19,873.0
2025-11-22,SKU0134,2417.0,0.0,19,873.0
2025-12-01,SKU0134,1970.0,0.0,19,873.0
2025-12-08,SKU0134,1734.0,0.0,19,873.0
2025-12-15,SKU0134,1495.0,0.0,19,873.0
2025-12-22,SKU0134,1295.0,0.0,19,873.0
2024-10-15,SKU0135,27.0,735.0,14,348.0
2024-10-22,SKU0135,1.0,735.0,14,348.0
2024-11-01,SKU0135,622.0,0.0,14,348.0
2024-11-08,SKU0135,445.0,0.0,14,348.0
2024-11-15,SKU0135,311.0,641.0,14,348.0
2024-11-22,SKU0135,139.0,641.0,14,348.0
2024-12-01,SKU0135,453.0,0.0,14,348.0
2024-12-08,SKU0135,261.0,864.0,14,348.0
2024-12-15,SKU0135,901.0,0.0,14,348.0
2024-12-22,SKU0135,742.0,0.0,14,348.0
2025-01-01,SKU0135,431.0,0.0,14,348.0
2025-01-08,SKU0135,645.0,0.0,14,348.0
2025-01-15,SKU0135,436.0,0.0,14,348.0
2025-01-22,SKU0135,819.0,0.0,14,348.0
2025-02-01,SKU0135,541.0,0.0,14,348.0
2025-02-08,SKU0135,289.0,790.0,14,348.0
2025-02-15,SKU0135,39.0,790.0,14,348.0
2025-02-22,SKU0135,597.0,0.0,14,348.0
2025-03-01,SKU0135,381.0,0.0,14,348.0
2025-03-08,SKU0135,80.0,820.0,14,348.0
2025-03-15,SKU0135,0.0,820.0,14,348.0
2025-03-22,SKU0135,620.0,0.0,14,348.0
2025-04-01,SKU0135,1003.0,0.0,14,348.0
2025-04-08,SKU0135,760.0,0.0,14,348.0
2025-04-15,SKU0135,460.0,0.0,14,348.0
2025-04-22,SKU0135,201.0,578.0,14,348.0
2025-05-01,SKU0135,405.0,0.0,14,348.0
2025-05-08,SKU0135,176.0,685.0,14,348.0
2025-05-15,SKU0135,553.0,0.0,14,348.0
2025-05-22,SKU0135,280.0,606.0,14,348.0
2025-06-01,SKU0135,528.0,0.0,14,348.0
2025-06-08,SKU0135,264.0,730.0,14,348.0
2025-06-15,SKU0135,688.0,0.0,14,348.0
2025-06-22,SKU0135,234.0,827.0,14,348.0
2025-07-01,SKU0135,709.0,0.0,14,348.0
2025-07-08,SKU0135,440.0,0.0,14,348.0
2025-07-15,SKU0135,231.0,571.0,14,348.0
2025-07-22,SKU0135,611.0,0.0,14,348.0
2025-08-01,SKU0135,266.0,808.0,14,348.0
2025-08-08,SKU0135,855.0,0.0,14,348.0
2025-08-15,SKU0135,641.0,0.0,14,348.0
2025-08-22,SKU0135,476.0,0.0,14,348.0
2025-09-01,SKU0135,1098.0,0.0,14,348.0
2025-09-08,SKU0135,964.0,0.0,14,348.0
2025-09-15,SKU0135,781.0,0.0,14,348.0
2025-09-22,SKU0135,594.0,0.0,14,348.0
2025-10-01,SKU0135,364.0,0.0,14,348.0
2025-10-08,SKU0135,202.0,761.0,14,348.0
2025-10-15,SKU0135,783.0,0.0,14,348.0
2025-10-22,SKU0135,549.0,0.0,14,348.0
2025-11-01,SKU0135,357.0,0.0,14,348.0
2025-11-08,SKU0135,144.0,757.0,14,348.0
2025-11-15,SKU0135,717.0,0.0,14,348.0
2025-11-22,SKU0135,535.0,0.0,14,348.0
2025-12-01,SKU0135,170.0,613.0,14,348.0
2025-12-08,SKU0135,614.0,0.0,14,348.0
2025-12-15,SKU0135,414.0,0.0,14,348.0
2025-12-22,SKU0135,1011.0,0.0,14,348.0
2025-04-08,SKU0136,318.0,0.0,8,21.0
2025-04-15,SKU0136,296.0,0.0,8,21.0
2025-04-22,SKU0136,275.0,0.0,8,21.0
2025-05-01,SKU0136,246.0,0.0,8,21.0
2025-05-08,SKU0136,224.0,0.0,8,21.0
2025-05-15,SKU0136,199.0,0.0,8,21.0
2025-05-22,SKU0136,174.0,0.0,8,21.0
2025-06-01,SKU0136,144.0,0.0,8,21.0
2025-06-08,SKU0136,124.0,0.0,8,21.0
2025-06-15,SKU0136,101.0,0.0,8,21.0
2025-06-22,SKU0136,67.0,0.0,8,21.0
2025-07-01,SKU0136,41.0,0.0,8,21.0
2025-07-08,SKU0136,24.0,0.0,8,21.0
2025-07-15,SKU0136,40.0,0.0,8,21.0
2025-07-22,SKU0136,23.0,0.0,8,21.0
2025-08-01,SKU0136,44.0,0.0,8,21.0
2025-08-08,SKU0136,28.0,0.0,8,21.0
2025-08-15,SKU0136,13.0,49.0,8,21.0
2025-08-22,SKU0136,46.0,0.0,8,21.0
2025-09-01,SKU0136,25.0,0.0,8,21.0
2025-09-08,SKU0136,10.0,43.0,8,21.0
2025-09-15,SKU0136,41.0,0.0,8,21.0
2025-09-22,SKU0136,29.0,0.0,8,21.0
2025-10-01,SKU0136,13.0,46.0,8,21.0
2025-10-08,SKU0136,48.0,0.0,8,21.0
2025-10-15,SKU0136,34.0,0.0,8,21.0
2025-10-22,SKU0136,14.0,36.0,8,21.0
2025-11-01,SKU0136,32.0,0.0,8,21.0
2025-11-08,SKU0136,18.0,34.0,8,21.0
2025-11-15,SKU0136,38.0,0.0,8,21.0
2025-11-22,SKU0136,24.0,0.0,8,21.0
2025-12-01,SKU0136,48.0,0.0,8,21.0
2025-12-08,SKU0136,32.0,0.0,8,21.0
2025-12-15,SKU0136,47.0,0.0,8,21.0
2025-12-22,SKU0136,31.0,0.0,8,21.0
2024-04-15,SKU0137,266.0,0.0,23,112.0
2024-04-22,SKU0137,223.0,0.0,23,112.0
2024-05-01,SKU0137,162.0,0.0,23,112.0
2024-05-08,SKU0137,117.0,0.0,23,112.0
2024-05-15,SKU0137,75.0,268.0,23,112.0
2024-05-22,SKU0137,24.0,268.0,23,112.0
2024-06-01,SKU0137,231.0,0.0,23,112.0
2024-06-08,SKU0137,190.0,0.0,23,112.0
2024-06-15,SKU0137,144.0,0.0,23,112.0
2024-06-22,SKU0137,77.0,210.0,23,112.0
2024-07-01,SKU0137,27.0,210.0,23,112.0
2024-07-08,SKU0137,1.0,210.0,23,112.0
2024-07-15,SKU0137,196.0,0.0,23,112.0
2024-07-22,SKU0137,160.0,0.0,23,112.0
2024-08-01,SKU0137,109.0,212.0,23,112.0
2024-08-08,SKU0137,297.0,0.0,23,112.0
2024-08-15,SKU0137,267.0,0.0,23,112.0
2024-08-22,SKU0137,246.0,0.0,23,112.0
2024-09-01,SKU0137,212.0,0.0,23,112.0
2024-09-08,SKU0137,195.0,0.0,23,112.0
2024-09-15,SKU0137,173.0,0.0,23,112.0
2024-09-22,SKU0137,155.0,0.0,23,112.0
2024-10-01,SKU0137,128.0,0.0,23,112.0
2024-10-08,SKU0137,111.0,261.0,23,112.0
2024-10-15,SKU0137,345.0,0.0,23,112.0
2024-10-22,SKU0137,312.0,0.0,23,112.0
2024-11-01,SKU0137,282.0,0.0,23,112.0
2024-11-08,SKU0137,262.0,0.0,23,112.0
2024-11-15,SKU0137,243.0,0.0,23,112.0
2024-11-22,SKU0137,226.0,0.0,23,112.0
2024-12-01,SKU0137,179.0,0.0,23,112.0
2024-12-08,SKU0137,146.0,0.0,23,112.0
2024-12-15,SKU0137,114.0,0.0,23,112.0
2024-12-22,SKU0137,275.0,0.0,23,112.0
2025-01-01,SKU0137,220.0,0.0,23,112.0
2025-01-08,SKU0137,153.0,0.0,23,112.0
2025-01-15,SKU0137,116.0,0.0,23,112.0
2025-01-22,SKU0137,78.0,253.0,23,112.0
2025-02-01,SKU0137,24.0,253.0,23,112.0
2025-02-08,SKU0137,227.0,0.0,23,112.0
2025-02-15,SKU0137,181.0,0.0,23,112.0
2025-02-22,SKU0137,134.0,0.0,23,112.0
2025-03-01,SKU0137,251.0,0.0,23,112.0
2025-03-08,SKU0137,196.0,0.0,23,112.0
2025-03-15,SKU0137,140.0,0.0,23,112.0
2025-03-22,SKU0137,342.0,0.0,23,112.0
2025-04-01,SKU0137,262.0,0.0,23,112.0
2025-04-08,SKU0137,197.0,0.0,23,112.0
2025-04-15,SKU0137,135.0,0.0,23,112.0
2025-04-22,SKU0137,71.0,217.0,23,112.0
2025-05-01,SKU0137,0.0,217.0,23,112.0
2025-05-08,SKU0137,199.0,0.0,23,112.0
2025-05-15,SKU0137,137.0,0.0,23,112.0
2025-05-22,SKU0137,81.0,206.0,23,112.0
2025-06-01,SKU0137,204.0,0.0,23,112.0
2025-06-08,SKU0137,149.0,0.0,23,112.0
2025-06-15,SKU0137,89.0,232.0,23,112.0
2025-06-22,SKU0137,238.0,0.0,23,112.0
2025-07-01,SKU0137,164.0,0.0,23,112.0
2025-07-08,SKU0137,121.0,0.0,23,112.0
2025-07-15,SKU0137,245.0,0.0,23,112.0
2025-07-22,SKU0137,202.0,0.0,23,112.0
2025-08-01,SKU0137,132.0,0.0,23,112.0
2025-08-08,SKU0137,92.0,223.0,23,112.0
2025-08-15,SKU0137,61.0,223.0,23,112.0
2025-08-22,SKU0137,35.0,223.0,23,112.0
2025-09-01,SKU0137,212.0,0.0,23,112.0
2025-09-08,SKU0137,185.0,0.0,23,112.0
2025-09-15,SKU0137,160.0,0.0,23,112.0
2025-09-22,SKU0137,131.0,0.0,23,112.0
2025-10-01,SKU0137,98.0,198.0,23,112.0
2025-10-08,SKU0137,73.0,198.0,23,112.0
2025-10-15,SKU0137,249.0,0.0,23,112.0
2025-10-22,SKU0137,212.0,0.0,23,112.0
2025-11-01,SKU0137,179.0,0.0,23,112.0
2025-11-08,SKU0137,152.0,0.0,23,112.0
2025-11-15,SKU0137,128.0,0.0,23,112.0
2025-11-22,SKU0137,99.0,272.0,23,112.0
2025-12-01,SKU0137,313.0,0.0,23,112.0
2025-12-08,SKU0137,282.0,0.0,23,112.0
2025-12-15,SKU0137,244.0,0.0,23,112.0
2025-12-22,SKU0137,206.0,0.0,23,112.0
2024-08-01,SKU0138,316.0,0.0,17,254.0
2024-08-08,SKU0138,226.0,527.0,17,254.0
2024-08-15,SKU0138,646.0,0.0,17,254.0
2024-08-22,SKU0138,532.0,0.0,17,254.0
2024-09-01,SKU0138,389.0,0.0,17,254.0
2024-09-08,SKU0138,269.0,0.0,17,254.0
2024-09-15,SKU0138,156.0,448.0,17,254.0
2024-09-22,SKU0138,494.0,0.0,17,254.0
2024-10-01,SKU0138,369.0,0.0,17,254.0
2024-10-08,SKU0138,256.0,0.0,17,254.0
2024-10-15,SKU0138,135.0,491.0,17,254.0
2024-10-22,SKU0138,492.0,0.0,17,254.0
2024-11-01,SKU0138,336.0,0.0,17,254.0
2024-11-08,SKU0138,835.0,0.0,17,254.0
2024-11-15,SKU0138,707.0,0.0,17,254.0
2024-11-22,SKU0138,618.0,0.0,17,254.0
2024-12-01,SKU0138,373.0,0.0,17,254.0
2024-12-08,SKU0138,247.0,583.0,17,254.0
2024-12-15,SKU0138,721.0,0.0,17,254.0
2024-12-22,SKU0138,600.0,0.0,17,254.0
2025-01-01,SKU0138,419.0,0.0,17,254.0
2025-01-08,SKU0138,217.0,516.0,17,254.0
2025-01-15,SKU0138,621.0,0.0,17,254.0
2025-01-22,SKU0138,495.0,0.0,17,254.0
2025-02-01,SKU0138,304.0,0.0,17,254.0
2025-02-08,SKU0138,154.0,530.0,17,254.0
2025-02-15,SKU0138,19.0,530.0,17,254.0
2025-02-22,SKU0138,440.0,0.0,17,254.0
2025-03-01,SKU0138,283.0,0.0,17,254.0
2025-03-08,SKU0138,619.0,0.0,17,254.0
2025-03-15,SKU0138,440.0,0.0,17,254.0
2025-03-22,SKU0138,287.0,0.0,17,254.0
2025-04-01,SKU0138,71.0,468.0,17,254.0
2025-04-08,SKU0138,0.0,468.0,17,254.0
2025-04-15,SKU0138,344.0,0.0,17,254.0
2025-04-22,SKU0138,175.0,527.0,17,254.0
2025-05-01,SKU0138,485.0,0.0,17,254.0
2025-05-08,SKU0138,328.0,0.0,17,254.0
2025-05-15,SKU0138,689.0,0.0,17,254.0
2025-05-22,SKU0138,538.0,0.0,17,254.0
2025-06-01,SKU0138,305.0,0.0,17,254.0
2025-06-08,SKU0138,137.0,435.0,17,254.0
2025-06-15,SKU0138,0.0,435.0,17,254.0
2025-06-22,SKU0138,251.0,465.0,17,254.0
2025-07-01,SKU0138,55.0,465.0,17,254.0
2025-07-08,SKU0138,374.0,0.0,17,254.0
2025-07-15,SKU0138,193.0,553.0,17,254.0
2025-07-22,SKU0138,595.0,0.0,17,254.0
2025-08-01,SKU0138,374.0,0.0,17,254.0
2025-08-08,SKU0138,241.0,561.0,17,254.0
2025-08-15,SKU0138,81.0,561.0,17,254.0
2025-08-22,SKU0138,1.0,561.0,17,254.0
2025-09-01,SKU0138,389.0,0.0,17,254.0
2025-09-08,SKU0138,253.0,611.0,17,254.0
2025-09-15,SKU0138,733.0,0.0,17,254.0
2025-09-22,SKU0138,591.0,0.0,17,254.0
2025-10-01,SKU0138,406.0,0.0,17,254.0
2025-10-08,SKU0138,290.0,0.0,17,254.0
2025-10-15,SKU0138,723.0,0.0,17,254.0
2025-10-22,SKU0138,514.0,0.0,17,254.0
2025-11-01,SKU0138,338.0,0.0,17,254.0
2025-11-08,SKU0138,188.0,395.0,17,254.0
2025-11-15,SKU0138,73.0,395.0,17,254.0
2025-11-22,SKU0138,318.0,0.0,17,254.0
2025-12-01,SKU0138,1.0,383.0,17,254.0
2025-12-08,SKU0138,299.0,0.0,17,254.0
2025-12-15,SKU0138,142.0,511.0,17,254.0
2025-12-22,SKU0138,488.0,0.0,17,254.0
2025-04-01,SKU0139,1.0,675.0,29,876.0
2025-04-08,SKU0139,1.0,675.0,29,876.0
2025-04-15,SKU0139,1.0,675.0,29,876.0
2025-04-22,SKU0139,675.0,0.0,29,876.0
2025-05-01,SKU0139,360.0,596.0,29,876.0
2025-05-08,SKU0139,129.0,596.0,29,876.0
2025-05-15,SKU0139,0.0,596.0,29,876.0
2025-05-22,SKU0139,552.0,697.0,29,876.0
2025-06-01,SKU0139,273.0,697.0,29,876.0
2025-06-08,SKU0139,50.0,697.0,29,876.0
2025-06-15,SKU0139,0.0,697.0,29,876.0
2025-06-22,SKU0139,590.0,0.0,29,876.0
2025-07-01,SKU0139,310.0,539.0,29,876.0
2025-07-08,SKU0139,131.0,539.0,29,876.0
2025-07-15,SKU0139,1.0,539.0,29,876.0
2025-07-22,SKU0139,445.0,496.0,29,876.0
2025-08-01,SKU0139,214.0,496.0,29,876.0
2025-08-08,SKU0139,78.0,496.0,29,876.0
2025-08-15,SKU0139,1.0,496.0,29,876.0
2025-08-22,SKU0139,375.0,451.0,29,876.0
2025-09-01,SKU0139,227.0,451.0,29,876.0
2025-09-08,SKU0139,125.0,451.0,29,876.0
2025-09-15,SKU0139,473.0,539.0,29,876.0
2025-09-22,SKU0139,368.0,539.0,29,876.0
2025-10-01,SKU0139,233.0,539.0,29,876.0
2025-10-08,SKU0139,147.0,539.0,29,876.0
2025-10-15,SKU0139,566.0,565.0,29,876.0
2025-10-22,SKU0139,403.0,565.0,29,876.0
2025-11-01,SKU0139,259.0,565.0,29,876.0
2025-11-08,SKU0139,157.0,565.0,29,876.0
2025-11-15,SKU0139,624.0,441.0,29,876.0
2025-11-22,SKU0139,509.0,441.0,29,876.0
2025-12-01,SKU0139,274.0,441.0,29,876.0
2025-12-08,SKU0139,123.0,441.0,29,876.0
2025-12-15,SKU0139,432.0,501.0,29,876.0
2025-12-22,SKU0139,302.0,501.0,29,876.0
2025-01-08,SKU0140,70.0,669.0,8,279.0
2025-01-15,SKU0140,642.0,0.0,8,279.0
2025-01-22,SKU0140,418.0,0.0,8,279.0
2025-02-01,SKU0140,719.0,0.0,8,279.0
2025-02-08,SKU0140,434.0,0.0,8,279.0
2025-02-15,SKU0140,633.0,0.0,8,279.0
2025-02-22,SKU0140,330.0,0.0,8,279.0
2025-03-01,SKU0140,67.0,567.0,8,279.0
2025-03-08,SKU0140,314.0,0.0,8,279.0
2025-03-15,SKU0140,530.0,0.0,8,279.0
2025-03-22,SKU0140,189.0,459.0,8,279.0
2025-04-01,SKU0140,226.0,658.0,8,279.0
2025-04-08,SKU0140,536.0,0.0,8,279.0
2025-04-15,SKU0140,204.0,487.0,8,279.0
2025-04-22,SKU0140,375.0,0.0,8,279.0
2025-05-01,SKU0140,467.0,0.0,8,279.0
2025-05-08,SKU0140,632.0,0.0,8,279.0
2025-05-15,SKU0140,271.0,445.0,8,279.0
2025-05-22,SKU0140,446.0,0.0,8,279.0
2025-06-01,SKU0140,585.0,0.0,8,279.0
2025-06-08,SKU0140,280.0,0.0,8,279.0
2025-06-15,SKU0140,518.0,0.0,8,279.0
2025-06-22,SKU0140,1.0,553.0,8,279.0
2025-07-01,SKU0140,256.0,539.0,8,279.0
2025-07-08,SKU0140,0.0,539.0,8,279.0
2025-07-15,SKU0140,324.0,0.0,8,279.0
2025-07-22,SKU0140,638.0,0.0,8,279.0
2025-08-01,SKU0140,240.0,447.0,8,279.0
2025-08-08,SKU0140,475.0,0.0,8,279.0
2025-08-15,SKU0140,203.0,638.0,8,279.0
2025-08-22,SKU0140,603.0,0.0,8,279.0
2025-09-01,SKU0140,325.0,0.0,8,279.0
2025-09-08,SKU0140,107.0,442.0,8,279.0
2025-09-15,SKU0140,334.0,0.0,8,279.0
2025-09-22,SKU0140,627.0,0.0,8,279.0
2025-10-01,SKU0140,358.0,0.0,8,279.0
2025-10-08,SKU0140,675.0,0.0,8,279.0
2025-10-15,SKU0140,490.0,0.0,8,279.0
2025-10-22,SKU0140,178.0,486.0,8,279.0
2025-11-01,SKU0140,422.0,0.0,8,279.0
2025-11-08,SKU0140,207.0,492.0,8,279.0
2025-11-15,SKU0140,501.0,0.0,8,279.0
2025-11-22,SKU0140,293.0,0.0,8,279.0
2025-12-01,SKU0140,577.0,0.0,8,279.0
2025-12-08,SKU0140,358.0,0.0,8,279.0
2025-12-15,SKU0140,120.0,560.0,8,279.0
2025-12-22,SKU0140,449.0,0.0,8,279.0
2024-06-15,SKU0141,38.0,1821.0,18,533.0
2024-06-22,SKU0141,1.0,1821.0,18,533.0
2024-07-01,SKU0141,1735.0,0.0,18,533.0
2024-07-08,SKU0141,1510.0,0.0,18,533.0
2024-07-15,SKU0141,1310.0,0.0,18,533.0
2024-07-22,SKU0141,1096.0,0.0,18,533.0
2024-08-01,SKU0141,805.0,0.0,18,533.0
2024-08-08,SKU0141,682.0,0.0,18,533.0
2024-08-15,SKU0141,553.0,0.0,18,533.0
2024-08-22,SKU0141,1977.0,0.0,18,533.0
2024-09-01,SKU0141,1729.0,0.0,18,533.0
2024-09-08,SKU0141,1609.0,0.0,18,533.0
2024-09-15,SKU0141,1451.0,0.0,18,533.0
2024-09-22,SKU0141,1279.0,0.0,18,533.0
2024-10-01,SKU0141,1051.0,0.0,18,533.0
2024-10-08,SKU0141,934.0,0.0,18,533.0
2024-10-15,SKU0141,815.0,0.0,18,533.0
2024-10-22,SKU0141,611.0,0.0,18,533.0
2024-11-01,SKU0141,2587.0,0.0,18,533.0
2024-11-08,SKU0141,2459.0,0.0,18,533.0
2024-11-15,SKU0141,2320.0,0.0,18,533.0
2024-11-22,SKU0141,2226.0,0.0,18,533.0
2024-12-01,SKU0141,1972.0,0.0,18,533.0
2024-12-08,SKU0141,1792.0,0.0,18,533.0
2024-12-15,SKU0141,1627.0,0.0,18,533.0
2024-12-22,SKU0141,1451.0,0.0,18,533.0
2025-01-01,SKU0141,1179.0,0.0,18,533.0
2025-01-08,SKU0141,840.0,0.0,18,533.0
2025-01-15,SKU0141,644.0,0.0,18,533.0
2025-01-22,SKU0141,446.0,1969.0,18,533.0
2025-02-01,SKU0141,2153.0,0.0,18,533.0
2025-02-08,SKU0141,1910.0,0.0,18,533.0
2025-02-15,SKU0141,1660.0,0.0,18,533.0
2025-02-22,SKU0141,1426.0,0.0,18,533.0
2025-03-01,SKU0141,1182.0,0.0,18,533.0
2025-03-08,SKU0141,921.0,0.0,18,533.0
2025-03-15,SKU0141,669.0,0.0,18,533.0
2025-03-22,SKU0141,404.0,1633.0,18,533.0
2025-04-01,SKU0141,1706.0,0.0,18,533.0
2025-04-08,SKU0141,1458.0,0.0,18,533.0
2025-04-15,SKU0141,1210.0,0.0,18,533.0
2025-04-22,SKU0141,960.0,0.0,18,533.0
2025-05-01,SKU0141,603.0,0.0,18,533.0
2025-05-08,SKU0141,381.0,2049.0,18,533.0
2025-05-15,SKU0141,161.0,2049.0,18,533.0
2025-05-22,SKU0141,1968.0,0.0,18,533.0
2025-06-01,SKU0141,1658.0,0.0,18,533.0
2025-06-08,SKU0141,1422.0,0.0,18,533.0
2025-06-15,SKU0141,1202.0,0.0,18,533.0
2025-06-22,SKU0141,832.0,0.0,18,533.0
2025-07-01,SKU0141,605.0,0.0,18,533.0
2025-07-08,SKU0141,422.0,2078.0,18,533.0
2025-07-15,SKU0141,2339.0,0.0,18,533.0
2025-07-22,SKU0141,2163.0,0.0,18,533.0
2025-08-01,SKU0141,1927.0,0.0,18,533.0
2025-08-08,SKU0141,1767.0,0.0,18,533.0
2025-08-15,SKU0141,1643.0,0.0,18,533.0
2025-08-22,SKU0141,1502.0,0.0,18,533.0
2025-09-01,SKU0141,1267.0,0.0,18,533.0
2025-09-08,SKU0141,1162.0,0.0,18,533.0
2025-09-15,SKU0141,1050.0,0.0,18,533.0
2025-09-22,SKU0141,914.0,0.0,18,533.0
2025-10-01,SKU0141,742.0,0.0,18,533.0
2025-10-08,SKU0141,618.0,0.0,18,533.0
2025-10-15,SKU0141,470.0,1904.0,18,533.0
2025-10-22,SKU0141,268.0,1904.0,18,533.0
2025-11-01,SKU0141,2012.0,0.0,18,533.0
2025-11-08,SKU0141,1886.0,0.0,18,533.0
2025-11-15,SKU0141,1744.0,0.0,18,533.0
2025-11-22,SKU0141,1652.0,0.0,18,533.0
2025-12-01,SKU0141,1365.0,0.0,18,533.0
2025-12-08,SKU0141,1236.0,0.0,18,533.0
2025-12-15,SKU0141,1103.0,0.0,18,533.0
2025-12-22,SKU0141,979.0,0.0,18,533.0
2025-02-01,SKU0142,104.0,865.0,27,449.0
2025-02-08,SKU0142,0.0,865.0,27,449.0
2025-02-15,SKU0142,0.0,865.0,27,449.0
2025-02-22,SKU0142,0.0,865.0,27,449.0
2025-03-01,SKU0142,821.0,0.0,27,449.0
2025-03-08,SKU0142,700.0,0.0,27,449.0
2025-03-15,SKU0142,572.0,0.0,27,449.0
2025-03-22,SKU0142,442.0,976.0,27,449.0
2025-04-01,SKU0142,1234.0,0.0,27,449.0
2025-04-08,SKU0142,1101.0,0.0,27,449.0
2025-04-15,SKU0142,974.0,0.0,27,449.0
2025-04-22,SKU0142,841.0,0.0,27,449.0
2025-05-01,SKU0142,678.0,0.0,27,449.0
2025-05-08,SKU0142,568.0,0.0,27,449.0
2025-05-15,SKU0142,451.0,0.0,27,449.0
2025-05-22,SKU0142,1244.0,0.0,27,449.0
2025-06-01,SKU0142,1076.0,0.0,27,449.0
2025-06-08,SKU0142,955.0,0.0,27,449.0
2025-06-15,SKU0142,825.0,0.0,27,449.0
2025-06-22,SKU0142,625.0,0.0,27,449.0
2025-07-01,SKU0142,486.0,0.0,27,449.0
2025-07-08,SKU0142,384.0,781.0,27,449.0
2025-07-15,SKU0142,1066.0,0.0,27,449.0
2025-07-22,SKU0142,969.0,0.0,27,449.0
2025-08-01,SKU0142,820.0,0.0,27,449.0
2025-08-08,SKU0142,738.0,0.0,27,449.0
2025-08-15,SKU0142,652.0,0.0,27,449.0
2025-08-22,SKU0142,565.0,0.0,27,449.0
2025-09-01,SKU0142,463.0,0.0,27,449.0
2025-09-08,SKU0142,1444.0,0.0,27,449.0
2025-09-15,SKU0142,1359.0,0.0,27,449.0
2025-09-22,SKU0142,1282.0,0.0,27,449.0
2025-10-01,SKU0142,1186.0,0.0,27,449.0
2025-10-08,SKU0142,1121.0,0.0,27,449.0
2025-10-15,SKU0142,1041.0,0.0,27,449.0
2025-10-22,SKU0142,906.0,0.0,27,449.0
2025-11-01,SKU0142,801.0,0.0,27,449.0
2025-11-08,SKU0142,718.0,0.0,27,449.0
2025-11-15,SKU0142,637.0,0.0,27,449.0
2025-11-22,SKU0142,574.0,0.0,27,449.0
2025-12-01,SKU0142,422.0,918.0,27,449.0
2025-12-08,SKU0142,326.0,918.0,27,449.0
2025-12-15,SKU0142,248.0,918.0,27,449.0
2025-12-22,SKU0142,1094.0,0.0,27,449.0
2024-12-08,SKU0143,146.0,0.0,8,60.0
2024-12-15,SKU0143,98.0,0.0,8,60.0
2024-12-22,SKU0143,46.0,37.0,8,60.0
2025-01-01,SKU0143,8.0,29.0,8,60.0
2025-01-08,SKU0143,1.0,27.0,8,60.0
2025-01-15,SKU0143,3.0,0.0,8,60.0
2025-01-22,SKU0143,19.0,40.0,8,60.0
2025-02-01,SKU0143,9.0,42.0,8,60.0
2025-02-08,SKU0143,11.0,27.0,8,60.0
2025-02-15,SKU0143,9.0,0.0,8,60.0
2025-02-22,SKU0143,0.0,25.0,8,60.0
2025-03-01,SKU0143,25.0,0.0,8,60.0
2025-03-08,SKU0143,0.0,28.0,8,60.0
2025-03-15,SKU0143,1.0,45.0,8,60.0
2025-03-22,SKU0143,1.0,26.0,8,60.0
2025-04-01,SKU0143,0.0,36.0,8,60.0
2025-04-08,SKU0143,1.0,47.0,8,60.0
2025-04-15,SKU0143,1.0,46.0,8,60.0
2025-04-22,SKU0143,2.0,47.0,8,60.0
2025-05-01,SKU0143,0.0,43.0,8,60.0
2025-05-08,SKU0143,1.0,26.0,8,60.0
2025-05-15,SKU0143,0.0,29.0,8,60.0
2025-05-22,SKU0143,5.0,0.0,8,60.0
2025-06-01,SKU0143,0.0,40.0,8,60.0
2025-06-08,SKU0143,16.0,0.0,8,60.0
2025-06-15,SKU0143,1.0,31.0,8,60.0
2025-06-22,SKU0143,22.0,27.0,8,60.0
2025-07-01,SKU0143,6.0,0.0,8,60.0
2025-07-08,SKU0143,19.0,0.0,8,60.0
2025-07-15,SKU0143,38.0,0.0,8,60.0
2025-07-22,SKU0143,1.0,47.0,8,60.0
2025-08-01,SKU0143,34.0,35.0,8,60.0
2025-08-08,SKU0143,36.0,46.0,8,60.0
2025-08-15,SKU0143,1.0,46.0,8,60.0
2025-08-22,SKU0143,0.0,26.0,8,60.0
2025-09-01,SKU0143,43.0,25.0,8,60.0
2025-09-08,SKU0143,6.0,25.0,8,60.0
2025-09-15,SKU0143,0.0,32.0,8,60.0
2025-09-22,SKU0143,0.0,28.0,8,60.0
2025-10-01,SKU0143,0.0,30.0,8,60.0
2025-10-08,SKU0143,0.0,36.0,8,60.0
2025-10-15,SKU0143,7.0,0.0,8,60.0
2025-10-22,SKU0143,0.0,43.0,8,60.0
2025-11-01,SKU0143,8.0,27.0,8,60.0
2025-11-08,SKU0143,4.0,0.0,8,60.0
2025-11-15,SKU0143,0.0,0.0,8,60.0
2025-11-22,SKU0143,34.0,25.0,8,60.0
2025-12-01,SKU0143,1.0,33.0,8,60.0
2025-12-08,SKU0143,19.0,44.0,8,60.0
2025-12-15,SKU0143,39.0,30.0,8,60.0
2025-12-22,SKU0143,31.0,0.0,8,60.0
2024-10-08,SKU0144,124.0,834.0,17,361.0
2024-10-15,SKU0144,19.0,834.0,17,361.0
2024-10-22,SKU0144,1.0,834.0,17,361.0
2024-11-01,SKU0144,733.0,0.0,17,361.0
2024-11-08,SKU0144,637.0,0.0,17,361.0
2024-11-15,SKU0144,529.0,0.0,17,361.0
2024-11-22,SKU0144,425.0,0.0,17,361.0
2024-12-01,SKU0144,960.0,0.0,17,361.0
2024-12-08,SKU0144,864.0,0.0,17,361.0
2024-12-15,SKU0144,762.0,0.0,17,361.0
2024-12-22,SKU0144,682.0,0.0,17,361.0
2025-01-01,SKU0144,521.0,0.0,17,361.0
2025-01-08,SKU0144,294.0,705.0,17,361.0
2025-01-15,SKU0144,169.0,705.0,17,361.0
2025-01-22,SKU0144,741.0,0.0,17,361.0
2025-02-01,SKU0144,571.0,0.0,17,361.0
2025-02-08,SKU0144,447.0,0.0,17,361.0
2025-02-15,SKU0144,310.0,569.0,17,361.0
2025-02-22,SKU0144,739.0,0.0,17,361.0
2025-03-01,SKU0144,607.0,0.0,17,361.0
2025-03-08,SKU0144,457.0,0.0,17,361.0
2025-03-15,SKU0144,299.0,573.0,17,361.0
2025-03-22,SKU0144,176.0,573.0,17,361.0
2025-04-01,SKU0144,554.0,0.0,17,361.0
2025-04-08,SKU0144,388.0,0.0,17,361.0
2025-04-15,SKU0144,1012.0,0.0,17,361.0
2025-04-22,SKU0144,836.0,0.0,17,361.0
2025-05-01,SKU0144,638.0,0.0,17,361.0
2025-05-08,SKU0144,481.0,0.0,17,361.0
2025-05-15,SKU0144,335.0,607.0,17,361.0
2025-05-22,SKU0144,772.0,0.0,17,361.0
2025-06-01,SKU0144,570.0,0.0,17,361.0
2025-06-08,SKU0144,449.0,0.0,17,361.0
2025-06-15,SKU0144,306.0,884.0,17,361.0
2025-06-22,SKU0144,945.0,0.0,17,361.0
2025-07-01,SKU0144,781.0,0.0,17,361.0
2025-07-08,SKU0144,628.0,0.0,17,361.0
2025-07-15,SKU0144,498.0,0.0,17,361.0
2025-07-22,SKU0144,357.0,661.0,17,361.0
2025-08-01,SKU0144,825.0,0.0,17,361.0
2025-08-08,SKU0144,690.0,0.0,17,361.0
2025-08-15,SKU0144,544.0,0.0,17,361.0
2025-08-22,SKU0144,409.0,0.0,17,361.0
2025-09-01,SKU0144,836.0,0.0,17,361.0
2025-09-08,SKU0144,717.0,0.0,17,361.0
2025-09-15,SKU0144,577.0,0.0,17,361.0
2025-09-22,SKU0144,449.0,0.0,17,361.0
2025-10-01,SKU0144,999.0,0.0,17,361.0
2025-10-08,SKU0144,872.0,0.0,17,361.0
2025-10-15,SKU0144,753.0,0.0,17,361.0
2025-10-22,SKU0144,579.0,0.0,17,361.0
2025-11-01,SKU0144,408.0,0.0,17,361.0
2025-11-08,SKU0144,292.0,674.0,17,361.0
2025-11-15,SKU0144,150.0,674.0,17,361.0
2025-11-22,SKU0144,686.0,0.0,17,361.0
2025-12-01,SKU0144,426.0,0.0,17,361.0
2025-12-08,SKU0144,1079.0,0.0,17,361.0
2025-12-15,SKU0144,944.0,0.0,17,361.0
2025-12-22,SKU0144,826.0,0.0,17,361.0
2024-08-08,SKU0145,117.0,510.0,7,143.0
2024-08-15,SKU0145,540.0,0.0,7,143.0
2024-08-22,SKU0145,413.0,0.0,7,143.0
2024-09-01,SKU0145,298.0,0.0,7,143.0
2024-09-08,SKU0145,232.0,0.0,7,143.0
2024-09-15,SKU0145,167.0,0.0,7,143.0
2024-09-22,SKU0145,716.0,0.0,7,143.0
2024-10-01,SKU0145,603.0,0.0,7,143.0
2024-10-08,SKU0145,526.0,0.0,7,143.0
2024-10-15,SKU0145,443.0,0.0,7,143.0
2024-10-22,SKU0145,336.0,0.0,7,143.0
2024-11-01,SKU0145,215.0,0.0,7,143.0
2024-11-08,SKU0145,152.0,0.0,7,143.0
2024-11-15,SKU0145,93.0,533.0,7,143.0
2024-11-22,SKU0145,555.0,0.0,7,143.0
2024-12-01,SKU0145,397.0,0.0,7,143.0
2024-12-08,SKU0145,317.0,0.0,7,143.0
2024-12-15,SKU0145,220.0,0.0,7,143.0
2024-12-22,SKU0145,767.0,0.0,7,143.0
2025-01-01,SKU0145,642.0,0.0,7,143.0
2025-01-08,SKU0145,466.0,0.0,7,143.0
2025-01-15,SKU0145,369.0,0.0,7,143.0
2025-01-22,SKU0145,282.0,0.0,7,143.0
2025-02-01,SKU0145,120.0,492.0,7,143.0
2025-02-08,SKU0145,471.0,0.0,7,143.0
2025-02-15,SKU0145,337.0,0.0,7,143.0
2025-02-22,SKU0145,197.0,0.0,7,143.0
2025-03-01,SKU0145,62.0,553.0,7,143.0
2025-03-08,SKU0145,477.0,0.0,7,143.0
2025-03-15,SKU0145,346.0,0.0,7,143.0
2025-03-22,SKU0145,192.0,0.0,7,143.0
2025-04-01,SKU0145,651.0,0.0,7,143.0
2025-04-08,SKU0145,517.0,0.0,7,143.0
2025-04-15,SKU0145,351.0,0.0,7,143.0
2025-04-22,SKU0145,193.0,0.0,7,143.0
2025-05-01,SKU0145,510.0,0.0,7,143.0
2025-05-08,SKU0145,350.0,0.0,7,143.0
2025-05-15,SKU0145,192.0,0.0,7,143.0
2025-05-22,SKU0145,59.0,580.0,7,143.0
2025-06-01,SKU0145,439.0,0.0,7,143.0
2025-06-08,SKU0145,328.0,0.0,7,143.0
2025-06-15,SKU0145,182.0,0.0,7,143.0
2025-06-22,SKU0145,470.0,0.0,7,143.0
2025-07-01,SKU0145,296.0,0.0,7,143.0
2025-07-08,SKU0145,201.0,0.0,7,143.0
2025-07-15,SKU0145,652.0,0.0,7,143.0
2025-07-22,SKU0145,536.0,0.0,7,143.0
2025-08-01,SKU0145,383.0,0.0,7,143.0
2025-08-08,SKU0145,318.0,0.0,7,143.0
2025-08-15,SKU0145,231.0,0.0,7,143.0
2025-08-22,SKU0145,148.0,0.0,7,143.0
2025-09-01,SKU0145,503.0,0.0,7,143.0
2025-09-08,SKU0145,444.0,0.0,7,143.0
2025-09-15,SKU0145,385.0,0.0,7,143.0
2025-09-22,SKU0145,317.0,0.0,7,143.0
2025-10-01,SKU0145,237.0,0.0,7,143.0
2025-10-08,SKU0145,179.0,0.0,7,143.0
2025-10-15,SKU0145,105.0,456.0,7,143.0
2025-10-22,SKU0145,448.0,0.0,7,143.0
2025-11-01,SKU0145,350.0,0.0,7,143.0
2025-11-08,SKU0145,271.0,0.0,7,143.0
2025-11-15,SKU0145,188.0,0.0,7,143.0
2025-11-22,SKU0145,134.0,622.0,7,143.0
2025-12-01,SKU0145,622.0,0.0,7,143.0
2025-12-08,SKU0145,520.0,0.0,7,143.0
2025-12-15,SKU0145,416.0,0.0,7,143.0
2025-12-22,SKU0145,375.0,0.0,7,143.0
2024-05-08,SKU0146,126.0,202.0,26,276.0
2024-05-15,SKU0146,49.0,202.0,26,276.0
2024-05-22,SKU0146,1.0,202.0,26,276.0
2024-06-01,SKU0146,170.0,0.0,26,276.0
2024-06-08,SKU0146,83.0,132.0,26,276.0
2024-06-15,SKU0146,1.0,132.0,26,276.0
2024-06-22,SKU0146,1.0,132.0,26,276.0
2024-07-01,SKU0146,40.0,186.0,26,276.0
2024-07-08,SKU0146,1.0,186.0,26,276.0
2024-07-15,SKU0146,1.0,186.0,26,276.0
2024-07-22,SKU0146,163.0,0.0,26,276.0
2024-08-01,SKU0146,53.0,210.0,26,276.0
2024-08-08,SKU0146,1.0,210.0,26,276.0
2024-08-15,SKU0146,211.0,0.0,26,276.0
2024-08-22,SKU0146,132.0,160.0,26,276.0
2024-09-01,SKU0146,34.0,160.0,26,276.0
2024-09-08,SKU0146,0.0,160.0,26,276.0
2024-09-15,SKU0146,106.0,198.0,26,276.0
2024-09-22,SKU0146,34.0,198.0,26,276.0
2024-10-01,SKU0146,0.0,198.0,26,276.0
2024-10-08,SKU0146,173.0,130.0,26,276.0
2024-10-15,SKU0146,97.0,130.0,26,276.0
2024-10-22,SKU0146,1.0,130.0,26,276.0
2024-11-01,SKU0146,130.0,0.0,26,276.0
2024-11-08,SKU0146,46.0,190.0,26,276.0
2024-11-15,SKU0146,0.0,190.0,26,276.0
2024-11-22,SKU0146,0.0,190.0,26,276.0
2024-12-01,SKU0146,120.0,213.0,26,276.0
2024-12-08,SKU0146,35.0,213.0,26,276.0
2024-12-15,SKU0146,1.0,213.0,26,276.0
2024-12-22,SKU0146,1.0,213.0,26,276.0
2025-01-01,SKU0146,97.0,169.0,26,276.0
2025-01-08,SKU0146,1.0,169.0,26,276.0
2025-01-15,SKU0146,1.0,169.0,26,276.0
2025-01-22,SKU0146,118.0,180.0,26,276.0
2025-02-01,SKU0146,1.0,180.0,26,276.0
2025-02-08,SKU0146,1.0,180.0,26,276.0
2025-02-15,SKU0146,158.0,0.0,26,276.0
2025-02-22,SKU0146,47.0,0.0,26,276.0
2025-03-01,SKU0146,1.0,219.0,26,276.0
2025-03-08,SKU0146,1.0,219.0,26,276.0
2025-03-15,SKU0146,165.0,170.0,26,276.0
2025-03-22,SKU0146,54.0,170.0,26,276.0
2025-04-01,SKU0146,0.0,170.0,26,276.0
2025-04-08,SKU0146,132.0,159.0,26,276.0
2025-04-15,SKU0146,14.0,159.0,26,276.0
2025-04-22,SKU0146,0.0,159.0,26,276.0
2025-05-01,SKU0146,0.0,159.0,26,276.0
2025-05-08,SKU0146,54.0,0.0,26,276.0
2025-05-15,SKU0146,0.0,118.0,26,276.0
2025-05-22,SKU0146,0.0,118.0,26,276.0
2025-06-01,SKU0146,59.0,148.0,26,276.0
2025-06-08,SKU0146,1.0,148.0,26,276.0
2025-06-15,SKU0146,1.0,148.0,26,276.0
2025-06-22,SKU0146,1.0,148.0,26,276.0
2025-07-01,SKU0146,17.0,198.0,26,276.0
2025-07-08,SKU0146,0.0,198.0,26,276.0
2025-07-15,SKU0146,0.0,198.0,26,276.0
2025-07-22,SKU0146,154.0,0.0,26,276.0
2025-08-01,SKU0146,0.0,204.0,26,276.0
2025-08-08,SKU0146,0.0,204.0,26,276.0
2025-08-15,SKU0146,188.0,211.0,26,276.0
2025-08-22,SKU0146,85.0,211.0,26,276.0
2025-09-01,SKU0146,1.0,211.0,26,276.0
2025-09-08,SKU0146,1.0,211.0,26,276.0
2025-09-15,SKU0146,132.0,170.0,26,276.0
2025-09-22,SKU0146,33.0,170.0,26,276.0
2025-10-01,SKU0146,0.0,170.0,26,276.0
2025-10-08,SKU0146,125.0,172.0,26,276.0
2025-10-15,SKU0146,17.0,172.0,26,276.0
2025-10-22,SKU0146,1.0,172.0,26,276.0
2025-11-01,SKU0146,167.0,181.0,26,276.0
2025-11-08,SKU0146,77.0,181.0,26,276.0
2025-11-15,SKU0146,0.0,181.0,26,276.0
2025-11-22,SKU0146,0.0,181.0,26,276.0
2025-12-01,SKU0146,70.0,128.0,26,276.0
2025-12-08,SKU0146,1.0,128.0,26,276.0
2025-12-15,SKU0146,1.0,128.0,26,276.0
2025-12-22,SKU0146,129.0,0.0,26,276.0
2024-02-01,SKU0147,65.0,1986.0,27,807.0
2024-02-08,SKU0147,0.0,1986.0,27,807.0
2024-02-15,SKU0147,0.0,1986.0,27,807.0
2024-02-22,SKU0147,1986.0,0.0,27,807.0
2024-03-01,SKU0147,1685.0,0.0,27,807.0
2024-03-08,SKU0147,1426.0,0.0,27,807.0
2024-03-15,SKU0147,1148.0,0.0,27,807.0
2024-03-22,SKU0147,872.0,0.0,27,807.0
2024-04-01,SKU0147,462.0,1432.0,27,807.0
2024-04-08,SKU0147,176.0,1432.0,27,807.0
2024-04-15,SKU0147,0.0,1432.0,27,807.0
2024-04-22,SKU0147,1162.0,0.0,27,807.0
2024-05-01,SKU0147,730.0,1352.0,27,807.0
2024-05-08,SKU0147,466.0,1352.0,27,807.0
2024-05-15,SKU0147,1516.0,0.0,27,807.0
2024-05-22,SKU0147,1241.0,0.0,27,807.0
2024-06-01,SKU0147,823.0,0.0,27,807.0
2024-06-08,SKU0147,528.0,1371.0,27,807.0
2024-06-15,SKU0147,1595.0,0.0,27,807.0
2024-06-22,SKU0147,1148.0,0.0,27,807.0
2024-07-01,SKU0147,796.0,1254.0,27,807.0
2024-07-08,SKU0147,1866.0,0.0,27,807.0
2024-07-15,SKU0147,1637.0,0.0,27,807.0
2024-07-22,SKU0147,1450.0,0.0,27,807.0
2024-08-01,SKU0147,1104.0,0.0,27,807.0
2024-08-08,SKU0147,950.0,0.0,27,807.0
2024-08-15,SKU0147,766.0,1579.0,27,807.0
2024-08-22,SKU0147,620.0,1579.0,27,807.0
2024-09-01,SKU0147,1980.0,0.0,27,807.0
2024-09-08,SKU0147,1869.0,0.0,27,807.0
2024-09-15,SKU0147,1683.0,0.0,27,807.0
2024-09-22,SKU0147,1574.0,0.0,27,807.0
2024-10-01,SKU0147,1408.0,0.0,27,807.0
2024-10-08,SKU0147,1278.0,0.0,27,807.0
2024-10-15,SKU0147,1125.0,0.0,27,807.0
2024-10-22,SKU0147,940.0,0.0,27,807.0
2024-11-01,SKU0147,764.0,1991.0,27,807.0
2024-11-08,SKU0147,633.0,1991.0,27,807.0
2024-11-15,SKU0147,507.0,1991.0,27,807.0
2024-11-22,SKU0147,2357.0,0.0,27,807.0
2024-12-01,SKU0147,2067.0,0.0,27,807.0
2024-12-08,SKU0147,1898.0,0.0,27,807.0
2024-12-15,SKU0147,1728.0,0.0,27,807.0
2024-12-22,SKU0147,1538.0,0.0,27,807.0
2025-01-01,SKU0147,1242.0,0.0,27,807.0
2025-01-08,SKU0147,834.0,0.0,27,807.0
2025-01-15,SKU0147,2156.0,0.0,27,807.0
2025-01-22,SKU0147,1893.0,0.0,27,807.0
2025-02-01,SKU0147,1516.0,0.0,27,807.0
2025-02-08,SKU0147,1175.0,0.0,27,807.0
2025-02-15,SKU0147,867.0,0.0,27,807.0
2025-02-22,SKU0147,594.0,1331.0,27,807.0
2025-03-01,SKU0147,289.0,1331.0,27,807.0
2025-03-08,SKU0147,1254.0,0.0,27,807.0
2025-03-15,SKU0147,906.0,0.0,27,807.0
2025-03-22,SKU0147,564.0,1965.0,27,807.0
2025-04-01,SKU0147,72.0,1965.0,27,807.0
2025-04-08,SKU0147,1695.0,0.0,27,807.0
2025-04-15,SKU0147,1320.0,0.0,27,807.0
2025-04-22,SKU0147,952.0,0.0,27,807.0
2025-05-01,SKU0147,2351.0,0.0,27,807.0
2025-05-08,SKU0147,1973.0,0.0,27,807.0
2025-05-15,SKU0147,1598.0,0.0,27,807.0
2025-05-22,SKU0147,1258.0,0.0,27,807.0
2025-06-01,SKU0147,753.0,1347.0,27,807.0
2025-06-08,SKU0147,424.0,1347.0,27,807.0
2025-06-15,SKU0147,67.0,1347.0,27,807.0
2025-06-22,SKU0147,1347.0,0.0,27,807.0
2025-07-01,SKU0147,910.0,0.0,27,807.0
2025-07-08,SKU0147,657.0,1518.0,27,807.0
2025-07-15,SKU0147,405.0,1518.0,27,807.0
2025-07-22,SKU0147,1653.0,0.0,27,807.0
2025-08-01,SKU0147,1234.0,0.0,27,807.0
2025-08-08,SKU0147,1020.0,0.0,27,807.0
2025-08-15,SKU0147,815.0,0.0,27,807.0
2025-08-22,SKU0147,635.0,1316.0,27,807.0
2025-09-01,SKU0147,369.0,1316.0,27,807.0
2025-09-08,SKU0147,213.0,1316.0,27,807.0
2025-09-15,SKU0147,1360.0,0.0,27,807.0
2025-09-22,SKU0147,1188.0,0.0,27,807.0
2025-10-01,SKU0147,966.0,0.0,27,807.0
2025-10-08,SKU0147,826.0,0.0,27,807.0
2025-10-15,SKU0147,668.0,1739.0,27,807.0
2025-10-22,SKU0147,459.0,1739.0,27,807.0
2025-11-01,SKU0147,247.0,1739.0,27,807.0
2025-11-08,SKU0147,1829.0,0.0,27,807.0
2025-11-15,SKU0147,1661.0,0.0,27,807.0
2025-11-22,SKU0147,1483.0,0.0,27,807.0
2025-12-01,SKU0147,1141.0,0.0,27,807.0
2025-12-08,SKU0147,942.0,0.0,27,807.0
2025-12-15,SKU0147,727.0,1331.0,27,807.0
2025-12-22,SKU0147,537.0,1331.0,27,807.0
2024-04-15,SKU0148,1.0,417.0,29,826.0
2024-04-22,SKU0148,1.0,417.0,29,826.0
2024-05-01,SKU0148,1.0,417.0,29,826.0
2024-05-08,SKU0148,1.0,417.0,29,826.0
2024-05-15,SKU0148,328.0,336.0,29,826.0
2024-05-22,SKU0148,136.0,336.0,29,826.0
2024-06-01,SKU0148,0.0,336.0,29,826.0
2024-06-08,SKU0148,0.0,336.0,29,826.0
2024-06-15,SKU0148,170.0,644.0,29,826.0
2024-06-22,SKU0148,1.0,644.0,29,826.0
2024-07-01,SKU0148,1.0,644.0,29,826.0
2024-07-08,SKU0148,1.0,644.0,29,826.0
2024-07-15,SKU0148,535.0,513.0,29,826.0
2024-07-22,SKU0148,349.0,513.0,29,826.0
2024-08-01,SKU0148,113.0,513.0,29,826.0
2024-08-08,SKU0148,493.0,426.0,29,826.0
2024-08-15,SKU0148,352.0,426.0,29,826.0
2024-08-22,SKU0148,213.0,426.0,29,826.0
2024-09-01,SKU0148,26.0,426.0,29,826.0
2024-09-08,SKU0148,379.0,362.0,29,826.0
2024-09-15,SKU0148,255.0,362.0,29,826.0
2024-09-22,SKU0148,102.0,362.0,29,826.0
2024-10-01,SKU0148,1.0,362.0,29,826.0
2024-10-08,SKU0148,307.0,609.0,29,826.0
2024-10-15,SKU0148,202.0,609.0,29,826.0
2024-10-22,SKU0148,15.0,609.0,29,826.0
2024-11-01,SKU0148,0.0,609.0,29,826.0
2024-11-08,SKU0148,507.0,567.0,29,826.0
2024-11-15,SKU0148,402.0,567.0,29,826.0
2024-11-22,SKU0148,293.0,567.0,29,826.0
2024-12-01,SKU0148,568.0,421.0,29,826.0
2024-12-08,SKU0148,448.0,421.0,29,826.0
2024-12-15,SKU0148,295.0,421.0,29,826.0
2024-12-22,SKU0148,163.0,421.0,29,826.0
2025-01-01,SKU0148,349.0,414.0,29,826.0
2025-01-08,SKU0148,91.0,414.0,29,826.0
2025-01-15,SKU0148,0.0,414.0,29,826.0
2025-01-22,SKU0148,0.0,414.0,29,826.0
2025-02-01,SKU0148,325.0,381.0,29,826.0
2025-02-08,SKU0148,152.0,381.0,29,826.0
2025-02-15,SKU0148,1.0,381.0,29,826.0
2025-02-22,SKU0148,1.0,381.0,29,826.0
2025-03-01,SKU0148,320.0,641.0,29,826.0
2025-03-08,SKU0148,129.0,641.0,29,826.0
2025-03-15,SKU0148,1.0,641.0,29,826.0
2025-03-22,SKU0148,1.0,641.0,29,826.0
2025-04-01,SKU0148,518.0,359.0,29,826.0
2025-04-08,SKU0148,321.0,359.0,29,826.0
2025-04-15,SKU0148,126.0,359.0,29,826.0
2025-04-22,SKU0148,0.0,359.0,29,826.0
2025-05-01,SKU0148,169.0,542.0,29,826.0
2025-05-08,SKU0148,0.0,542.0,29,826.0
2025-05-15,SKU0148,0.0,542.0,29,826.0
2025-05-22,SKU0148,0.0,542.0,29,826.0
2025-06-01,SKU0148,322.0,489.0,29,826.0
2025-06-08,SKU0148,160.0,489.0,29,826.0
2025-06-15,SKU0148,0.0,489.0,29,826.0
2025-06-22,SKU0148,489.0,0.0,29,826.0
2025-07-01,SKU0148,252.0,0.0,29,826.0
2025-07-08,SKU0148,75.0,371.0,29,826.0
2025-07-15,SKU0148,0.0,371.0,29,826.0
2025-07-22,SKU0148,345.0,652.0,29,826.0
2025-08-01,SKU0148,92.0,652.0,29,826.0
2025-08-08,SKU0148,1.0,652.0,29,826.0
2025-08-15,SKU0148,1.0,652.0,29,826.0
2025-08-22,SKU0148,600.0,638.0,29,826.0
2025-09-01,SKU0148,401.0,638.0,29,826.0
2025-09-08,SKU0148,297.0,638.0,29,826.0
2025-09-15,SKU0148,162.0,638.0,29,826.0
2025-09-22,SKU0148,684.0,607.0,29,826.0
2025-10-01,SKU0148,521.0,607.0,29,826.0
2025-10-08,SKU0148,431.0,607.0,29,826.0
2025-10-15,SKU0148,312.0,607.0,29,826.0
2025-10-22,SKU0148,715.0,461.0,29,826.0
2025-11-01,SKU0148,559.0,461.0,29,826.0
2025-11-08,SKU0148,423.0,461.0,29,826.0
2025-11-15,SKU0148,746.0,0.0,29,826.0
2025-11-22,SKU0148,619.0,352.0,29,826.0
2025-12-01,SKU0148,400.0,352.0,29,826.0
2025-12-08,SKU0148,273.0,352.0,29,826.0
2025-12-15,SKU0148,500.0,608.0,29,826.0
2025-12-22,SKU0148,370.0,608.0,29,826.0
2024-03-01,SKU0149,110.0,399.0,13,228.0
2024-03-08,SKU0149,1.0,399.0,13,228.0
2024-03-15,SKU0149,274.0,0.0,13,228.0
2024-03-22,SKU0149,114.0,439.0,13,228.0
2024-04-01,SKU0149,329.0,0.0,13,228.0
2024-04-08,SKU0149,156.0,387.0,13,228.0
2024-04-15,SKU0149,1.0,387.0,13,228.0
2024-04-22,SKU0149,311.0,0.0,13,228.0
2024-05-01,SKU0149,620.0,0.0,13,228.0
2024-05-08,SKU0149,446.0,0.0,13,228.0
2024-05-15,SKU0149,309.0,0.0,13,228.0
2024-05-22,SKU0149,157.0,361.0,13,228.0
2024-06-01,SKU0149,318.0,0.0,13,228.0
2024-06-08,SKU0149,190.0,396.0,13,228.0
2024-06-15,SKU0149,434.0,0.0,13,228.0
2024-06-22,SKU0149,586.0,0.0,13,228.0
2024-07-01,SKU0149,402.0,0.0,13,228.0
2024-07-08,SKU0149,282.0,0.0,13,228.0
2024-07-15,SKU0149,184.0,472.0,13,228.0
2024-07-22,SKU0149,539.0,0.0,13,228.0
2024-08-01,SKU0149,357.0,0.0,13,228.0
2024-08-08,SKU0149,273.0,0.0,13,228.0
2024-08-15,SKU0149,194.0,399.0,13,228.0
2024-08-22,SKU0149,98.0,399.0,13,228.0
2024-09-01,SKU0149,359.0,0.0,13,228.0
2024-09-08,SKU0149,286.0,0.0,13,228.0
2024-09-15,SKU0149,238.0,0.0,13,228.0
2024-09-22,SKU0149,587.0,0.0,13,228.0
2024-10-01,SKU0149,496.0,0.0,13,228.0
2024-10-08,SKU0149,428.0,0.0,13,228.0
2024-10-15,SKU0149,356.0,0.0,13,228.0
2024-10-22,SKU0149,252.0,0.0,13,228.0
2024-11-01,SKU0149,588.0,0.0,13,228.0
2024-11-08,SKU0149,510.0,0.0,13,228.0
2024-11-15,SKU0149,435.0,0.0,13,228.0
2024-11-22,SKU0149,364.0,0.0,13,228.0
2024-12-01,SKU0149,209.0,445.0,13,228.0
2024-12-08,SKU0149,569.0,0.0,13,228.0
2024-12-15,SKU0149,480.0,0.0,13,228.0
2024-12-22,SKU0149,403.0,0.0,13,228.0
2025-01-01,SKU0149,237.0,0.0,13,228.0
2025-01-08,SKU0149,633.0,0.0,13,228.0
2025-01-15,SKU0149,540.0,0.0,13,228.0
2025-01-22,SKU0149,429.0,0.0,13,228.0
2025-02-01,SKU0149,279.0,0.0,13,228.0
2025-02-08,SKU0149,166.0,343.0,13,228.0
2025-02-15,SKU0149,372.0,0.0,13,228.0
2025-02-22,SKU0149,241.0,0.0,13,228.0
2025-03-01,SKU0149,513.0,0.0,13,228.0
2025-03-08,SKU0149,371.0,0.0,13,228.0
2025-03-15,SKU0149,233.0,0.0,13,228.0
2025-03-22,SKU0149,578.0,0.0,13,228.0
2025-04-01,SKU0149,381.0,0.0,13,228.0
2025-04-08,SKU0149,230.0,0.0,13,228.0
2025-04-15,SKU0149,84.0,546.0,13,228.0
2025-04-22,SKU0149,487.0,0.0,13,228.0
2025-05-01,SKU0149,295.0,0.0,13,228.0
2025-05-08,SKU0149,152.0,369.0,13,228.0
2025-05-15,SKU0149,386.0,0.0,13,228.0
2025-05-22,SKU0149,243.0,0.0,13,228.0
2025-06-01,SKU0149,454.0,0.0,13,228.0
2025-06-08,SKU0149,327.0,0.0,13,228.0
2025-06-15,SKU0149,194.0,393.0,13,228.0
2025-06-22,SKU0149,393.0,0.0,13,228.0
2025-07-01,SKU0149,239.0,0.0,13,228.0
2025-07-08,SKU0149,505.0,0.0,13,228.0
2025-07-15,SKU0149,405.0,0.0,13,228.0
2025-07-22,SKU0149,306.0,0.0,13,228.0
2025-08-01,SKU0149,585.0,0.0,13,228.0
2025-08-08,SKU0149,505.0,0.0,13,228.0
2025-08-15,SKU0149,422.0,0.0,13,228.0
2025-08-22,SKU0149,343.0,0.0,13,228.0
2025-09-01,SKU0149,257.0,0.0,13,228.0
2025-09-08,SKU0149,734.0,0.0,13,228.0
2025-09-15,SKU0149,675.0,0.0,13,228.0
2025-09-22,SKU0149,625.0,0.0,13,228.0
2025-10-01,SKU0149,549.0,0.0,13,228.0
2025-10-08,SKU0149,480.0,0.0,13,228.0
2025-10-15,SKU0149,417.0,0.0,13,228.0
2025-10-22,SKU0149,329.0,0.0,13,228.0
2025-11-01,SKU0149,269.0,0.0,13,228.0
2025-11-08,SKU0149,202.0,566.0,13,228.0
2025-11-15,SKU0149,704.0,0.0,13,228.0
2025-11-22,SKU0149,652.0,0.0,13,228.0
2025-12-01,SKU0149,532.0,0.0,13,228.0
2025-12-08,SKU0149,453.0,0.0,13,228.0
2025-12-15,SKU0149,396.0,0.0,13,228.0
2025-12-22,SKU0149,307.0,0.0,13,228.0
2024-06-15,SKU0150,225.0,1928.0,12,421.0
2024-06-22,SKU0150,0.0,1928.0,12,421.0
2024-07-01,SKU0150,1828.0,0.0,12,421.0
2024-07-08,SKU0150,1629.0,0.0,12,421.0
2024-07-15,SKU0150,1367.0,0.0,12,421.0
2024-07-22,SKU0150,1136.0,0.0,12,421.0
2024-08-01,SKU0150,806.0,0.0,12,421.0
2024-08-08,SKU0150,562.0,0.0,12,421.0
2024-08-15,SKU0150,2221.0,0.0,12,421.0
2024-08-22,SKU0150,1995.0,0.0,12,421.0
2024-09-01,SKU0150,1740.0,0.0,12,421.0
2024-09-08,SKU0150,1589.0,0.0,12,421.0
2024-09-15,SKU0150,1390.0,0.0,12,421.0
2024-09-22,SKU0150,1162.0,0.0,12,421.0
2024-10-01,SKU0150,898.0,0.0,12,421.0
2024-10-08,SKU0150,724.0,0.0,12,421.0
2024-10-15,SKU0150,485.0,0.0,12,421.0
2024-10-22,SKU0150,108.0,1524.0,12,421.0
2024-11-01,SKU0150,1372.0,0.0,12,421.0
2024-11-08,SKU0150,1173.0,0.0,12,421.0
2024-11-15,SKU0150,898.0,0.0,12,421.0
2024-11-22,SKU0150,672.0,0.0,12,421.0
2024-12-01,SKU0150,2312.0,0.0,12,421.0
2024-12-08,SKU0150,2070.0,0.0,12,421.0
2024-12-15,SKU0150,1768.0,0.0,12,421.0
2024-12-22,SKU0150,1563.0,0.0,12,421.0
2025-01-01,SKU0150,1093.0,0.0,12,421.0
2025-01-08,SKU0150,673.0,0.0,12,421.0
2025-01-15,SKU0150,414.0,1828.0,12,421.0
2025-01-22,SKU0150,1948.0,0.0,12,421.0
2025-02-01,SKU0150,1608.0,0.0,12,421.0
2025-02-08,SKU0150,1337.0,0.0,12,421.0
2025-02-15,SKU0150,1036.0,0.0,12,421.0
2025-02-22,SKU0150,783.0,0.0,12,421.0
2025-03-01,SKU0150,501.0,0.0,12,421.0
2025-03-08,SKU0150,1819.0,0.0,12,421.0
2025-03-15,SKU0150,1529.0,0.0,12,421.0
2025-03-22,SKU0150,1219.0,0.0,12,421.0
2025-04-01,SKU0150,815.0,0.0,12,421.0
2025-04-08,SKU0150,521.0,0.0,12,421.0
2025-04-15,SKU0150,1825.0,0.0,12,421.0
2025-04-22,SKU0150,1536.0,0.0,12,421.0
2025-05-01,SKU0150,1076.0,0.0,12,421.0
2025-05-08,SKU0150,745.0,0.0,12,421.0
2025-05-15,SKU0150,456.0,0.0,12,421.0
2025-05-22,SKU0150,174.0,1284.0,12,421.0
2025-06-01,SKU0150,1167.0,0.0,12,421.0
2025-06-08,SKU0150,823.0,0.0,12,421.0
2025-06-15,SKU0150,444.0,0.0,12,421.0
2025-06-22,SKU0150,1849.0,0.0,12,421.0
2025-07-01,SKU0150,1439.0,0.0,12,421.0
2025-07-08,SKU0150,1100.0,0.0,12,421.0
2025-07-15,SKU0150,891.0,0.0,12,421.0
2025-07-22,SKU0150,636.0,0.0,12,421.0
2025-08-01,SKU0150,2090.0,0.0,12,421.0
2025-08-08,SKU0150,1817.0,0.0,12,421.0
2025-08-15,SKU0150,1530.0,0.0,12,421.0
2025-08-22,SKU0150,1252.0,0.0,12,421.0
2025-09-01,SKU0150,827.0,0.0,12,421.0
2025-09-08,SKU0150,539.0,0.0,12,421.0
2025-09-15,SKU0150,1762.0,0.0,12,421.0
2025-09-22,SKU0150,1459.0,0.0,12,421.0
2025-10-01,SKU0150,1119.0,0.0,12,421.0
2025-10-08,SKU0150,863.0,0.0,12,421.0
2025-10-15,SKU0150,579.0,0.0,12,421.0
2025-10-22,SKU0150,1953.0,0.0,12,421.0
2025-11-01,SKU0150,1537.0,0.0,12,421.0
2025-11-08,SKU0150,1268.0,0.0,12,421.0
2025-11-15,SKU0150,913.0,0.0,12,421.0
2025-11-22,SKU0150,590.0,0.0,12,421.0
2025-12-01,SKU0150,56.0,1750.0,12,421.0
2025-12-08,SKU0150,1711.0,0.0,12,421.0
2025-12-15,SKU0150,1425.0,0.0,12,421.0
2025-12-22,SKU0150,1162.0,0.0,12,421.0
2024-06-15,SKU0151,101.0,98.0,13,162.0
2024-06-22,SKU0151,0.0,98.0,13,162.0
2024-07-01,SKU0151,1.0,102.0,13,162.0
2024-07-08,SKU0151,72.0,73.0,13,162.0
2024-07-15,SKU0151,1.0,73.0,13,162.0
2024-07-22,SKU0151,35.0,79.0,13,162.0
2024-08-01,SKU0151,80.0,0.0,13,162.0
2024-08-08,SKU0151,4.0,105.0,13,162.0
2024-08-15,SKU0151,95.0,68.0,13,162.0
2024-08-22,SKU0151,0.0,68.0,13,162.0
2024-09-01,SKU0151,22.0,115.0,13,162.0
2024-09-08,SKU0151,1.0,115.0,13,162.0
2024-09-15,SKU0151,66.0,123.0,13,162.0
2024-09-22,SKU0151,127.0,0.0,13,162.0
2024-10-01,SKU0151,31.0,67.0,13,162.0
2024-10-08,SKU0151,32.0,90.0,13,162.0
2024-10-15,SKU0151,1.0,90.0,13,162.0
2024-10-22,SKU0151,37.0,116.0,13,162.0
2024-11-01,SKU0151,103.0,71.0,13,162.0
2024-11-08,SKU0151,38.0,71.0,13,162.0
2024-11-15,SKU0151,51.0,116.0,13,162.0
2024-11-22,SKU0151,1.0,116.0,13,162.0
2024-12-01,SKU0151,30.0,72.0,13,162.0
2024-12-08,SKU0151,0.0,72.0,13,162.0
2024-12-15,SKU0151,1.0,122.0,13,162.0
2024-12-22,SKU0151,123.0,0.0,13,162.0
2025-01-01,SKU0151,1.0,118.0,13,162.0
2025-01-08,SKU0151,24.0,117.0,13,162.0
2025-01-15,SKU0151,0.0,117.0,13,162.0
2025-01-22,SKU0151,38.0,120.0,13,162.0
2025-02-01,SKU0151,91.0,93.0,13,162.0
2025-02-08,SKU0151,1.0,93.0,13,162.0
2025-02-15,SKU0151,41.0,83.0,13,162.0
2025-02-22,SKU0151,1.0,83.0,13,162.0
2025-03-01,SKU0151,1.0,89.0,13,162.0
2025-03-08,SKU0151,1.0,89.0,13,162.0
2025-03-15,SKU0151,1.0,126.0,13,162.0
2025-03-22,SKU0151,1.0,126.0,13,162.0
2025-04-01,SKU0151,1.0,101.0,13,162.0
2025-04-08,SKU0151,33.0,0.0,13,162.0
2025-04-15,SKU0151,0.0,74.0,13,162.0
2025-04-22,SKU0151,1.0,99.0,13,162.0
2025-05-01,SKU0151,100.0,73.0,13,162.0
2025-05-08,SKU0151,1.0,73.0,13,162.0
2025-05-15,SKU0151,50.0,74.0,13,162.0
2025-05-22,SKU0151,0.0,74.0,13,162.0
2025-06-01,SKU0151,0.0,79.0,13,162.0
2025-06-08,SKU0151,0.0,79.0,13,162.0
2025-06-15,SKU0151,1.0,107.0,13,162.0
2025-06-22,SKU0151,107.0,0.0,13,162.0
2025-07-01,SKU0151,0.0,104.0,13,162.0
2025-07-08,SKU0151,60.0,125.0,13,162.0
2025-07-15,SKU0151,0.0,125.0,13,162.0
2025-07-22,SKU0151,67.0,119.0,13,162.0
2025-08-01,SKU0151,111.0,109.0,13,162.0
2025-08-08,SKU0151,25.0,109.0,13,162.0
2025-08-15,SKU0151,87.0,119.0,13,162.0
2025-08-22,SKU0151,14.0,119.0,13,162.0
2025-09-01,SKU0151,59.0,65.0,13,162.0
2025-09-08,SKU0151,65.0,0.0,13,162.0
2025-09-15,SKU0151,1.0,113.0,13,162.0
2025-09-22,SKU0151,109.0,92.0,13,162.0
2025-10-01,SKU0151,35.0,92.0,13,162.0
2025-10-08,SKU0151,78.0,96.0,13,162.0
2025-10-15,SKU0151,4.0,96.0,13,162.0
2025-10-22,SKU0151,20.0,81.0,13,162.0
2025-11-01,SKU0151,71.0,103.0,13,162.0
2025-11-08,SKU0151,5.0,103.0,13,162.0
2025-11-15,SKU0151,86.0,68.0,13,162.0
2025-11-22,SKU0151,15.0,68.0,13,162.0
2025-12-01,SKU0151,0.0,75.0,13,162.0
2025-12-08,SKU0151,75.0,0.0,13,162.0
2025-12-15,SKU0151,0.0,103.0,13,162.0
2025-12-22,SKU0151,93.0,87.0,13,162.0
2024-06-15,SKU0152,179.0,0.0,10,47.0
2024-06-22,SKU0152,110.0,0.0,10,47.0
2024-07-01,SKU0152,64.0,0.0,10,47.0
2024-07-08,SKU0152,28.0,0.0,10,47.0
2024-07-15,SKU0152,15.0,23.0,10,47.0
2024-07-22,SKU0152,0.0,23.0,10,47.0
2024-08-01,SKU0152,0.0,26.0,10,47.0
2024-08-08,SKU0152,2.0,25.0,10,47.0
2024-08-15,SKU0152,12.0,24.0,10,47.0
2024-08-22,SKU0152,0.0,24.0,10,47.0
2024-09-01,SKU0152,1.0,37.0,10,47.0
2024-09-08,SKU0152,8.0,30.0,10,47.0
2024-09-15,SKU0152,19.0,21.0,10,47.0
2024-09-22,SKU0152,21.0,35.0,10,47.0
2024-10-01,SKU0152,0.0,35.0,10,47.0
2024-10-08,SKU0152,10.0,28.0,10,47.0
2024-10-15,SKU0152,10.0,36.0,10,47.0
2024-10-22,SKU0152,36.0,0.0,10,47.0
2024-11-01,SKU0152,33.0,0.0,10,47.0
2024-11-08,SKU0152,3.0,30.0,10,47.0
2024-11-15,SKU0152,4.0,31.0,10,47.0
2024-11-22,SKU0152,28.0,19.0,10,47.0
2024-12-01,SKU0152,20.0,0.0,10,47.0
2024-12-08,SKU0152,0.0,36.0,10,47.0
2024-12-15,SKU0152,18.0,32.0,10,47.0
2024-12-22,SKU0152,28.0,37.0,10,47.0
2025-01-01,SKU0152,20.0,0.0,10,47.0
2025-01-08,SKU0152,1.0,22.0,10,47.0
2025-01-15,SKU0152,1.0,0.0,10,47.0
2025-01-22,SKU0152,20.0,21.0,10,47.0
2025-02-01,SKU0152,9.0,0.0,10,47.0
2025-02-08,SKU0152,1.0,37.0,10,47.0
2025-02-15,SKU0152,1.0,26.0,10,47.0
2025-02-22,SKU0152,11.0,0.0,10,47.0
2025-03-01,SKU0152,28.0,0.0,10,47.0
2025-03-08,SKU0152,0.0,32.0,10,47.0
2025-03-15,SKU0152,2.0,31.0,10,47.0
2025-03-22,SKU0152,28.0,0.0,10,47.0
2025-04-01,SKU0152,10.0,0.0,10,47.0
2025-04-08,SKU0152,0.0,19.0,10,47.0
2025-04-15,SKU0152,0.0,21.0,10,47.0
2025-04-22,SKU0152,3.0,37.0,10,47.0
2025-05-01,SKU0152,29.0,28.0,10,47.0
2025-05-08,SKU0152,1.0,28.0,10,47.0
2025-05-15,SKU0152,1.0,21.0,10,47.0
2025-05-22,SKU0152,2.0,0.0,10,47.0
2025-06-01,SKU0152,18.0,0.0,10,47.0
2025-06-08,SKU0152,1.0,25.0,10,47.0
2025-06-15,SKU0152,0.0,27.0,10,47.0
2025-06-22,SKU0152,0.0,19.0,10,47.0
2025-07-01,SKU0152,3.0,0.0,10,47.0
2025-07-08,SKU0152,0.0,26.0,10,47.0
2025-07-15,SKU0152,0.0,30.0,10,47.0
2025-07-22,SKU0152,9.0,29.0,10,47.0
2025-08-01,SKU0152,6.0,25.0,10,47.0
2025-08-08,SKU0152,25.0,0.0,10,47.0
2025-08-15,SKU0152,0.0,24.0,10,47.0
2025-08-22,SKU0152,0.0,23.0,10,47.0
2025-09-01,SKU0152,5.0,36.0,10,47.0
2025-09-08,SKU0152,33.0,20.0,10,47.0
2025-09-15,SKU0152,1.0,20.0,10,47.0
2025-09-22,SKU0152,0.0,32.0,10,47.0
2025-10-01,SKU0152,2.0,36.0,10,47.0
2025-10-08,SKU0152,28.0,32.0,10,47.0
2025-10-15,SKU0152,0.0,32.0,10,47.0
2025-10-22,SKU0152,1.0,33.0,10,47.0
2025-11-01,SKU0152,4.0,31.0,10,47.0
2025-11-08,SKU0152,21.0,0.0,10,47.0
2025-11-15,SKU0152,0.0,29.0,10,47.0
2025-11-22,SKU0152,0.0,31.0,10,47.0
2025-12-01,SKU0152,0.0,23.0,10,47.0
2025-12-08,SKU0152,11.0,26.0,10,47.0
2025-12-15,SKU0152,0.0,26.0,10,47.0
2025-12-22,SKU0152,1.0,25.0,10,47.0
2024-03-22,SKU0153,152.0,456.0,9,227.0
2024-04-01,SKU0153,352.0,0.0,9,227.0
2024-04-08,SKU0153,127.0,485.0,9,227.0
2024-04-15,SKU0153,396.0,0.0,9,227.0
2024-04-22,SKU0153,171.0,473.0,9,227.0
2024-05-01,SKU0153,421.0,0.0,9,227.0
2024-05-08,SKU0153,217.0,507.0,9,227.0
2024-05-15,SKU0153,501.0,0.0,9,227.0
2024-05-22,SKU0153,294.0,0.0,9,227.0
2024-06-01,SKU0153,464.0,0.0,9,227.0
2024-06-08,SKU0153,267.0,0.0,9,227.0
2024-06-15,SKU0153,387.0,0.0,9,227.0
2024-06-22,SKU0153,1.0,412.0,9,227.0
2024-07-01,SKU0153,190.0,488.0,9,227.0
2024-07-08,SKU0153,517.0,0.0,9,227.0
2024-07-15,SKU0153,341.0,0.0,9,227.0
2024-07-22,SKU0153,714.0,0.0,9,227.0
2024-08-01,SKU0153,431.0,0.0,9,227.0
2024-08-08,SKU0153,297.0,0.0,9,227.0
2024-08-15,SKU0153,141.0,416.0,9,227.0
2024-08-22,SKU0153,377.0,0.0,9,227.0
2024-09-01,SKU0153,164.0,410.0,9,227.0
2024-09-08,SKU0153,441.0,0.0,9,227.0
2024-09-15,SKU0153,328.0,0.0,9,227.0
2024-09-22,SKU0153,522.0,0.0,9,227.0
2024-10-01,SKU0153,369.0,0.0,9,227.0
2024-10-08,SKU0153,228.0,0.0,9,227.0
2024-10-15,SKU0153,67.0,563.0,9,227.0
2024-10-22,SKU0153,435.0,0.0,9,227.0
2024-11-01,SKU0153,219.0,469.0,9,227.0
2024-11-08,SKU0153,514.0,0.0,9,227.0
2024-11-15,SKU0153,391.0,0.0,9,227.0
2024-11-22,SKU0153,269.0,0.0,9,227.0
2024-12-01,SKU0153,0.0,390.0,9,227.0
2024-12-08,SKU0153,256.0,0.0,9,227.0
2024-12-15,SKU0153,673.0,0.0,9,227.0
2024-12-22,SKU0153,529.0,0.0,9,227.0
2025-01-01,SKU0153,298.0,0.0,9,227.0
2025-01-08,SKU0153,545.0,0.0,9,227.0
2025-01-15,SKU0153,399.0,0.0,9,227.0
2025-01-22,SKU0153,236.0,0.0,9,227.0
2025-02-01,SKU0153,427.0,0.0,9,227.0
2025-02-08,SKU0153,222.0,490.0,9,227.0
2025-02-15,SKU0153,582.0,0.0,9,227.0
2025-02-22,SKU0153,380.0,0.0,9,227.0
2025-03-01,SKU0153,174.0,367.0,9,227.0
2025-03-08,SKU0153,347.0,0.0,9,227.0
2025-03-15,SKU0153,156.0,558.0,9,227.0
2025-03-22,SKU0153,524.0,0.0,9,227.0
2025-04-01,SKU0153,245.0,0.0,9,227.0
2025-04-08,SKU0153,413.0,0.0,9,227.0
2025-04-15,SKU0153,217.0,510.0,9,227.0
2025-04-22,SKU0153,553.0,0.0,9,227.0
2025-05-01,SKU0153,270.0,0.0,9,227.0
2025-05-08,SKU0153,564.0,0.0,9,227.0
2025-05-15,SKU0153,369.0,0.0,9,227.0
2025-05-22,SKU0153,508.0,0.0,9,227.0
2025-06-01,SKU0153,223.0,486.0,9,227.0
2025-06-08,SKU0153,64.0,486.0,9,227.0
2025-06-15,SKU0153,367.0,0.0,9,227.0
2025-06-22,SKU0153,98.0,483.0,9,227.0
2025-07-01,SKU0153,390.0,0.0,9,227.0
2025-07-08,SKU0153,262.0,0.0,9,227.0
2025-07-15,SKU0153,619.0,0.0,9,227.0
2025-07-22,SKU0153,459.0,0.0,9,227.0
2025-08-01,SKU0153,276.0,0.0,9,227.0
2025-08-08,SKU0153,135.0,342.0,9,227.0
2025-08-15,SKU0153,338.0,0.0,9,227.0
2025-08-22,SKU0153,207.0,350.0,9,227.0
2025-09-01,SKU0153,418.0,0.0,9,227.0
2025-09-08,SKU0153,312.0,0.0,9,227.0
2025-09-15,SKU0153,189.0,555.0,9,227.0
2025-09-22,SKU0153,638.0,0.0,9,227.0
2025-10-01,SKU0153,474.0,0.0,9,227.0
2025-10-08,SKU0153,345.0,0.0,9,227.0
2025-10-15,SKU0153,283.0,0.0,9,227.0
2025-10-22,SKU0153,639.0,0.0,9,227.0
2025-11-01,SKU0153,505.0,0.0,9,227.0
2025-11-08,SKU0153,417.0,0.0,9,227.0
2025-11-15,SKU0153,320.0,0.0,9,227.0
2025-11-22,SKU0153,222.0,482.0,9,227.0
2025-12-01,SKU0153,503.0,0.0,9,227.0
2025-12-08,SKU0153,386.0,0.0,9,227.0
2025-12-15,SKU0153,235.0,0.0,9,227.0
2025-12-22,SKU0153,120.0,344.0,9,227.0
2024-04-08,SKU0154,353.0,0.0,7,51.0
2024-04-15,SKU0154,276.0,0.0,7,51.0
2024-04-22,SKU0154,204.0,0.0,7,51.0
2024-05-01,SKU0154,104.0,0.0,7,51.0
2024-05-08,SKU0154,22.0,101.0,7,51.0
2024-05-15,SKU0154,48.0,110.0,7,51.0
2024-05-22,SKU0154,95.0,0.0,7,51.0
2024-06-01,SKU0154,126.0,0.0,7,51.0
2024-06-08,SKU0154,57.0,0.0,7,51.0
2024-06-15,SKU0154,91.0,0.0,7,51.0
2024-06-22,SKU0154,104.0,0.0,7,51.0
2024-07-01,SKU0154,22.0,119.0,7,51.0
2024-07-08,SKU0154,95.0,0.0,7,51.0
2024-07-15,SKU0154,44.0,89.0,7,51.0
2024-07-22,SKU0154,87.0,0.0,7,51.0
2024-08-01,SKU0154,99.0,0.0,7,51.0
2024-08-08,SKU0154,47.0,110.0,7,51.0
2024-08-15,SKU0154,111.0,0.0,7,51.0
2024-08-22,SKU0154,58.0,0.0,7,51.0
2024-09-01,SKU0154,70.0,0.0,7,51.0
2024-09-08,SKU0154,145.0,0.0,7,51.0
2024-09-15,SKU0154,99.0,0.0,7,51.0
2024-09-22,SKU0154,61.0,0.0,7,51.0
2024-10-01,SKU0154,78.0,0.0,7,51.0
2024-10-08,SKU0154,30.0,119.0,7,51.0
2024-10-15,SKU0154,94.0,0.0,7,51.0
2024-10-22,SKU0154,4.0,90.0,7,51.0
2024-11-01,SKU0154,137.0,0.0,7,51.0
2024-11-08,SKU0154,83.0,0.0,7,51.0
2024-11-15,SKU0154,36.0,109.0,7,51.0
2024-11-22,SKU0154,106.0,0.0,7,51.0
2024-12-01,SKU0154,100.0,0.0,7,51.0
2024-12-08,SKU0154,42.0,93.0,7,51.0
2024-12-15,SKU0154,72.0,0.0,7,51.0
2024-12-22,SKU0154,142.0,0.0,7,51.0
2025-01-01,SKU0154,54.0,0.0,7,51.0
2025-01-08,SKU0154,0.0,85.0,7,51.0
2025-01-15,SKU0154,40.0,111.0,7,51.0
2025-01-22,SKU0154,96.0,0.0,7,51.0
2025-02-01,SKU0154,101.0,0.0,7,51.0
2025-02-08,SKU0154,35.0,103.0,7,51.0
2025-02-15,SKU0154,88.0,0.0,7,51.0
2025-02-22,SKU0154,126.0,0.0,7,51.0
2025-03-01,SKU0154,62.0,0.0,7,51.0
2025-03-08,SKU0154,108.0,0.0,7,51.0
2025-03-15,SKU0154,40.0,112.0,7,51.0
2025-03-22,SKU0154,103.0,0.0,7,51.0
2025-04-01,SKU0154,9.0,102.0,7,51.0
2025-04-08,SKU0154,55.0,0.0,7,51.0
2025-04-15,SKU0154,70.0,0.0,7,51.0
2025-04-22,SKU0154,3.0,109.0,7,51.0
2025-05-01,SKU0154,50.0,93.0,7,51.0
2025-05-08,SKU0154,93.0,0.0,7,51.0
2025-05-15,SKU0154,139.0,0.0,7,51.0
2025-05-22,SKU0154,70.0,0.0,7,51.0
2025-06-01,SKU0154,105.0,0.0,7,51.0
2025-06-08,SKU0154,49.0,106.0,7,51.0
2025-06-15,SKU0154,88.0,0.0,7,51.0
2025-06-22,SKU0154,78.0,0.0,7,51.0
2025-07-01,SKU0154,107.0,0.0,7,51.0
2025-07-08,SKU0154,50.0,78.0,7,51.0
2025-07-15,SKU0154,74.0,0.0,7,51.0
2025-07-22,SKU0154,22.0,77.0,7,51.0
2025-08-01,SKU0154,111.0,0.0,7,51.0
2025-08-08,SKU0154,56.0,0.0,7,51.0
2025-08-15,SKU0154,119.0,0.0,7,51.0
2025-08-22,SKU0154,75.0,0.0,7,51.0
2025-09-01,SKU0154,101.0,0.0,7,51.0
2025-09-08,SKU0154,52.0,0.0,7,51.0
2025-09-15,SKU0154,101.0,0.0,7,51.0
2025-09-22,SKU0154,48.0,127.0,7,51.0
2025-10-01,SKU0154,107.0,0.0,7,51.0
2025-10-08,SKU0154,64.0,0.0,7,51.0
2025-10-15,SKU0154,1.0,91.0,7,51.0
2025-10-22,SKU0154,22.0,93.0,7,51.0
2025-11-01,SKU0154,55.0,0.0,7,51.0
2025-11-08,SKU0154,105.0,0.0,7,51.0
2025-11-15,SKU0154,62.0,0.0,7,51.0
2025-11-22,SKU0154,140.0,0.0,7,51.0
2025-12-01,SKU0154,65.0,0.0,7,51.0
2025-12-08,SKU0154,110.0,0.0,7,51.0
2025-12-15,SKU0154,60.0,0.0,7,51.0
2025-12-22,SKU0154,105.0,0.0,7,51.0
2024-10-15,SKU0155,153.0,126.0,28,163.0
2024-10-22,SKU0155,106.0,126.0,28,163.0
2024-11-01,SKU0155,63.0,126.0,28,163.0
2024-11-08,SKU0155,155.0,0.0,28,163.0
2024-11-15,SKU0155,116.0,129.0,28,163.0
2024-11-22,SKU0155,82.0,129.0,28,163.0
2024-12-01,SKU0155,11.0,129.0,28,163.0
2024-12-08,SKU0155,121.0,71.0,28,163.0
2024-12-15,SKU0155,98.0,71.0,28,163.0
2024-12-22,SKU0155,58.0,71.0,28,163.0
2025-01-01,SKU0155,0.0,71.0,28,163.0
2025-01-08,SKU0155,17.0,65.0,28,163.0
2025-01-15,SKU0155,1.0,65.0,28,163.0
2025-01-22,SKU0155,1.0,65.0,28,163.0
2025-02-01,SKU0155,61.0,121.0,28,163.0
2025-02-08,SKU0155,21.0,121.0,28,163.0
2025-02-15,SKU0155,0.0,121.0,28,163.0
2025-02-22,SKU0155,0.0,121.0,28,163.0
2025-03-01,SKU0155,117.0,97.0,28,163.0
2025-03-08,SKU0155,60.0,97.0,28,163.0
2025-03-15,SKU0155,10.0,97.0,28,163.0
2025-03-22,SKU0155,1.0,97.0,28,163.0
2025-04-01,SKU0155,71.0,129.0,28,163.0
2025-04-08,SKU0155,14.0,129.0,28,163.0
2025-04-15,SKU0155,1.0,129.0,28,163.0
2025-04-22,SKU0155,1.0,129.0,28,163.0
2025-05-01,SKU0155,82.0,104.0,28,163.0
2025-05-08,SKU0155,27.0,104.0,28,163.0
2025-05-15,SKU0155,0.0,104.0,28,163.0
2025-05-22,SKU0155,0.0,104.0,28,163.0
2025-06-01,SKU0155,36.0,91.0,28,163.0
2025-06-08,SKU0155,0.0,91.0,28,163.0
2025-06-15,SKU0155,0.0,91.0,28,163.0
2025-06-22,SKU0155,81.0,0.0,28,163.0
2025-07-01,SKU0155,21.0,121.0,28,163.0
2025-07-08,SKU0155,1.0,121.0,28,163.0
2025-07-15,SKU0155,1.0,121.0,28,163.0
2025-07-22,SKU0155,95.0,90.0,28,163.0
2025-08-01,SKU0155,42.0,90.0,28,163.0
2025-08-08,SKU0155,1.0,90.0,28,163.0
2025-08-15,SKU0155,90.0,94.0,28,163.0
2025-08-22,SKU0155,45.0,94.0,28,163.0
2025-09-01,SKU0155,0.0,94.0,28,163.0
2025-09-08,SKU0155,0.0,94.0,28,163.0
2025-09-15,SKU0155,77.0,74.0,28,163.0
2025-09-22,SKU0155,46.0,74.0,28,163.0
2025-10-01,SKU0155,5.0,74.0,28,163.0
2025-10-08,SKU0155,1.0,74.0,28,163.0
2025-10-15,SKU0155,45.0,107.0,28,163.0
2025-10-22,SKU0155,0.0,107.0,28,163.0
2025-11-01,SKU0155,0.0,107.0,28,163.0
2025-11-08,SKU0155,105.0,107.0,28,163.0
2025-11-15,SKU0155,74.0,107.0,28,163.0
2025-11-22,SKU0155,37.0,107.0,28,163.0
2025-12-01,SKU0155,1.0,107.0,28,163.0
2025-12-08,SKU0155,89.0,70.0,28,163.0
2025-12-15,SKU0155,49.0,70.0,28,163.0
2025-12-22,SKU0155,6.0,70.0,28,163.0
2024-11-08,SKU0156,33.0,1763.0,20,396.0
2024-11-15,SKU0156,0.0,1763.0,20,396.0
2024-11-22,SKU0156,0.0,1763.0,20,396.0
2024-12-01,SKU0156,1573.0,0.0,20,396.0
2024-12-08,SKU0156,1406.0,0.0,20,396.0
2024-12-15,SKU0156,1276.0,0.0,20,396.0
2024-12-22,SKU0156,1144.0,0.0,20,396.0
2025-01-01,SKU0156,937.0,0.0,20,396.0
2025-01-08,SKU0156,679.0,0.0,20,396.0
2025-01-15,SKU0156,500.0,0.0,20,396.0
2025-01-22,SKU0156,339.0,1680.0,20,396.0
2025-02-01,SKU0156,1732.0,0.0,20,396.0
2025-02-08,SKU0156,1542.0,0.0,20,396.0
2025-02-15,SKU0156,1327.0,0.0,20,396.0
2025-02-22,SKU0156,1106.0,0.0,20,396.0
2025-03-01,SKU0156,899.0,0.0,20,396.0
2025-03-08,SKU0156,665.0,0.0,20,396.0
2025-03-15,SKU0156,431.0,0.0,20,396.0
2025-03-22,SKU0156,223.0,1904.0,20,396.0
2025-04-01,SKU0156,1810.0,0.0,20,396.0
2025-04-08,SKU0156,1589.0,0.0,20,396.0
2025-04-15,SKU0156,1363.0,0.0,20,396.0
2025-04-22,SKU0156,1148.0,0.0,20,396.0
2025-05-01,SKU0156,860.0,0.0,20,396.0
2025-05-08,SKU0156,634.0,0.0,20,396.0
2025-05-15,SKU0156,437.0,0.0,20,396.0
2025-05-22,SKU0156,205.0,1863.0,20,396.0
2025-06-01,SKU0156,1767.0,0.0,20,396.0
2025-06-08,SKU0156,1561.0,0.0,20,396.0
2025-06-15,SKU0156,1331.0,0.0,20,396.0
2025-06-22,SKU0156,1009.0,0.0,20,396.0
2025-07-01,SKU0156,724.0,0.0,20,396.0
2025-07-08,SKU0156,554.0,0.0,20,396.0
2025-07-15,SKU0156,368.0,1453.0,20,396.0
2025-07-22,SKU0156,186.0,1453.0,20,396.0
2025-08-01,SKU0156,1410.0,0.0,20,396.0
2025-08-08,SKU0156,1248.0,0.0,20,396.0
2025-08-15,SKU0156,1097.0,0.0,20,396.0
2025-08-22,SKU0156,942.0,0.0,20,396.0
2025-09-01,SKU0156,738.0,0.0,20,396.0
2025-09-08,SKU0156,604.0,0.0,20,396.0
2025-09-15,SKU0156,479.0,0.0,20,396.0
2025-09-22,SKU0156,2296.0,0.0,20,396.0
2025-10-01,SKU0156,2113.0,0.0,20,396.0
2025-10-08,SKU0156,2018.0,0.0,20,396.0
2025-10-15,SKU0156,1911.0,0.0,20,396.0
2025-10-22,SKU0156,1680.0,0.0,20,396.0
2025-11-01,SKU0156,1541.0,0.0,20,396.0
2025-11-08,SKU0156,1400.0,0.0,20,396.0
2025-11-15,SKU0156,1271.0,0.0,20,396.0
2025-11-22,SKU0156,1141.0,0.0,20,396.0
2025-12-01,SKU0156,827.0,0.0,20,396.0
2025-12-08,SKU0156,685.0,0.0,20,396.0
2025-12-15,SKU0156,566.0,0.0,20,396.0
2025-12-22,SKU0156,446.0,0.0,20,396.0
2025-04-08,SKU0157,24.0,794.0,16,428.0
2025-04-15,SKU0157,1.0,794.0,16,428.0
2025-04-22,SKU0157,721.0,0.0,16,428.0
2025-05-01,SKU0157,295.0,658.0,16,428.0
2025-05-08,SKU0157,690.0,0.0,16,428.0
2025-05-15,SKU0157,395.0,791.0,16,428.0
2025-05-22,SKU0157,880.0,0.0,16,428.0
2025-06-01,SKU0157,415.0,790.0,16,428.0
2025-06-08,SKU0157,975.0,0.0,16,428.0
2025-06-15,SKU0157,680.0,0.0,16,428.0
2025-06-22,SKU0157,246.0,1010.0,16,428.0
2025-07-01,SKU0157,949.0,0.0,16,428.0
2025-07-08,SKU0157,768.0,0.0,16,428.0
2025-07-15,SKU0157,617.0,0.0,16,428.0
2025-07-22,SKU0157,387.0,923.0,16,428.0
2025-08-01,SKU0157,1060.0,0.0,16,428.0
2025-08-08,SKU0157,919.0,0.0,16,428.0
2025-08-15,SKU0157,776.0,0.0,16,428.0
2025-08-22,SKU0157,627.0,0.0,16,428.0
2025-09-01,SKU0157,426.0,919.0,16,428.0
2025-09-08,SKU0157,317.0,919.0,16,428.0
2025-09-15,SKU0157,1130.0,0.0,16,428.0
2025-09-22,SKU0157,993.0,0.0,16,428.0
2025-10-01,SKU0157,810.0,0.0,16,428.0
2025-10-08,SKU0157,671.0,0.0,16,428.0
2025-10-15,SKU0157,552.0,0.0,16,428.0
2025-10-22,SKU0157,449.0,0.0,16,428.0
2025-11-01,SKU0157,982.0,0.0,16,428.0
2025-11-08,SKU0157,883.0,0.0,16,428.0
2025-11-15,SKU0157,750.0,0.0,16,428.0
2025-11-22,SKU0157,644.0,0.0,16,428.0
2025-12-01,SKU0157,456.0,0.0,16,428.0
2025-12-08,SKU0157,267.0,649.0,16,428.0
2025-12-15,SKU0157,135.0,649.0,16,428.0
2025-12-22,SKU0157,620.0,0.0,16,428.0
2025-02-15,SKU0158,83.0,278.0,16,406.0
2025-02-22,SKU0158,0.0,278.0,16,406.0
2025-03-01,SKU0158,216.0,0.0,16,406.0
2025-03-08,SKU0158,57.0,225.0,16,406.0
2025-03-15,SKU0158,205.0,0.0,16,406.0
2025-03-22,SKU0158,27.0,246.0,16,406.0
2025-04-01,SKU0158,187.0,0.0,16,406.0
2025-04-08,SKU0158,0.0,173.0,16,406.0
2025-04-15,SKU0158,173.0,170.0,16,406.0
2025-04-22,SKU0158,0.0,170.0,16,406.0
2025-05-01,SKU0158,170.0,0.0,16,406.0
2025-05-08,SKU0158,0.0,232.0,16,406.0
2025-05-15,SKU0158,0.0,232.0,16,406.0
2025-05-22,SKU0158,71.0,268.0,16,406.0
2025-06-01,SKU0158,1.0,268.0,16,406.0
2025-06-08,SKU0158,85.0,217.0,16,406.0
2025-06-15,SKU0158,1.0,217.0,16,406.0
2025-06-22,SKU0158,65.0,169.0,16,406.0
2025-07-01,SKU0158,0.0,169.0,16,406.0
2025-07-08,SKU0158,102.0,234.0,16,406.0
2025-07-15,SKU0158,1.0,234.0,16,406.0
2025-07-22,SKU0158,172.0,283.0,16,406.0
2025-08-01,SKU0158,0.0,283.0,16,406.0
2025-08-08,SKU0158,222.0,283.0,16,406.0
2025-08-15,SKU0158,73.0,283.0,16,406.0
2025-08-22,SKU0158,256.0,319.0,16,406.0
2025-09-01,SKU0158,49.0,319.0,16,406.0
2025-09-08,SKU0158,273.0,235.0,16,406.0
2025-09-15,SKU0158,111.0,235.0,16,406.0
2025-09-22,SKU0158,236.0,0.0,16,406.0
2025-10-01,SKU0158,77.0,205.0,16,406.0
2025-10-08,SKU0158,206.0,0.0,16,406.0
2025-10-15,SKU0158,58.0,186.0,16,406.0
2025-10-22,SKU0158,1.0,186.0,16,406.0
2025-11-01,SKU0158,26.0,269.0,16,406.0
2025-11-08,SKU0158,0.0,269.0,16,406.0
2025-11-15,SKU0158,187.0,196.0,16,406.0
2025-11-22,SKU0158,64.0,196.0,16,406.0
2025-12-01,SKU0158,1.0,173.0,16,406.0
2025-12-08,SKU0158,1.0,173.0,16,406.0
2025-12-15,SKU0158,76.0,253.0,16,406.0
2025-12-22,SKU0158,1.0,253.0,16,406.0
2024-08-01,SKU0159,0.0,3135.0,24,834.0
2024-08-08,SKU0159,0.0,3135.0,24,834.0
2024-08-15,SKU0159,0.0,3135.0,24,834.0
2024-08-22,SKU0159,3036.0,0.0,24,834.0
2024-09-01,SKU0159,2809.0,0.0,24,834.0
2024-09-08,SKU0159,2655.0,0.0,24,834.0
2024-09-15,SKU0159,2494.0,0.0,24,834.0
2024-09-22,SKU0159,2331.0,0.0,24,834.0
2024-10-01,SKU0159,2112.0,0.0,24,834.0
2024-10-08,SKU0159,1951.0,0.0,24,834.0
2024-10-15,SKU0159,1790.0,0.0,24,834.0
2024-10-22,SKU0159,1510.0,0.0,24,834.0
2024-11-01,SKU0159,1266.0,0.0,24,834.0
2024-11-08,SKU0159,1107.0,0.0,24,834.0
2024-11-15,SKU0159,919.0,0.0,24,834.0
2024-11-22,SKU0159,735.0,3973.0,24,834.0
2024-12-01,SKU0159,4348.0,0.0,24,834.0
2024-12-08,SKU0159,4208.0,0.0,24,834.0
2024-12-15,SKU0159,4042.0,0.0,24,834.0
2024-12-22,SKU0159,3859.0,0.0,24,834.0
2025-01-01,SKU0159,3550.0,0.0,24,834.0
2025-01-08,SKU0159,3251.0,0.0,24,834.0
2025-01-15,SKU0159,3057.0,0.0,24,834.0
2025-01-22,SKU0159,2850.0,0.0,24,834.0
2025-02-01,SKU0159,2556.0,0.0,24,834.0
2025-02-08,SKU0159,2354.0,0.0,24,834.0
2025-02-15,SKU0159,2167.0,0.0,24,834.0
2025-02-22,SKU0159,1979.0,0.0,24,834.0
2025-03-01,SKU0159,1785.0,0.0,24,834.0
2025-03-08,SKU0159,1572.0,0.0,24,834.0
2025-03-15,SKU0159,1362.0,0.0,24,834.0
2025-03-22,SKU0159,1144.0,0.0,24,834.0
2025-04-01,SKU0159,867.0,0.0,24,834.0
2025-04-08,SKU0159,657.0,2511.0,24,834.0
2025-04-15,SKU0159,454.0,2511.0,24,834.0
2025-04-22,SKU0159,2751.0,0.0,24,834.0
2025-05-01,SKU0159,2456.0,0.0,24,834.0
2025-05-08,SKU0159,2240.0,0.0,24,834.0
2025-05-15,SKU0159,2056.0,0.0,24,834.0
2025-05-22,SKU0159,1853.0,0.0,24,834.0
2025-06-01,SKU0159,1616.0,0.0,24,834.0
2025-06-08,SKU0159,1422.0,0.0,24,834.0
2025-06-15,SKU0159,1217.0,0.0,24,834.0
2025-06-22,SKU0159,893.0,0.0,24,834.0
2025-07-01,SKU0159,4593.0,0.0,24,834.0
2025-07-08,SKU0159,4402.0,0.0,24,834.0
2025-07-15,SKU0159,4248.0,0.0,24,834.0
2025-07-22,SKU0159,4113.0,0.0,24,834.0
2025-08-01,SKU0159,3884.0,0.0,24,834.0
2025-08-08,SKU0159,3709.0,0.0,24,834.0
2025-08-15,SKU0159,3537.0,0.0,24,834.0
2025-08-22,SKU0159,3413.0,0.0,24,834.0
2025-09-01,SKU0159,3231.0,0.0,24,834.0
2025-09-08,SKU0159,3078.0,0.0,24,834.0
2025-09-15,SKU0159,2944.0,0.0,24,834.0
2025-09-22,SKU0159,2809.0,0.0,24,834.0
2025-10-01,SKU0159,2609.0,0.0,24,834.0
2025-10-08,SKU0159,2476.0,0.0,24,834.0
2025-10-15,SKU0159,2306.0,0.0,24,834.0
2025-10-22,SKU0159,2045.0,0.0,24,834.0
2025-11-01,SKU0159,1862.0,0.0,24,834.0
2025-11-08,SKU0159,1723.0,0.0,24,834.0
2025-11-15,SKU0159,1546.0,0.0,24,834.0
2025-11-22,SKU0159,1433.0,0.0,24,834.0
2025-12-01,SKU0159,1173.0,0.0,24,834.0
2025-12-08,SKU0159,1053.0,0.0,24,834.0
2025-12-15,SKU0159,927.0,0.0,24,834.0
2025-12-22,SKU0159,780.0,3298.0,24,834.0
2024-01-15,SKU0160,0.0,1104.0,19,454.0
2024-01-22,SKU0160,0.0,1104.0,19,454.0
2024-02-01,SKU0160,1036.0,0.0,19,454.0
2024-02-08,SKU0160,852.0,0.0,19,454.0
2024-02-15,SKU0160,675.0,0.0,19,454.0
2024-02-22,SKU0160,504.0,0.0,19,454.0
2024-03-01,SKU0160,305.0,848.0,19,454.0
2024-03-08,SKU0160,996.0,0.0,19,454.0
2024-03-15,SKU0160,822.0,0.0,19,454.0
2024-03-22,SKU0160,658.0,0.0,19,454.0
2024-04-01,SKU0160,374.0,901.0,19,454.0
2024-04-08,SKU0160,191.0,901.0,19,454.0
2024-04-15,SKU0160,894.0,0.0,19,454.0
2024-04-22,SKU0160,695.0,0.0,19,454.0
2024-05-01,SKU0160,442.0,1041.0,19,454.0
2024-05-08,SKU0160,1285.0,0.0,19,454.0
2024-05-15,SKU0160,1109.0,0.0,19,454.0
2024-05-22,SKU0160,923.0,0.0,19,454.0
2024-06-01,SKU0160,634.0,0.0,19,454.0
2024-06-08,SKU0160,456.0,0.0,19,454.0
2024-06-15,SKU0160,1343.0,0.0,19,454.0
2024-06-22,SKU0160,1014.0,0.0,19,454.0
2024-07-01,SKU0160,827.0,0.0,19,454.0
2024-07-08,SKU0160,673.0,0.0,19,454.0
2024-07-15,SKU0160,530.0,0.0,19,454.0
2024-07-22,SKU0160,396.0,944.0,19,454.0
2024-08-01,SKU0160,176.0,944.0,19,454.0
2024-08-08,SKU0160,1028.0,0.0,19,454.0
2024-08-15,SKU0160,925.0,0.0,19,454.0
2024-08-22,SKU0160,803.0,0.0,19,454.0
2024-09-01,SKU0160,659.0,0.0,19,454.0
2024-09-08,SKU0160,564.0,0.0,19,454.0
2024-09-15,SKU0160,469.0,0.0,19,454.0
2024-09-22,SKU0160,360.0,894.0,19,454.0
2024-10-01,SKU0160,217.0,894.0,19,454.0
2024-10-08,SKU0160,1018.0,0.0,19,454.0
2024-10-15,SKU0160,927.0,0.0,19,454.0
2024-10-22,SKU0160,788.0,0.0,19,454.0
2024-11-01,SKU0160,655.0,0.0,19,454.0
2024-11-08,SKU0160,541.0,0.0,19,454.0
2024-11-15,SKU0160,438.0,741.0,19,454.0
2024-11-22,SKU0160,337.0,741.0,19,454.0
2024-12-01,SKU0160,889.0,0.0,19,454.0
2024-12-08,SKU0160,764.0,0.0,19,454.0
2024-12-15,SKU0160,627.0,0.0,19,454.0
2024-12-22,SKU0160,498.0,0.0,19,454.0
2025-01-01,SKU0160,277.0,822.0,19,454.0
2025-01-08,SKU0160,890.0,0.0,19,454.0
2025-01-15,SKU0160,720.0,0.0,19,454.0
2025-01-22,SKU0160,555.0,0.0,19,454.0
2025-02-01,SKU0160,344.0,1012.0,19,454.0
2025-02-08,SKU0160,166.0,1012.0,19,454.0
2025-02-15,SKU0160,1018.0,0.0,19,454.0
2025-02-22,SKU0160,830.0,0.0,19,454.0
2025-03-01,SKU0160,646.0,0.0,19,454.0
2025-03-08,SKU0160,458.0,0.0,19,454.0
2025-03-15,SKU0160,251.0,1002.0,19,454.0
2025-03-22,SKU0160,1035.0,0.0,19,454.0
2025-04-01,SKU0160,763.0,0.0,19,454.0
2025-04-08,SKU0160,549.0,0.0,19,454.0
2025-04-15,SKU0160,328.0,899.0,19,454.0
2025-04-22,SKU0160,115.0,899.0,19,454.0
2025-05-01,SKU0160,820.0,0.0,19,454.0
2025-05-08,SKU0160,627.0,0.0,19,454.0
2025-05-15,SKU0160,409.0,975.0,19,454.0
2025-05-22,SKU0160,1197.0,0.0,19,454.0
2025-06-01,SKU0160,905.0,0.0,19,454.0
2025-06-08,SKU0160,702.0,0.0,19,454.0
2025-06-15,SKU0160,496.0,0.0,19,454.0
2025-06-22,SKU0160,176.0,845.0,19,454.0
2025-07-01,SKU0160,762.0,0.0,19,454.0
2025-07-08,SKU0160,589.0,0.0,19,454.0
2025-07-15,SKU0160,426.0,1037.0,19,454.0
2025-07-22,SKU0160,288.0,1037.0,19,454.0
2025-08-01,SKU0160,44.0,1037.0,19,454.0
2025-08-08,SKU0160,956.0,0.0,19,454.0
2025-08-15,SKU0160,831.0,0.0,19,454.0
2025-08-22,SKU0160,700.0,0.0,19,454.0
2025-09-01,SKU0160,520.0,0.0,19,454.0
2025-09-08,SKU0160,423.0,947.0,19,454.0
2025-09-15,SKU0160,1255.0,0.0,19,454.0
2025-09-22,SKU0160,1135.0,0.0,19,454.0
2025-10-01,SKU0160,990.0,0.0,19,454.0
2025-10-08,SKU0160,910.0,0.0,19,454.0
2025-10-15,SKU0160,791.0,0.0,19,454.0
2025-10-22,SKU0160,638.0,0.0,19,454.0
2025-11-01,SKU0160,514.0,0.0,19,454.0
2025-11-08,SKU0160,1379.0,0.0,19,454.0
2025-11-15,SKU0160,1242.0,0.0,19,454.0
2025-11-22,SKU0160,1104.0,0.0,19,454.0
2025-12-01,SKU0160,875.0,0.0,19,454.0
2025-12-08,SKU0160,756.0,0.0,19,454.0
2025-12-15,SKU0160,635.0,0.0,19,454.0
2025-12-22,SKU0160,488.0,0.0,19,454.0
2024-06-08,SKU0161,111.0,373.0,20,190.0
2024-06-15,SKU0161,38.0,373.0,20,190.0
2024-06-22,SKU0161,1.0,373.0,20,190.0
2024-07-01,SKU0161,341.0,0.0,20,190.0
2024-07-08,SKU0161,279.0,0.0,20,190.0
2024-07-15,SKU0161,213.0,0.0,20,190.0
2024-07-22,SKU0161,151.0,359.0,20,190.0
2024-08-01,SKU0161,55.0,359.0,20,190.0
2024-08-08,SKU0161,355.0,0.0,20,190.0
2024-08-15,SKU0161,293.0,0.0,20,190.0
2024-08-22,SKU0161,234.0,0.0,20,190.0
2024-09-01,SKU0161,156.0,379.0,20,190.0
2024-09-08,SKU0161,95.0,379.0,20,190.0
2024-09-15,SKU0161,418.0,0.0,20,190.0
2024-09-22,SKU0161,360.0,0.0,20,190.0
2024-10-01,SKU0161,286.0,0.0,20,190.0
2024-10-08,SKU0161,224.0,0.0,20,190.0
2024-10-15,SKU0161,158.0,393.0,20,190.0
2024-10-22,SKU0161,53.0,393.0,20,190.0
2024-11-01,SKU0161,359.0,0.0,20,190.0
2024-11-08,SKU0161,301.0,0.0,20,190.0
2024-11-15,SKU0161,246.0,0.0,20,190.0
2024-11-22,SKU0161,184.0,446.0,20,190.0
2024-12-01,SKU0161,62.0,446.0,20,190.0
2024-12-08,SKU0161,445.0,0.0,20,190.0
2024-12-15,SKU0161,376.0,0.0,20,190.0
2024-12-22,SKU0161,316.0,0.0,20,190.0
2025-01-01,SKU0161,202.0,0.0,20,190.0
2025-01-08,SKU0161,85.0,312.0,20,190.0
2025-01-15,SKU0161,332.0,0.0,20,190.0
2025-01-22,SKU0161,265.0,0.0,20,190.0
2025-02-01,SKU0161,166.0,390.0,20,190.0
2025-02-08,SKU0161,483.0,0.0,20,190.0
2025-02-15,SKU0161,416.0,0.0,20,190.0
2025-02-22,SKU0161,340.0,0.0,20,190.0
2025-03-01,SKU0161,260.0,0.0,20,190.0
2025-03-08,SKU0161,186.0,447.0,20,190.0
2025-03-15,SKU0161,556.0,0.0,20,190.0
2025-03-22,SKU0161,473.0,0.0,20,190.0
2025-04-01,SKU0161,364.0,0.0,20,190.0
2025-04-08,SKU0161,282.0,0.0,20,190.0
2025-04-15,SKU0161,199.0,0.0,20,190.0
2025-04-22,SKU0161,123.0,312.0,20,190.0
2025-05-01,SKU0161,336.0,0.0,20,190.0
2025-05-08,SKU0161,259.0,0.0,20,190.0
2025-05-15,SKU0161,176.0,457.0,20,190.0
2025-05-22,SKU0161,95.0,457.0,20,190.0
2025-06-01,SKU0161,0.0,457.0,20,190.0
2025-06-08,SKU0161,395.0,0.0,20,190.0
2025-06-15,SKU0161,309.0,0.0,20,190.0
2025-06-22,SKU0161,617.0,0.0,20,190.0
2025-07-01,SKU0161,517.0,0.0,20,190.0
2025-07-08,SKU0161,444.0,0.0,20,190.0
2025-07-15,SKU0161,369.0,0.0,20,190.0
2025-07-22,SKU0161,296.0,0.0,20,190.0
2025-08-01,SKU0161,190.0,0.0,20,190.0
2025-08-08,SKU0161,119.0,380.0,20,190.0
2025-08-15,SKU0161,51.0,380.0,20,190.0
2025-08-22,SKU0161,371.0,0.0,20,190.0
2025-09-01,SKU0161,267.0,0.0,20,190.0
2025-09-08,SKU0161,197.0,0.0,20,190.0
2025-09-15,SKU0161,561.0,0.0,20,190.0
2025-09-22,SKU0161,490.0,0.0,20,190.0
2025-10-01,SKU0161,393.0,0.0,20,190.0
2025-10-08,SKU0161,321.0,0.0,20,190.0
2025-10-15,SKU0161,240.0,0.0,20,190.0
2025-10-22,SKU0161,586.0,0.0,20,190.0
2025-11-01,SKU0161,486.0,0.0,20,190.0
2025-11-08,SKU0161,418.0,0.0,20,190.0
2025-11-15,SKU0161,349.0,0.0,20,190.0
2025-11-22,SKU0161,274.0,0.0,20,190.0
2025-12-01,SKU0161,563.0,0.0,20,190.0
2025-12-08,SKU0161,484.0,0.0,20,190.0
2025-12-15,SKU0161,409.0,0.0,20,190.0
2025-12-22,SKU0161,335.0,0.0,20,190.0
2024-12-15,SKU0162,278.0,204.0,25,464.0
2024-12-22,SKU0162,152.0,204.0,25,464.0
2025-01-01,SKU0162,1.0,204.0,25,464.0
2025-01-08,SKU0162,128.0,0.0,25,464.0
2025-01-15,SKU0162,1.0,244.0,25,464.0
2025-01-22,SKU0162,1.0,244.0,25,464.0
2025-02-01,SKU0162,228.0,330.0,25,464.0
2025-02-08,SKU0162,76.0,330.0,25,464.0
2025-02-15,SKU0162,1.0,330.0,25,464.0
2025-02-22,SKU0162,1.0,330.0,25,464.0
2025-03-01,SKU0162,246.0,262.0,25,464.0
2025-03-08,SKU0162,92.0,262.0,25,464.0
2025-03-15,SKU0162,1.0,262.0,25,464.0
2025-03-22,SKU0162,262.0,330.0,25,464.0
2025-04-01,SKU0162,28.0,330.0,25,464.0
2025-04-08,SKU0162,0.0,330.0,25,464.0
2025-04-15,SKU0162,0.0,330.0,25,464.0
2025-04-22,SKU0162,184.0,287.0,25,464.0
2025-05-01,SKU0162,1.0,287.0,25,464.0
2025-05-08,SKU0162,1.0,287.0,25,464.0
2025-05-15,SKU0162,189.0,222.0,25,464.0
2025-05-22,SKU0162,34.0,222.0,25,464.0
2025-06-01,SKU0162,0.0,222.0,25,464.0
2025-06-08,SKU0162,157.0,291.0,25,464.0
2025-06-15,SKU0162,5.0,291.0,25,464.0
2025-06-22,SKU0162,1.0,291.0,25,464.0
2025-07-01,SKU0162,268.0,315.0,25,464.0
2025-07-08,SKU0162,112.0,315.0,25,464.0
2025-07-15,SKU0162,0.0,315.0,25,464.0
2025-07-22,SKU0162,0.0,315.0,25,464.0
2025-08-01,SKU0162,177.0,248.0,25,464.0
2025-08-08,SKU0162,40.0,248.0,25,464.0
2025-08-15,SKU0162,1.0,248.0,25,464.0
2025-08-22,SKU0162,196.0,329.0,25,464.0
2025-09-01,SKU0162,43.0,329.0,25,464.0
2025-09-08,SKU0162,0.0,329.0,25,464.0
2025-09-15,SKU0162,289.0,297.0,25,464.0
2025-09-22,SKU0162,161.0,297.0,25,464.0
2025-10-01,SKU0162,12.0,297.0,25,464.0
2025-10-08,SKU0162,297.0,0.0,25,464.0
2025-10-15,SKU0162,171.0,196.0,25,464.0
2025-10-22,SKU0162,0.0,196.0,25,464.0
2025-11-01,SKU0162,0.0,196.0,25,464.0
2025-11-08,SKU0162,89.0,0.0,25,464.0
2025-11-15,SKU0162,1.0,288.0,25,464.0
2025-11-22,SKU0162,1.0,288.0,25,464.0
2025-12-01,SKU0162,168.0,232.0,25,464.0
2025-12-08,SKU0162,47.0,232.0,25,464.0
2025-12-15,SKU0162,1.0,232.0,25,464.0
2025-12-22,SKU0162,232.0,279.0,25,464.0
2024-01-15,SKU0163,1.0,355.0,8,224.0
2024-01-22,SKU0163,231.0,0.0,8,224.0
2024-02-01,SKU0163,399.0,0.0,8,224.0
2024-02-08,SKU0163,199.0,396.0,8,224.0
2024-02-15,SKU0163,371.0,0.0,8,224.0
2024-02-22,SKU0163,131.0,394.0,8,224.0
2024-03-01,SKU0163,260.0,0.0,8,224.0
2024-03-08,SKU0163,367.0,0.0,8,224.0
2024-03-15,SKU0163,140.0,400.0,8,224.0
2024-03-22,SKU0163,372.0,0.0,8,224.0
2024-04-01,SKU0163,421.0,0.0,8,224.0
2024-04-08,SKU0163,176.0,385.0,8,224.0
2024-04-15,SKU0163,364.0,0.0,8,224.0
2024-04-22,SKU0163,565.0,0.0,8,224.0
2024-05-01,SKU0163,186.0,444.0,8,224.0
2024-05-08,SKU0163,444.0,0.0,8,224.0
2024-05-15,SKU0163,205.0,552.0,8,224.0
2024-05-22,SKU0163,526.0,0.0,8,224.0
2024-06-01,SKU0163,626.0,0.0,8,224.0
2024-06-08,SKU0163,406.0,0.0,8,224.0
2024-06-15,SKU0163,166.0,555.0,8,224.0
2024-06-22,SKU0163,303.0,0.0,8,224.0
2024-07-01,SKU0163,33.0,356.0,8,224.0
2024-07-08,SKU0163,233.0,0.0,8,224.0
2024-07-15,SKU0163,610.0,0.0,8,224.0
2024-07-22,SKU0163,428.0,0.0,8,224.0
2024-08-01,SKU0163,169.0,405.0,8,224.0
2024-08-08,SKU0163,430.0,0.0,8,224.0
2024-08-15,SKU0163,260.0,0.0,8,224.0
2024-08-22,SKU0163,497.0,0.0,8,224.0
2024-09-01,SKU0163,298.0,0.0,8,224.0
2024-09-08,SKU0163,156.0,427.0,8,224.0
2024-09-15,SKU0163,482.0,0.0,8,224.0
2024-09-22,SKU0163,357.0,0.0,8,224.0
2024-10-01,SKU0163,185.0,550.0,8,224.0
2024-10-08,SKU0163,629.0,0.0,8,224.0
2024-10-15,SKU0163,480.0,0.0,8,224.0
2024-10-22,SKU0163,254.0,0.0,8,224.0
2024-11-01,SKU0163,593.0,0.0,8,224.0
2024-11-08,SKU0163,482.0,0.0,8,224.0
2024-11-15,SKU0163,359.0,0.0,8,224.0
2024-11-22,SKU0163,218.0,438.0,8,224.0
2024-12-01,SKU0163,376.0,0.0,8,224.0
2024-12-08,SKU0163,229.0,0.0,8,224.0
2024-12-15,SKU0163,557.0,0.0,8,224.0
2024-12-22,SKU0163,423.0,0.0,8,224.0
2025-01-01,SKU0163,192.0,553.0,8,224.0
2025-01-08,SKU0163,455.0,0.0,8,224.0
2025-01-15,SKU0163,306.0,0.0,8,224.0
2025-01-22,SKU0163,134.0,558.0,8,224.0
2025-02-01,SKU0163,434.0,0.0,8,224.0
2025-02-08,SKU0163,237.0,0.0,8,224.0
2025-02-15,SKU0163,405.0,0.0,8,224.0
2025-02-22,SKU0163,194.0,409.0,8,224.0
2025-03-01,SKU0163,409.0,0.0,8,224.0
2025-03-08,SKU0163,203.0,435.0,8,224.0
2025-03-15,SKU0163,4.0,435.0,8,224.0
2025-03-22,SKU0163,259.0,0.0,8,224.0
2025-04-01,SKU0163,368.0,0.0,8,224.0
2025-04-08,SKU0163,153.0,541.0,8,224.0
2025-04-15,SKU0163,478.0,0.0,8,224.0
2025-04-22,SKU0163,244.0,0.0,8,224.0
2025-05-01,SKU0163,360.0,0.0,8,224.0
2025-05-08,SKU0163,176.0,421.0,8,224.0
2025-05-15,SKU0163,412.0,0.0,8,224.0
2025-05-22,SKU0163,216.0,403.0,8,224.0
2025-06-01,SKU0163,354.0,0.0,8,224.0
2025-06-08,SKU0163,176.0,545.0,8,224.0
2025-06-15,SKU0163,521.0,0.0,8,224.0
2025-06-22,SKU0163,219.0,482.0,8,224.0
2025-07-01,SKU0163,469.0,0.0,8,224.0
2025-07-08,SKU0163,301.0,0.0,8,224.0
2025-07-15,SKU0163,622.0,0.0,8,224.0
2025-07-22,SKU0163,470.0,0.0,8,224.0
2025-08-01,SKU0163,260.0,0.0,8,224.0
2025-08-08,SKU0163,448.0,0.0,8,224.0
2025-08-15,SKU0163,316.0,0.0,8,224.0
2025-08-22,SKU0163,204.0,380.0,8,224.0
2025-09-01,SKU0163,397.0,0.0,8,224.0
2025-09-08,SKU0163,287.0,0.0,8,224.0
2025-09-15,SKU0163,167.0,549.0,8,224.0
2025-09-22,SKU0163,598.0,0.0,8,224.0
2025-10-01,SKU0163,448.0,0.0,8,224.0
2025-10-08,SKU0163,332.0,0.0,8,224.0
2025-10-15,SKU0163,191.0,509.0,8,224.0
2025-10-22,SKU0163,487.0,0.0,8,224.0
2025-11-01,SKU0163,321.0,0.0,8,224.0
2025-11-08,SKU0163,174.0,343.0,8,224.0
2025-11-15,SKU0163,404.0,0.0,8,224.0
2025-11-22,SKU0163,292.0,0.0,8,224.0
2025-12-01,SKU0163,551.0,0.0,8,224.0
2025-12-08,SKU0163,396.0,0.0,8,224.0
2025-12-15,SKU0163,249.0,0.0,8,224.0
2025-12-22,SKU0163,600.0,0.0,8,224.0
2025-03-22,SKU0164,65.0,93.0,23,172.0
2025-04-01,SKU0164,1.0,93.0,23,172.0
2025-04-08,SKU0164,93.0,0.0,23,172.0
2025-04-15,SKU0164,20.0,91.0,23,172.0
2025-04-22,SKU0164,0.0,91.0,23,172.0
2025-05-01,SKU0164,91.0,135.0,23,172.0
2025-05-08,SKU0164,18.0,135.0,23,172.0
2025-05-15,SKU0164,0.0,135.0,23,172.0
2025-05-22,SKU0164,0.0,135.0,23,172.0
2025-06-01,SKU0164,48.0,117.0,23,172.0
2025-06-08,SKU0164,0.0,117.0,23,172.0
2025-06-15,SKU0164,0.0,117.0,23,172.0
2025-06-22,SKU0164,25.0,87.0,23,172.0
2025-07-01,SKU0164,0.0,87.0,23,172.0
2025-07-08,SKU0164,0.0,87.0,23,172.0
2025-07-15,SKU0164,32.0,126.0,23,172.0
2025-07-22,SKU0164,0.0,126.0,23,172.0
2025-08-01,SKU0164,126.0,0.0,23,172.0
2025-08-08,SKU0164,77.0,119.0,23,172.0
2025-08-15,SKU0164,17.0,119.0,23,172.0
2025-08-22,SKU0164,0.0,119.0,23,172.0
2025-09-01,SKU0164,65.0,69.0,23,172.0
2025-09-08,SKU0164,19.0,69.0,23,172.0
2025-09-15,SKU0164,1.0,69.0,23,172.0
2025-09-22,SKU0164,34.0,135.0,23,172.0
2025-10-01,SKU0164,1.0,135.0,23,172.0
2025-10-08,SKU0164,1.0,135.0,23,172.0
2025-10-15,SKU0164,104.0,93.0,23,172.0
2025-10-22,SKU0164,25.0,93.0,23,172.0
2025-11-01,SKU0164,93.0,93.0,23,172.0
2025-11-08,SKU0164,41.0,93.0,23,172.0
2025-11-15,SKU0164,0.0,93.0,23,172.0
2025-11-22,SKU0164,0.0,93.0,23,172.0
2025-12-01,SKU0164,0.0,115.0,23,172.0
2025-12-08,SKU0164,0.0,115.0,23,172.0
2025-12-15,SKU0164,0.0,115.0,23,172.0
2025-12-22,SKU0164,72.0,84.0,23,172.0
2024-11-01,SKU0165,8.0,275.0,18,138.0
2024-11-08,SKU0165,0.0,275.0,18,138.0
2024-11-15,SKU0165,246.0,0.0,18,138.0
2024-11-22,SKU0165,202.0,0.0,18,138.0
2024-12-01,SKU0165,340.0,0.0,18,138.0
2024-12-08,SKU0165,277.0,0.0,18,138.0
2024-12-15,SKU0165,230.0,0.0,18,138.0
2024-12-22,SKU0165,181.0,0.0,18,138.0
2025-01-01,SKU0165,95.0,300.0,18,138.0
2025-01-08,SKU0165,283.0,0.0,18,138.0
2025-01-15,SKU0165,216.0,0.0,18,138.0
2025-01-22,SKU0165,162.0,0.0,18,138.0
2025-02-01,SKU0165,92.0,249.0,18,138.0
2025-02-08,SKU0165,12.0,249.0,18,138.0
2025-02-15,SKU0165,194.0,0.0,18,138.0
2025-02-22,SKU0165,121.0,231.0,18,138.0
2025-03-01,SKU0165,275.0,0.0,18,138.0
2025-03-08,SKU0165,199.0,0.0,18,138.0
2025-03-15,SKU0165,122.0,332.0,18,138.0
2025-03-22,SKU0165,375.0,0.0,18,138.0
2025-04-01,SKU0165,243.0,0.0,18,138.0
2025-04-08,SKU0165,156.0,0.0,18,138.0
2025-04-15,SKU0165,58.0,325.0,18,138.0
2025-04-22,SKU0165,325.0,0.0,18,138.0
2025-05-01,SKU0165,217.0,0.0,18,138.0
2025-05-08,SKU0165,140.0,0.0,18,138.0
2025-05-15,SKU0165,395.0,0.0,18,138.0
2025-05-22,SKU0165,302.0,0.0,18,138.0
2025-06-01,SKU0165,189.0,0.0,18,138.0
2025-06-08,SKU0165,119.0,275.0,18,138.0
2025-06-15,SKU0165,309.0,0.0,18,138.0
2025-06-22,SKU0165,203.0,0.0,18,138.0
2025-07-01,SKU0165,111.0,255.0,18,138.0
2025-07-08,SKU0165,324.0,0.0,18,138.0
2025-07-15,SKU0165,245.0,0.0,18,138.0
2025-07-22,SKU0165,178.0,0.0,18,138.0
2025-08-01,SKU0165,89.0,345.0,18,138.0
2025-08-08,SKU0165,371.0,0.0,18,138.0
2025-08-15,SKU0165,321.0,0.0,18,138.0
2025-08-22,SKU0165,275.0,0.0,18,138.0
2025-09-01,SKU0165,226.0,0.0,18,138.0
2025-09-08,SKU0165,170.0,0.0,18,138.0
2025-09-15,SKU0165,128.0,220.0,18,138.0
2025-09-22,SKU0165,85.0,220.0,18,138.0
2025-10-01,SKU0165,241.0,0.0,18,138.0
2025-10-08,SKU0165,208.0,0.0,18,138.0
2025-10-15,SKU0165,166.0,0.0,18,138.0
2025-10-22,SKU0165,422.0,0.0,18,138.0
2025-11-01,SKU0165,378.0,0.0,18,138.0
2025-11-08,SKU0165,334.0,0.0,18,138.0
2025-11-15,SKU0165,298.0,0.0,18,138.0
2025-11-22,SKU0165,260.0,0.0,18,138.0
2025-12-01,SKU0165,183.0,0.0,18,138.0
2025-12-08,SKU0165,128.0,256.0,18,138.0
2025-12-15,SKU0165,334.0,0.0,18,138.0
2025-12-22,SKU0165,282.0,0.0,18,138.0
2024-11-01,SKU0166,156.0,1199.0,12,378.0
2024-11-08,SKU0166,1199.0,0.0,12,378.0
2024-11-15,SKU0166,1035.0,0.0,12,378.0
2024-11-22,SKU0166,853.0,0.0,12,378.0
2024-12-01,SKU0166,499.0,0.0,12,378.0
2024-12-08,SKU0166,301.0,1217.0,12,378.0
2024-12-15,SKU0166,1322.0,0.0,12,378.0
2024-12-22,SKU0166,1135.0,0.0,12,378.0
2025-01-01,SKU0166,809.0,0.0,12,378.0
2025-01-08,SKU0166,452.0,0.0,12,378.0
2025-01-15,SKU0166,230.0,1719.0,12,378.0
2025-01-22,SKU0166,1721.0,0.0,12,378.0
2025-02-01,SKU0166,1423.0,0.0,12,378.0
2025-02-08,SKU0166,1140.0,0.0,12,378.0
2025-02-15,SKU0166,799.0,0.0,12,378.0
2025-02-22,SKU0166,514.0,0.0,12,378.0
2025-03-01,SKU0166,179.0,1695.0,12,378.0
2025-03-08,SKU0166,1575.0,0.0,12,378.0
2025-03-15,SKU0166,1175.0,0.0,12,378.0
2025-03-22,SKU0166,859.0,0.0,12,378.0
2025-04-01,SKU0166,284.0,1329.0,12,378.0
2025-04-08,SKU0166,1.0,1329.0,12,378.0
2025-04-15,SKU0166,1063.0,0.0,12,378.0
2025-04-22,SKU0166,684.0,0.0,12,378.0
2025-05-01,SKU0166,182.0,1163.0,12,378.0
2025-05-08,SKU0166,967.0,0.0,12,378.0
2025-05-15,SKU0166,586.0,0.0,12,378.0
2025-05-22,SKU0166,232.0,1279.0,12,378.0
2025-06-01,SKU0166,1064.0,0.0,12,378.0
2025-06-08,SKU0166,720.0,0.0,12,378.0
2025-06-15,SKU0166,369.0,1237.0,12,378.0
2025-06-22,SKU0166,1200.0,0.0,12,378.0
2025-07-01,SKU0166,770.0,0.0,12,378.0
2025-07-08,SKU0166,475.0,0.0,12,378.0
2025-07-15,SKU0166,1924.0,0.0,12,378.0
2025-07-22,SKU0166,1616.0,0.0,12,378.0
2025-08-01,SKU0166,1202.0,0.0,12,378.0
2025-08-08,SKU0166,998.0,0.0,12,378.0
2025-08-15,SKU0166,713.0,0.0,12,378.0
2025-08-22,SKU0166,497.0,0.0,12,378.0
2025-09-01,SKU0166,1562.0,0.0,12,378.0
2025-09-08,SKU0166,1412.0,0.0,12,378.0
2025-09-15,SKU0166,1243.0,0.0,12,378.0
2025-09-22,SKU0166,1083.0,0.0,12,378.0
2025-10-01,SKU0166,833.0,0.0,12,378.0
2025-10-08,SKU0166,662.0,0.0,12,378.0
2025-10-15,SKU0166,444.0,0.0,12,378.0
2025-10-22,SKU0166,1756.0,0.0,12,378.0
2025-11-01,SKU0166,1464.0,0.0,12,378.0
2025-11-08,SKU0166,1259.0,0.0,12,378.0
2025-11-15,SKU0166,1090.0,0.0,12,378.0
2025-11-22,SKU0166,877.0,0.0,12,378.0
2025-12-01,SKU0166,435.0,0.0,12,378.0
2025-12-08,SKU0166,1456.0,0.0,12,378.0
2025-12-15,SKU0166,1227.0,0.0,12,378.0
2025-12-22,SKU0166,959.0,0.0,12,378.0
2024-10-08,SKU0167,164.0,558.0,13,250.0
2024-10-15,SKU0167,41.0,558.0,13,250.0
2024-10-22,SKU0167,402.0,0.0,13,250.0
2024-11-01,SKU0167,226.0,578.0,13,250.0
2024-11-08,SKU0167,100.0,578.0,13,250.0
2024-11-15,SKU0167,545.0,0.0,13,250.0
2024-11-22,SKU0167,429.0,0.0,13,250.0
2024-12-01,SKU0167,182.0,608.0,13,250.0
2024-12-08,SKU0167,664.0,0.0,13,250.0
2024-12-15,SKU0167,525.0,0.0,13,250.0
2024-12-22,SKU0167,418.0,0.0,13,250.0
2025-01-01,SKU0167,177.0,555.0,13,250.0
2025-01-08,SKU0167,487.0,0.0,13,250.0
2025-01-15,SKU0167,319.0,0.0,13,250.0
2025-01-22,SKU0167,150.0,416.0,13,250.0
2025-02-01,SKU0167,337.0,0.0,13,250.0
2025-02-08,SKU0167,165.0,413.0,13,250.0
2025-02-15,SKU0167,375.0,0.0,13,250.0
2025-02-22,SKU0167,156.0,538.0,13,250.0
2025-03-01,SKU0167,524.0,0.0,13,250.0
2025-03-08,SKU0167,367.0,0.0,13,250.0
2025-03-15,SKU0167,194.0,530.0,13,250.0
2025-03-22,SKU0167,547.0,0.0,13,250.0
2025-04-01,SKU0167,297.0,0.0,13,250.0
2025-04-08,SKU0167,115.0,376.0,13,250.0
2025-04-15,SKU0167,0.0,376.0,13,250.0
2025-04-22,SKU0167,225.0,624.0,13,250.0
2025-05-01,SKU0167,611.0,0.0,13,250.0
2025-05-08,SKU0167,440.0,0.0,13,250.0
2025-05-15,SKU0167,266.0,0.0,13,250.0
2025-05-22,SKU0167,91.0,594.0,13,250.0
2025-06-01,SKU0167,453.0,0.0,13,250.0
2025-06-08,SKU0167,236.0,381.0,13,250.0
2025-06-15,SKU0167,33.0,381.0,13,250.0
2025-06-22,SKU0167,317.0,0.0,13,250.0
2025-07-01,SKU0167,103.0,523.0,13,250.0
2025-07-08,SKU0167,445.0,0.0,13,250.0
2025-07-15,SKU0167,248.0,554.0,13,250.0
2025-07-22,SKU0167,643.0,0.0,13,250.0
2025-08-01,SKU0167,370.0,0.0,13,250.0
2025-08-08,SKU0167,217.0,579.0,13,250.0
2025-08-15,SKU0167,625.0,0.0,13,250.0
2025-08-22,SKU0167,469.0,0.0,13,250.0
2025-09-01,SKU0167,253.0,0.0,13,250.0
2025-09-08,SKU0167,731.0,0.0,13,250.0
2025-09-15,SKU0167,598.0,0.0,13,250.0
2025-09-22,SKU0167,474.0,0.0,13,250.0
2025-10-01,SKU0167,270.0,0.0,13,250.0
2025-10-08,SKU0167,127.0,557.0,13,250.0
2025-10-15,SKU0167,557.0,0.0,13,250.0
2025-10-22,SKU0167,320.0,0.0,13,250.0
2025-11-01,SKU0167,475.0,0.0,13,250.0
2025-11-08,SKU0167,346.0,0.0,13,250.0
2025-11-15,SKU0167,193.0,587.0,13,250.0
2025-11-22,SKU0167,29.0,587.0,13,250.0
2025-12-01,SKU0167,254.0,0.0,13,250.0
2025-12-08,SKU0167,727.0,0.0,13,250.0
2025-12-15,SKU0167,569.0,0.0,13,250.0
2025-12-22,SKU0167,391.0,0.0,13,250.0
2025-01-15,SKU0168,361.0,0.0,10,119.0
2025-01-22,SKU0168,272.0,0.0,10,119.0
2025-02-01,SKU0168,142.0,0.0,10,119.0
2025-02-08,SKU0168,16.0,54.0,10,119.0
2025-02-15,SKU0168,24.0,58.0,10,119.0
2025-02-22,SKU0168,1.0,58.0,10,119.0
2025-03-01,SKU0168,1.0,49.0,10,119.0
2025-03-08,SKU0168,0.0,89.0,10,119.0
2025-03-15,SKU0168,89.0,0.0,10,119.0
2025-03-22,SKU0168,0.0,48.0,10,119.0
2025-04-01,SKU0168,0.0,64.0,10,119.0
2025-04-08,SKU0168,1.0,94.0,10,119.0
2025-04-15,SKU0168,67.0,0.0,10,119.0
2025-04-22,SKU0168,0.0,77.0,10,119.0
2025-05-01,SKU0168,0.0,69.0,10,119.0
2025-05-08,SKU0168,0.0,74.0,10,119.0
2025-05-15,SKU0168,60.0,52.0,10,119.0
2025-05-22,SKU0168,1.0,52.0,10,119.0
2025-06-01,SKU0168,0.0,91.0,10,119.0
2025-06-08,SKU0168,12.0,59.0,10,119.0
2025-06-15,SKU0168,24.0,0.0,10,119.0
2025-06-22,SKU0168,1.0,70.0,10,119.0
2025-07-01,SKU0168,1.0,50.0,10,119.0
2025-07-08,SKU0168,1.0,94.0,10,119.0
2025-07-15,SKU0168,63.0,53.0,10,119.0
2025-07-22,SKU0168,1.0,53.0,10,119.0
2025-08-01,SKU0168,0.0,60.0,10,119.0
2025-08-08,SKU0168,0.0,50.0,10,119.0
2025-08-15,SKU0168,15.0,76.0,10,119.0
2025-08-22,SKU0168,77.0,0.0,10,119.0
2025-09-01,SKU0168,83.0,70.0,10,119.0
2025-09-08,SKU0168,14.0,70.0,10,119.0
2025-09-15,SKU0168,27.0,68.0,10,119.0
2025-09-22,SKU0168,60.0,0.0,10,119.0
2025-10-01,SKU0168,85.0,68.0,10,119.0
2025-10-08,SKU0168,27.0,68.0,10,119.0
2025-10-15,SKU0168,31.0,0.0,10,119.0
2025-10-22,SKU0168,66.0,84.0,10,119.0
2025-11-01,SKU0168,74.0,73.0,10,119.0
2025-11-08,SKU0168,19.0,73.0,10,119.0
2025-11-15,SKU0168,37.0,53.0,10,119.0
2025-11-22,SKU0168,38.0,80.0,10,119.0
2025-12-01,SKU0168,60.0,0.0,10,119.0
2025-12-08,SKU0168,0.0,76.0,10,119.0
2025-12-15,SKU0168,27.0,55.0,10,119.0
2025-12-22,SKU0168,33.0,60.0,10,119.0
2025-02-08,SKU0169,125.0,2524.0,18,785.0
2025-02-15,SKU0169,0.0,2524.0,18,785.0
2025-02-22,SKU0169,2445.0,0.0,18,785.0
2025-03-01,SKU0169,2151.0,0.0,18,785.0
2025-03-08,SKU0169,1800.0,0.0,18,785.0
2025-03-15,SKU0169,1510.0,0.0,18,785.0
2025-03-22,SKU0169,1192.0,0.0,18,785.0
2025-04-01,SKU0169,776.0,3119.0,18,785.0
2025-04-08,SKU0169,441.0,3119.0,18,785.0
2025-04-15,SKU0169,3210.0,0.0,18,785.0
2025-04-22,SKU0169,2917.0,0.0,18,785.0
2025-05-01,SKU0169,2473.0,0.0,18,785.0
2025-05-08,SKU0169,2090.0,0.0,18,785.0
2025-05-15,SKU0169,1766.0,0.0,18,785.0
2025-05-22,SKU0169,1420.0,0.0,18,785.0
2025-06-01,SKU0169,982.0,0.0,18,785.0
2025-06-08,SKU0169,4147.0,0.0,18,785.0
2025-06-15,SKU0169,3793.0,0.0,18,785.0
2025-06-22,SKU0169,3223.0,0.0,18,785.0
2025-07-01,SKU0169,2830.0,0.0,18,785.0
2025-07-08,SKU0169,2612.0,0.0,18,785.0
2025-07-15,SKU0169,2324.0,0.0,18,785.0
2025-07-22,SKU0169,2092.0,0.0,18,785.0
2025-08-01,SKU0169,1662.0,0.0,18,785.0
2025-08-08,SKU0169,1415.0,0.0,18,785.0
2025-08-15,SKU0169,1197.0,0.0,18,785.0
2025-08-22,SKU0169,936.0,0.0,18,785.0
2025-09-01,SKU0169,591.0,2427.0,18,785.0
2025-09-08,SKU0169,2767.0,0.0,18,785.0
2025-09-15,SKU0169,2551.0,0.0,18,785.0
2025-09-22,SKU0169,2304.0,0.0,18,785.0
2025-10-01,SKU0169,2033.0,0.0,18,785.0
2025-10-08,SKU0169,1861.0,0.0,18,785.0
2025-10-15,SKU0169,1591.0,0.0,18,785.0
2025-10-22,SKU0169,1204.0,0.0,18,785.0
2025-11-01,SKU0169,885.0,0.0,18,785.0
2025-11-08,SKU0169,664.0,2360.0,18,785.0
2025-11-15,SKU0169,408.0,2360.0,18,785.0
2025-11-22,SKU0169,2495.0,0.0,18,785.0
2025-12-01,SKU0169,1972.0,0.0,18,785.0
2025-12-08,SKU0169,1698.0,0.0,18,785.0
2025-12-15,SKU0169,1469.0,0.0,18,785.0
2025-12-22,SKU0169,1272.0,0.0,18,785.0
2024-07-22,SKU0170,0.0,734.0,18,445.0
2024-08-01,SKU0170,0.0,734.0,18,445.0
2024-08-08,SKU0170,610.0,0.0,18,445.0
2024-08-15,SKU0170,447.0,0.0,18,445.0
2024-08-22,SKU0170,1166.0,0.0,18,445.0
2024-09-01,SKU0170,959.0,0.0,18,445.0
2024-09-08,SKU0170,774.0,0.0,18,445.0
2024-09-15,SKU0170,638.0,0.0,18,445.0
2024-09-22,SKU0170,527.0,0.0,18,445.0
2024-10-01,SKU0170,364.0,902.0,18,445.0
2024-10-08,SKU0170,282.0,902.0,18,445.0
2024-10-15,SKU0170,1029.0,0.0,18,445.0
2024-10-22,SKU0170,802.0,0.0,18,445.0
2024-11-01,SKU0170,596.0,0.0,18,445.0
2024-11-08,SKU0170,445.0,0.0,18,445.0
2024-11-15,SKU0170,325.0,903.0,18,445.0
2024-11-22,SKU0170,1141.0,0.0,18,445.0
2024-12-01,SKU0170,864.0,0.0,18,445.0
2024-12-08,SKU0170,677.0,0.0,18,445.0
2024-12-15,SKU0170,506.0,0.0,18,445.0
2024-12-22,SKU0170,278.0,1051.0,18,445.0
2025-01-01,SKU0170,1049.0,0.0,18,445.0
2025-01-08,SKU0170,750.0,0.0,18,445.0
2025-01-15,SKU0170,546.0,0.0,18,445.0
2025-01-22,SKU0170,334.0,947.0,18,445.0
2025-02-01,SKU0170,974.0,0.0,18,445.0
2025-02-08,SKU0170,745.0,0.0,18,445.0
2025-02-15,SKU0170,537.0,0.0,18,445.0
2025-02-22,SKU0170,291.0,1005.0,18,445.0
2025-03-01,SKU0170,73.0,1005.0,18,445.0
2025-03-08,SKU0170,991.0,0.0,18,445.0
2025-03-15,SKU0170,734.0,0.0,18,445.0
2025-03-22,SKU0170,469.0,0.0,18,445.0
2025-04-01,SKU0170,798.0,0.0,18,445.0
2025-04-08,SKU0170,511.0,0.0,18,445.0
2025-04-15,SKU0170,1326.0,0.0,18,445.0
2025-04-22,SKU0170,1037.0,0.0,18,445.0
2025-05-01,SKU0170,669.0,0.0,18,445.0
2025-05-08,SKU0170,364.0,843.0,18,445.0
2025-05-15,SKU0170,82.0,843.0,18,445.0
2025-05-22,SKU0170,698.0,0.0,18,445.0
2025-06-01,SKU0170,335.0,921.0,18,445.0
2025-06-08,SKU0170,991.0,0.0,18,445.0
2025-06-15,SKU0170,743.0,0.0,18,445.0
2025-06-22,SKU0170,295.0,989.0,18,445.0
2025-07-01,SKU0170,957.0,0.0,18,445.0
2025-07-08,SKU0170,733.0,0.0,18,445.0
2025-07-15,SKU0170,530.0,0.0,18,445.0
2025-07-22,SKU0170,282.0,696.0,18,445.0
2025-08-01,SKU0170,616.0,0.0,18,445.0
2025-08-08,SKU0170,435.0,719.0,18,445.0
2025-08-15,SKU0170,290.0,719.0,18,445.0
2025-08-22,SKU0170,793.0,0.0,18,445.0
2025-09-01,SKU0170,589.0,0.0,18,445.0
2025-09-08,SKU0170,460.0,0.0,18,445.0
2025-09-15,SKU0170,297.0,1016.0,18,445.0
2025-09-22,SKU0170,1155.0,0.0,18,445.0
2025-10-01,SKU0170,942.0,0.0,18,445.0
2025-10-08,SKU0170,779.0,0.0,18,445.0
2025-10-15,SKU0170,577.0,0.0,18,445.0
2025-10-22,SKU0170,304.0,1031.0,18,445.0
2025-11-01,SKU0170,1126.0,0.0,18,445.0
2025-11-08,SKU0170,1007.0,0.0,18,445.0
2025-11-15,SKU0170,858.0,0.0,18,445.0
2025-11-22,SKU0170,684.0,0.0,18,445.0
2025-12-01,SKU0170,370.0,929.0,18,445.0
2025-12-08,SKU0170,1151.0,0.0,18,445.0
2025-12-15,SKU0170,973.0,0.0,18,445.0
2025-12-22,SKU0170,767.0,0.0,18,445.0
2024-04-15,SKU0171,0.0,601.0,24,1027.0
2024-04-22,SKU0171,0.0,601.0,24,1027.0
2024-05-01,SKU0171,0.0,601.0,24,1027.0
2024-05-08,SKU0171,352.0,571.0,24,1027.0
2024-05-15,SKU0171,27.0,571.0,24,1027.0
2024-05-22,SKU0171,0.0,571.0,24,1027.0
2024-06-01,SKU0171,319.0,488.0,24,1027.0
2024-06-08,SKU0171,16.0,488.0,24,1027.0
2024-06-15,SKU0171,1.0,488.0,24,1027.0
2024-06-22,SKU0171,394.0,579.0,24,1027.0
2024-07-01,SKU0171,39.0,579.0,24,1027.0
2024-07-08,SKU0171,1.0,579.0,24,1027.0
2024-07-15,SKU0171,532.0,641.0,24,1027.0
2024-07-22,SKU0171,267.0,641.0,24,1027.0
2024-08-01,SKU0171,0.0,641.0,24,1027.0
2024-08-08,SKU0171,600.0,528.0,24,1027.0
2024-08-15,SKU0171,382.0,528.0,24,1027.0
2024-08-22,SKU0171,109.0,528.0,24,1027.0
2024-09-01,SKU0171,518.0,542.0,24,1027.0
2024-09-08,SKU0171,255.0,542.0,24,1027.0
2024-09-15,SKU0171,0.0,542.0,24,1027.0
2024-09-22,SKU0171,0.0,542.0,24,1027.0
2024-10-01,SKU0171,346.0,730.0,24,1027.0
2024-10-08,SKU0171,121.0,730.0,24,1027.0
2024-10-15,SKU0171,1.0,730.0,24,1027.0
2024-10-22,SKU0171,504.0,430.0,24,1027.0
2024-11-01,SKU0171,124.0,430.0,24,1027.0
2024-11-08,SKU0171,0.0,430.0,24,1027.0
2024-11-15,SKU0171,293.0,767.0,24,1027.0
2024-11-22,SKU0171,44.0,767.0,24,1027.0
2024-12-01,SKU0171,1.0,767.0,24,1027.0
2024-12-08,SKU0171,681.0,427.0,24,1027.0
2024-12-15,SKU0171,419.0,427.0,24,1027.0
2024-12-22,SKU0171,139.0,427.0,24,1027.0
2025-01-01,SKU0171,197.0,599.0,24,1027.0
2025-01-08,SKU0171,1.0,599.0,24,1027.0
2025-01-15,SKU0171,1.0,599.0,24,1027.0
2025-01-22,SKU0171,600.0,0.0,24,1027.0
2025-02-01,SKU0171,241.0,535.0,24,1027.0
2025-02-08,SKU0171,0.0,535.0,24,1027.0
2025-02-15,SKU0171,535.0,0.0,24,1027.0
2025-02-22,SKU0171,209.0,440.0,24,1027.0
2025-03-01,SKU0171,0.0,440.0,24,1027.0
2025-03-08,SKU0171,0.0,440.0,24,1027.0
2025-03-15,SKU0171,241.0,784.0,24,1027.0
2025-03-22,SKU0171,1.0,784.0,24,1027.0
2025-04-01,SKU0171,1.0,784.0,24,1027.0
2025-04-08,SKU0171,568.0,483.0,24,1027.0
2025-04-15,SKU0171,198.0,483.0,24,1027.0
2025-04-22,SKU0171,1.0,483.0,24,1027.0
2025-05-01,SKU0171,277.0,724.0,24,1027.0
2025-05-08,SKU0171,1.0,724.0,24,1027.0
2025-05-15,SKU0171,1.0,724.0,24,1027.0
2025-05-22,SKU0171,725.0,765.0,24,1027.0
2025-06-01,SKU0171,223.0,765.0,24,1027.0
2025-06-08,SKU0171,1.0,765.0,24,1027.0
2025-06-15,SKU0171,765.0,481.0,24,1027.0
2025-06-22,SKU0171,159.0,481.0,24,1027.0
2025-07-01,SKU0171,0.0,481.0,24,1027.0
2025-07-08,SKU0171,0.0,481.0,24,1027.0
2025-07-15,SKU0171,190.0,736.0,24,1027.0
2025-07-22,SKU0171,0.0,736.0,24,1027.0
2025-08-01,SKU0171,0.0,736.0,24,1027.0
2025-08-08,SKU0171,425.0,426.0,24,1027.0
2025-08-15,SKU0171,96.0,426.0,24,1027.0
2025-08-22,SKU0171,1.0,426.0,24,1027.0
2025-09-01,SKU0171,230.0,661.0,24,1027.0
2025-09-08,SKU0171,0.0,661.0,24,1027.0
2025-09-15,SKU0171,0.0,661.0,24,1027.0
2025-09-22,SKU0171,548.0,594.0,24,1027.0
2025-10-01,SKU0171,127.0,594.0,24,1027.0
2025-10-08,SKU0171,0.0,594.0,24,1027.0
2025-10-15,SKU0171,466.0,486.0,24,1027.0
2025-10-22,SKU0171,13.0,486.0,24,1027.0
2025-11-01,SKU0171,0.0,486.0,24,1027.0
2025-11-08,SKU0171,407.0,562.0,24,1027.0
2025-11-15,SKU0171,91.0,562.0,24,1027.0
2025-11-22,SKU0171,0.0,562.0,24,1027.0
2025-12-01,SKU0171,478.0,0.0,24,1027.0
2025-12-08,SKU0171,188.0,762.0,24,1027.0
2025-12-15,SKU0171,1.0,762.0,24,1027.0
2025-12-22,SKU0171,1.0,762.0,24,1027.0
2025-01-01,SKU0172,41.0,0.0,26,758.0
2025-01-08,SKU0172,0.0,477.0,26,758.0
2025-01-15,SKU0172,0.0,477.0,26,758.0
2025-01-22,SKU0172,0.0,477.0,26,758.0
2025-02-01,SKU0172,365.0,398.0,26,758.0
2025-02-08,SKU0172,212.0,398.0,26,758.0
2025-02-15,SKU0172,32.0,398.0,26,758.0
2025-02-22,SKU0172,399.0,0.0,26,758.0
2025-03-01,SKU0172,211.0,505.0,26,758.0
2025-03-08,SKU0172,21.0,505.0,26,758.0
2025-03-15,SKU0172,0.0,505.0,26,758.0
2025-03-22,SKU0172,466.0,479.0,26,758.0
2025-04-01,SKU0172,236.0,479.0,26,758.0
2025-04-08,SKU0172,48.0,479.0,26,758.0
2025-04-15,SKU0172,480.0,0.0,26,758.0
2025-04-22,SKU0172,308.0,404.0,26,758.0
2025-05-01,SKU0172,46.0,404.0,26,758.0
2025-05-08,SKU0172,1.0,404.0,26,758.0
2025-05-15,SKU0172,304.0,358.0,26,758.0
2025-05-22,SKU0172,135.0,358.0,26,758.0
2025-06-01,SKU0172,1.0,358.0,26,758.0
2025-06-08,SKU0172,308.0,0.0,26,758.0
2025-06-15,SKU0172,116.0,455.0,26,758.0
2025-06-22,SKU0172,0.0,455.0,26,758.0
2025-07-01,SKU0172,0.0,455.0,26,758.0
2025-07-08,SKU0172,312.0,338.0,26,758.0
2025-07-15,SKU0172,132.0,338.0,26,758.0
2025-07-22,SKU0172,0.0,338.0,26,758.0
2025-08-01,SKU0172,265.0,0.0,26,758.0
2025-08-08,SKU0172,145.0,447.0,26,758.0
2025-08-15,SKU0172,25.0,447.0,26,758.0
2025-08-22,SKU0172,1.0,447.0,26,758.0
2025-09-01,SKU0172,280.0,376.0,26,758.0
2025-09-08,SKU0172,176.0,376.0,26,758.0
2025-09-15,SKU0172,49.0,376.0,26,758.0
2025-09-22,SKU0172,313.0,517.0,26,758.0
2025-10-01,SKU0172,186.0,517.0,26,758.0
2025-10-08,SKU0172,65.0,517.0,26,758.0
2025-10-15,SKU0172,475.0,573.0,26,758.0
2025-10-22,SKU0172,299.0,573.0,26,758.0
2025-11-01,SKU0172,106.0,573.0,26,758.0
2025-11-08,SKU0172,0.0,573.0,26,758.0
2025-11-15,SKU0172,465.0,533.0,26,758.0
2025-11-22,SKU0172,354.0,533.0,26,758.0
2025-12-01,SKU0172,131.0,533.0,26,758.0
2025-12-08,SKU0172,518.0,371.0,26,758.0
2025-12-15,SKU0172,380.0,371.0,26,758.0
2025-12-22,SKU0172,267.0,371.0,26,758.0
2025-01-01,SKU0173,269.0,0.0,18,199.0
2025-01-08,SKU0173,143.0,896.0,18,199.0
2025-01-15,SKU0173,72.0,896.0,18,199.0
2025-01-22,SKU0173,892.0,0.0,18,199.0
2025-02-01,SKU0173,782.0,0.0,18,199.0
2025-02-08,SKU0173,694.0,0.0,18,199.0
2025-02-15,SKU0173,606.0,0.0,18,199.0
2025-02-22,SKU0173,515.0,0.0,18,199.0
2025-03-01,SKU0173,430.0,0.0,18,199.0
2025-03-08,SKU0173,336.0,0.0,18,199.0
2025-03-15,SKU0173,238.0,0.0,18,199.0
2025-03-22,SKU0173,128.0,674.0,18,199.0
2025-04-01,SKU0173,655.0,0.0,18,199.0
2025-04-08,SKU0173,551.0,0.0,18,199.0
2025-04-15,SKU0173,441.0,0.0,18,199.0
2025-04-22,SKU0173,335.0,0.0,18,199.0
2025-05-01,SKU0173,185.0,672.0,18,199.0
2025-05-08,SKU0173,752.0,0.0,18,199.0
2025-05-15,SKU0173,645.0,0.0,18,199.0
2025-05-22,SKU0173,540.0,0.0,18,199.0
2025-06-01,SKU0173,390.0,0.0,18,199.0
2025-06-08,SKU0173,297.0,0.0,18,199.0
2025-06-15,SKU0173,194.0,614.0,18,199.0
2025-06-22,SKU0173,31.0,614.0,18,199.0
2025-07-01,SKU0173,589.0,0.0,18,199.0
2025-07-08,SKU0173,506.0,0.0,18,199.0
2025-07-15,SKU0173,431.0,0.0,18,199.0
2025-07-22,SKU0173,355.0,0.0,18,199.0
2025-08-01,SKU0173,235.0,0.0,18,199.0
2025-08-08,SKU0173,179.0,942.0,18,199.0
2025-08-15,SKU0173,120.0,942.0,18,199.0
2025-08-22,SKU0173,997.0,0.0,18,199.0
2025-09-01,SKU0173,908.0,0.0,18,199.0
2025-09-08,SKU0173,860.0,0.0,18,199.0
2025-09-15,SKU0173,809.0,0.0,18,199.0
2025-09-22,SKU0173,757.0,0.0,18,199.0
2025-10-01,SKU0173,693.0,0.0,18,199.0
2025-10-08,SKU0173,644.0,0.0,18,199.0
2025-10-15,SKU0173,595.0,0.0,18,199.0
2025-10-22,SKU0173,515.0,0.0,18,199.0
2025-11-01,SKU0173,457.0,0.0,18,199.0
2025-11-08,SKU0173,404.0,0.0,18,199.0
2025-11-15,SKU0173,354.0,0.0,18,199.0
2025-11-22,SKU0173,309.0,0.0,18,199.0
2025-12-01,SKU0173,191.0,727.0,18,199.0
2025-12-08,SKU0173,847.0,0.0,18,199.0
2025-12-15,SKU0173,783.0,0.0,18,199.0
2025-12-22,SKU0173,719.0,0.0,18,199.0
2025-03-08,SKU0174,115.0,0.0,29,167.0
2025-03-15,SKU0174,47.0,74.0,29,167.0
2025-03-22,SKU0174,0.0,74.0,29,167.0
2025-04-01,SKU0174,0.0,74.0,29,167.0
2025-04-08,SKU0174,56.0,103.0,29,167.0
2025-04-15,SKU0174,0.0,103.0,29,167.0
2025-04-22,SKU0174,0.0,103.0,29,167.0
2025-05-01,SKU0174,0.0,103.0,29,167.0
2025-05-08,SKU0174,74.0,0.0,29,167.0
2025-05-15,SKU0174,8.0,92.0,29,167.0
2025-05-22,SKU0174,0.0,92.0,29,167.0
2025-06-01,SKU0174,0.0,92.0,29,167.0
2025-06-08,SKU0174,60.0,94.0,29,167.0
2025-06-15,SKU0174,0.0,94.0,29,167.0
2025-06-22,SKU0174,0.0,94.0,29,167.0
2025-07-01,SKU0174,0.0,94.0,29,167.0
2025-07-08,SKU0174,57.0,124.0,29,167.0
2025-07-15,SKU0174,13.0,124.0,29,167.0
2025-07-22,SKU0174,0.0,124.0,29,167.0
2025-08-01,SKU0174,121.0,114.0,29,167.0
2025-08-08,SKU0174,84.0,114.0,29,167.0
2025-08-15,SKU0174,53.0,114.0,29,167.0
2025-08-22,SKU0174,13.0,114.0,29,167.0
2025-09-01,SKU0174,105.0,77.0,29,167.0
2025-09-08,SKU0174,82.0,77.0,29,167.0
2025-09-15,SKU0174,53.0,77.0,29,167.0
2025-09-22,SKU0174,20.0,77.0,29,167.0
2025-10-01,SKU0174,65.0,77.0,29,167.0
2025-10-08,SKU0174,50.0,77.0,29,167.0
2025-10-15,SKU0174,23.0,77.0,29,167.0
2025-10-22,SKU0174,1.0,77.0,29,167.0
2025-11-01,SKU0174,52.0,128.0,29,167.0
2025-11-08,SKU0174,34.0,128.0,29,167.0
2025-11-15,SKU0174,11.0,128.0,29,167.0
2025-11-22,SKU0174,1.0,128.0,29,167.0
2025-12-01,SKU0174,77.0,75.0,29,167.0
2025-12-08,SKU0174,42.0,75.0,29,167.0
2025-12-15,SKU0174,8.0,75.0,29,167.0
2025-12-22,SKU0174,1.0,75.0,29,167.0
2024-01-15,SKU0175,285.0,1090.0,13,505.0
2024-01-22,SKU0175,39.0,1090.0,13,505.0
2024-02-01,SKU0175,868.0,0.0,13,505.0
2024-02-08,SKU0175,638.0,0.0,13,505.0
2024-02-15,SKU0175,456.0,810.0,13,505.0
2024-02-22,SKU0175,1025.0,0.0,13,505.0
2024-03-01,SKU0175,744.0,0.0,13,505.0
2024-03-08,SKU0175,464.0,1165.0,13,505.0
2024-03-15,SKU0175,199.0,1165.0,13,505.0
2024-03-22,SKU0175,1139.0,0.0,13,505.0
2024-04-01,SKU0175,830.0,0.0,13,505.0
2024-04-08,SKU0175,558.0,0.0,13,505.0
2024-04-15,SKU0175,1085.0,0.0,13,505.0
2024-04-22,SKU0175,823.0,0.0,13,505.0
2024-05-01,SKU0175,455.0,1064.0,13,505.0
2024-05-08,SKU0175,1253.0,0.0,13,505.0
2024-05-15,SKU0175,1037.0,0.0,13,505.0
2024-05-22,SKU0175,778.0,0.0,13,505.0
2024-06-01,SKU0175,450.0,909.0,13,505.0
2024-06-08,SKU0175,1141.0,0.0,13,505.0
2024-06-15,SKU0175,838.0,0.0,13,505.0
2024-06-22,SKU0175,396.0,1091.0,13,505.0
2024-07-01,SKU0175,1257.0,0.0,13,505.0
2024-07-08,SKU0175,1038.0,0.0,13,505.0
2024-07-15,SKU0175,841.0,0.0,13,505.0
2024-07-22,SKU0175,661.0,0.0,13,505.0
2024-08-01,SKU0175,328.0,1089.0,13,505.0
2024-08-08,SKU0175,1221.0,0.0,13,505.0
2024-08-15,SKU0175,1028.0,0.0,13,505.0
2024-08-22,SKU0175,837.0,0.0,13,505.0
2024-09-01,SKU0175,619.0,0.0,13,505.0
2024-09-08,SKU0175,391.0,935.0,13,505.0
2024-09-15,SKU0175,1185.0,0.0,13,505.0
2024-09-22,SKU0175,1012.0,0.0,13,505.0
2024-10-01,SKU0175,850.0,0.0,13,505.0
2024-10-08,SKU0175,678.0,0.0,13,505.0
2024-10-15,SKU0175,527.0,0.0,13,505.0
2024-10-22,SKU0175,238.0,1114.0,13,505.0
2024-11-01,SKU0175,1112.0,0.0,13,505.0
2024-11-08,SKU0175,944.0,0.0,13,505.0
2024-11-15,SKU0175,747.0,0.0,13,505.0
2024-11-22,SKU0175,523.0,0.0,13,505.0
2024-12-01,SKU0175,179.0,1002.0,13,505.0
2024-12-08,SKU0175,965.0,0.0,13,505.0
2024-12-15,SKU0175,800.0,0.0,13,505.0
2024-12-22,SKU0175,633.0,0.0,13,505.0
2025-01-01,SKU0175,1483.0,0.0,13,505.0
2025-01-08,SKU0175,1099.0,0.0,13,505.0
2025-01-15,SKU0175,889.0,0.0,13,505.0
2025-01-22,SKU0175,644.0,0.0,13,505.0
2025-02-01,SKU0175,379.0,1187.0,13,505.0
2025-02-08,SKU0175,1339.0,0.0,13,505.0
2025-02-15,SKU0175,1132.0,0.0,13,505.0
2025-02-22,SKU0175,858.0,0.0,13,505.0
2025-03-01,SKU0175,632.0,0.0,13,505.0
2025-03-08,SKU0175,396.0,910.0,13,505.0
2025-03-15,SKU0175,134.0,910.0,13,505.0
2025-03-22,SKU0175,800.0,0.0,13,505.0
2025-04-01,SKU0175,434.0,952.0,13,505.0
2025-04-08,SKU0175,162.0,952.0,13,505.0
2025-04-15,SKU0175,870.0,0.0,13,505.0
2025-04-22,SKU0175,651.0,0.0,13,505.0
2025-05-01,SKU0175,301.0,843.0,13,505.0
2025-05-08,SKU0175,905.0,0.0,13,505.0
2025-05-15,SKU0175,643.0,0.0,13,505.0
2025-05-22,SKU0175,368.0,968.0,13,505.0
2025-06-01,SKU0175,1.0,968.0,13,505.0
2025-06-08,SKU0175,769.0,0.0,13,505.0
2025-06-15,SKU0175,531.0,0.0,13,505.0
2025-06-22,SKU0175,106.0,843.0,13,505.0
2025-07-01,SKU0175,716.0,0.0,13,505.0
2025-07-08,SKU0175,499.0,936.0,13,505.0
2025-07-15,SKU0175,1228.0,0.0,13,505.0
2025-07-22,SKU0175,1015.0,0.0,13,505.0
2025-08-01,SKU0175,686.0,0.0,13,505.0
2025-08-08,SKU0175,517.0,0.0,13,505.0
2025-08-15,SKU0175,322.0,785.0,13,505.0
2025-08-22,SKU0175,908.0,0.0,13,505.0
2025-09-01,SKU0175,705.0,0.0,13,505.0
2025-09-08,SKU0175,515.0,0.0,13,505.0
2025-09-15,SKU0175,1229.0,0.0,13,505.0
2025-09-22,SKU0175,1062.0,0.0,13,505.0
2025-10-01,SKU0175,822.0,0.0,13,505.0
2025-10-08,SKU0175,682.0,0.0,13,505.0
2025-10-15,SKU0175,505.0,0.0,13,505.0
2025-10-22,SKU0175,218.0,802.0,13,505.0
2025-11-01,SKU0175,839.0,0.0,13,505.0
2025-11-08,SKU0175,702.0,0.0,13,505.0
2025-11-15,SKU0175,565.0,0.0,13,505.0
2025-11-22,SKU0175,417.0,907.0,13,505.0
2025-12-01,SKU0175,930.0,0.0,13,505.0
2025-12-08,SKU0175,745.0,0.0,13,505.0
2025-12-15,SKU0175,605.0,0.0,13,505.0
2025-12-22,SKU0175,412.0,1048.0,13,505.0
2024-07-22,SKU0176,29.0,2029.0,26,832.0
2024-08-01,SKU0176,1.0,2029.0,26,832.0
2024-08-08,SKU0176,1.0,2029.0,26,832.0
2024-08-15,SKU0176,1935.0,0.0,26,832.0
2024-08-22,SKU0176,1765.0,0.0,26,832.0
2024-09-01,SKU0176,1517.0,0.0,26,832.0
2024-09-08,SKU0176,1347.0,0.0,26,832.0
2024-09-15,SKU0176,1166.0,0.0,26,832.0
2024-09-22,SKU0176,1015.0,0.0,26,832.0
2024-10-01,SKU0176,779.0,1627.0,26,832.0
2024-10-08,SKU0176,2284.0,0.0,26,832.0
2024-10-15,SKU0176,2142.0,0.0,26,832.0
2024-10-22,SKU0176,1912.0,0.0,26,832.0
2024-11-01,SKU0176,1684.0,0.0,26,832.0
2024-11-08,SKU0176,1510.0,0.0,26,832.0
2024-11-15,SKU0176,1347.0,0.0,26,832.0
2024-11-22,SKU0176,1229.0,0.0,26,832.0
2024-12-01,SKU0176,952.0,0.0,26,832.0
2024-12-08,SKU0176,755.0,1746.0,26,832.0
2024-12-15,SKU0176,558.0,1746.0,26,832.0
2024-12-22,SKU0176,2087.0,0.0,26,832.0
2025-01-01,SKU0176,1793.0,0.0,26,832.0
2025-01-08,SKU0176,1392.0,0.0,26,832.0
2025-01-15,SKU0176,1217.0,0.0,26,832.0
2025-01-22,SKU0176,980.0,0.0,26,832.0
2025-02-01,SKU0176,640.0,1593.0,26,832.0
2025-02-08,SKU0176,355.0,1593.0,26,832.0
2025-02-15,SKU0176,1710.0,0.0,26,832.0
2025-02-22,SKU0176,1439.0,0.0,26,832.0
2025-03-01,SKU0176,1163.0,0.0,26,832.0
2025-03-08,SKU0176,892.0,0.0,26,832.0
2025-03-15,SKU0176,561.0,1750.0,26,832.0
2025-03-22,SKU0176,283.0,1750.0,26,832.0
2025-04-01,SKU0176,0.0,1750.0,26,832.0
2025-04-08,SKU0176,1471.0,0.0,26,832.0
2025-04-15,SKU0176,1161.0,0.0,26,832.0
2025-04-22,SKU0176,868.0,0.0,26,832.0
2025-05-01,SKU0176,2341.0,0.0,26,832.0
2025-05-08,SKU0176,2022.0,0.0,26,832.0
2025-05-15,SKU0176,1771.0,0.0,26,832.0
2025-05-22,SKU0176,1441.0,0.0,26,832.0
2025-06-01,SKU0176,1054.0,0.0,26,832.0
2025-06-08,SKU0176,781.0,1808.0,26,832.0
2025-06-15,SKU0176,496.0,1808.0,26,832.0
2025-06-22,SKU0176,1851.0,0.0,26,832.0
2025-07-01,SKU0176,1508.0,0.0,26,832.0
2025-07-08,SKU0176,1287.0,0.0,26,832.0
2025-07-15,SKU0176,1060.0,0.0,26,832.0
2025-07-22,SKU0176,853.0,0.0,26,832.0
2025-08-01,SKU0176,536.0,1991.0,26,832.0
2025-08-08,SKU0176,359.0,1991.0,26,832.0
2025-08-15,SKU0176,2194.0,0.0,26,832.0
2025-08-22,SKU0176,2055.0,0.0,26,832.0
2025-09-01,SKU0176,1852.0,0.0,26,832.0
2025-09-08,SKU0176,1730.0,0.0,26,832.0
2025-09-15,SKU0176,1578.0,0.0,26,832.0
2025-09-22,SKU0176,1445.0,0.0,26,832.0
2025-10-01,SKU0176,1269.0,0.0,26,832.0
2025-10-08,SKU0176,1198.0,0.0,26,832.0
2025-10-15,SKU0176,1066.0,0.0,26,832.0
2025-10-22,SKU0176,854.0,0.0,26,832.0
2025-11-01,SKU0176,2332.0,0.0,26,832.0
2025-11-08,SKU0176,2204.0,0.0,26,832.0
2025-11-15,SKU0176,2071.0,0.0,26,832.0
2025-11-22,SKU0176,1911.0,0.0,26,832.0
2025-12-01,SKU0176,1653.0,0.0,26,832.0
2025-12-08,SKU0176,1497.0,0.0,26,832.0
2025-12-15,SKU0176,1316.0,0.0,26,832.0
2025-12-22,SKU0176,1160.0,0.0,26,832.0
2024-11-01,SKU0177,156.0,0.0,25,154.0
2024-11-08,SKU0177,126.0,103.0,25,154.0
2024-11-15,SKU0177,102.0,103.0,25,154.0
2024-11-22,SKU0177,180.0,0.0,25,154.0
2024-12-01,SKU0177,128.0,77.0,25,154.0
2024-12-08,SKU0177,98.0,77.0,25,154.0
2024-12-15,SKU0177,69.0,77.0,25,154.0
2024-12-22,SKU0177,117.0,70.0,25,154.0
2025-01-01,SKU0177,75.0,70.0,25,154.0
2025-01-08,SKU0177,14.0,70.0,25,154.0
2025-01-15,SKU0177,58.0,105.0,25,154.0
2025-01-22,SKU0177,27.0,105.0,25,154.0
2025-02-01,SKU0177,1.0,105.0,25,154.0
2025-02-08,SKU0177,83.0,69.0,25,154.0
2025-02-15,SKU0177,40.0,69.0,25,154.0
2025-02-22,SKU0177,2.0,69.0,25,154.0
2025-03-01,SKU0177,70.0,0.0,25,154.0
2025-03-08,SKU0177,19.0,99.0,25,154.0
2025-03-15,SKU0177,1.0,99.0,25,154.0
2025-03-22,SKU0177,1.0,99.0,25,154.0
2025-04-01,SKU0177,61.0,88.0,25,154.0
2025-04-08,SKU0177,14.0,88.0,25,154.0
2025-04-15,SKU0177,1.0,88.0,25,154.0
2025-04-22,SKU0177,74.0,105.0,25,154.0
2025-05-01,SKU0177,2.0,105.0,25,154.0
2025-05-08,SKU0177,0.0,105.0,25,154.0
2025-05-15,SKU0177,106.0,96.0,25,154.0
2025-05-22,SKU0177,55.0,96.0,25,154.0
2025-06-01,SKU0177,1.0,96.0,25,154.0
2025-06-08,SKU0177,1.0,96.0,25,154.0
2025-06-15,SKU0177,54.0,116.0,25,154.0
2025-06-22,SKU0177,0.0,116.0,25,154.0
2025-07-01,SKU0177,0.0,116.0,25,154.0
2025-07-08,SKU0177,96.0,107.0,25,154.0
2025-07-15,SKU0177,59.0,107.0,25,154.0
2025-07-22,SKU0177,24.0,107.0,25,154.0
2025-08-01,SKU0177,92.0,67.0,25,154.0
2025-08-08,SKU0177,65.0,67.0,25,154.0
2025-08-15,SKU0177,35.0,67.0,25,154.0
2025-08-22,SKU0177,3.0,67.0,25,154.0
2025-09-01,SKU0177,31.0,118.0,25,154.0
2025-09-08,SKU0177,2.0,118.0,25,154.0
2025-09-15,SKU0177,1.0,118.0,25,154.0
2025-09-22,SKU0177,102.0,119.0,25,154.0
2025-10-01,SKU0177,72.0,119.0,25,154.0
2025-10-08,SKU0177,46.0,119.0,25,154.0
2025-10-15,SKU0177,146.0,115.0,25,154.0
2025-10-22,SKU0177,112.0,115.0,25,154.0
2025-11-01,SKU0177,78.0,115.0,25,154.0
2025-11-08,SKU0177,164.0,0.0,25,154.0
2025-11-15,SKU0177,140.0,0.0,25,154.0
2025-11-22,SKU0177,110.0,67.0,25,154.0
2025-12-01,SKU0177,122.0,0.0,25,154.0
2025-12-08,SKU0177,89.0,96.0,25,154.0
2025-12-15,SKU0177,61.0,96.0,25,154.0
2025-12-22,SKU0177,34.0,96.0,25,154.0
2024-07-22,SKU0178,204.0,0.0,27,108.0
2024-08-01,SKU0178,165.0,0.0,27,108.0
2024-08-08,SKU0178,144.0,0.0,27,108.0
2024-08-15,SKU0178,123.0,0.0,27,108.0
2024-08-22,SKU0178,102.0,185.0,27,108.0
2024-09-01,SKU0178,74.0,185.0,27,108.0
2024-09-08,SKU0178,241.0,0.0,27,108.0
2024-09-15,SKU0178,222.0,0.0,27,108.0
2024-09-22,SKU0178,199.0,0.0,27,108.0
2024-10-01,SKU0178,169.0,0.0,27,108.0
2024-10-08,SKU0178,145.0,0.0,27,108.0
2024-10-15,SKU0178,122.0,0.0,27,108.0
2024-10-22,SKU0178,88.0,217.0,27,108.0
2024-11-01,SKU0178,271.0,0.0,27,108.0
2024-11-08,SKU0178,254.0,0.0,27,108.0
2024-11-15,SKU0178,230.0,0.0,27,108.0
2024-11-22,SKU0178,209.0,0.0,27,108.0
2024-12-01,SKU0178,165.0,0.0,27,108.0
2024-12-08,SKU0178,140.0,0.0,27,108.0
2024-12-15,SKU0178,119.0,0.0,27,108.0
2024-12-22,SKU0178,96.0,217.0,27,108.0
2025-01-01,SKU0178,277.0,0.0,27,108.0
2025-01-08,SKU0178,238.0,0.0,27,108.0
2025-01-15,SKU0178,210.0,0.0,27,108.0
2025-01-22,SKU0178,192.0,0.0,27,108.0
2025-02-01,SKU0178,157.0,0.0,27,108.0
2025-02-08,SKU0178,130.0,0.0,27,108.0
2025-02-15,SKU0178,104.0,236.0,27,108.0
2025-02-22,SKU0178,315.0,0.0,27,108.0
2025-03-01,SKU0178,291.0,0.0,27,108.0
2025-03-08,SKU0178,264.0,0.0,27,108.0
2025-03-15,SKU0178,235.0,0.0,27,108.0
2025-03-22,SKU0178,203.0,0.0,27,108.0
2025-04-01,SKU0178,155.0,0.0,27,108.0
2025-04-08,SKU0178,123.0,0.0,27,108.0
2025-04-15,SKU0178,91.0,231.0,27,108.0
2025-04-22,SKU0178,66.0,231.0,27,108.0
2025-05-01,SKU0178,27.0,231.0,27,108.0
2025-05-08,SKU0178,0.0,231.0,27,108.0
2025-05-15,SKU0178,203.0,0.0,27,108.0
2025-05-22,SKU0178,170.0,0.0,27,108.0
2025-06-01,SKU0178,130.0,0.0,27,108.0
2025-06-08,SKU0178,102.0,194.0,27,108.0
2025-06-15,SKU0178,71.0,194.0,27,108.0
2025-06-22,SKU0178,23.0,194.0,27,108.0
2025-07-01,SKU0178,0.0,194.0,27,108.0
2025-07-08,SKU0178,174.0,0.0,27,108.0
2025-07-15,SKU0178,141.0,0.0,27,108.0
2025-07-22,SKU0178,113.0,0.0,27,108.0
2025-08-01,SKU0178,291.0,0.0,27,108.0
2025-08-08,SKU0178,265.0,0.0,27,108.0
2025-08-15,SKU0178,242.0,0.0,27,108.0
2025-08-22,SKU0178,223.0,0.0,27,108.0
2025-09-01,SKU0178,187.0,0.0,27,108.0
2025-09-08,SKU0178,169.0,0.0,27,108.0
2025-09-15,SKU0178,147.0,0.0,27,108.0
2025-09-22,SKU0178,133.0,0.0,27,108.0
2025-10-01,SKU0178,101.0,214.0,27,108.0
2025-10-08,SKU0178,75.0,214.0,27,108.0
2025-10-15,SKU0178,48.0,214.0,27,108.0
2025-10-22,SKU0178,218.0,0.0,27,108.0
2025-11-01,SKU0178,188.0,0.0,27,108.0
2025-11-08,SKU0178,163.0,0.0,27,108.0
2025-11-15,SKU0178,142.0,0.0,27,108.0
2025-11-22,SKU0178,122.0,0.0,27,108.0
2025-12-01,SKU0178,73.0,189.0,27,108.0
2025-12-08,SKU0178,46.0,189.0,27,108.0
2025-12-15,SKU0178,217.0,0.0,27,108.0
2025-12-22,SKU0178,192.0,0.0,27,108.0
2025-04-22,SKU0179,319.0,0.0,8,102.0
2025-05-01,SKU0179,217.0,0.0,8,102.0
2025-05-08,SKU0179,107.0,0.0,8,102.0
2025-05-15,SKU0179,38.0,254.0,8,102.0
2025-05-22,SKU0179,201.0,0.0,8,102.0
2025-06-01,SKU0179,277.0,0.0,8,102.0
2025-06-08,SKU0179,186.0,0.0,8,102.0
2025-06-15,SKU0179,107.0,0.0,8,102.0
2025-06-22,SKU0179,205.0,0.0,8,102.0
2025-07-01,SKU0179,92.0,175.0,8,102.0
2025-07-08,SKU0179,187.0,0.0,8,102.0
2025-07-15,SKU0179,109.0,0.0,8,102.0
2025-07-22,SKU0179,258.0,0.0,8,102.0
2025-08-01,SKU0179,146.0,0.0,8,102.0
2025-08-08,SKU0179,83.0,200.0,8,102.0
2025-08-15,SKU0179,214.0,0.0,8,102.0
2025-08-22,SKU0179,141.0,0.0,8,102.0
2025-09-01,SKU0179,247.0,0.0,8,102.0
2025-09-08,SKU0179,186.0,0.0,8,102.0
2025-09-15,SKU0179,109.0,0.0,8,102.0
2025-09-22,SKU0179,256.0,0.0,8,102.0
2025-10-01,SKU0179,148.0,0.0,8,102.0
2025-10-08,SKU0179,100.0,225.0,8,102.0
2025-10-15,SKU0179,258.0,0.0,8,102.0
2025-10-22,SKU0179,166.0,0.0,8,102.0
2025-11-01,SKU0179,267.0,0.0,8,102.0
2025-11-08,SKU0179,217.0,0.0,8,102.0
2025-11-15,SKU0179,170.0,0.0,8,102.0
2025-11-22,SKU0179,104.0,0.0,8,102.0
2025-12-01,SKU0179,208.0,0.0,8,102.0
2025-12-08,SKU0179,143.0,0.0,8,102.0
2025-12-15,SKU0179,72.0,219.0,8,102.0
2025-12-22,SKU0179,207.0,0.0,8,102.0
2024-05-22,SKU0180,378.0,0.0,19,57.0
2024-06-01,SKU0180,341.0,0.0,19,57.0
2024-06-08,SKU0180,313.0,0.0,19,57.0
2024-06-15,SKU0180,284.0,0.0,19,57.0
2024-06-22,SKU0180,242.0,0.0,19,57.0
2024-07-01,SKU0180,209.0,0.0,19,57.0
2024-07-08,SKU0180,183.0,0.0,19,57.0
2024-07-15,SKU0180,160.0,0.0,19,57.0
2024-07-22,SKU0180,135.0,0.0,19,57.0
2024-08-01,SKU0180,98.0,0.0,19,57.0
2024-08-08,SKU0180,77.0,0.0,19,57.0
2024-08-15,SKU0180,59.0,0.0,19,57.0
2024-08-22,SKU0180,77.0,0.0,19,57.0
2024-09-01,SKU0180,48.0,33.0,19,57.0
2024-09-08,SKU0180,29.0,33.0,19,57.0
2024-09-15,SKU0180,46.0,0.0,19,57.0
2024-09-22,SKU0180,27.0,33.0,19,57.0
2024-10-01,SKU0180,35.0,36.0,19,57.0
2024-10-08,SKU0180,18.0,36.0,19,57.0
2024-10-15,SKU0180,0.0,36.0,19,57.0
2024-10-22,SKU0180,24.0,36.0,19,57.0
2024-11-01,SKU0180,1.0,36.0,19,57.0
2024-11-08,SKU0180,33.0,40.0,19,57.0
2024-11-15,SKU0180,17.0,40.0,19,57.0
2024-11-22,SKU0180,1.0,40.0,19,57.0
2024-12-01,SKU0180,11.0,27.0,19,57.0
2024-12-08,SKU0180,1.0,27.0,19,57.0
2024-12-15,SKU0180,26.0,0.0,19,57.0
2024-12-22,SKU0180,5.0,42.0,19,57.0
2025-01-01,SKU0180,0.0,42.0,19,57.0
2025-01-08,SKU0180,14.0,43.0,19,57.0
2025-01-15,SKU0180,1.0,43.0,19,57.0
2025-01-22,SKU0180,38.0,0.0,19,57.0
2025-02-01,SKU0180,6.0,40.0,19,57.0
2025-02-08,SKU0180,0.0,40.0,19,57.0
2025-02-15,SKU0180,14.0,39.0,19,57.0
2025-02-22,SKU0180,1.0,39.0,19,57.0
2025-03-01,SKU0180,37.0,0.0,19,57.0
2025-03-08,SKU0180,11.0,29.0,19,57.0
2025-03-15,SKU0180,1.0,29.0,19,57.0
2025-03-22,SKU0180,20.0,33.0,19,57.0
2025-04-01,SKU0180,0.0,33.0,19,57.0
2025-04-08,SKU0180,28.0,39.0,19,57.0
2025-04-15,SKU0180,1.0,39.0,19,57.0
2025-04-22,SKU0180,1.0,39.0,19,57.0
2025-05-01,SKU0180,16.0,45.0,19,57.0
2025-05-08,SKU0180,1.0,45.0,19,57.0
2025-05-15,SKU0180,46.0,0.0,19,57.0
2025-05-22,SKU0180,18.0,36.0,19,57.0
2025-06-01,SKU0180,1.0,36.0,19,57.0
2025-06-08,SKU0180,22.0,26.0,19,57.0
2025-06-15,SKU0180,1.0,26.0,19,57.0
2025-06-22,SKU0180,26.0,31.0,19,57.0
2025-07-01,SKU0180,0.0,31.0,19,57.0
2025-07-08,SKU0180,0.0,31.0,19,57.0
2025-07-15,SKU0180,20.0,35.0,19,57.0
2025-07-22,SKU0180,1.0,35.0,19,57.0
2025-08-01,SKU0180,30.0,38.0,19,57.0
2025-08-08,SKU0180,10.0,38.0,19,57.0
2025-08-15,SKU0180,1.0,38.0,19,57.0
2025-08-22,SKU0180,26.0,37.0,19,57.0
2025-09-01,SKU0180,2.0,37.0,19,57.0
2025-09-08,SKU0180,32.0,32.0,19,57.0
2025-09-15,SKU0180,17.0,32.0,19,57.0
2025-09-22,SKU0180,1.0,32.0,19,57.0
2025-10-01,SKU0180,15.0,35.0,19,57.0
2025-10-08,SKU0180,0.0,35.0,19,57.0
2025-10-15,SKU0180,29.0,38.0,19,57.0
2025-10-22,SKU0180,1.0,38.0,19,57.0
2025-11-01,SKU0180,1.0,38.0,19,57.0
2025-11-08,SKU0180,22.0,39.0,19,57.0
2025-11-15,SKU0180,3.0,39.0,19,57.0
2025-11-22,SKU0180,37.0,0.0,19,57.0
2025-12-01,SKU0180,1.0,45.0,19,57.0
2025-12-08,SKU0180,1.0,45.0,19,57.0
2025-12-15,SKU0180,35.0,29.0,19,57.0
2025-12-22,SKU0180,17.0,29.0,19,57.0
2024-05-15,SKU0181,0.0,384.0,7,218.0
2024-05-22,SKU0181,103.0,479.0,7,218.0
2024-06-01,SKU0181,87.0,537.0,7,218.0
2024-06-08,SKU0181,447.0,0.0,7,218.0
2024-06-15,SKU0181,96.0,510.0,7,218.0
2024-06-22,SKU0181,358.0,0.0,7,218.0
2024-07-01,SKU0181,440.0,0.0,7,218.0
2024-07-08,SKU0181,195.0,355.0,7,218.0
2024-07-15,SKU0181,296.0,0.0,7,218.0
2024-07-22,SKU0181,508.0,0.0,7,218.0
2024-08-01,SKU0181,663.0,0.0,7,218.0
2024-08-08,SKU0181,455.0,0.0,7,218.0
2024-08-15,SKU0181,218.0,378.0,7,218.0
2024-08-22,SKU0181,379.0,0.0,7,218.0
2024-09-01,SKU0181,615.0,0.0,7,218.0
2024-09-08,SKU0181,420.0,0.0,7,218.0
2024-09-15,SKU0181,254.0,0.0,7,218.0
2024-09-22,SKU0181,554.0,0.0,7,218.0
2024-10-01,SKU0181,351.0,0.0,7,218.0
2024-10-08,SKU0181,132.0,409.0,7,218.0
2024-10-15,SKU0181,352.0,0.0,7,218.0
2024-10-22,SKU0181,65.0,402.0,7,218.0
2024-11-01,SKU0181,201.0,374.0,7,218.0
2024-11-08,SKU0181,358.0,0.0,7,218.0
2024-11-15,SKU0181,580.0,0.0,7,218.0
2024-11-22,SKU0181,431.0,0.0,7,218.0
2024-12-01,SKU0181,52.0,511.0,7,218.0
2024-12-08,SKU0181,453.0,0.0,7,218.0
2024-12-15,SKU0181,264.0,0.0,7,218.0
2024-12-22,SKU0181,421.0,0.0,7,218.0
2025-01-01,SKU0181,128.0,471.0,7,218.0
2025-01-08,SKU0181,157.0,401.0,7,218.0
2025-01-15,SKU0181,324.0,0.0,7,218.0
2025-01-22,SKU0181,70.0,481.0,7,218.0
2025-02-01,SKU0181,144.0,412.0,7,218.0
2025-02-08,SKU0181,316.0,0.0,7,218.0
2025-02-15,SKU0181,462.0,0.0,7,218.0
2025-02-22,SKU0181,186.0,460.0,7,218.0
2025-03-01,SKU0181,362.0,0.0,7,218.0
2025-03-08,SKU0181,448.0,0.0,7,218.0
2025-03-15,SKU0181,83.0,379.0,7,218.0
2025-03-22,SKU0181,297.0,0.0,7,218.0
2025-04-01,SKU0181,338.0,0.0,7,218.0
2025-04-08,SKU0181,1.0,515.0,7,218.0
2025-04-15,SKU0181,290.0,0.0,7,218.0
2025-04-22,SKU0181,0.0,350.0,7,218.0
2025-05-01,SKU0181,485.0,0.0,7,218.0
2025-05-08,SKU0181,508.0,0.0,7,218.0
2025-05-15,SKU0181,178.0,356.0,7,218.0
2025-05-22,SKU0181,357.0,0.0,7,218.0
2025-06-01,SKU0181,378.0,0.0,7,218.0
2025-06-08,SKU0181,99.0,490.0,7,218.0
2025-06-15,SKU0181,376.0,0.0,7,218.0
2025-06-22,SKU0181,445.0,0.0,7,218.0
2025-07-01,SKU0181,62.0,401.0,7,218.0
2025-07-08,SKU0181,231.0,0.0,7,218.0
2025-07-15,SKU0181,353.0,0.0,7,218.0
2025-07-22,SKU0181,76.0,354.0,7,218.0
2025-08-01,SKU0181,415.0,0.0,7,218.0
2025-08-08,SKU0181,181.0,403.0,7,218.0
2025-08-15,SKU0181,409.0,0.0,7,218.0
2025-08-22,SKU0181,208.0,534.0,7,218.0
2025-09-01,SKU0181,442.0,0.0,7,218.0
2025-09-08,SKU0181,279.0,0.0,7,218.0
2025-09-15,SKU0181,110.0,335.0,7,218.0
2025-09-22,SKU0181,271.0,0.0,7,218.0
2025-10-01,SKU0181,63.0,496.0,7,218.0
2025-10-08,SKU0181,355.0,0.0,7,218.0
2025-10-15,SKU0181,195.0,351.0,7,218.0
2025-10-22,SKU0181,265.0,0.0,7,218.0
2025-11-01,SKU0181,619.0,0.0,7,218.0
2025-11-08,SKU0181,428.0,0.0,7,218.0
2025-11-15,SKU0181,270.0,0.0,7,218.0
2025-11-22,SKU0181,592.0,0.0,7,218.0
2025-12-01,SKU0181,210.0,500.0,7,218.0
2025-12-08,SKU0181,531.0,0.0,7,218.0
2025-12-15,SKU0181,358.0,0.0,7,218.0
2025-12-22,SKU0181,210.0,443.0,7,218.0
2024-09-08,SKU0182,39.0,206.0,27,123.0
2024-09-15,SKU0182,7.0,206.0,27,123.0
2024-09-22,SKU0182,1.0,206.0,27,123.0
2024-10-01,SKU0182,207.0,0.0,27,123.0
2024-10-08,SKU0182,177.0,0.0,27,123.0
2024-10-15,SKU0182,143.0,0.0,27,123.0
2024-10-22,SKU0182,93.0,253.0,27,123.0
2024-11-01,SKU0182,310.0,0.0,27,123.0
2024-11-08,SKU0182,277.0,0.0,27,123.0
2024-11-15,SKU0182,251.0,0.0,27,123.0
2024-11-22,SKU0182,220.0,0.0,27,123.0
2024-12-01,SKU0182,165.0,0.0,27,123.0
2024-12-08,SKU0182,137.0,0.0,27,123.0
2024-12-15,SKU0182,102.0,219.0,27,123.0
2024-12-22,SKU0182,286.0,0.0,27,123.0
2025-01-01,SKU0182,243.0,0.0,27,123.0
2025-01-08,SKU0182,181.0,0.0,27,123.0
2025-01-15,SKU0182,151.0,0.0,27,123.0
2025-01-22,SKU0182,119.0,250.0,27,123.0
2025-02-01,SKU0182,69.0,250.0,27,123.0
2025-02-08,SKU0182,31.0,250.0,27,123.0
2025-02-15,SKU0182,241.0,0.0,27,123.0
2025-02-22,SKU0182,207.0,0.0,27,123.0
2025-03-01,SKU0182,172.0,0.0,27,123.0
2025-03-08,SKU0182,135.0,0.0,27,123.0
2025-03-15,SKU0182,333.0,0.0,27,123.0
2025-03-22,SKU0182,289.0,0.0,27,123.0
2025-04-01,SKU0182,232.0,0.0,27,123.0
2025-04-08,SKU0182,189.0,0.0,27,123.0
2025-04-15,SKU0182,154.0,0.0,27,123.0
2025-04-22,SKU0182,107.0,213.0,27,123.0
2025-05-01,SKU0182,61.0,213.0,27,123.0
2025-05-08,SKU0182,233.0,0.0,27,123.0
2025-05-15,SKU0182,196.0,0.0,27,123.0
2025-05-22,SKU0182,157.0,0.0,27,123.0
2025-06-01,SKU0182,341.0,0.0,27,123.0
2025-06-08,SKU0182,309.0,0.0,27,123.0
2025-06-15,SKU0182,274.0,0.0,27,123.0
2025-06-22,SKU0182,211.0,0.0,27,123.0
2025-07-01,SKU0182,162.0,0.0,27,123.0
2025-07-08,SKU0182,135.0,0.0,27,123.0
2025-07-15,SKU0182,104.0,224.0,27,123.0
2025-07-22,SKU0182,67.0,224.0,27,123.0
2025-08-01,SKU0182,243.0,0.0,27,123.0
2025-08-08,SKU0182,209.0,0.0,27,123.0
2025-08-15,SKU0182,187.0,0.0,27,123.0
2025-08-22,SKU0182,160.0,0.0,27,123.0
2025-09-01,SKU0182,118.0,192.0,27,123.0
2025-09-08,SKU0182,85.0,192.0,27,123.0
2025-09-15,SKU0182,62.0,192.0,27,123.0
2025-09-22,SKU0182,229.0,0.0,27,123.0
2025-10-01,SKU0182,196.0,0.0,27,123.0
2025-10-08,SKU0182,172.0,0.0,27,123.0
2025-10-15,SKU0182,133.0,0.0,27,123.0
2025-10-22,SKU0182,86.0,192.0,27,123.0
2025-11-01,SKU0182,54.0,192.0,27,123.0
2025-11-08,SKU0182,27.0,192.0,27,123.0
2025-11-15,SKU0182,189.0,0.0,27,123.0
2025-11-22,SKU0182,161.0,0.0,27,123.0
2025-12-01,SKU0182,97.0,210.0,27,123.0
2025-12-08,SKU0182,270.0,0.0,27,123.0
2025-12-15,SKU0182,240.0,0.0,27,123.0
2025-12-22,SKU0182,203.0,0.0,27,123.0
2025-03-15,SKU0183,99.0,912.0,26,529.0
2025-03-22,SKU0183,0.0,912.0,26,529.0
2025-04-01,SKU0183,0.0,912.0,26,529.0
2025-04-08,SKU0183,0.0,912.0,26,529.0
2025-04-15,SKU0183,787.0,0.0,26,529.0
2025-04-22,SKU0183,633.0,0.0,26,529.0
2025-05-01,SKU0183,404.0,1013.0,26,529.0
2025-05-08,SKU0183,1264.0,0.0,26,529.0
2025-05-15,SKU0183,1102.0,0.0,26,529.0
2025-05-22,SKU0183,934.0,0.0,26,529.0
2025-06-01,SKU0183,716.0,0.0,26,529.0
2025-06-08,SKU0183,580.0,0.0,26,529.0
2025-06-15,SKU0183,432.0,851.0,26,529.0
2025-06-22,SKU0183,218.0,851.0,26,529.0
2025-07-01,SKU0183,874.0,0.0,26,529.0
2025-07-08,SKU0183,752.0,0.0,26,529.0
2025-07-15,SKU0183,636.0,0.0,26,529.0
2025-07-22,SKU0183,1707.0,0.0,26,529.0
2025-08-01,SKU0183,1536.0,0.0,26,529.0
2025-08-08,SKU0183,1425.0,0.0,26,529.0
2025-08-15,SKU0183,1329.0,0.0,26,529.0
2025-08-22,SKU0183,1232.0,0.0,26,529.0
2025-09-01,SKU0183,1086.0,0.0,26,529.0
2025-09-08,SKU0183,1004.0,0.0,26,529.0
2025-09-15,SKU0183,905.0,0.0,26,529.0
2025-09-22,SKU0183,788.0,0.0,26,529.0
2025-10-01,SKU0183,661.0,0.0,26,529.0
2025-10-08,SKU0183,556.0,0.0,26,529.0
2025-10-15,SKU0183,473.0,1269.0,26,529.0
2025-10-22,SKU0183,332.0,1269.0,26,529.0
2025-11-01,SKU0183,198.0,1269.0,26,529.0
2025-11-08,SKU0183,1376.0,0.0,26,529.0
2025-11-15,SKU0183,1304.0,0.0,26,529.0
2025-11-22,SKU0183,1205.0,0.0,26,529.0
2025-12-01,SKU0183,1013.0,0.0,26,529.0
2025-12-08,SKU0183,901.0,0.0,26,529.0
2025-12-15,SKU0183,776.0,0.0,26,529.0
2025-12-22,SKU0183,660.0,0.0,26,529.0
2024-02-08,SKU0184,1.0,2150.0,29,992.0
2024-02-15,SKU0184,1.0,2150.0,29,992.0
2024-02-22,SKU0184,1.0,2150.0,29,992.0
2024-03-01,SKU0184,1.0,2150.0,29,992.0
2024-03-08,SKU0184,1989.0,0.0,29,992.0
2024-03-15,SKU0184,1649.0,0.0,29,992.0
2024-03-22,SKU0184,1318.0,0.0,29,992.0
2024-04-01,SKU0184,925.0,2219.0,29,992.0
2024-04-08,SKU0184,2806.0,0.0,29,992.0
2024-04-15,SKU0184,2472.0,0.0,29,992.0
2024-04-22,SKU0184,2132.0,0.0,29,992.0
2024-05-01,SKU0184,1692.0,0.0,29,992.0
2024-05-08,SKU0184,1381.0,0.0,29,992.0
2024-05-15,SKU0184,1114.0,0.0,29,992.0
2024-05-22,SKU0184,782.0,2048.0,29,992.0
2024-06-01,SKU0184,2391.0,0.0,29,992.0
2024-06-08,SKU0184,2105.0,0.0,29,992.0
2024-06-15,SKU0184,1803.0,0.0,29,992.0
2024-06-22,SKU0184,1283.0,0.0,29,992.0
2024-07-01,SKU0184,957.0,2025.0,29,992.0
2024-07-08,SKU0184,731.0,2025.0,29,992.0
2024-07-15,SKU0184,482.0,2025.0,29,992.0
2024-07-22,SKU0184,222.0,2025.0,29,992.0
2024-08-01,SKU0184,1871.0,0.0,29,992.0
2024-08-08,SKU0184,1642.0,0.0,29,992.0
2024-08-15,SKU0184,1421.0,0.0,29,992.0
2024-08-22,SKU0184,1238.0,0.0,29,992.0
2024-09-01,SKU0184,956.0,2076.0,29,992.0
2024-09-08,SKU0184,778.0,2076.0,29,992.0
2024-09-15,SKU0184,598.0,2076.0,29,992.0
2024-09-22,SKU0184,420.0,2076.0,29,992.0
2024-10-01,SKU0184,2200.0,0.0,29,992.0
2024-10-08,SKU0184,1988.0,0.0,29,992.0
2024-10-15,SKU0184,1790.0,0.0,29,992.0
2024-10-22,SKU0184,1522.0,0.0,29,992.0
2024-11-01,SKU0184,1243.0,0.0,29,992.0
2024-11-08,SKU0184,1047.0,0.0,29,992.0
2024-11-15,SKU0184,884.0,2442.0,29,992.0
2024-11-22,SKU0184,3131.0,0.0,29,992.0
2024-12-01,SKU0184,2709.0,0.0,29,992.0
2024-12-08,SKU0184,2498.0,0.0,29,992.0
2024-12-15,SKU0184,2293.0,0.0,29,992.0
2024-12-22,SKU0184,2105.0,0.0,29,992.0
2025-01-01,SKU0184,1742.0,0.0,29,992.0
2025-01-08,SKU0184,1338.0,0.0,29,992.0
2025-01-15,SKU0184,1132.0,0.0,29,992.0
2025-01-22,SKU0184,872.0,2448.0,29,992.0
2025-02-01,SKU0184,563.0,2448.0,29,992.0
2025-02-08,SKU0184,264.0,2448.0,29,992.0
2025-02-15,SKU0184,47.0,2448.0,29,992.0
2025-02-22,SKU0184,2233.0,0.0,29,992.0
2025-03-01,SKU0184,1944.0,0.0,29,992.0
2025-03-08,SKU0184,1645.0,0.0,29,992.0
2025-03-15,SKU0184,1356.0,0.0,29,992.0
2025-03-22,SKU0184,1049.0,0.0,29,992.0
2025-04-01,SKU0184,667.0,1813.0,29,992.0
2025-04-08,SKU0184,327.0,1813.0,29,992.0
2025-04-15,SKU0184,1835.0,0.0,29,992.0
2025-04-22,SKU0184,1530.0,0.0,29,992.0
2025-05-01,SKU0184,1171.0,0.0,29,992.0
2025-05-08,SKU0184,886.0,1632.0,29,992.0
2025-05-15,SKU0184,2275.0,0.0,29,992.0
2025-05-22,SKU0184,2005.0,0.0,29,992.0
2025-06-01,SKU0184,1643.0,0.0,29,992.0
2025-06-08,SKU0184,1355.0,0.0,29,992.0
2025-06-15,SKU0184,1089.0,0.0,29,992.0
2025-06-22,SKU0184,622.0,2287.0,29,992.0
2025-07-01,SKU0184,296.0,2287.0,29,992.0
2025-07-08,SKU0184,79.0,2287.0,29,992.0
2025-07-15,SKU0184,2189.0,0.0,29,992.0
2025-07-22,SKU0184,1955.0,0.0,29,992.0
2025-08-01,SKU0184,1628.0,0.0,29,992.0
2025-08-08,SKU0184,1436.0,0.0,29,992.0
2025-08-15,SKU0184,1280.0,0.0,29,992.0
2025-08-22,SKU0184,1098.0,0.0,29,992.0
2025-09-01,SKU0184,859.0,2104.0,29,992.0
2025-09-08,SKU0184,2813.0,0.0,29,992.0
2025-09-15,SKU0184,2658.0,0.0,29,992.0
2025-09-22,SKU0184,2487.0,0.0,29,992.0
2025-10-01,SKU0184,2261.0,0.0,29,992.0
2025-10-08,SKU0184,2127.0,0.0,29,992.0
2025-10-15,SKU0184,2004.0,0.0,29,992.0
2025-10-22,SKU0184,1741.0,0.0,29,992.0
2025-11-01,SKU0184,1524.0,0.0,29,992.0
2025-11-08,SKU0184,1292.0,0.0,29,992.0
2025-11-15,SKU0184,1105.0,0.0,29,992.0
2025-11-22,SKU0184,899.0,1651.0,29,992.0
2025-12-01,SKU0184,619.0,1651.0,29,992.0
2025-12-08,SKU0184,2090.0,0.0,29,992.0
2025-12-15,SKU0184,1900.0,0.0,29,992.0
2025-12-22,SKU0184,1736.0,0.0,29,992.0
2025-03-01,SKU0185,162.0,700.0,15,409.0
2025-03-08,SKU0185,1.0,700.0,15,409.0
2025-03-15,SKU0185,649.0,0.0,15,409.0
2025-03-22,SKU0185,367.0,703.0,15,409.0
2025-04-01,SKU0185,634.0,0.0,15,409.0
2025-04-08,SKU0185,356.0,756.0,15,409.0
2025-04-15,SKU0185,820.0,0.0,15,409.0
2025-04-22,SKU0185,461.0,0.0,15,409.0
2025-05-01,SKU0185,919.0,0.0,15,409.0
2025-05-08,SKU0185,608.0,0.0,15,409.0
2025-05-15,SKU0185,305.0,681.0,15,409.0
2025-05-22,SKU0185,28.0,681.0,15,409.0
2025-06-01,SKU0185,469.0,0.0,15,409.0
2025-06-08,SKU0185,211.0,768.0,15,409.0
2025-06-15,SKU0185,713.0,0.0,15,409.0
2025-06-22,SKU0185,249.0,857.0,15,409.0
2025-07-01,SKU0185,790.0,0.0,15,409.0
2025-07-08,SKU0185,570.0,0.0,15,409.0
2025-07-15,SKU0185,387.0,777.0,15,409.0
2025-07-22,SKU0185,120.0,777.0,15,409.0
2025-08-01,SKU0185,588.0,0.0,15,409.0
2025-08-08,SKU0185,404.0,849.0,15,409.0
2025-08-15,SKU0185,1052.0,0.0,15,409.0
2025-08-22,SKU0185,823.0,0.0,15,409.0
2025-09-01,SKU0185,546.0,0.0,15,409.0
2025-09-08,SKU0185,417.0,0.0,15,409.0
2025-09-15,SKU0185,292.0,920.0,15,409.0
2025-09-22,SKU0185,138.0,920.0,15,409.0
2025-10-01,SKU0185,912.0,0.0,15,409.0
2025-10-08,SKU0185,773.0,0.0,15,409.0
2025-10-15,SKU0185,624.0,0.0,15,409.0
2025-10-22,SKU0185,387.0,933.0,15,409.0
2025-11-01,SKU0185,1133.0,0.0,15,409.0
2025-11-08,SKU0185,985.0,0.0,15,409.0
2025-11-15,SKU0185,799.0,0.0,15,409.0
2025-11-22,SKU0185,640.0,0.0,15,409.0
2025-12-01,SKU0185,324.0,846.0,15,409.0
2025-12-08,SKU0185,1003.0,0.0,15,409.0
2025-12-15,SKU0185,819.0,0.0,15,409.0
2025-12-22,SKU0185,653.0,0.0,15,409.0
2024-03-22,SKU0186,44.0,183.0,14,84.0
2024-04-01,SKU0186,0.0,183.0,14,84.0
2024-04-08,SKU0186,160.0,0.0,14,84.0
2024-04-15,SKU0186,109.0,0.0,14,84.0
2024-04-22,SKU0186,64.0,149.0,14,84.0
2024-05-01,SKU0186,11.0,149.0,14,84.0
2024-05-08,SKU0186,119.0,0.0,14,84.0
2024-05-15,SKU0186,77.0,186.0,14,84.0
2024-05-22,SKU0186,216.0,0.0,14,84.0
2024-06-01,SKU0186,146.0,0.0,14,84.0
2024-06-08,SKU0186,103.0,0.0,14,84.0
2024-06-15,SKU0186,230.0,0.0,14,84.0
2024-06-22,SKU0186,157.0,0.0,14,84.0
2024-07-01,SKU0186,106.0,0.0,14,84.0
2024-07-08,SKU0186,62.0,148.0,14,84.0
2024-07-15,SKU0186,165.0,0.0,14,84.0
2024-07-22,SKU0186,118.0,0.0,14,84.0
2024-08-01,SKU0186,53.0,172.0,14,84.0
2024-08-08,SKU0186,192.0,0.0,14,84.0
2024-08-15,SKU0186,150.0,0.0,14,84.0
2024-08-22,SKU0186,107.0,0.0,14,84.0
2024-09-01,SKU0186,57.0,189.0,14,84.0
2024-09-08,SKU0186,207.0,0.0,14,84.0
2024-09-15,SKU0186,169.0,0.0,14,84.0
2024-09-22,SKU0186,135.0,0.0,14,84.0
2024-10-01,SKU0186,92.0,0.0,14,84.0
2024-10-08,SKU0186,184.0,0.0,14,84.0
2024-10-15,SKU0186,149.0,0.0,14,84.0
2024-10-22,SKU0186,89.0,0.0,14,84.0
2024-11-01,SKU0186,184.0,0.0,14,84.0
2024-11-08,SKU0186,148.0,0.0,14,84.0
2024-11-15,SKU0186,111.0,0.0,14,84.0
2024-11-22,SKU0186,76.0,165.0,14,84.0
2024-12-01,SKU0186,164.0,0.0,14,84.0
2024-12-08,SKU0186,116.0,0.0,14,84.0
2024-12-15,SKU0186,78.0,172.0,14,84.0
2024-12-22,SKU0186,38.0,172.0,14,84.0
2025-01-01,SKU0186,143.0,0.0,14,84.0
2025-01-08,SKU0186,68.0,204.0,14,84.0
2025-01-15,SKU0186,228.0,0.0,14,84.0
2025-01-22,SKU0186,184.0,0.0,14,84.0
2025-02-01,SKU0186,119.0,0.0,14,84.0
2025-02-08,SKU0186,68.0,131.0,14,84.0
2025-02-15,SKU0186,13.0,131.0,14,84.0
2025-02-22,SKU0186,116.0,0.0,14,84.0
2025-03-01,SKU0186,71.0,194.0,14,84.0
2025-03-08,SKU0186,208.0,0.0,14,84.0
2025-03-15,SKU0186,157.0,0.0,14,84.0
2025-03-22,SKU0186,106.0,0.0,14,84.0
2025-04-01,SKU0186,26.0,208.0,14,84.0
2025-04-08,SKU0186,176.0,0.0,14,84.0
2025-04-15,SKU0186,119.0,0.0,14,84.0
2025-04-22,SKU0186,57.0,188.0,14,84.0
2025-05-01,SKU0186,188.0,0.0,14,84.0
2025-05-08,SKU0186,135.0,0.0,14,84.0
2025-05-15,SKU0186,80.0,156.0,14,84.0
2025-05-22,SKU0186,26.0,156.0,14,84.0
2025-06-01,SKU0186,135.0,0.0,14,84.0
2025-06-08,SKU0186,81.0,141.0,14,84.0
2025-06-15,SKU0186,164.0,0.0,14,84.0
2025-06-22,SKU0186,68.0,143.0,14,84.0
2025-07-01,SKU0186,139.0,0.0,14,84.0
2025-07-08,SKU0186,84.0,0.0,14,84.0
2025-07-15,SKU0186,164.0,0.0,14,84.0
2025-07-22,SKU0186,106.0,0.0,14,84.0
2025-08-01,SKU0186,29.0,154.0,14,84.0
2025-08-08,SKU0186,148.0,0.0,14,84.0
2025-08-15,SKU0186,105.0,0.0,14,84.0
2025-08-22,SKU0186,261.0,0.0,14,84.0
2025-09-01,SKU0186,200.0,0.0,14,84.0
2025-09-08,SKU0186,159.0,0.0,14,84.0
2025-09-15,SKU0186,106.0,0.0,14,84.0
2025-09-22,SKU0186,67.0,152.0,14,84.0
2025-10-01,SKU0186,13.0,152.0,14,84.0
2025-10-08,SKU0186,122.0,0.0,14,84.0
2025-10-15,SKU0186,75.0,148.0,14,84.0
2025-10-22,SKU0186,143.0,0.0,14,84.0
2025-11-01,SKU0186,84.0,198.0,14,84.0
2025-11-08,SKU0186,41.0,198.0,14,84.0
2025-11-15,SKU0186,196.0,0.0,14,84.0
2025-11-22,SKU0186,152.0,0.0,14,84.0
2025-12-01,SKU0186,47.0,146.0,14,84.0
2025-12-08,SKU0186,0.0,146.0,14,84.0
2025-12-15,SKU0186,122.0,0.0,14,84.0
2025-12-22,SKU0186,71.0,133.0,14,84.0
2024-07-08,SKU0187,85.0,621.0,29,866.0
2024-07-15,SKU0187,1.0,621.0,29,866.0
2024-07-22,SKU0187,1.0,621.0,29,866.0
2024-08-01,SKU0187,1.0,621.0,29,866.0
2024-08-08,SKU0187,489.0,507.0,29,866.0
2024-08-15,SKU0187,343.0,507.0,29,866.0
2024-08-22,SKU0187,172.0,507.0,29,866.0
2024-09-01,SKU0187,496.0,0.0,29,866.0
2024-09-08,SKU0187,345.0,414.0,29,866.0
2024-09-15,SKU0187,211.0,414.0,29,866.0
2024-09-22,SKU0187,51.0,414.0,29,866.0
2024-10-01,SKU0187,372.0,596.0,29,866.0
2024-10-08,SKU0187,245.0,596.0,29,866.0
2024-10-15,SKU0187,135.0,596.0,29,866.0
2024-10-22,SKU0187,1.0,596.0,29,866.0
2024-11-01,SKU0187,535.0,602.0,29,866.0
2024-11-08,SKU0187,377.0,602.0,29,866.0
2024-11-15,SKU0187,263.0,602.0,29,866.0
2024-11-22,SKU0187,163.0,602.0,29,866.0
2024-12-01,SKU0187,493.0,552.0,29,866.0
2024-12-08,SKU0187,330.0,552.0,29,866.0
2024-12-15,SKU0187,179.0,552.0,29,866.0
2024-12-22,SKU0187,23.0,552.0,29,866.0
2025-01-01,SKU0187,349.0,504.0,29,866.0
2025-01-08,SKU0187,57.0,504.0,29,866.0
2025-01-15,SKU0187,1.0,504.0,29,866.0
2025-01-22,SKU0187,1.0,504.0,29,866.0
2025-02-01,SKU0187,282.0,525.0,29,866.0
2025-02-08,SKU0187,89.0,525.0,29,866.0
2025-02-15,SKU0187,0.0,525.0,29,866.0
2025-02-22,SKU0187,513.0,671.0,29,866.0
2025-03-01,SKU0187,307.0,671.0,29,866.0
2025-03-08,SKU0187,91.0,671.0,29,866.0
2025-03-15,SKU0187,1.0,671.0,29,866.0
2025-03-22,SKU0187,672.0,0.0,29,866.0
2025-04-01,SKU0187,372.0,653.0,29,866.0
2025-04-08,SKU0187,148.0,653.0,29,866.0
2025-04-15,SKU0187,1.0,653.0,29,866.0
2025-04-22,SKU0187,586.0,615.0,29,866.0
2025-05-01,SKU0187,271.0,615.0,29,866.0
2025-05-08,SKU0187,56.0,615.0,29,866.0
2025-05-15,SKU0187,0.0,615.0,29,866.0
2025-05-22,SKU0187,517.0,529.0,29,866.0
2025-06-01,SKU0187,247.0,529.0,29,866.0
2025-06-08,SKU0187,64.0,529.0,29,866.0
2025-06-15,SKU0187,0.0,529.0,29,866.0
2025-06-22,SKU0187,302.0,638.0,29,866.0
2025-07-01,SKU0187,52.0,638.0,29,866.0
2025-07-08,SKU0187,0.0,638.0,29,866.0
2025-07-15,SKU0187,0.0,638.0,29,866.0
2025-07-22,SKU0187,517.0,507.0,29,866.0
2025-08-01,SKU0187,327.0,507.0,29,866.0
2025-08-08,SKU0187,157.0,507.0,29,866.0
2025-08-15,SKU0187,550.0,502.0,29,866.0
2025-08-22,SKU0187,438.0,502.0,29,866.0
2025-09-01,SKU0187,250.0,502.0,29,866.0
2025-09-08,SKU0187,138.0,502.0,29,866.0
2025-09-15,SKU0187,542.0,488.0,29,866.0
2025-09-22,SKU0187,440.0,488.0,29,866.0
2025-10-01,SKU0187,267.0,488.0,29,866.0
2025-10-08,SKU0187,170.0,488.0,29,866.0
2025-10-15,SKU0187,528.0,0.0,29,866.0
2025-10-22,SKU0187,364.0,668.0,29,866.0
2025-11-01,SKU0187,247.0,668.0,29,866.0
2025-11-08,SKU0187,146.0,668.0,29,866.0
2025-11-15,SKU0187,715.0,402.0,29,866.0
2025-11-22,SKU0187,590.0,402.0,29,866.0
2025-12-01,SKU0187,345.0,402.0,29,866.0
2025-12-08,SKU0187,630.0,0.0,29,866.0
2025-12-15,SKU0187,507.0,365.0,29,866.0
2025-12-22,SKU0187,363.0,365.0,29,866.0
2025-04-15,SKU0188,102.0,510.0,23,141.0
2025-04-22,SKU0188,50.0,510.0,23,141.0
2025-05-01,SKU0188,0.0,510.0,23,141.0
2025-05-08,SKU0188,510.0,0.0,23,141.0
2025-05-15,SKU0188,453.0,0.0,23,141.0
2025-05-22,SKU0188,398.0,0.0,23,141.0
2025-06-01,SKU0188,327.0,0.0,23,141.0
2025-06-08,SKU0188,280.0,0.0,23,141.0
2025-06-15,SKU0188,233.0,0.0,23,141.0
2025-06-22,SKU0188,145.0,0.0,23,141.0
2025-07-01,SKU0188,85.0,459.0,23,141.0
2025-07-08,SKU0188,53.0,459.0,23,141.0
2025-07-15,SKU0188,17.0,459.0,23,141.0
2025-07-22,SKU0188,436.0,0.0,23,141.0
2025-08-01,SKU0188,381.0,0.0,23,141.0
2025-08-08,SKU0188,343.0,0.0,23,141.0
2025-08-15,SKU0188,306.0,0.0,23,141.0
2025-08-22,SKU0188,273.0,0.0,23,141.0
2025-09-01,SKU0188,229.0,0.0,23,141.0
2025-09-08,SKU0188,195.0,0.0,23,141.0
2025-09-15,SKU0188,161.0,0.0,23,141.0
2025-09-22,SKU0188,138.0,653.0,23,141.0
2025-10-01,SKU0188,754.0,0.0,23,141.0
2025-10-08,SKU0188,724.0,0.0,23,141.0
2025-10-15,SKU0188,683.0,0.0,23,141.0
2025-10-22,SKU0188,638.0,0.0,23,141.0
2025-11-01,SKU0188,600.0,0.0,23,141.0
2025-11-08,SKU0188,574.0,0.0,23,141.0
2025-11-15,SKU0188,547.0,0.0,23,141.0
2025-11-22,SKU0188,520.0,0.0,23,141.0
2025-12-01,SKU0188,458.0,0.0,23,141.0
2025-12-08,SKU0188,430.0,0.0,23,141.0
2025-12-15,SKU0188,399.0,0.0,23,141.0
2025-12-22,SKU0188,364.0,0.0,23,141.0
2025-03-01,SKU0189,178.0,1028.0,23,552.0
2025-03-08,SKU0189,10.0,1028.0,23,552.0
2025-03-15,SKU0189,0.0,1028.0,23,552.0
2025-03-22,SKU0189,1029.0,0.0,23,552.0
2025-04-01,SKU0189,790.0,0.0,23,552.0
2025-04-08,SKU0189,624.0,0.0,23,552.0
2025-04-15,SKU0189,1533.0,0.0,23,552.0
2025-04-22,SKU0189,1382.0,0.0,23,552.0
2025-05-01,SKU0189,1177.0,0.0,23,552.0
2025-05-08,SKU0189,1035.0,0.0,23,552.0
2025-05-15,SKU0189,890.0,0.0,23,552.0
2025-05-22,SKU0189,748.0,0.0,23,552.0
2025-06-01,SKU0189,528.0,1366.0,23,552.0
2025-06-08,SKU0189,388.0,1366.0,23,552.0
2025-06-15,SKU0189,227.0,1366.0,23,552.0
2025-06-22,SKU0189,1367.0,0.0,23,552.0
2025-07-01,SKU0189,1153.0,0.0,23,552.0
2025-07-08,SKU0189,1029.0,0.0,23,552.0
2025-07-15,SKU0189,884.0,0.0,23,552.0
2025-07-22,SKU0189,746.0,0.0,23,552.0
2025-08-01,SKU0189,571.0,0.0,23,552.0
2025-08-08,SKU0189,1540.0,0.0,23,552.0
2025-08-15,SKU0189,1425.0,0.0,23,552.0
2025-08-22,SKU0189,1308.0,0.0,23,552.0
2025-09-01,SKU0189,1138.0,0.0,23,552.0
2025-09-08,SKU0189,1026.0,0.0,23,552.0
2025-09-15,SKU0189,924.0,0.0,23,552.0
2025-09-22,SKU0189,832.0,0.0,23,552.0
2025-10-01,SKU0189,714.0,0.0,23,552.0
2025-10-08,SKU0189,622.0,0.0,23,552.0
2025-10-15,SKU0189,1748.0,0.0,23,552.0
2025-10-22,SKU0189,1570.0,0.0,23,552.0
2025-11-01,SKU0189,1424.0,0.0,23,552.0
2025-11-08,SKU0189,1344.0,0.0,23,552.0
2025-11-15,SKU0189,1251.0,0.0,23,552.0
2025-11-22,SKU0189,1136.0,0.0,23,552.0
2025-12-01,SKU0189,963.0,0.0,23,552.0
2025-12-08,SKU0189,858.0,0.0,23,552.0
2025-12-15,SKU0189,711.0,0.0,23,552.0
2025-12-22,SKU0189,597.0,0.0,23,552.0
2024-12-22,SKU0190,303.0,0.0,22,297.0
2025-01-01,SKU0190,117.0,527.0,22,297.0
2025-01-08,SKU0190,0.0,527.0,22,297.0
2025-01-15,SKU0190,469.0,0.0,22,297.0
2025-01-22,SKU0190,358.0,0.0,22,297.0
2025-02-01,SKU0190,194.0,544.0,22,297.0
2025-02-08,SKU0190,608.0,0.0,22,297.0
2025-02-15,SKU0190,482.0,0.0,22,297.0
2025-02-22,SKU0190,354.0,0.0,22,297.0
2025-03-01,SKU0190,222.0,551.0,22,297.0
2025-03-08,SKU0190,69.0,551.0,22,297.0
2025-03-15,SKU0190,0.0,551.0,22,297.0
2025-03-22,SKU0190,503.0,0.0,22,297.0
2025-04-01,SKU0190,306.0,0.0,22,297.0
2025-04-08,SKU0190,174.0,505.0,22,297.0
2025-04-15,SKU0190,537.0,0.0,22,297.0
2025-04-22,SKU0190,373.0,0.0,22,297.0
2025-05-01,SKU0190,163.0,556.0,22,297.0
2025-05-08,SKU0190,567.0,0.0,22,297.0
2025-05-15,SKU0190,416.0,0.0,22,297.0
2025-05-22,SKU0190,281.0,546.0,22,297.0
2025-06-01,SKU0190,653.0,0.0,22,297.0
2025-06-08,SKU0190,518.0,0.0,22,297.0
2025-06-15,SKU0190,375.0,0.0,22,297.0
2025-06-22,SKU0190,131.0,462.0,22,297.0
2025-07-01,SKU0190,1.0,462.0,22,297.0
2025-07-08,SKU0190,436.0,0.0,22,297.0
2025-07-15,SKU0190,311.0,0.0,22,297.0
2025-07-22,SKU0190,183.0,576.0,22,297.0
2025-08-01,SKU0190,574.0,0.0,22,297.0
2025-08-08,SKU0190,457.0,0.0,22,297.0
2025-08-15,SKU0190,340.0,0.0,22,297.0
2025-08-22,SKU0190,747.0,0.0,22,297.0
2025-09-01,SKU0190,601.0,0.0,22,297.0
2025-09-08,SKU0190,496.0,0.0,22,297.0
2025-09-15,SKU0190,393.0,0.0,22,297.0
2025-09-22,SKU0190,297.0,497.0,22,297.0
2025-10-01,SKU0190,151.0,497.0,22,297.0
2025-10-08,SKU0190,546.0,0.0,22,297.0
2025-10-15,SKU0190,424.0,0.0,22,297.0
2025-10-22,SKU0190,272.0,460.0,22,297.0
2025-11-01,SKU0190,579.0,0.0,22,297.0
2025-11-08,SKU0190,481.0,0.0,22,297.0
2025-11-15,SKU0190,372.0,0.0,22,297.0
2025-11-22,SKU0190,273.0,642.0,22,297.0
2025-12-01,SKU0190,57.0,642.0,22,297.0
2025-12-08,SKU0190,643.0,0.0,22,297.0
2025-12-15,SKU0190,525.0,0.0,22,297.0
2025-12-22,SKU0190,409.0,0.0,22,297.0
2024-05-08,SKU0191,59.0,932.0,23,559.0
2024-05-15,SKU0191,0.0,932.0,23,559.0
2024-05-22,SKU0191,0.0,932.0,23,559.0
2024-06-01,SKU0191,771.0,0.0,23,559.0
2024-06-08,SKU0191,561.0,0.0,23,559.0
2024-06-15,SKU0191,312.0,1095.0,23,559.0
2024-06-22,SKU0191,1018.0,0.0,23,559.0
2024-07-01,SKU0191,743.0,0.0,23,559.0
2024-07-08,SKU0191,564.0,0.0,23,559.0
2024-07-15,SKU0191,1226.0,0.0,23,559.0
2024-07-22,SKU0191,1062.0,0.0,23,559.0
2024-08-01,SKU0191,819.0,0.0,23,559.0
2024-08-08,SKU0191,683.0,0.0,23,559.0
2024-08-15,SKU0191,576.0,0.0,23,559.0
2024-08-22,SKU0191,438.0,1045.0,23,559.0
2024-09-01,SKU0191,1288.0,0.0,23,559.0
2024-09-08,SKU0191,1192.0,0.0,23,559.0
2024-09-15,SKU0191,1099.0,0.0,23,559.0
2024-09-22,SKU0191,1021.0,0.0,23,559.0
2024-10-01,SKU0191,895.0,0.0,23,559.0
2024-10-08,SKU0191,809.0,0.0,23,559.0
2024-10-15,SKU0191,714.0,0.0,23,559.0
2024-10-22,SKU0191,558.0,1145.0,23,559.0
2024-11-01,SKU0191,436.0,1145.0,23,559.0
2024-11-08,SKU0191,1464.0,0.0,23,559.0
2024-11-15,SKU0191,1382.0,0.0,23,559.0
2024-11-22,SKU0191,1255.0,0.0,23,559.0
2024-12-01,SKU0191,1034.0,0.0,23,559.0
2024-12-08,SKU0191,903.0,0.0,23,559.0
2024-12-15,SKU0191,774.0,0.0,23,559.0
2024-12-22,SKU0191,626.0,0.0,23,559.0
2025-01-01,SKU0191,409.0,944.0,23,559.0
2025-01-08,SKU0191,162.0,944.0,23,559.0
2025-01-15,SKU0191,944.0,0.0,23,559.0
2025-01-22,SKU0191,771.0,0.0,23,559.0
2025-02-01,SKU0191,510.0,1282.0,23,559.0
2025-02-08,SKU0191,1576.0,0.0,23,559.0
2025-02-15,SKU0191,1379.0,0.0,23,559.0
2025-02-22,SKU0191,1196.0,0.0,23,559.0
2025-03-01,SKU0191,1011.0,0.0,23,559.0
2025-03-08,SKU0191,798.0,0.0,23,559.0
2025-03-15,SKU0191,557.0,973.0,23,559.0
2025-03-22,SKU0191,1323.0,0.0,23,559.0
2025-04-01,SKU0191,983.0,0.0,23,559.0
2025-04-08,SKU0191,762.0,0.0,23,559.0
2025-04-15,SKU0191,510.0,1087.0,23,559.0
2025-04-22,SKU0191,282.0,1087.0,23,559.0
2025-05-01,SKU0191,1.0,1087.0,23,559.0
2025-05-08,SKU0191,1055.0,0.0,23,559.0
2025-05-15,SKU0191,826.0,0.0,23,559.0
2025-05-22,SKU0191,600.0,0.0,23,559.0
2025-06-01,SKU0191,1325.0,0.0,23,559.0
2025-06-08,SKU0191,1115.0,0.0,23,559.0
2025-06-15,SKU0191,870.0,0.0,23,559.0
2025-06-22,SKU0191,1593.0,0.0,23,559.0
2025-07-01,SKU0191,1334.0,0.0,23,559.0
2025-07-08,SKU0191,1176.0,0.0,23,559.0
2025-07-15,SKU0191,1027.0,0.0,23,559.0
2025-07-22,SKU0191,889.0,0.0,23,559.0
2025-08-01,SKU0191,688.0,0.0,23,559.0
2025-08-08,SKU0191,576.0,0.0,23,559.0
2025-08-15,SKU0191,457.0,891.0,23,559.0
2025-08-22,SKU0191,304.0,891.0,23,559.0
2025-09-01,SKU0191,1019.0,0.0,23,559.0
2025-09-08,SKU0191,900.0,0.0,23,559.0
2025-09-15,SKU0191,789.0,0.0,23,559.0
2025-09-22,SKU0191,667.0,0.0,23,559.0
2025-10-01,SKU0191,544.0,1321.0,23,559.0
2025-10-08,SKU0191,486.0,1321.0,23,559.0
2025-10-15,SKU0191,1709.0,0.0,23,559.0
2025-10-22,SKU0191,1535.0,0.0,23,559.0
2025-11-01,SKU0191,1418.0,0.0,23,559.0
2025-11-08,SKU0191,1349.0,0.0,23,559.0
2025-11-15,SKU0191,1235.0,0.0,23,559.0
2025-11-22,SKU0191,1125.0,0.0,23,559.0
2025-12-01,SKU0191,927.0,0.0,23,559.0
2025-12-08,SKU0191,817.0,0.0,23,559.0
2025-12-15,SKU0191,675.0,0.0,23,559.0
2025-12-22,SKU0191,558.0,1063.0,23,559.0
2025-02-01,SKU0192,725.0,0.0,9,182.0
2025-02-08,SKU0192,598.0,0.0,9,182.0
2025-02-15,SKU0192,484.0,0.0,9,182.0
2025-02-22,SKU0192,339.0,0.0,9,182.0
2025-03-01,SKU0192,216.0,0.0,9,182.0
2025-03-08,SKU0192,90.0,622.0,9,182.0
2025-03-15,SKU0192,573.0,0.0,9,182.0
2025-03-22,SKU0192,426.0,0.0,9,182.0
2025-04-01,SKU0192,244.0,0.0,9,182.0
2025-04-08,SKU0192,117.0,796.0,9,182.0
2025-04-15,SKU0192,775.0,0.0,9,182.0
2025-04-22,SKU0192,631.0,0.0,9,182.0
2025-05-01,SKU0192,435.0,0.0,9,182.0
2025-05-08,SKU0192,319.0,0.0,9,182.0
2025-05-15,SKU0192,175.0,695.0,9,182.0
2025-05-22,SKU0192,721.0,0.0,9,182.0
2025-06-01,SKU0192,562.0,0.0,9,182.0
2025-06-08,SKU0192,426.0,0.0,9,182.0
2025-06-15,SKU0192,285.0,0.0,9,182.0
2025-06-22,SKU0192,76.0,833.0,9,182.0
2025-07-01,SKU0192,729.0,0.0,9,182.0
2025-07-08,SKU0192,646.0,0.0,9,182.0
2025-07-15,SKU0192,546.0,0.0,9,182.0
2025-07-22,SKU0192,444.0,0.0,9,182.0
2025-08-01,SKU0192,287.0,0.0,9,182.0
2025-08-08,SKU0192,198.0,0.0,9,182.0
2025-08-15,SKU0192,113.0,786.0,9,182.0
2025-08-22,SKU0192,800.0,0.0,9,182.0
2025-09-01,SKU0192,695.0,0.0,9,182.0
2025-09-08,SKU0192,616.0,0.0,9,182.0
2025-09-15,SKU0192,534.0,0.0,9,182.0
2025-09-22,SKU0192,456.0,0.0,9,182.0
2025-10-01,SKU0192,347.0,0.0,9,182.0
2025-10-08,SKU0192,279.0,0.0,9,182.0
2025-10-15,SKU0192,191.0,0.0,9,182.0
2025-10-22,SKU0192,869.0,0.0,9,182.0
2025-11-01,SKU0192,768.0,0.0,9,182.0
2025-11-08,SKU0192,685.0,0.0,9,182.0
2025-11-15,SKU0192,604.0,0.0,9,182.0
2025-11-22,SKU0192,501.0,0.0,9,182.0
2025-12-01,SKU0192,324.0,0.0,9,182.0
2025-12-08,SKU0192,234.0,0.0,9,182.0
2025-12-15,SKU0192,159.0,619.0,9,182.0
2025-12-22,SKU0192,687.0,0.0,9,182.0
2024-08-08,SKU0193,186.0,0.0,8,59.0
2024-08-15,SKU0193,134.0,0.0,8,59.0
2024-08-22,SKU0193,73.0,0.0,8,59.0
2024-09-01,SKU0193,4.0,27.0,8,59.0
2024-09-08,SKU0193,18.0,42.0,8,59.0
2024-09-15,SKU0193,41.0,31.0,8,59.0
2024-09-22,SKU0193,32.0,0.0,8,59.0
2024-10-01,SKU0193,18.0,39.0,8,59.0
2024-10-08,SKU0193,39.0,0.0,8,59.0
2024-10-15,SKU0193,0.0,27.0,8,59.0
2024-10-22,SKU0193,1.0,42.0,8,59.0
2024-11-01,SKU0193,33.0,45.0,8,59.0
2024-11-08,SKU0193,1.0,45.0,8,59.0
2024-11-15,SKU0193,4.0,44.0,8,59.0
2024-11-22,SKU0193,10.0,32.0,8,59.0
2024-12-01,SKU0193,0.0,29.0,8,59.0
2024-12-08,SKU0193,1.0,35.0,8,59.0
2024-12-15,SKU0193,17.0,30.0,8,59.0
2024-12-22,SKU0193,13.0,34.0,8,59.0
2025-01-01,SKU0193,0.0,45.0,8,59.0
2025-01-08,SKU0193,1.0,35.0,8,59.0
2025-01-15,SKU0193,8.0,34.0,8,59.0
2025-01-22,SKU0193,13.0,0.0,8,59.0
2025-02-01,SKU0193,1.0,32.0,8,59.0
2025-02-08,SKU0193,16.0,41.0,8,59.0
2025-02-15,SKU0193,34.0,0.0,8,59.0
2025-02-22,SKU0193,46.0,44.0,8,59.0
2025-03-01,SKU0193,44.0,0.0,8,59.0
2025-03-08,SKU0193,0.0,46.0,8,59.0
2025-03-15,SKU0193,1.0,43.0,8,59.0
2025-03-22,SKU0193,1.0,0.0,8,59.0
2025-04-01,SKU0193,1.0,32.0,8,59.0
2025-04-08,SKU0193,0.0,43.0,8,59.0
2025-04-15,SKU0193,0.0,34.0,8,59.0
2025-04-22,SKU0193,1.0,31.0,8,59.0
2025-05-01,SKU0193,1.0,42.0,8,59.0
2025-05-08,SKU0193,7.0,0.0,8,59.0
2025-05-15,SKU0193,1.0,36.0,8,59.0
2025-05-22,SKU0193,10.0,0.0,8,59.0
2025-06-01,SKU0193,15.0,25.0,8,59.0
2025-06-08,SKU0193,10.0,44.0,8,59.0
2025-06-15,SKU0193,27.0,35.0,8,59.0
2025-06-22,SKU0193,28.0,36.0,8,59.0
2025-07-01,SKU0193,17.0,40.0,8,59.0
2025-07-08,SKU0193,29.0,47.0,8,59.0
2025-07-15,SKU0193,47.0,37.0,8,59.0
2025-07-22,SKU0193,1.0,37.0,8,59.0
2025-08-01,SKU0193,32.0,25.0,8,59.0
2025-08-08,SKU0193,25.0,0.0,8,59.0
2025-08-15,SKU0193,0.0,35.0,8,59.0
2025-08-22,SKU0193,1.0,26.0,8,59.0
2025-09-01,SKU0193,40.0,0.0,8,59.0
2025-09-08,SKU0193,1.0,38.0,8,59.0
2025-09-15,SKU0193,0.0,25.0,8,59.0
2025-09-22,SKU0193,3.0,41.0,8,59.0
2025-10-01,SKU0193,6.0,33.0,8,59.0
2025-10-08,SKU0193,7.0,0.0,8,59.0
2025-10-15,SKU0193,0.0,46.0,8,59.0
2025-10-22,SKU0193,18.0,42.0,8,59.0
2025-11-01,SKU0193,17.0,38.0,8,59.0
2025-11-08,SKU0193,12.0,31.0,8,59.0
2025-11-15,SKU0193,14.0,39.0,8,59.0
2025-11-22,SKU0193,35.0,0.0,8,59.0
2025-12-01,SKU0193,19.0,45.0,8,59.0
2025-12-08,SKU0193,38.0,26.0,8,59.0
2025-12-15,SKU0193,22.0,25.0,8,59.0
2025-12-22,SKU0193,26.0,0.0,8,59.0
2025-04-22,SKU0194,201.0,701.0,11,362.0
2025-05-01,SKU0194,1.0,701.0,11,362.0
2025-05-08,SKU0194,423.0,0.0,11,362.0
2025-05-15,SKU0194,760.0,0.0,11,362.0
2025-05-22,SKU0194,421.0,0.0,11,362.0
2025-06-01,SKU0194,0.0,715.0,11,362.0
2025-06-08,SKU0194,567.0,0.0,11,362.0
2025-06-15,SKU0194,891.0,0.0,11,362.0
2025-06-22,SKU0194,307.0,659.0,11,362.0
2025-07-01,SKU0194,583.0,0.0,11,362.0
2025-07-08,SKU0194,353.0,863.0,11,362.0
2025-07-15,SKU0194,128.0,863.0,11,362.0
2025-07-22,SKU0194,736.0,0.0,11,362.0
2025-08-01,SKU0194,403.0,0.0,11,362.0
2025-08-08,SKU0194,197.0,587.0,11,362.0
2025-08-15,SKU0194,593.0,0.0,11,362.0
2025-08-22,SKU0194,411.0,0.0,11,362.0
2025-09-01,SKU0194,718.0,0.0,11,362.0
2025-09-08,SKU0194,579.0,0.0,11,362.0
2025-09-15,SKU0194,414.0,0.0,11,362.0
2025-09-22,SKU0194,1128.0,0.0,11,362.0
2025-10-01,SKU0194,924.0,0.0,11,362.0
2025-10-08,SKU0194,784.0,0.0,11,362.0
2025-10-15,SKU0194,616.0,0.0,11,362.0
2025-10-22,SKU0194,325.0,756.0,11,362.0
2025-11-01,SKU0194,874.0,0.0,11,362.0
2025-11-08,SKU0194,724.0,0.0,11,362.0
2025-11-15,SKU0194,539.0,0.0,11,362.0
2025-11-22,SKU0194,399.0,0.0,11,362.0
2025-12-01,SKU0194,620.0,0.0,11,362.0
2025-12-08,SKU0194,428.0,0.0,11,362.0
2025-12-15,SKU0194,213.0,657.0,11,362.0
2025-12-22,SKU0194,646.0,0.0,11,362.0
2024-01-22,SKU0195,1.0,1709.0,23,790.0
2024-02-01,SKU0195,1.0,1709.0,23,790.0
2024-02-08,SKU0195,1710.0,0.0,23,790.0
2024-02-15,SKU0195,1369.0,0.0,23,790.0
2024-02-22,SKU0195,1022.0,0.0,23,790.0
2024-03-01,SKU0195,642.0,1385.0,23,790.0
2024-03-08,SKU0195,1655.0,0.0,23,790.0
2024-03-15,SKU0195,1293.0,0.0,23,790.0
2024-03-22,SKU0195,932.0,0.0,23,790.0
2024-04-01,SKU0195,464.0,1469.0,23,790.0
2024-04-08,SKU0195,95.0,1469.0,23,790.0
2024-04-15,SKU0195,0.0,1469.0,23,790.0
2024-04-22,SKU0195,1264.0,0.0,23,790.0
2024-05-01,SKU0195,811.0,0.0,23,790.0
2024-05-08,SKU0195,439.0,1855.0,23,790.0
2024-05-15,SKU0195,1937.0,0.0,23,790.0
2024-05-22,SKU0195,1596.0,0.0,23,790.0
2024-06-01,SKU0195,1131.0,0.0,23,790.0
2024-06-08,SKU0195,835.0,0.0,23,790.0
2024-06-15,SKU0195,536.0,1884.0,23,790.0
2024-06-22,SKU0195,0.0,1884.0,23,790.0
2024-07-01,SKU0195,1607.0,0.0,23,790.0
2024-07-08,SKU0195,1402.0,0.0,23,790.0
2024-07-15,SKU0195,1187.0,0.0,23,790.0
2024-07-22,SKU0195,1000.0,0.0,23,790.0
2024-08-01,SKU0195,596.0,1746.0,23,790.0
2024-08-08,SKU0195,383.0,1746.0,23,790.0
2024-08-15,SKU0195,1925.0,0.0,23,790.0
2024-08-22,SKU0195,1747.0,0.0,23,790.0
2024-09-01,SKU0195,1484.0,0.0,23,790.0
2024-09-08,SKU0195,1318.0,0.0,23,790.0
2024-09-15,SKU0195,1209.0,0.0,23,790.0
2024-09-22,SKU0195,1080.0,0.0,23,790.0
2024-10-01,SKU0195,867.0,0.0,23,790.0
2024-10-08,SKU0195,714.0,1225.0,23,790.0
2024-10-15,SKU0195,552.0,1225.0,23,790.0
2024-10-22,SKU0195,1552.0,0.0,23,790.0
2024-11-01,SKU0195,1331.0,0.0,23,790.0
2024-11-08,SKU0195,1207.0,0.0,23,790.0
2024-11-15,SKU0195,1062.0,0.0,23,790.0
2024-11-22,SKU0195,933.0,0.0,23,790.0
2024-12-01,SKU0195,632.0,1420.0,23,790.0
2024-12-08,SKU0195,1851.0,0.0,23,790.0
2024-12-15,SKU0195,1667.0,0.0,23,790.0
2024-12-22,SKU0195,1494.0,0.0,23,790.0
2025-01-01,SKU0195,1180.0,0.0,23,790.0
2025-01-08,SKU0195,809.0,0.0,23,790.0
2025-01-15,SKU0195,579.0,1833.0,23,790.0
2025-01-22,SKU0195,2236.0,0.0,23,790.0
2025-02-01,SKU0195,1911.0,0.0,23,790.0
2025-02-08,SKU0195,1624.0,0.0,23,790.0
2025-02-15,SKU0195,1413.0,0.0,23,790.0
2025-02-22,SKU0195,1146.0,0.0,23,790.0
2025-03-01,SKU0195,893.0,0.0,23,790.0
2025-03-08,SKU0195,2207.0,0.0,23,790.0
2025-03-15,SKU0195,1918.0,0.0,23,790.0
2025-03-22,SKU0195,1638.0,0.0,23,790.0
2025-04-01,SKU0195,1216.0,0.0,23,790.0
2025-04-08,SKU0195,907.0,0.0,23,790.0
2025-04-15,SKU0195,590.0,1366.0,23,790.0
2025-04-22,SKU0195,1655.0,0.0,23,790.0
2025-05-01,SKU0195,1199.0,0.0,23,790.0
2025-05-08,SKU0195,910.0,0.0,23,790.0
2025-05-15,SKU0195,1894.0,0.0,23,790.0
2025-05-22,SKU0195,1651.0,0.0,23,790.0
2025-06-01,SKU0195,1283.0,0.0,23,790.0
2025-06-08,SKU0195,1012.0,0.0,23,790.0
2025-06-15,SKU0195,741.0,1227.0,23,790.0
2025-06-22,SKU0195,349.0,1227.0,23,790.0
2025-07-01,SKU0195,1253.0,0.0,23,790.0
2025-07-08,SKU0195,1044.0,0.0,23,790.0
2025-07-15,SKU0195,803.0,0.0,23,790.0
2025-07-22,SKU0195,1813.0,0.0,23,790.0
2025-08-01,SKU0195,1493.0,0.0,23,790.0
2025-08-08,SKU0195,1315.0,0.0,23,790.0
2025-08-15,SKU0195,1218.0,0.0,23,790.0
2025-08-22,SKU0195,1085.0,0.0,23,790.0
2025-09-01,SKU0195,896.0,0.0,23,790.0
2025-09-08,SKU0195,798.0,0.0,23,790.0
2025-09-15,SKU0195,682.0,1949.0,23,790.0
2025-09-22,SKU0195,580.0,1949.0,23,790.0
2025-10-01,SKU0195,2416.0,0.0,23,790.0
2025-10-08,SKU0195,2325.0,0.0,23,790.0
2025-10-15,SKU0195,2229.0,0.0,23,790.0
2025-10-22,SKU0195,2064.0,0.0,23,790.0
2025-11-01,SKU0195,1914.0,0.0,23,790.0
2025-11-08,SKU0195,1804.0,0.0,23,790.0
2025-11-15,SKU0195,1677.0,0.0,23,790.0
2025-11-22,SKU0195,1578.0,0.0,23,790.0
2025-12-01,SKU0195,1402.0,0.0,23,790.0
2025-12-08,SKU0195,1233.0,0.0,23,790.0
2025-12-15,SKU0195,1101.0,0.0,23,790.0
2025-12-22,SKU0195,945.0,0.0,23,790.0
2024-08-22,SKU0196,121.0,276.0,22,181.0
2024-09-01,SKU0196,49.0,276.0,22,181.0
2024-09-08,SKU0196,1.0,276.0,22,181.0
2024-09-15,SKU0196,254.0,0.0,22,181.0
2024-09-22,SKU0196,198.0,0.0,22,181.0
2024-10-01,SKU0196,137.0,451.0,22,181.0
2024-10-08,SKU0196,537.0,0.0,22,181.0
2024-10-15,SKU0196,482.0,0.0,22,181.0
2024-10-22,SKU0196,399.0,0.0,22,181.0
2024-11-01,SKU0196,321.0,0.0,22,181.0
2024-11-08,SKU0196,277.0,0.0,22,181.0
2024-11-15,SKU0196,229.0,0.0,22,181.0
2024-11-22,SKU0196,176.0,354.0,22,181.0
2024-12-01,SKU0196,75.0,354.0,22,181.0
2024-12-08,SKU0196,369.0,0.0,22,181.0
2024-12-15,SKU0196,312.0,0.0,22,181.0
2024-12-22,SKU0196,255.0,0.0,22,181.0
2025-01-01,SKU0196,167.0,389.0,22,181.0
2025-01-08,SKU0196,65.0,389.0,22,181.0
2025-01-15,SKU0196,1.0,389.0,22,181.0
2025-01-22,SKU0196,378.0,0.0,22,181.0
2025-02-01,SKU0196,287.0,0.0,22,181.0
2025-02-08,SKU0196,219.0,0.0,22,181.0
2025-02-15,SKU0196,158.0,365.0,22,181.0
2025-02-22,SKU0196,98.0,365.0,22,181.0
2025-03-01,SKU0196,29.0,365.0,22,181.0
2025-03-08,SKU0196,345.0,0.0,22,181.0
2025-03-15,SKU0196,270.0,0.0,22,181.0
2025-03-22,SKU0196,194.0,0.0,22,181.0
2025-04-01,SKU0196,491.0,0.0,22,181.0
2025-04-08,SKU0196,416.0,0.0,22,181.0
2025-04-15,SKU0196,330.0,0.0,22,181.0
2025-04-22,SKU0196,257.0,0.0,22,181.0
2025-05-01,SKU0196,161.0,295.0,22,181.0
2025-05-08,SKU0196,89.0,295.0,22,181.0
2025-05-15,SKU0196,318.0,0.0,22,181.0
2025-05-22,SKU0196,248.0,0.0,22,181.0
2025-06-01,SKU0196,139.0,423.0,22,181.0
2025-06-08,SKU0196,488.0,0.0,22,181.0
2025-06-15,SKU0196,415.0,0.0,22,181.0
2025-06-22,SKU0196,295.0,0.0,22,181.0
2025-07-01,SKU0196,206.0,0.0,22,181.0
2025-07-08,SKU0196,134.0,325.0,22,181.0
2025-07-15,SKU0196,78.0,325.0,22,181.0
2025-07-22,SKU0196,345.0,0.0,22,181.0
2025-08-01,SKU0196,255.0,0.0,22,181.0
2025-08-08,SKU0196,203.0,0.0,22,181.0
2025-08-15,SKU0196,147.0,325.0,22,181.0
2025-08-22,SKU0196,95.0,325.0,22,181.0
2025-09-01,SKU0196,351.0,0.0,22,181.0
2025-09-08,SKU0196,311.0,0.0,22,181.0
2025-09-15,SKU0196,266.0,0.0,22,181.0
2025-09-22,SKU0196,215.0,0.0,22,181.0
2025-10-01,SKU0196,147.0,403.0,22,181.0
2025-10-08,SKU0196,105.0,403.0,22,181.0
2025-10-15,SKU0196,462.0,0.0,22,181.0
2025-10-22,SKU0196,384.0,0.0,22,181.0
2025-11-01,SKU0196,307.0,0.0,22,181.0
2025-11-08,SKU0196,255.0,0.0,22,181.0
2025-11-15,SKU0196,209.0,0.0,22,181.0
2025-11-22,SKU0196,160.0,306.0,22,181.0
2025-12-01,SKU0196,362.0,0.0,22,181.0
2025-12-08,SKU0196,305.0,0.0,22,181.0
2025-12-15,SKU0196,246.0,0.0,22,181.0
2025-12-22,SKU0196,184.0,0.0,22,181.0
2025-02-15,SKU0197,289.0,0.0,25,93.0
2025-02-22,SKU0197,264.0,0.0,25,93.0
2025-03-01,SKU0197,240.0,0.0,25,93.0
2025-03-08,SKU0197,213.0,0.0,25,93.0
2025-03-15,SKU0197,187.0,0.0,25,93.0
2025-03-22,SKU0197,157.0,0.0,25,93.0
2025-04-01,SKU0197,123.0,0.0,25,93.0
2025-04-08,SKU0197,95.0,0.0,25,93.0
2025-04-15,SKU0197,70.0,38.0,25,93.0
2025-04-22,SKU0197,47.0,38.0,25,93.0
2025-05-01,SKU0197,51.0,42.0,25,93.0
2025-05-08,SKU0197,22.0,42.0,25,93.0
2025-05-15,SKU0197,0.0,42.0,25,93.0
2025-05-22,SKU0197,0.0,42.0,25,93.0
2025-06-01,SKU0197,10.0,63.0,25,93.0
2025-06-08,SKU0197,1.0,63.0,25,93.0
2025-06-15,SKU0197,1.0,63.0,25,93.0
2025-06-22,SKU0197,43.0,61.0,25,93.0
2025-07-01,SKU0197,10.0,61.0,25,93.0
2025-07-08,SKU0197,1.0,61.0,25,93.0
2025-07-15,SKU0197,56.0,73.0,25,93.0
2025-07-22,SKU0197,34.0,73.0,25,93.0
2025-08-01,SKU0197,1.0,73.0,25,93.0
2025-08-08,SKU0197,70.0,0.0,25,93.0
2025-08-15,SKU0197,41.0,55.0,25,93.0
2025-08-22,SKU0197,15.0,55.0,25,93.0
2025-09-01,SKU0197,55.0,38.0,25,93.0
2025-09-08,SKU0197,34.0,38.0,25,93.0
2025-09-15,SKU0197,10.0,38.0,25,93.0
2025-09-22,SKU0197,0.0,38.0,25,93.0
2025-10-01,SKU0197,22.0,58.0,25,93.0
2025-10-08,SKU0197,0.0,58.0,25,93.0
2025-10-15,SKU0197,0.0,58.0,25,93.0
2025-10-22,SKU0197,55.0,52.0,25,93.0
2025-11-01,SKU0197,25.0,52.0,25,93.0
2025-11-08,SKU0197,5.0,52.0,25,93.0
2025-11-15,SKU0197,52.0,39.0,25,93.0
2025-11-22,SKU0197,32.0,39.0,25,93.0
2025-12-01,SKU0197,0.0,39.0,25,93.0
2025-12-08,SKU0197,0.0,39.0,25,93.0
2025-12-15,SKU0197,18.0,42.0,25,93.0
2025-12-22,SKU0197,0.0,42.0,25,93.0
2024-06-22,SKU0198,136.0,321.0,7,179.0
2024-07-01,SKU0198,204.0,0.0,7,179.0
2024-07-08,SKU0198,32.0,285.0,7,179.0
2024-07-15,SKU0198,213.0,0.0,7,179.0
2024-07-22,SKU0198,48.0,309.0,7,179.0
2024-08-01,SKU0198,437.0,0.0,7,179.0
2024-08-08,SKU0198,305.0,0.0,7,179.0
2024-08-15,SKU0198,154.0,437.0,7,179.0
2024-08-22,SKU0198,460.0,0.0,7,179.0
2024-09-01,SKU0198,254.0,0.0,7,179.0
2024-09-08,SKU0198,164.0,367.0,7,179.0
2024-09-15,SKU0198,410.0,0.0,7,179.0
2024-09-22,SKU0198,274.0,0.0,7,179.0
2024-10-01,SKU0198,79.0,334.0,7,179.0
2024-10-08,SKU0198,314.0,0.0,7,179.0
2024-10-15,SKU0198,189.0,0.0,7,179.0
2024-10-22,SKU0198,1.0,383.0,7,179.0
2024-11-01,SKU0198,230.0,0.0,7,179.0
2024-11-08,SKU0198,443.0,0.0,7,179.0
2024-11-15,SKU0198,290.0,0.0,7,179.0
2024-11-22,SKU0198,174.0,393.0,7,179.0
2024-12-01,SKU0198,323.0,0.0,7,179.0
2024-12-08,SKU0198,162.0,447.0,7,179.0
2024-12-15,SKU0198,457.0,0.0,7,179.0
2024-12-22,SKU0198,326.0,0.0,7,179.0
2025-01-01,SKU0198,460.0,0.0,7,179.0
2025-01-08,SKU0198,465.0,0.0,7,179.0
2025-01-15,SKU0198,295.0,0.0,7,179.0
2025-01-22,SKU0198,176.0,393.0,7,179.0
2025-02-01,SKU0198,354.0,0.0,7,179.0
2025-02-08,SKU0198,123.0,367.0,7,179.0
2025-02-15,SKU0198,340.0,0.0,7,179.0
2025-02-22,SKU0198,164.0,436.0,7,179.0
2025-03-01,SKU0198,446.0,0.0,7,179.0
2025-03-08,SKU0198,240.0,0.0,7,179.0
2025-03-15,SKU0198,347.0,0.0,7,179.0
2025-03-22,SKU0198,153.0,345.0,7,179.0
2025-04-01,SKU0198,207.0,0.0,7,179.0
2025-04-08,SKU0198,30.0,352.0,7,179.0
2025-04-15,SKU0198,187.0,0.0,7,179.0
2025-04-22,SKU0198,0.0,330.0,7,179.0
2025-05-01,SKU0198,540.0,0.0,7,179.0
2025-05-08,SKU0198,351.0,0.0,7,179.0
2025-05-15,SKU0198,141.0,278.0,7,179.0
2025-05-22,SKU0198,248.0,0.0,7,179.0
2025-06-01,SKU0198,399.0,0.0,7,179.0
2025-06-08,SKU0198,230.0,0.0,7,179.0
2025-06-15,SKU0198,337.0,0.0,7,179.0
2025-06-22,SKU0198,18.0,374.0,7,179.0
2025-07-01,SKU0198,238.0,0.0,7,179.0
2025-07-08,SKU0198,42.0,446.0,7,179.0
2025-07-15,SKU0198,328.0,0.0,7,179.0
2025-07-22,SKU0198,196.0,0.0,7,179.0
2025-08-01,SKU0198,359.0,0.0,7,179.0
2025-08-08,SKU0198,247.0,0.0,7,179.0
2025-08-15,SKU0198,502.0,0.0,7,179.0
2025-08-22,SKU0198,397.0,0.0,7,179.0
2025-09-01,SKU0198,195.0,0.0,7,179.0
2025-09-08,SKU0198,70.0,392.0,7,179.0
2025-09-15,SKU0198,314.0,0.0,7,179.0
2025-09-22,SKU0198,162.0,397.0,7,179.0
2025-10-01,SKU0198,383.0,0.0,7,179.0
2025-10-08,SKU0198,288.0,0.0,7,179.0
2025-10-15,SKU0198,178.0,346.0,7,179.0
2025-10-22,SKU0198,379.0,0.0,7,179.0
2025-11-01,SKU0198,209.0,0.0,7,179.0
2025-11-08,SKU0198,387.0,0.0,7,179.0
2025-11-15,SKU0198,263.0,0.0,7,179.0
2025-11-22,SKU0198,150.0,282.0,7,179.0
2025-12-01,SKU0198,178.0,413.0,7,179.0
2025-12-08,SKU0198,486.0,0.0,7,179.0
2025-12-15,SKU0198,343.0,0.0,7,179.0
2025-12-22,SKU0198,193.0,0.0,7,179.0
2025-01-15,SKU0199,168.0,237.0,15,545.0
2025-01-22,SKU0199,0.0,237.0,15,545.0
2025-02-01,SKU0199,65.0,243.0,15,545.0
2025-02-08,SKU0199,0.0,243.0,15,545.0
2025-02-15,SKU0199,10.0,349.0,15,545.0
2025-02-22,SKU0199,0.0,349.0,15,545.0
2025-03-01,SKU0199,143.0,407.0,15,545.0
2025-03-08,SKU0199,1.0,407.0,15,545.0
2025-03-15,SKU0199,239.0,358.0,15,545.0
2025-03-22,SKU0199,0.0,358.0,15,545.0
2025-04-01,SKU0199,105.0,425.0,15,545.0
2025-04-08,SKU0199,1.0,425.0,15,545.0
2025-04-15,SKU0199,224.0,252.0,15,545.0
2025-04-22,SKU0199,1.0,252.0,15,545.0
2025-05-01,SKU0199,4.0,392.0,15,545.0
2025-05-08,SKU0199,1.0,392.0,15,545.0
2025-05-15,SKU0199,143.0,242.0,15,545.0
2025-05-22,SKU0199,0.0,242.0,15,545.0
2025-06-01,SKU0199,0.0,266.0,15,545.0
2025-06-08,SKU0199,0.0,266.0,15,545.0
2025-06-15,SKU0199,35.0,237.0,15,545.0
2025-06-22,SKU0199,1.0,237.0,15,545.0
2025-07-01,SKU0199,10.0,354.0,15,545.0
2025-07-08,SKU0199,1.0,354.0,15,545.0
2025-07-15,SKU0199,184.0,382.0,15,545.0
2025-07-22,SKU0199,0.0,382.0,15,545.0
2025-08-01,SKU0199,176.0,329.0,15,545.0
2025-08-08,SKU0199,336.0,225.0,15,545.0
2025-08-15,SKU0199,181.0,225.0,15,545.0
2025-08-22,SKU0199,17.0,225.0,15,545.0
2025-09-01,SKU0199,9.0,319.0,15,545.0
2025-09-08,SKU0199,292.0,0.0,15,545.0
2025-09-15,SKU0199,146.0,226.0,15,545.0
2025-09-22,SKU0199,243.0,400.0,15,545.0
2025-10-01,SKU0199,34.0,400.0,15,545.0
2025-10-08,SKU0199,369.0,372.0,15,545.0
2025-10-15,SKU0199,232.0,372.0,15,545.0
2025-10-22,SKU0199,402.0,0.0,15,545.0
2025-11-01,SKU0199,229.0,386.0,15,545.0
2025-11-08,SKU0199,483.0,241.0,15,545.0
2025-11-15,SKU0199,352.0,241.0,15,545.0
2025-11-22,SKU0199,471.0,0.0,15,545.0
2025-12-01,SKU0199,229.0,358.0,15,545.0
2025-12-08,SKU0199,417.0,0.0,15,545.0
2025-12-15,SKU0199,260.0,327.0,15,545.0
2025-12-22,SKU0199,402.0,0.0,15,545.0
2024-11-15,SKU0200,83.0,2281.0,29,915.0
2024-11-22,SKU0200,0.0,2281.0,29,915.0
2024-12-01,SKU0200,0.0,2281.0,29,915.0
2024-12-08,SKU0200,0.0,2281.0,29,915.0
2024-12-15,SKU0200,2264.0,0.0,29,915.0
2024-12-22,SKU0200,2087.0,0.0,29,915.0
2025-01-01,SKU0200,1785.0,0.0,29,915.0
2025-01-08,SKU0200,1457.0,0.0,29,915.0
2025-01-15,SKU0200,1244.0,0.0,29,915.0
2025-01-22,SKU0200,1019.0,0.0,29,915.0
2025-02-01,SKU0200,761.0,1973.0,29,915.0
2025-02-08,SKU0200,510.0,1973.0,29,915.0
2025-02-15,SKU0200,2242.0,0.0,29,915.0
2025-02-22,SKU0200,2005.0,0.0,29,915.0
2025-03-01,SKU0200,1783.0,0.0,29,915.0
2025-03-08,SKU0200,1537.0,0.0,29,915.0
2025-03-15,SKU0200,1242.0,0.0,29,915.0
2025-03-22,SKU0200,957.0,0.0,29,915.0
2025-04-01,SKU0200,562.0,1801.0,29,915.0
2025-04-08,SKU0200,275.0,1801.0,29,915.0
2025-04-15,SKU0200,1808.0,0.0,29,915.0
2025-04-22,SKU0200,1514.0,0.0,29,915.0
2025-05-01,SKU0200,1116.0,0.0,29,915.0
2025-05-08,SKU0200,2959.0,0.0,29,915.0
2025-05-15,SKU0200,2688.0,0.0,29,915.0
2025-05-22,SKU0200,2398.0,0.0,29,915.0
2025-06-01,SKU0200,2045.0,0.0,29,915.0
2025-06-08,SKU0200,1786.0,0.0,29,915.0
2025-06-15,SKU0200,1530.0,0.0,29,915.0
2025-06-22,SKU0200,1085.0,0.0,29,915.0
2025-07-01,SKU0200,787.0,1905.0,29,915.0
2025-07-08,SKU0200,2471.0,0.0,29,915.0
2025-07-15,SKU0200,2251.0,0.0,29,915.0
2025-07-22,SKU0200,2034.0,0.0,29,915.0
2025-08-01,SKU0200,1685.0,0.0,29,915.0
2025-08-08,SKU0200,1512.0,0.0,29,915.0
2025-08-15,SKU0200,1299.0,0.0,29,915.0
2025-08-22,SKU0200,1092.0,0.0,29,915.0
2025-09-01,SKU0200,2940.0,0.0,29,915.0
2025-09-08,SKU0200,2772.0,0.0,29,915.0
2025-09-15,SKU0200,2642.0,0.0,29,915.0
2025-09-22,SKU0200,2499.0,0.0,29,915.0
2025-10-01,SKU0200,2298.0,0.0,29,915.0
2025-10-08,SKU0200,2150.0,0.0,29,915.0
2025-10-15,SKU0200,1990.0,0.0,29,915.0
2025-10-22,SKU0200,1730.0,0.0,29,915.0
2025-11-01,SKU0200,1519.0,0.0,29,915.0
2025-11-08,SKU0200,1321.0,0.0,29,915.0
2025-11-15,SKU0200,1173.0,0.0,29,915.0
2025-11-22,SKU0200,997.0,0.0,29,915.0
2025-12-01,SKU0200,2349.0,0.0,29,915.0
2025-12-08,SKU0200,2134.0,0.0,29,915.0
2025-12-15,SKU0200,1921.0,0.0,29,915.0
2025-12-22,SKU0200,1741.0,0.0,29,915.0
